<Providers>
    <Provider>
        <Name>Application Popup</Name>
        <Metadata>
            <Guid>{47BFA2B7-BD54-4FAC-B70B-29021084CA8F}</Guid>
            <ResourceFilePath>%SystemRoot%\system32\winsrv.dll</ResourceFilePath>
            <ParameterFilePath></ParameterFilePath>
            <MessageFilePath>%SystemRoot%\system32\winsrv.dll</MessageFilePath>
            <HelpLink></HelpLink>
            <PublisherMessage>Application Popup</PublisherMessage>
            <Channels>
                <Channel>
                    <Message>System</Message>
                    <Path>System</Path>
                    <Index>0</Index>
                    <Id>8</Id>
                    <Imported>true</Imported>
                </Channel>
            </Channels>
            <Levels>
                <Level>
                    <Message>Information</Message>
                    <Name>win:Informational</Name>
                    <Value>4</Value>
                </Level>
            </Levels>
            <Tasks>
            </Tasks>
            <Opcodes>
            </Opcodes>
            <Keywords>
            </Keywords>
        </Metadata>
        <EventMetadata>
            <Event>
                <Id>26</Id>
                <Version>0</Version>
                <Channel>System</Channel>
                <Level>Information</Level>
                <Message><![CDATA[
Application popup: %1 : %2]]></Message>
                <Template><![CDATA[
<template xmlns="http://schemas.microsoft.com/win/2004/08/events">
  <data name="Caption" inType="win:UnicodeString" outType="xs:string"/>
  <data name="Message" inType="win:UnicodeString" outType="xs:string"/>
</template>
]]></Template>
            </Event>
        </EventMetadata>
    </Provider>
</Providers>
