<Providers>
    <Provider>
        <Name>LsaSrv</Name>
        <Metadata>
            <Guid>{199FE037-2B82-40A9-82AC-E1D46C792B99}</Guid>
            <ResourceFilePath>%windir%\System32\lsasrv.dll</ResourceFilePath>
            <ParameterFilePath></ParameterFilePath>
            <MessageFilePath>%windir%\System32\lsasrv.dll</MessageFilePath>
            <HelpLink></HelpLink>
            <PublisherMessage>Microsoft-Windows-LSA</PublisherMessage>
            <Channels>
                <Channel>
                    <Message>System</Message>
                    <Path>System</Path>
                    <Index>0</Index>
                    <Id>8</Id>
                    <Imported>true</Imported>
                </Channel>
                <Channel>
                    <Message></Message>
                    <Path>Microsoft-Windows-LSA/Performance</Path>
                    <Index>1</Index>
                    <Id>16</Id>
                    <Imported>false</Imported>
                </Channel>
                <Channel>
                    <Message>Operational</Message>
                    <Path>Microsoft-Windows-LSA/Operational</Path>
                    <Index>2</Index>
                    <Id>17</Id>
                    <Imported>false</Imported>
                </Channel>
                <Channel>
                    <Message>Diagnostic</Message>
                    <Path>Microsoft-Windows-LSA/Diagnostic</Path>
                    <Index>3</Index>
                    <Id>18</Id>
                    <Imported>false</Imported>
                </Channel>
            </Channels>
            <Levels>
                <Level>
                    <Message>Critical</Message>
                    <Name>win:Critical</Name>
                    <Value>1</Value>
                </Level>
                <Level>
                    <Message>Error</Message>
                    <Name>win:Error</Name>
                    <Value>2</Value>
                </Level>
                <Level>
                    <Message>Warning</Message>
                    <Name>win:Warning</Name>
                    <Value>3</Value>
                </Level>
                <Level>
                    <Message>Information</Message>
                    <Name>win:Informational</Name>
                    <Value>4</Value>
                </Level>
            </Levels>
            <Tasks>
                <Task>
                    <Message>Security Package Manager</Message>
                    <Name>CATEGORY_SPM</Name>
                    <Value>1</Value>
                </Task>
                <Task>
                    <Message>Locator</Message>
                    <Name>CATEGORY_LOCATOR</Name>
                    <Value>2</Value>
                </Task>
                <Task>
                    <Message>SPNEGO (Negotiator)</Message>
                    <Name>CATEGORY_NEGOTIATE</Name>
                    <Value>3</Value>
                </Task>
                <Task>
                    <Message>Logon Cache</Message>
                    <Name>CATEGORY_LOGON_CACHE</Name>
                    <Value>4</Value>
                </Task>
                <Task>
                    <Message>LSA Logon</Message>
                    <Name>CATEGORY_LSA_LOGON</Name>
                    <Value>5</Value>
                </Task>
                <Task>
                    <Message>LSA SID-Name Lookup</Message>
                    <Name>CATEGORY_LSA_LOOKUP</Name>
                    <Value>6</Value>
                </Task>
                <Task>
                    <Message>Max</Message>
                    <Name>CATEGORY_MAX_CATEGORY</Name>
                    <Value>7</Value>
                </Task>
            </Tasks>
            <Opcodes>
                <Opcode>
                    <Message>Start</Message>
                    <Name>win:Start</Name>
                    <Value>1</Value>
                    <Task>0</Task>
                </Opcode>
                <Opcode>
                    <Message>Stop</Message>
                    <Name>win:Stop</Name>
                    <Value>2</Value>
                    <Task>0</Task>
                </Opcode>
            </Opcodes>
            <Keywords>
                <Keyword>
                    <Message></Message>
                    <Name>WPDBusEnumStartTrigger</Name>
                    <Value>1</Value>
                </Keyword>
            </Keywords>
        </Metadata>
        <EventMetadata>
            <Event>
                <Id>100</Id>
                <Version>0</Version>
                <Channel>Operational</Channel>
                <Level>Error</Level>
                <Message><![CDATA[
The security package does not cache the credentials needed to authenticate to the server.

Package Name:	%1
User Name:	%2
Domain Name:	%3
Server Name:	%4
Protected User:	%5
Error Code:	%6
]]></Message>
                <Template><![CDATA[
<template xmlns="http://schemas.microsoft.com/win/2004/08/events">
  <data name="PackageName" inType="win:UnicodeString" outType="xs:string"/>
  <data name="UserName" inType="win:UnicodeString" outType="xs:string"/>
  <data name="DomainName" inType="win:UnicodeString" outType="xs:string"/>
  <data name="ServerName" inType="win:UnicodeString" outType="xs:string"/>
  <data name="ProtectedUser" inType="win:UInt32" outType="xs:unsignedInt"/>
  <data name="ErrorCode" inType="win:HexInt32" outType="win:HexInt32"/>
</template>
]]></Template>
            </Event>
            <Event>
                <Id>200</Id>
                <Version>0</Version>
                <Channel>Operational</Channel>
                <Level>Warning</Level>
                <Message><![CDATA[
A security package received a network logon request after the logoff completed.

User Name:	%1
Domain Name:	%2
Logon ID:	%3
Logoff Time:	%4
PID:	%5
Program:	%6
Principal Name:	%7
Server Name:	%8
Package Name:	%9
Call Type:	%10
Error Code:	%11
]]></Message>
                <Template><![CDATA[
<template xmlns="http://schemas.microsoft.com/win/2004/08/events">
  <data name="UserName" inType="win:UnicodeString" outType="xs:string"/>
  <data name="DomainName" inType="win:UnicodeString" outType="xs:string"/>
  <data name="LogonId" inType="win:HexInt64" outType="win:HexInt64"/>
  <data name="LogoffTime" inType="win:SYSTEMTIME" outType="xs:dateTime"/>
  <data name="PID" inType="win:UInt32" outType="xs:unsignedInt"/>
  <data name="Program" inType="win:UnicodeString" outType="xs:string"/>
  <data name="PrincipalName" inType="win:UnicodeString" outType="xs:string"/>
  <data name="ServerName" inType="win:UnicodeString" outType="xs:string"/>
  <data name="PackageName" inType="win:UnicodeString" outType="xs:string"/>
  <data name="CallType" inType="win:UnicodeString" outType="xs:string"/>
  <data name="ErrorCode" inType="win:HexInt32" outType="win:HexInt32"/>
</template>
]]></Template>
            </Event>
            <Event>
                <Id>300</Id>
                <Version>0</Version>
                <Channel>Operational</Channel>
                <Level>Information</Level>
                <Message><![CDATA[
Groups assigned to a new logon.

New Logon:
	Security ID:		%1
	Account Name:		%2
	Account Domain:		%3
	Logon ID:		%4
	Logon GUID:		%5

Event in sequence:		%6 of %7

Group Membership:		%8]]></Message>
                <Template><![CDATA[
<template xmlns="http://schemas.microsoft.com/win/2004/08/events">
  <data name="TargetUserSid" inType="win:SID" outType="xs:string"/>
  <data name="TargetUserName" inType="win:UnicodeString" outType="xs:string"/>
  <data name="TargetDomainName" inType="win:UnicodeString" outType="xs:string"/>
  <data name="TargetLogonId" inType="win:HexInt64" outType="win:HexInt64"/>
  <data name="TargetLogonGuid" inType="win:GUID" outType="xs:GUID"/>
  <data name="EventOrginal" inType="win:UInt32" outType="xs:unsignedInt"/>
  <data name="EventCountTotal" inType="win:UInt32" outType="xs:unsignedInt"/>
  <data name="SidList" inType="win:UnicodeString" outType="xs:string"/>
</template>
]]></Template>
            </Event>
            <Event>
                <Id>301</Id>
                <Version>0</Version>
                <Channel>Operational</Channel>
                <Level>Information</Level>
                <Message><![CDATA[
Claims assigned to a new logon.

New Logon:
	Security ID:		%1
	Account Name:		%2
	Account Domain:		%3
	Logon ID:		%4
	Logon GUID:		%5


	Logon Type:		%6



Event in sequence:		%7 of %8

User Claims:		%9

Device Claims:		%10

This event is generated when a new logon session is created and the user token associated with it contains user and/or device claims. The New Logon fields indicate the account that was logged on. If all the user and device claims in the user token cannot be accommodated in a single event, multiple such events are generated. The Event in sequence field indicates how many more events are generated for this logon session. Each user or device claim is represented in the following format:

	ClaimID ClaimTypeID : Value1, Value2 … 

The common claim types are: 0 (Invalid Type), 1 (64-bit Integer, 2 (Unsigned 64-bit Integer), 3 (String), 4 (FQBN), 5 (SID), 6 (Boolean) and 16 (Blob). If the claim value exceeds the max allowed length then the string is terminated by ...]]></Message>
                <Template><![CDATA[
<template xmlns="http://schemas.microsoft.com/win/2004/08/events">
  <data name="TargetUserSid" inType="win:SID" outType="xs:string"/>
  <data name="TargetUserName" inType="win:UnicodeString" outType="xs:string"/>
  <data name="TargetDomainName" inType="win:UnicodeString" outType="xs:string"/>
  <data name="TargetLogonId" inType="win:HexInt64" outType="win:HexInt64"/>
  <data name="TargetLogonGuid" inType="win:GUID" outType="xs:GUID"/>
  <data name="LogonType" inType="win:UInt32" outType="xs:unsignedInt"/>
  <data name="EventIdx" inType="win:UInt32" outType="xs:unsignedInt"/>
  <data name="EventCountTotal" inType="win:UInt32" outType="xs:unsignedInt"/>
  <data name="UserClaims" inType="win:UnicodeString" outType="xs:string"/>
  <data name="DeviceClaims" inType="win:UnicodeString" outType="xs:string"/>
</template>
]]></Template>
            </Event>
            <Event>
                <Id>302</Id>
                <Version>0</Version>
                <Channel>Operational</Channel>
                <Level>Information</Level>
                <Message><![CDATA[
User %1 logged off notification is received.

LogonId:	%2
AuthorityName:	%3
AccountName:	%4
Timeout:	%5 seconds
]]></Message>
                <Template><![CDATA[
<template xmlns="http://schemas.microsoft.com/win/2004/08/events">
  <data name="UserSid" inType="win:SID" outType="xs:string"/>
  <data name="LogonId" inType="win:HexInt64" outType="win:HexInt64"/>
  <data name="AuthorityName" inType="win:UnicodeString" outType="xs:string"/>
  <data name="AccountName" inType="win:UnicodeString" outType="xs:string"/>
  <data name="Elapse" inType="win:UInt32" outType="xs:unsignedInt"/>
</template>
]]></Template>
            </Event>
            <Event>
                <Id>303</Id>
                <Version>0</Version>
                <Channel>Operational</Channel>
                <Level>Information</Level>
                <Message><![CDATA[
The security package does not cache the user's sign on credentials.

Package Name:	%1
User Name:	%2
Domain Name:	%3
Protected User:	%4
]]></Message>
                <Template><![CDATA[
<template xmlns="http://schemas.microsoft.com/win/2004/08/events">
  <data name="PackageName" inType="win:UnicodeString" outType="xs:string"/>
  <data name="UserName" inType="win:UnicodeString" outType="xs:string"/>
  <data name="DomainName" inType="win:UnicodeString" outType="xs:string"/>
  <data name="ProtectedUser" inType="win:UInt32" outType="xs:unsignedInt"/>
</template>
]]></Template>
            </Event>
            <Event>
                <Id>320</Id>
                <Version>0</Version>
                <Channel>Operational</Channel>
                <Level>Information</Level>
                <Message><![CDATA[
Automatic restart sign on successfully configured the autologon credentials for:

	Account Name:		%1
	Account Domain:		%2]]></Message>
                <Template><![CDATA[
<template xmlns="http://schemas.microsoft.com/win/2004/08/events">
  <data name="UserName" inType="win:UnicodeString" outType="xs:string"/>
  <data name="DomainName" inType="win:UnicodeString" outType="xs:string"/>
</template>
]]></Template>
            </Event>
            <Event>
                <Id>321</Id>
                <Version>0</Version>
                <Channel>Operational</Channel>
                <Level>Information</Level>
                <Message><![CDATA[
Automatic restart sign on failed to configure the autologon credentials with error:

%1]]></Message>
                <Template><![CDATA[
<template xmlns="http://schemas.microsoft.com/win/2004/08/events">
  <data name="Error" inType="win:UnicodeString" outType="xs:string"/>
</template>
]]></Template>
            </Event>
            <Event>
                <Id>322</Id>
                <Version>0</Version>
                <Channel>Operational</Channel>
                <Level>Information</Level>
                <Message><![CDATA[
Automatic restart sign on successfully deleted autologon credentials from LSA memory]]></Message>
                <Template><![CDATA[
]]></Template>
            </Event>
            <Event>
                <Id>5000</Id>
                <Version>0</Version>
                <Channel>System</Channel>
                <Level>Error</Level>
                <Message><![CDATA[
The security package %1 generated an exception. The exception information is the data.]]></Message>
                <Template><![CDATA[
<template xmlns="http://schemas.microsoft.com/win/2004/08/events">
  <data name="Package" inType="win:UnicodeString" outType="xs:string"/>
  <data name="__binLength" inType="win:UInt32" outType="xs:unsignedInt"/>
  <data name="Exception" inType="win:Binary" outType="xs:hexBinary" length="__binLength"/>
</template>
]]></Template>
            </Event>
            <Event>
                <Id>6027</Id>
                <Version>0</Version>
                <Channel>System</Channel>
                <Level>Error</Level>
                <Message><![CDATA[
Could not upgrade the global secret %1. Please check the status of all services in the system.]]></Message>
                <Template><![CDATA[
<template xmlns="http://schemas.microsoft.com/win/2004/08/events">
  <data name="Secret" inType="win:UnicodeString" outType="xs:string"/>
  <data name="__binLength" inType="win:UInt32" outType="xs:unsignedInt"/>
  <data name="status" inType="win:Binary" outType="xs:hexBinary" length="__binLength"/>
</template>
]]></Template>
            </Event>
            <Event>
                <Id>6033</Id>
                <Version>0</Version>
                <Channel>System</Channel>
                <Level>Error</Level>
                <Message><![CDATA[
An anonymous session connected from %1 has attempted to open an LSA policy handle on this machine. The attempt was rejected with STATUS_ACCESS_DENIED to prevent leaking security sensitive information to the anonymous caller.
 The application that made this attempt needs to be fixed. Please contact the application vendor. As a temporary workaround, this security measure can be disabled by setting the \HKEY_LOCAL_MACHINE\SYSTEM\CurrentControlSet\Control\Lsa\TurnOffAnonymousBlock DWORD value to 1.
 This message will be logged at most once a day.]]></Message>
                <Template><![CDATA[
<template xmlns="http://schemas.microsoft.com/win/2004/08/events">
  <data name="Client" inType="win:UnicodeString" outType="xs:string"/>
</template>
]]></Template>
            </Event>
            <Event>
                <Id>6035</Id>
                <Version>0</Version>
                <Channel>System</Channel>
                <Level>Warning</Level>
                <Message><![CDATA[
During a logon attempt, the user's security context accumulated too many security IDs. This is a very unusual situation. Remove the user from some global or local groups to reduce the number of security IDs to incorporate into the security context.
User's SID is %1
If this is the Administrator account, logging on in safe mode will enable Administrator to log on by automatically restricting group memberships.]]></Message>
                <Template><![CDATA[
<template xmlns="http://schemas.microsoft.com/win/2004/08/events">
  <data name="SID" inType="win:SID" outType="xs:string"/>
</template>
]]></Template>
            </Event>
            <Event>
                <Id>6036</Id>
                <Version>0</Version>
                <Channel>System</Channel>
                <Level>Warning</Level>
                <Message><![CDATA[
The program %2, with the assigned Process ID %1, supplied a NULL or empty target name for the pszTargetName parameter when calling the InitializeSecurityContext API to initiate an outbound NTLM security context. This is a security risk when mutual authentication is required.
 
 To help protect against a malicious attack, make your code more secure. To do this, change the program so that it specifies a target name in the pszTargetName parameter field, and then recompile the code.]]></Message>
                <Template><![CDATA[
<template xmlns="http://schemas.microsoft.com/win/2004/08/events">
  <data name="PID" inType="win:UnicodeString" outType="xs:string"/>
  <data name="Program" inType="win:UnicodeString" outType="xs:string"/>
</template>
]]></Template>
            </Event>
            <Event>
                <Id>6037</Id>
                <Version>0</Version>
                <Channel>System</Channel>
                <Level>Warning</Level>
                <Message><![CDATA[
The program %2, with the assigned process ID %1, could not authenticate locally by using the target name %3. The target name used is not valid. A target name should refer to one of the local computer names, for example, the DNS host name.
 
 Try a different target name.]]></Message>
                <Template><![CDATA[
<template xmlns="http://schemas.microsoft.com/win/2004/08/events">
  <data name="PID" inType="win:UnicodeString" outType="xs:string"/>
  <data name="Program" inType="win:UnicodeString" outType="xs:string"/>
  <data name="TargetName" inType="win:UnicodeString" outType="xs:string"/>
</template>
]]></Template>
            </Event>
            <Event>
                <Id>6038</Id>
                <Version>0</Version>
                <Channel>System</Channel>
                <Level>Warning</Level>
                <Message><![CDATA[
Microsoft Windows Server has detected that NTLM authentication is presently being used between clients and this server. This event occurs once per boot of the server on the first time a client uses NTLM with this server.
 
NTLM is a weaker authentication mechanism. Please check:
 
      Which applications are using NTLM authentication?
      Are there configuration issues preventing the use of stronger authentication such as Kerberos authentication?
      If NTLM must be supported, is Extended Protection configured?
 
Details on how to complete these checks can be found at http://go.microsoft.com/fwlink/?LinkId=225699.]]></Message>
                <Template><![CDATA[
<template xmlns="http://schemas.microsoft.com/win/2004/08/events">
</template>
]]></Template>
            </Event>
            <Event>
                <Id>6039</Id>
                <Version>0</Version>
                <Channel>System</Channel>
                <Level>Information</Level>
                <Message><![CDATA[
Microsoft Windows Server has detected that NTLM authentication is being used between clients and this server. This event occurs once per boot of the server on the first time a client uses NTLM with this server.
 
NTLM is a weaker authentication mechanism. Please check:
 
      Which applications are using NTLM authentication?
      Are there configuration issue preventing the use stronger authentication such as Kerberos authentication?
      If NTLM must be supported, is Extended Protection configured?
 
Details on how to complete these checks can be found at http://go.microsoft.com/fwlink/?LinkId=225699.]]></Message>
                <Template><![CDATA[
<template xmlns="http://schemas.microsoft.com/win/2004/08/events">
</template>
]]></Template>
            </Event>
            <Event>
                <Id>6040</Id>
                <Version>0</Version>
                <Channel>System</Channel>
                <Level>Warning</Level>
                <Message><![CDATA[
An authentication request for package %1 was rejected because the target information was invalid.  The authentication request did not match the target name of %2.]]></Message>
                <Template><![CDATA[
<template xmlns="http://schemas.microsoft.com/win/2004/08/events">
  <data name="Package" inType="win:UnicodeString" outType="xs:string"/>
  <data name="TargetName" inType="win:UnicodeString" outType="xs:string"/>
</template>
]]></Template>
            </Event>
            <Event>
                <Id>6041</Id>
                <Version>0</Version>
                <Channel>System</Channel>
                <Level>Error</Level>
                <Message><![CDATA[
A CredSSP authentication to %1 failed to negotiate a common protocol version.  The remote host offered version %2 which is not permitted by Encryption Oracle Remediation.

See https://go.microsoft.com/fwlink/?linkid=866660 for more information.]]></Message>
                <Template><![CDATA[
<template xmlns="http://schemas.microsoft.com/win/2004/08/events">
  <data name="TargetName" inType="win:UnicodeString" outType="xs:string"/>
  <data name="TargetVersion" inType="win:UnicodeString" outType="xs:string"/>
</template>
]]></Template>
            </Event>
            <Event>
                <Id>6144</Id>
                <Version>0</Version>
                <Channel>System</Channel>
                <Level>Information</Level>
                <Message><![CDATA[
A secret object private to LSA was queried by a client. This object was returned in encrypted format for security reasons.]]></Message>
                <Template><![CDATA[
<template xmlns="http://schemas.microsoft.com/win/2004/08/events">
</template>
]]></Template>
            </Event>
            <Event>
                <Id>6145</Id>
                <Version>0</Version>
                <Channel>System</Channel>
                <Level>Critical</Level>
                <Message><![CDATA[
An error occurred while retrieving new Central Access Policies for this machine.

Could not retrieve policies for the following DNs:
%1]]></Message>
                <Template><![CDATA[
<template xmlns="http://schemas.microsoft.com/win/2004/08/events">
  <data name="MissingCAPDNs" inType="win:UnicodeString" outType="xs:string"/>
</template>
]]></Template>
            </Event>
            <Event>
                <Id>6146</Id>
                <Version>0</Version>
                <Channel>System</Channel>
                <Level>Error</Level>
                <Message><![CDATA[
An error occurred while processing new Central Access Policies for this machine. Validation failed for the following Central Access Rule referenced by one or more of the Central Access Policies:

	Error:		%1

	Name:		%2
	Description:	%3]]></Message>
                <Template><![CDATA[
<template xmlns="http://schemas.microsoft.com/win/2004/08/events">
  <data name="Error" inType="win:UnicodeString" outType="xs:string"/>
  <data name="CAPEName" inType="win:UnicodeString" outType="xs:string"/>
  <data name="CAPEDesc" inType="win:UnicodeString" outType="xs:string"/>
</template>
]]></Template>
            </Event>
            <Event>
                <Id>6147</Id>
                <Version>0</Version>
                <Channel>System</Channel>
                <Level>Warning</Level>
                <Message><![CDATA[
Credential Guard is configured to run, but is not licensed. Credential Guard was not started.]]></Message>
                <Template><![CDATA[
]]></Template>
            </Event>
            <Event>
                <Id>6148</Id>
                <Version>0</Version>
                <Channel>System</Channel>
                <Level>Information</Level>
                <Message><![CDATA[
The PDC completed an automatic trust scan operation for all trusts with no errors.

More information can be found at https://go.microsoft.com/fwlink/?linkid=2162089.]]></Message>
                <Template><![CDATA[
<template xmlns="http://schemas.microsoft.com/win/2004/08/events">
</template>
]]></Template>
            </Event>
            <Event>
                <Id>6149</Id>
                <Version>0</Version>
                <Channel>System</Channel>
                <Level>Warning</Level>
                <Message><![CDATA[
The PDC completed an automatic trust scan operation for all trusts and encountered at least one error.

More information can be found at https://go.microsoft.com/fwlink/?linkid=2162089.]]></Message>
                <Template><![CDATA[
<template xmlns="http://schemas.microsoft.com/win/2004/08/events">
</template>
]]></Template>
            </Event>
            <Event>
                <Id>6150</Id>
                <Version>0</Version>
                <Channel>System</Channel>
                <Level>Information</Level>
                <Message><![CDATA[
The PDC completed an administrator-requested trust scan operation for the trust '%1' with no errors.

More information can be found at https://go.microsoft.com/fwlink/?linkid=2162089.]]></Message>
                <Template><![CDATA[
<template xmlns="http://schemas.microsoft.com/win/2004/08/events">
  <data name="TrustName" inType="win:UnicodeString" outType="xs:string"/>
</template>
]]></Template>
            </Event>
            <Event>
                <Id>6151</Id>
                <Version>0</Version>
                <Channel>System</Channel>
                <Level>Warning</Level>
                <Message><![CDATA[
The PDC was unable to find the specified trust '%1' to scan. The trust either does not exist or it is neither an inbound or bidirectional trust.

More information can be found at https://go.microsoft.com/fwlink/?linkid=2162089.]]></Message>
                <Template><![CDATA[
<template xmlns="http://schemas.microsoft.com/win/2004/08/events">
  <data name="TrustName" inType="win:UnicodeString" outType="xs:string"/>
</template>
]]></Template>
            </Event>
            <Event>
                <Id>6152</Id>
                <Version>0</Version>
                <Channel>System</Channel>
                <Level>Warning</Level>
                <Message><![CDATA[
The PDC completed an administrator-requested trust scan operation for the trust '%1' and encountered an error.

More information can be found at https://go.microsoft.com/fwlink/?linkid=2162089.]]></Message>
                <Template><![CDATA[
<template xmlns="http://schemas.microsoft.com/win/2004/08/events">
  <data name="TrustName" inType="win:UnicodeString" outType="xs:string"/>
</template>
]]></Template>
            </Event>
            <Event>
                <Id>6153</Id>
                <Version>0</Version>
                <Channel>System</Channel>
                <Level>Warning</Level>
                <Message><![CDATA[
The PDC encountered an error trying to scan the named trust.

Trust: %1

Error: %2(%3)

More information can be found at https://go.microsoft.com/fwlink/?linkid=2162089.]]></Message>
                <Template><![CDATA[
<template xmlns="http://schemas.microsoft.com/win/2004/08/events">
  <data name="TrustName" inType="win:UnicodeString" outType="xs:string"/>
  <data name="ErrorCodeHex" inType="win:HexInt32" outType="win:HexInt32"/>
  <data name="ErrorCode" inType="win:UInt32" outType="xs:unsignedInt"/>
</template>
]]></Template>
            </Event>
            <Event>
                <Id>6154</Id>
                <Version>0</Version>
                <Channel>System</Channel>
                <Level>Warning</Level>
                <Message><![CDATA[
Possible use of roaming Credential Manager credentials with Credential Guard detected. This feature is unsupported. Refer to Credential Guard documentation for more details.]]></Message>
                <Template><![CDATA[
]]></Template>
            </Event>
            <Event>
                <Id>6155</Id>
                <Version>0</Version>
                <Channel>System</Channel>
                <Level>Warning</Level>
                <Message><![CDATA[
LSA package is not signed as expected. This can cause unexpected behavior with Credential Guard.

PackageName: %1]]></Message>
                <Template><![CDATA[
<template xmlns="http://schemas.microsoft.com/win/2004/08/events">
  <data name="PackageName" inType="win:UnicodeString" outType="xs:string"/>
</template>
]]></Template>
            </Event>
            <Event>
                <Id>6156</Id>
                <Version>0</Version>
                <Channel>System</Channel>
                <Level>Information</Level>
                <Message><![CDATA[
Virtualization Based Security for Credential Guard auto enablement status.

Hardware Requirements:	%1
Domain Joined:	%2
Azure AD Joined:	%3]]></Message>
                <Template><![CDATA[
<template xmlns="http://schemas.microsoft.com/win/2004/08/events">
  <data name="HardwareChecks" inType="win:UInt32" outType="xs:unsignedInt"/>
  <data name="ADDomainJoin" inType="win:UInt32" outType="xs:unsignedInt"/>
  <data name="AADDomainJoin" inType="win:UInt32" outType="xs:unsignedInt"/>
</template>
]]></Template>
            </Event>
            <Event>
                <Id>6182</Id>
                <Version>0</Version>
                <Channel>Diagnostic</Channel>
                <Level>Warning</Level>
                <Message><![CDATA[
LogonSession alive after interactive user logoff. Indicates a possible token leak in one of the services. 
Logon ID:%1
Account Name:%2
Domain Name:%3
]]></Message>
                <Template><![CDATA[
<template xmlns="http://schemas.microsoft.com/win/2004/08/events">
  <data name="TargetLogonId" inType="win:HexInt64" outType="win:HexInt64"/>
  <data name="AccountName" inType="win:UnicodeString" outType="xs:string"/>
  <data name="DomainName" inType="win:UnicodeString" outType="xs:string"/>
</template>
]]></Template>
            </Event>
            <Event>
                <Id>6225</Id>
                <Version>0</Version>
                <Channel>Microsoft-Windows-LSA/Performance</Channel>
                <Level>Information</Level>
                <Task>LSA Logon</Task>
                <Opcode>Start</Opcode>
                <Template><![CDATA[
]]></Template>
            </Event>
            <Event>
                <Id>6226</Id>
                <Version>0</Version>
                <Channel>Microsoft-Windows-LSA/Performance</Channel>
                <Level>Information</Level>
                <Task>LSA Logon</Task>
                <Opcode>Stop</Opcode>
                <Template><![CDATA[
]]></Template>
            </Event>
            <Event>
                <Id>6227</Id>
                <Version>0</Version>
                <Channel>Microsoft-Windows-LSA/Performance</Channel>
                <Level>Information</Level>
                <Task>LSA SID-Name Lookup</Task>
                <Opcode>Start</Opcode>
                <Template><![CDATA[
]]></Template>
            </Event>
            <Event>
                <Id>6228</Id>
                <Version>0</Version>
                <Channel>Microsoft-Windows-LSA/Performance</Channel>
                <Level>Information</Level>
                <Task>LSA SID-Name Lookup</Task>
                <Opcode>Stop</Opcode>
                <Template><![CDATA[
]]></Template>
            </Event>
            <Event>
                <Id>6229</Id>
                <Version>0</Version>
                <Channel>Microsoft-Windows-LSA/Performance</Channel>
                <Level>Information</Level>
                <Task>LSA SID-Name Lookup</Task>
                <Opcode>Start</Opcode>
                <Template><![CDATA[
]]></Template>
            </Event>
            <Event>
                <Id>6230</Id>
                <Version>0</Version>
                <Channel>Microsoft-Windows-LSA/Performance</Channel>
                <Level>Information</Level>
                <Task>LSA SID-Name Lookup</Task>
                <Opcode>Stop</Opcode>
                <Template><![CDATA[
]]></Template>
            </Event>
            <Event>
                <Id>6231</Id>
                <Version>0</Version>
                <Channel>Microsoft-Windows-LSA/Performance</Channel>
                <Level>Information</Level>
                <Task>Security Package Manager</Task>
                <Opcode>Start</Opcode>
                <Template><![CDATA[
]]></Template>
            </Event>
            <Event>
                <Id>6232</Id>
                <Version>0</Version>
                <Channel>Microsoft-Windows-LSA/Performance</Channel>
                <Level>Information</Level>
                <Task>Security Package Manager</Task>
                <Opcode>Stop</Opcode>
                <Template><![CDATA[
]]></Template>
            </Event>
            <Event>
                <Id>32773</Id>
                <Version>0</Version>
                <Channel>System</Channel>
                <Level>Warning</Level>
                <Message><![CDATA[
A lookup request was made that required connectivity to a domain controller in domain %1. The LSA was unable to find a domain controller in the domain and thus failed the request. Please check connectivity and secure channel setup from this domain controller to the domain %2.]]></Message>
                <Template><![CDATA[
<template xmlns="http://schemas.microsoft.com/win/2004/08/events">
  <data name="Domain" inType="win:UnicodeString" outType="xs:string"/>
  <data name="TargetDomain" inType="win:UnicodeString" outType="xs:string"/>
  <data name="__binLength" inType="win:UInt32" outType="xs:unsignedInt"/>
  <data name="status" inType="win:Binary" outType="xs:hexBinary" length="__binLength"/>
</template>
]]></Template>
            </Event>
            <Event>
                <Id>32774</Id>
                <Version>0</Version>
                <Channel>System</Channel>
                <Level>Warning</Level>
                <Message><![CDATA[
A lookup request was made that required connectivity to the domain controller %1. The local LSA was unable to contact the LSA on the remote domain controller. Please check connectivity and secure channel setup from this domain controller to the domain controller %2.]]></Message>
                <Template><![CDATA[
<template xmlns="http://schemas.microsoft.com/win/2004/08/events">
  <data name="Domain" inType="win:UnicodeString" outType="xs:string"/>
  <data name="TargetDomain" inType="win:UnicodeString" outType="xs:string"/>
  <data name="__binLength" inType="win:UInt32" outType="xs:unsignedInt"/>
  <data name="status" inType="win:Binary" outType="xs:hexBinary" length="__binLength"/>
</template>
]]></Template>
            </Event>
            <Event>
                <Id>32775</Id>
                <Version>0</Version>
                <Channel>System</Channel>
                <Level>Warning</Level>
                <Message><![CDATA[
A lookup request was made that required the lookup services on the remote domain controller %1. The remote domain controller failed the request thus the local LSA failed the original lookup request. Please check connectivity and secure channel setup from this domain controller to the domain controller %2.]]></Message>
                <Template><![CDATA[
<template xmlns="http://schemas.microsoft.com/win/2004/08/events">
  <data name="Domain" inType="win:UnicodeString" outType="xs:string"/>
  <data name="TargetDomain" inType="win:UnicodeString" outType="xs:string"/>
  <data name="__binLength" inType="win:UInt32" outType="xs:unsignedInt"/>
  <data name="status" inType="win:Binary" outType="xs:hexBinary" length="__binLength"/>
</template>
]]></Template>
            </Event>
            <Event>
                <Id>32777</Id>
                <Version>0</Version>
                <Channel>System</Channel>
                <Level>Warning</Level>
                <Message><![CDATA[
The LSA was unable to register its RPC interface over the TCP/IP interface. Please make sure that the protocol is properly installed.]]></Message>
                <Template><![CDATA[
]]></Template>
            </Event>
            <Event>
                <Id>32779</Id>
                <Version>0</Version>
                <Level>Information</Level>
                <Keyword>WPDBusEnumStartTrigger</Keyword>
                <Template><![CDATA[
<template xmlns="http://schemas.microsoft.com/win/2004/08/events">
  <data name="SubCategoryGuid" inType="win:GUID" outType="xs:GUID"/>
</template>
]]></Template>
            </Event>
            <Event>
                <Id>32780</Id>
                <Version>0</Version>
                <Channel>System</Channel>
                <Level>Warning</Level>
                <Message><![CDATA[
The LSA was unable to notify UBPM during startup with status %1.]]></Message>
                <Template><![CDATA[
<template xmlns="http://schemas.microsoft.com/win/2004/08/events">
  <data name="Status" inType="win:HexInt32" outType="win:HexInt32"/>
</template>
]]></Template>
            </Event>
            <Event>
                <Id>40960</Id>
                <Version>0</Version>
                <Channel>System</Channel>
                <Level>Warning</Level>
                <Message><![CDATA[
The Security System detected an authentication error for the server %1. The failure code from authentication protocol %2 was %3.]]></Message>
                <Template><![CDATA[
<template xmlns="http://schemas.microsoft.com/win/2004/08/events">
  <data name="Target" inType="win:UnicodeString" outType="xs:string"/>
  <data name="Protocol" inType="win:UnicodeString" outType="xs:string"/>
  <data name="Error" inType="win:UnicodeString" outType="xs:string"/>
</template>
]]></Template>
            </Event>
            <Event>
                <Id>40961</Id>
                <Version>0</Version>
                <Channel>System</Channel>
                <Level>Warning</Level>
                <Message><![CDATA[
The Security System could not establish a secured connection with the server %1. No authentication protocol was available.]]></Message>
                <Template><![CDATA[
<template xmlns="http://schemas.microsoft.com/win/2004/08/events">
  <data name="Target" inType="win:UnicodeString" outType="xs:string"/>
</template>
]]></Template>
            </Event>
            <Event>
                <Id>40962</Id>
                <Version>0</Version>
                <Channel>System</Channel>
                <Level>Warning</Level>
                <Message><![CDATA[
The Security System was unable to authenticate to the server %1 because the server has completed the authentication, but the client authentication protocol %2 has not.]]></Message>
                <Template><![CDATA[
<template xmlns="http://schemas.microsoft.com/win/2004/08/events">
  <data name="Target" inType="win:UnicodeString" outType="xs:string"/>
  <data name="Protocol" inType="win:UnicodeString" outType="xs:string"/>
</template>
]]></Template>
            </Event>
            <Event>
                <Id>40964</Id>
                <Version>0</Version>
                <Channel>System</Channel>
                <Level>Warning</Level>
                <Message><![CDATA[
The Security System received an authentication attempt with an unknown authentication protocol. The request has failed.]]></Message>
                <Template><![CDATA[
]]></Template>
            </Event>
            <Event>
                <Id>40965</Id>
                <Version>0</Version>
                <Channel>System</Channel>
                <Level>Information</Level>
                <Message><![CDATA[
The Security System has selected %2 for the authentication protocol to server %1.]]></Message>
                <Template><![CDATA[
<template xmlns="http://schemas.microsoft.com/win/2004/08/events">
  <data name="Target" inType="win:UnicodeString" outType="xs:string"/>
  <data name="Protocol" inType="win:UnicodeString" outType="xs:string"/>
</template>
]]></Template>
            </Event>
            <Event>
                <Id>40966</Id>
                <Version>0</Version>
                <Channel>System</Channel>
                <Level>Information</Level>
                <Message><![CDATA[
The Security System has received an authentication attempt, and determined that the protocol %1 preferred by the client is acceptable.]]></Message>
                <Template><![CDATA[
<template xmlns="http://schemas.microsoft.com/win/2004/08/events">
  <data name="Protocol" inType="win:UnicodeString" outType="xs:string"/>
</template>
]]></Template>
            </Event>
            <Event>
                <Id>40967</Id>
                <Version>0</Version>
                <Channel>System</Channel>
                <Level>Information</Level>
                <Message><![CDATA[
The Security System has received an authentication request directly for authentication protocol %1.]]></Message>
                <Template><![CDATA[
<template xmlns="http://schemas.microsoft.com/win/2004/08/events">
  <data name="Protocol" inType="win:UnicodeString" outType="xs:string"/>
</template>
]]></Template>
            </Event>
            <Event>
                <Id>40968</Id>
                <Version>0</Version>
                <Channel>System</Channel>
                <Level>Warning</Level>
                <Message><![CDATA[
The Security System has received an authentication request that could not be decoded. The request has failed.]]></Message>
                <Template><![CDATA[
]]></Template>
            </Event>
            <Event>
                <Id>40969</Id>
                <Version>0</Version>
                <Channel>System</Channel>
                <Level>Information</Level>
                <Message><![CDATA[
The Security System has received an authentication attempt, and determined that the protocol %1 is the common protocol.]]></Message>
                <Template><![CDATA[
<template xmlns="http://schemas.microsoft.com/win/2004/08/events">
  <data name="Protocol" inType="win:UnicodeString" outType="xs:string"/>
</template>
]]></Template>
            </Event>
            <Event>
                <Id>45056</Id>
                <Version>0</Version>
                <Channel>System</Channel>
                <Level>Warning</Level>
                <Message><![CDATA[
Logon cache was disabled. Intermittent authentication failures may result during periods of network latency or interrupts. Please contact your system administrator.]]></Message>
                <Template><![CDATA[
]]></Template>
            </Event>
            <Event>
                <Id>45057</Id>
                <Version>0</Version>
                <Channel>System</Channel>
                <Level>Information</Level>
                <Message><![CDATA[
A failed logon attempt has caused a logon cache entry for user %1 to be deleted. The authentication package was %2, and the error message was %3.]]></Message>
                <Template><![CDATA[
<template xmlns="http://schemas.microsoft.com/win/2004/08/events">
  <data name="Username" inType="win:UnicodeString" outType="xs:string"/>
  <data name="Package" inType="win:UnicodeString" outType="xs:string"/>
  <data name="Error" inType="win:UnicodeString" outType="xs:string"/>
</template>
]]></Template>
            </Event>
            <Event>
                <Id>45058</Id>
                <Version>0</Version>
                <Channel>System</Channel>
                <Level>Information</Level>
                <Message><![CDATA[
A logon cache entry for user %1 was the oldest entry and was removed. The timestamp of this entry was %2.]]></Message>
                <Template><![CDATA[
<template xmlns="http://schemas.microsoft.com/win/2004/08/events">
  <data name="UserName" inType="win:UnicodeString" outType="xs:string"/>
  <data name="TimeStamp" inType="win:SYSTEMTIME" outType="xs:dateTime"/>
</template>
]]></Template>
            </Event>
        </EventMetadata>
    </Provider>
</Providers>
