<Providers>
    <Provider>
        <Name>Microsoft-Windows-IME-TCCORE</Name>
        <Metadata>
            <Guid>{F67B2345-47FA-4721-A6FB-FE08110EECF7}</Guid>
            <ResourceFilePath>%SystemRoot%\system32\IME\IMETC\imTcCore.dll</ResourceFilePath>
            <ParameterFilePath></ParameterFilePath>
            <MessageFilePath>%SystemRoot%\system32\IME\IMETC\imTcCore.dll</MessageFilePath>
            <HelpLink></HelpLink>
            <PublisherMessage>Microsoft-Windows-IME-TCCORE</PublisherMessage>
            <Channels>
                <Channel>
                    <Message></Message>
                    <Path>Microsoft-Windows-IME-TCCORE/Analytic</Path>
                    <Index>0</Index>
                    <Id>16</Id>
                    <Imported>false</Imported>
                </Channel>
            </Channels>
            <Levels>
                <Level>
                    <Message>Information</Message>
                    <Name>win:Informational</Name>
                    <Value>4</Value>
                </Level>
            </Levels>
            <Tasks>
                <Task>
                    <Message>Task ID: IME Candidate Open</Message>
                    <Name>IME_CandOpen</Name>
                    <Value>100</Value>
                </Task>
                <Task>
                    <Message>Task ID: IME PromptCandidate Open</Message>
                    <Name>IME_PromptCandOpen</Name>
                    <Value>101</Value>
                </Task>
                <Task>
                    <Message>Task ID: IME Conversion</Message>
                    <Name>IME_Conversion</Name>
                    <Value>102</Value>
                </Task>
                <Task>
                    <Message>Task ID: IME LM Decoding</Message>
                    <Name>IME_LM_Decoding</Name>
                    <Value>103</Value>
                </Task>
                <Task>
                    <Message>Task ID: IME Typing</Message>
                    <Name>IME_Typing</Name>
                    <Value>104</Value>
                </Task>
            </Tasks>
            <Opcodes>
                <Opcode>
                    <Message>Start</Message>
                    <Name>win:Start</Name>
                    <Value>1</Value>
                    <Task>0</Task>
                </Opcode>
                <Opcode>
                    <Message>Stop</Message>
                    <Name>win:Stop</Name>
                    <Value>2</Value>
                    <Task>0</Task>
                </Opcode>
                <Opcode>
                    <Message></Message>
                    <Name>Decode1Start</Name>
                    <Value>11</Value>
                    <Task>0</Task>
                </Opcode>
                <Opcode>
                    <Message></Message>
                    <Name>Decode1End</Name>
                    <Value>12</Value>
                    <Task>0</Task>
                </Opcode>
                <Opcode>
                    <Message></Message>
                    <Name>LexSearchStart</Name>
                    <Value>13</Value>
                    <Task>0</Task>
                </Opcode>
                <Opcode>
                    <Message></Message>
                    <Name>LexSearchEnd</Name>
                    <Value>14</Value>
                    <Task>0</Task>
                </Opcode>
                <Opcode>
                    <Message></Message>
                    <Name>SearchStart</Name>
                    <Value>15</Value>
                    <Task>0</Task>
                </Opcode>
                <Opcode>
                    <Message></Message>
                    <Name>SearchEnd</Name>
                    <Value>16</Value>
                    <Task>0</Task>
                </Opcode>
            </Opcodes>
            <Keywords>
            </Keywords>
        </Metadata>
        <EventMetadata>
            <Event>
                <Id>31</Id>
                <Version>0</Version>
                <Channel>Microsoft-Windows-IME-TCCORE/Analytic</Channel>
                <Level>Information</Level>
                <Task>Task ID: IME Candidate Open</Task>
                <Opcode>Start</Opcode>
                <Message><![CDATA[
EAIME_EM_CandStart]]></Message>
                <Template><![CDATA[
]]></Template>
            </Event>
            <Event>
                <Id>32</Id>
                <Version>0</Version>
                <Channel>Microsoft-Windows-IME-TCCORE/Analytic</Channel>
                <Level>Information</Level>
                <Task>Task ID: IME Candidate Open</Task>
                <Opcode>Stop</Opcode>
                <Message><![CDATA[
EAIME_EM_CandEnd]]></Message>
                <Template><![CDATA[
]]></Template>
            </Event>
            <Event>
                <Id>33</Id>
                <Version>0</Version>
                <Channel>Microsoft-Windows-IME-TCCORE/Analytic</Channel>
                <Level>Information</Level>
                <Task>Task ID: IME PromptCandidate Open</Task>
                <Opcode>Start</Opcode>
                <Message><![CDATA[
EAIME_EM_PromptCandStart]]></Message>
                <Template><![CDATA[
]]></Template>
            </Event>
            <Event>
                <Id>34</Id>
                <Version>0</Version>
                <Channel>Microsoft-Windows-IME-TCCORE/Analytic</Channel>
                <Level>Information</Level>
                <Task>Task ID: IME PromptCandidate Open</Task>
                <Opcode>Stop</Opcode>
                <Message><![CDATA[
EAIME_EM_PromptCandEnd]]></Message>
                <Template><![CDATA[
]]></Template>
            </Event>
            <Event>
                <Id>35</Id>
                <Version>0</Version>
                <Channel>Microsoft-Windows-IME-TCCORE/Analytic</Channel>
                <Level>Information</Level>
                <Task>Task ID: IME Conversion</Task>
                <Opcode>Start</Opcode>
                <Message><![CDATA[
EAIME_EM_ConvStart]]></Message>
                <Template><![CDATA[
]]></Template>
            </Event>
            <Event>
                <Id>36</Id>
                <Version>0</Version>
                <Channel>Microsoft-Windows-IME-TCCORE/Analytic</Channel>
                <Level>Information</Level>
                <Task>Task ID: IME Conversion</Task>
                <Opcode>Stop</Opcode>
                <Message><![CDATA[
EAIME_EM_ConvEnd]]></Message>
                <Template><![CDATA[
]]></Template>
            </Event>
            <Event>
                <Id>37</Id>
                <Version>0</Version>
                <Channel>Microsoft-Windows-IME-TCCORE/Analytic</Channel>
                <Level>Information</Level>
                <Task>Task ID: IME Typing</Task>
                <Opcode>Start</Opcode>
                <Message><![CDATA[
EAIME_EM_TypingStart]]></Message>
                <Template><![CDATA[
]]></Template>
            </Event>
            <Event>
                <Id>38</Id>
                <Version>0</Version>
                <Channel>Microsoft-Windows-IME-TCCORE/Analytic</Channel>
                <Level>Information</Level>
                <Task>Task ID: IME Typing</Task>
                <Opcode>Stop</Opcode>
                <Message><![CDATA[
EAIME_EM_TypingEnd]]></Message>
                <Template><![CDATA[
]]></Template>
            </Event>
            <Event>
                <Id>51</Id>
                <Version>0</Version>
                <Channel>Microsoft-Windows-IME-TCCORE/Analytic</Channel>
                <Level>Information</Level>
                <Task>Task ID: IME LM Decoding</Task>
                <Opcode>Decode1Start</Opcode>
                <Message><![CDATA[
EAIME_LM_Decoding1Start]]></Message>
                <Template><![CDATA[
]]></Template>
            </Event>
            <Event>
                <Id>52</Id>
                <Version>0</Version>
                <Channel>Microsoft-Windows-IME-TCCORE/Analytic</Channel>
                <Level>Information</Level>
                <Task>Task ID: IME LM Decoding</Task>
                <Opcode>Decode1End</Opcode>
                <Message><![CDATA[
EAIME_LM_Decoding1End]]></Message>
                <Template><![CDATA[
]]></Template>
            </Event>
            <Event>
                <Id>53</Id>
                <Version>0</Version>
                <Channel>Microsoft-Windows-IME-TCCORE/Analytic</Channel>
                <Level>Information</Level>
                <Task>Task ID: IME LM Decoding</Task>
                <Opcode>LexSearchStart</Opcode>
                <Message><![CDATA[
EAIME_LM_LexSearchStart]]></Message>
                <Template><![CDATA[
]]></Template>
            </Event>
            <Event>
                <Id>54</Id>
                <Version>0</Version>
                <Channel>Microsoft-Windows-IME-TCCORE/Analytic</Channel>
                <Level>Information</Level>
                <Task>Task ID: IME LM Decoding</Task>
                <Opcode>LexSearchEnd</Opcode>
                <Message><![CDATA[
EAIME_LM_LexSearchEnd]]></Message>
                <Template><![CDATA[
]]></Template>
            </Event>
            <Event>
                <Id>55</Id>
                <Version>0</Version>
                <Channel>Microsoft-Windows-IME-TCCORE/Analytic</Channel>
                <Level>Information</Level>
                <Task>Task ID: IME LM Decoding</Task>
                <Opcode>SearchStart</Opcode>
                <Message><![CDATA[
EAIME_LM_SearchStart]]></Message>
                <Template><![CDATA[
]]></Template>
            </Event>
            <Event>
                <Id>56</Id>
                <Version>0</Version>
                <Channel>Microsoft-Windows-IME-TCCORE/Analytic</Channel>
                <Level>Information</Level>
                <Task>Task ID: IME LM Decoding</Task>
                <Opcode>SearchEnd</Opcode>
                <Message><![CDATA[
EAIME_LM_SearchEnd]]></Message>
                <Template><![CDATA[
]]></Template>
            </Event>
        </EventMetadata>
    </Provider>
</Providers>
