<Providers>
    <Provider>
        <Name>Microsoft-Windows-Kernel-Disk</Name>
        <Metadata>
            <Guid>{C7BDE69A-E1E0-4177-B6EF-283AD1525271}</Guid>
            <ResourceFilePath>%SystemRoot%\system32\Microsoft-Windows-System-Events.dll</ResourceFilePath>
            <ParameterFilePath></ParameterFilePath>
            <MessageFilePath>%SystemRoot%\system32\Microsoft-Windows-System-Events.dll</MessageFilePath>
            <HelpLink></HelpLink>
            <PublisherMessage>Microsoft-Windows-Kernel-Disk</PublisherMessage>
            <Channels>
                <Channel>
                    <Message></Message>
                    <Path>Microsoft-Windows-Kernel-Disk/Analytic</Path>
                    <Index>0</Index>
                    <Id>16</Id>
                    <Imported>false</Imported>
                </Channel>
            </Channels>
            <Levels>
                <Level>
                    <Message>Information</Message>
                    <Name>win:Informational</Name>
                    <Value>4</Value>
                </Level>
            </Levels>
            <Tasks>
            </Tasks>
            <Opcodes>
            </Opcodes>
            <Keywords>
            </Keywords>
        </Metadata>
        <EventMetadata>
            <Event>
                <Id>10</Id>
                <Version>0</Version>
                <Channel>Microsoft-Windows-Kernel-Disk/Analytic</Channel>
                <Level>Information</Level>
                <Message><![CDATA[
%3 bytes read from disk %1 at %5.]]></Message>
                <Template><![CDATA[
<template xmlns="http://schemas.microsoft.com/win/2004/08/events">
  <data name="DiskNumber" inType="win:UInt32" outType="xs:unsignedInt"/>
  <data name="IrpFlags" inType="win:HexInt32" outType="win:HexInt32"/>
  <data name="TransferSize" inType="win:UInt32" outType="xs:unsignedInt"/>
  <data name="Reserved" inType="win:UInt32" outType="xs:unsignedInt"/>
  <data name="ByteOffset" inType="win:UInt64" outType="xs:unsignedLong"/>
  <data name="FileObject" inType="win:Pointer" outType="win:HexInt64"/>
  <data name="IORequestPacket" inType="win:Pointer" outType="win:HexInt64"/>
  <data name="HighResResponseTime" inType="win:UInt64" outType="xs:unsignedLong"/>
</template>
]]></Template>
            </Event>
            <Event>
                <Id>11</Id>
                <Version>0</Version>
                <Channel>Microsoft-Windows-Kernel-Disk/Analytic</Channel>
                <Level>Information</Level>
                <Message><![CDATA[
%3 bytes written to disk %1 at %5.]]></Message>
                <Template><![CDATA[
<template xmlns="http://schemas.microsoft.com/win/2004/08/events">
  <data name="DiskNumber" inType="win:UInt32" outType="xs:unsignedInt"/>
  <data name="IrpFlags" inType="win:HexInt32" outType="win:HexInt32"/>
  <data name="TransferSize" inType="win:UInt32" outType="xs:unsignedInt"/>
  <data name="Reserved" inType="win:UInt32" outType="xs:unsignedInt"/>
  <data name="ByteOffset" inType="win:UInt64" outType="xs:unsignedLong"/>
  <data name="FileObject" inType="win:Pointer" outType="win:HexInt64"/>
  <data name="IORequestPacket" inType="win:Pointer" outType="win:HexInt64"/>
  <data name="HighResResponseTime" inType="win:UInt64" outType="xs:unsignedLong"/>
</template>
]]></Template>
            </Event>
            <Event>
                <Id>14</Id>
                <Version>0</Version>
                <Channel>Microsoft-Windows-Kernel-Disk/Analytic</Channel>
                <Level>Information</Level>
                <Message><![CDATA[
Buffers flushed to disk %1.]]></Message>
                <Template><![CDATA[
<template xmlns="http://schemas.microsoft.com/win/2004/08/events">
  <data name="DiskNumber" inType="win:UInt32" outType="xs:unsignedInt"/>
  <data name="IrpFlags" inType="win:HexInt32" outType="win:HexInt32"/>
  <data name="HighResResponseTime" inType="win:UInt64" outType="xs:unsignedLong"/>
  <data name="IORequestPacket" inType="win:Pointer" outType="win:HexInt64"/>
</template>
]]></Template>
            </Event>
        </EventMetadata>
    </Provider>
</Providers>
