<Providers>
    <Provider>
        <Name>Microsoft-Windows-FileHistory-EventListener</Name>
        <Metadata>
            <Guid>{B447B4DF-7780-11E0-ADA3-18A90531A85A}</Guid>
            <ResourceFilePath>%SystemRoot%\System32\fhsvc.dll</ResourceFilePath>
            <ParameterFilePath></ParameterFilePath>
            <MessageFilePath>%SystemRoot%\System32\fhsvc.dll</MessageFilePath>
            <HelpLink></HelpLink>
            <PublisherMessage></PublisherMessage>
            <Channels>
                <Channel>
                    <Message></Message>
                    <Path>Microsoft-Windows-FileHistory-EventListener/Debug</Path>
                    <Index>0</Index>
                    <Id>16</Id>
                    <Imported>false</Imported>
                </Channel>
                <Channel>
                    <Message></Message>
                    <Path>Microsoft-Windows-FileHistory-EventListener/Analytic</Path>
                    <Index>1</Index>
                    <Id>17</Id>
                    <Imported>false</Imported>
                </Channel>
                <Channel>
                    <Message></Message>
                    <Path>Microsoft-Windows-FileHistory-Engine/BackupLog</Path>
                    <Index>2</Index>
                    <Id>18</Id>
                    <Imported>true</Imported>
                </Channel>
            </Channels>
            <Levels>
                <Level>
                    <Message>Error</Message>
                    <Name>win:Error</Name>
                    <Value>2</Value>
                </Level>
                <Level>
                    <Message>Warning</Message>
                    <Name>win:Warning</Name>
                    <Value>3</Value>
                </Level>
            </Levels>
            <Tasks>
            </Tasks>
            <Opcodes>
            </Opcodes>
            <Keywords>
            </Keywords>
        </Metadata>
        <EventMetadata>
            <Event>
                <Id>106</Id>
                <Version>0</Version>
                <Channel>Microsoft-Windows-FileHistory-Engine/BackupLog</Channel>
                <Level>Warning</Level>
                <Message><![CDATA[
Directory was not backed up because it is a reparse point:%1If you want it to be protected, remove the reparse point.]]></Message>
                <Template><![CDATA[
<template xmlns="http://schemas.microsoft.com/win/2004/08/events">
  <data name="Path" inType="win:UnicodeString" outType="xs:string"/>
</template>
]]></Template>
            </Event>
            <Event>
                <Id>107</Id>
                <Version>0</Version>
                <Channel>Microsoft-Windows-FileHistory-Engine/BackupLog</Channel>
                <Level>Error</Level>
                <Message><![CDATA[
File was not backed up due to an error:%1Windows will not attempt to back up the file again, unless it is modified.]]></Message>
                <Template><![CDATA[
<template xmlns="http://schemas.microsoft.com/win/2004/08/events">
  <data name="Path" inType="win:UnicodeString" outType="xs:string"/>
  <data name="Hr" inType="win:UInt32" outType="xs:unsignedInt"/>
</template>
]]></Template>
            </Event>
        </EventMetadata>
    </Provider>
</Providers>
