<Providers>
    <Provider>
        <Name>Microsoft-Windows-Base-Filtering-Engine-Connections</Name>
        <Metadata>
            <Guid>{121D3DA8-BAF1-4DCB-929F-2D4C9A47F7AB}</Guid>
            <ResourceFilePath>%SystemRoot%\system32\bfe.dll</ResourceFilePath>
            <ParameterFilePath>%SystemRoot%\system32\bfe.dll</ParameterFilePath>
            <MessageFilePath>%SystemRoot%\system32\bfe.dll</MessageFilePath>
            <HelpLink></HelpLink>
            <PublisherMessage>BFE IPsec Connections</PublisherMessage>
            <Channels>
                <Channel>
                    <Message>BFE IPsec Connections Operational Log</Message>
                    <Path>Microsoft-Windows-Base-Filtering-Engine-Connections/Operational</Path>
                    <Index>0</Index>
                    <Id>16</Id>
                    <Imported>false</Imported>
                </Channel>
            </Channels>
            <Levels>
                <Level>
                    <Message>Information</Message>
                    <Name>win:Informational</Name>
                    <Value>4</Value>
                </Level>
            </Levels>
            <Tasks>
            </Tasks>
            <Opcodes>
                <Opcode>
                    <Message>Info</Message>
                    <Name>win:Info</Name>
                    <Value>0</Value>
                    <Task>0</Task>
                </Opcode>
            </Opcodes>
            <Keywords>
                <Keyword>
                    <Message></Message>
                    <Name>ut:PiiPresent</Name>
                    <Value>2199023255552</Value>
                </Keyword>
            </Keywords>
        </Metadata>
        <EventMetadata>
            <Event>
                <Id>2000</Id>
                <Version>0</Version>
                <Channel>BFE IPsec Connections Operational Log</Channel>
                <Level>Information</Level>
                <Message><![CDATA[
New Connection]]></Message>
                <Template><![CDATA[
<template xmlns="http://schemas.microsoft.com/win/2004/08/events">
  <data name="ConnectionId" inType="win:UInt64" outType="xs:unsignedLong"/>
  <data name="MachineAuthenticationMethod" inType="win:UInt32" outType="xs:unsignedInt"/>
  <data name="RemoteMachineAccount" inType="win:UnicodeString" outType="xs:string"/>
  <data name="UserAuthenticationMethod" inType="win:UInt32" outType="xs:unsignedInt"/>
  <data name="RemoteUserAcount" inType="win:UnicodeString" outType="xs:string"/>
  <data name="RemoteIPAddress" inType="win:UnicodeString" outType="xs:string"/>
  <data name="LocalIPAddress" inType="win:UnicodeString" outType="xs:string"/>
  <data name="TechnologyProviderKey" inType="win:GUID" outType="xs:GUID"/>
  <data name="IPsecTrafficMode" inType="win:UInt32" outType="xs:unsignedInt"/>
  <data name="DHGroup" inType="win:UInt32" outType="xs:unsignedInt"/>
  <data name="StartTime" inType="win:SYSTEMTIME" outType="xs:dateTime"/>
</template>
]]></Template>
            </Event>
            <Event>
                <Id>2001</Id>
                <Version>0</Version>
                <Channel>BFE IPsec Connections Operational Log</Channel>
                <Level>Information</Level>
                <Message><![CDATA[
Connection Closed]]></Message>
                <Template><![CDATA[
<template xmlns="http://schemas.microsoft.com/win/2004/08/events">
  <data name="ConnectionId" inType="win:UInt64" outType="xs:unsignedLong"/>
  <data name="MachineAuthenticationMethod" inType="win:UInt32" outType="xs:unsignedInt"/>
  <data name="RemoteMachineAccount" inType="win:UnicodeString" outType="xs:string"/>
  <data name="UserAuthenticationMethod" inType="win:UInt32" outType="xs:unsignedInt"/>
  <data name="RemoteUserAcount" inType="win:UnicodeString" outType="xs:string"/>
  <data name="RemoteIPAddress" inType="win:UnicodeString" outType="xs:string"/>
  <data name="LocalIPAddress" inType="win:UnicodeString" outType="xs:string"/>
  <data name="TechnologyProviderKey" inType="win:GUID" outType="xs:GUID"/>
  <data name="IPsecTrafficMode" inType="win:UInt32" outType="xs:unsignedInt"/>
  <data name="BytesTransferredInbound" inType="win:UInt64" outType="xs:unsignedLong"/>
  <data name="BytesTransferredOutbound" inType="win:UInt64" outType="xs:unsignedLong"/>
  <data name="BytesTransferredTotal" inType="win:UInt64" outType="xs:unsignedLong"/>
  <data name="StartTime" inType="win:SYSTEMTIME" outType="xs:dateTime"/>
  <data name="CloseTime" inType="win:SYSTEMTIME" outType="xs:dateTime"/>
</template>
]]></Template>
            </Event>
        </EventMetadata>
    </Provider>
</Providers>
