<Providers>
    <Provider>
        <Name>Microsoft-Windows-Bluetooth-BthLEPrepairing</Name>
        <Metadata>
            <Guid>{4AF188AC-E9C4-4C11-B07B-1FABC07DFEB2}</Guid>
            <ResourceFilePath>%SystemRoot%\system32\bthserv.dll</ResourceFilePath>
            <ParameterFilePath></ParameterFilePath>
            <MessageFilePath>%SystemRoot%\system32\bthserv.dll</MessageFilePath>
            <HelpLink></HelpLink>
            <PublisherMessage>Microsoft-Windows-Bluetooth-BthLEPrepairing</PublisherMessage>
            <Channels>
                <Channel>
                    <Message>Microsoft-Windows-Bluetooth-BthLEPrepairing/Operational</Message>
                    <Path>Microsoft-Windows-Bluetooth-BthLEPrepairing/Operational</Path>
                    <Index>0</Index>
                    <Id>16</Id>
                    <Imported>false</Imported>
                </Channel>
                <Channel>
                    <Message>System</Message>
                    <Path>System</Path>
                    <Index>1</Index>
                    <Id>8</Id>
                    <Imported>true</Imported>
                </Channel>
            </Channels>
            <Levels>
                <Level>
                    <Message>Information</Message>
                    <Name>win:Informational</Name>
                    <Value>4</Value>
                </Level>
            </Levels>
            <Tasks>
                <Task>
                    <Message></Message>
                    <Name>BthLEPrepairing</Name>
                    <Value>1</Value>
                </Task>
            </Tasks>
            <Opcodes>
                <Opcode>
                    <Message>Info</Message>
                    <Name>win:Info</Name>
                    <Value>0</Value>
                    <Task>0</Task>
                </Opcode>
            </Opcodes>
            <Keywords>
            </Keywords>
        </Metadata>
        <EventMetadata>
            <Event>
                <Id>100</Id>
                <Version>0</Version>
                <Channel>Microsoft-Windows-Bluetooth-BthLEPrepairing/Operational</Channel>
                <Level>Information</Level>
                <Task>BthLEPrepairing</Task>
                <Message><![CDATA[
Device successfully prepaired (%1)]]></Message>
                <Template><![CDATA[
<template xmlns="http://schemas.microsoft.com/win/2004/08/events">
  <data name="DeviceID" inType="win:Binary" outType="xs:hexBinary" length="8"/>
</template>
]]></Template>
            </Event>
        </EventMetadata>
    </Provider>
</Providers>
