<Providers>
    <Provider>
        <Name>Microsoft-Windows-Application-Experience</Name>
        <Metadata>
            <Guid>{EEF54E71-0661-422D-9A98-82FD4940B820}</Guid>
            <ResourceFilePath>%SystemRoot%\system32\aeevts.dll</ResourceFilePath>
            <ParameterFilePath>%SystemRoot%\system32\aeevts.dll</ParameterFilePath>
            <MessageFilePath>%SystemRoot%\system32\aeevts.dll</MessageFilePath>
            <HelpLink></HelpLink>
            <PublisherMessage>Microsoft-Windows-Application-Experience</PublisherMessage>
            <Channels>
                <Channel>
                    <Message>Microsoft-Windows-Application-Experience/Compatibility-Infrastructure-Debug</Message>
                    <Path>Microsoft-Windows-Application-Experience/Compatibility-Infrastructure-Debug</Path>
                    <Index>0</Index>
                    <Id>16</Id>
                    <Imported>false</Imported>
                </Channel>
                <Channel>
                    <Message>Microsoft-Windows-Application-Experience/Program-Compatibility-Assistant/Analytic</Message>
                    <Path>Microsoft-Windows-Application-Experience/Program-Compatibility-Assistant/Analytic</Path>
                    <Index>1</Index>
                    <Id>17</Id>
                    <Imported>false</Imported>
                </Channel>
                <Channel>
                    <Message>Microsoft-Windows-Application-Experience/Program-Compatibility-Assistant/Trace</Message>
                    <Path>Microsoft-Windows-Application-Experience/Program-Compatibility-Assistant/Trace</Path>
                    <Index>2</Index>
                    <Id>18</Id>
                    <Imported>false</Imported>
                </Channel>
                <Channel>
                    <Message>Microsoft-Windows-Application-Experience/Program-Compatibility-Assistant</Message>
                    <Path>Microsoft-Windows-Application-Experience/Program-Compatibility-Assistant</Path>
                    <Index>3</Index>
                    <Id>19</Id>
                    <Imported>false</Imported>
                </Channel>
                <Channel>
                    <Message>Microsoft-Windows-Application-Experience/Program-Telemetry</Message>
                    <Path>Microsoft-Windows-Application-Experience/Program-Telemetry</Path>
                    <Index>4</Index>
                    <Id>20</Id>
                    <Imported>false</Imported>
                </Channel>
                <Channel>
                    <Message>Microsoft-Windows-Application-Experience/Program-Inventory</Message>
                    <Path>Microsoft-Windows-Application-Experience/Program-Inventory</Path>
                    <Index>5</Index>
                    <Id>21</Id>
                    <Imported>false</Imported>
                </Channel>
                <Channel>
                    <Message>Microsoft-Windows-Application-Experience/Steps-Recorder</Message>
                    <Path>Microsoft-Windows-Application-Experience/Steps-Recorder</Path>
                    <Index>6</Index>
                    <Id>22</Id>
                    <Imported>false</Imported>
                </Channel>
                <Channel>
                    <Message>Microsoft-Windows-Application-Experience/Program-Compatibility-Troubleshooter</Message>
                    <Path>Microsoft-Windows-Application-Experience/Program-Compatibility-Troubleshooter</Path>
                    <Index>7</Index>
                    <Id>23</Id>
                    <Imported>false</Imported>
                </Channel>
            </Channels>
            <Levels>
                <Level>
                    <Message>Error</Message>
                    <Name>win:Error</Name>
                    <Value>2</Value>
                </Level>
                <Level>
                    <Message>Information</Message>
                    <Name>win:Informational</Name>
                    <Value>4</Value>
                </Level>
            </Levels>
            <Tasks>
            </Tasks>
            <Opcodes>
            </Opcodes>
            <Keywords>
                <Keyword>
                    <Message></Message>
                    <Name>WDI</Name>
                    <Value>256</Value>
                </Keyword>
                <Keyword>
                    <Message></Message>
                    <Name>Debug</Name>
                    <Value>512</Value>
                </Keyword>
                <Keyword>
                    <Message></Message>
                    <Name>ShimEng</Name>
                    <Value>1024</Value>
                </Keyword>
                <Keyword>
                    <Message></Message>
                    <Name>Shims</Name>
                    <Value>2048</Value>
                </Keyword>
                <Keyword>
                    <Message></Message>
                    <Name>Siuf</Name>
                    <Value>4096</Value>
                </Keyword>
            </Keywords>
        </Metadata>
        <EventMetadata>
            <Event>
                <Id>50</Id>
                <Version>0</Version>
                <Channel>Microsoft-Windows-Application-Experience/Program-Compatibility-Assistant/Analytic</Channel>
                <Level>Information</Level>
                <Keyword>WDI</Keyword>
                <Message><![CDATA[
PCA was requested to refresh the program cache.]]></Message>
                <Template><![CDATA[
]]></Template>
            </Event>
            <Event>
                <Id>51</Id>
                <Version>0</Version>
                <Channel>Microsoft-Windows-Application-Experience/Program-Compatibility-Assistant/Analytic</Channel>
                <Level>Information</Level>
                <Keyword>WDI</Keyword>
                <Message><![CDATA[
PCA was informed that the program cache was refreshed.]]></Message>
                <Template><![CDATA[
]]></Template>
            </Event>
            <Event>
                <Id>60</Id>
                <Version>0</Version>
                <Channel>Microsoft-Windows-Application-Experience/Program-Compatibility-Assistant/Analytic</Channel>
                <Level>Information</Level>
                <Keyword>WDI</Keyword>
                <Message><![CDATA[
PCA dialog button response %2.]]></Message>
                <Template><![CDATA[
<template xmlns="http://schemas.microsoft.com/win/2004/08/events">
  <data name="DialogGuid" inType="win:GUID" outType="xs:GUID"/>
  <data name="ChainId" inType="win:UInt32" outType="xs:unsignedInt"/>
  <data name="ButtonId" inType="win:UInt32" outType="xs:unsignedInt"/>
</template>
]]></Template>
            </Event>
            <Event>
                <Id>70</Id>
                <Version>0</Version>
                <Channel>Microsoft-Windows-Application-Experience/Program-Compatibility-Assistant/Analytic</Channel>
                <Level>Information</Level>
                <Keyword>WDI</Keyword>
                <Message><![CDATA[
PCA triggered SIUF question was asked.]]></Message>
                <Template><![CDATA[
<template xmlns="http://schemas.microsoft.com/win/2004/08/events">
  <data name="QuestionId" inType="win:GUID" outType="xs:GUID"/>
  <data name="QuestionText" inType="win:UnicodeString" outType="xs:string"/>
</template>
]]></Template>
            </Event>
            <Event>
                <Id>71</Id>
                <Version>0</Version>
                <Channel>Microsoft-Windows-Application-Experience/Program-Compatibility-Assistant/Analytic</Channel>
                <Level>Information</Level>
                <Keyword>Siuf</Keyword>
                <Template><![CDATA[
]]></Template>
            </Event>
            <Event>
                <Id>72</Id>
                <Version>0</Version>
                <Channel>Microsoft-Windows-Application-Experience/Program-Compatibility-Assistant/Analytic</Channel>
                <Level>Information</Level>
                <Keyword>Siuf</Keyword>
                <Template><![CDATA[
]]></Template>
            </Event>
            <Event>
                <Id>73</Id>
                <Version>0</Version>
                <Channel>Microsoft-Windows-Application-Experience/Program-Compatibility-Assistant/Analytic</Channel>
                <Level>Information</Level>
                <Keyword>Siuf</Keyword>
                <Template><![CDATA[
]]></Template>
            </Event>
            <Event>
                <Id>74</Id>
                <Version>0</Version>
                <Channel>Microsoft-Windows-Application-Experience/Program-Compatibility-Assistant/Analytic</Channel>
                <Level>Information</Level>
                <Keyword>Siuf</Keyword>
                <Template><![CDATA[
]]></Template>
            </Event>
            <Event>
                <Id>75</Id>
                <Version>0</Version>
                <Channel>Microsoft-Windows-Application-Experience/Program-Compatibility-Assistant/Analytic</Channel>
                <Level>Information</Level>
                <Keyword>Siuf</Keyword>
                <Template><![CDATA[
]]></Template>
            </Event>
            <Event>
                <Id>76</Id>
                <Version>0</Version>
                <Channel>Microsoft-Windows-Application-Experience/Program-Compatibility-Assistant/Analytic</Channel>
                <Level>Information</Level>
                <Keyword>Siuf</Keyword>
                <Template><![CDATA[
]]></Template>
            </Event>
            <Event>
                <Id>77</Id>
                <Version>0</Version>
                <Channel>Microsoft-Windows-Application-Experience/Program-Compatibility-Assistant/Analytic</Channel>
                <Level>Information</Level>
                <Keyword>Siuf</Keyword>
                <Template><![CDATA[
]]></Template>
            </Event>
            <Event>
                <Id>78</Id>
                <Version>0</Version>
                <Channel>Microsoft-Windows-Application-Experience/Program-Compatibility-Assistant/Analytic</Channel>
                <Level>Information</Level>
                <Keyword>Siuf</Keyword>
                <Template><![CDATA[
]]></Template>
            </Event>
            <Event>
                <Id>79</Id>
                <Version>0</Version>
                <Channel>Microsoft-Windows-Application-Experience/Program-Compatibility-Assistant/Analytic</Channel>
                <Level>Information</Level>
                <Keyword>Siuf</Keyword>
                <Template><![CDATA[
]]></Template>
            </Event>
            <Event>
                <Id>80</Id>
                <Version>0</Version>
                <Channel>Microsoft-Windows-Application-Experience/Program-Compatibility-Assistant/Analytic</Channel>
                <Level>Information</Level>
                <Keyword>Siuf</Keyword>
                <Template><![CDATA[
]]></Template>
            </Event>
            <Event>
                <Id>81</Id>
                <Version>0</Version>
                <Channel>Microsoft-Windows-Application-Experience/Program-Compatibility-Assistant/Analytic</Channel>
                <Level>Information</Level>
                <Keyword>WDI</Keyword>
                <Message><![CDATA[
PCA triggered SIUF question was answered.]]></Message>
                <Template><![CDATA[
<template xmlns="http://schemas.microsoft.com/win/2004/08/events">
  <data name="QuestionId" inType="win:GUID" outType="xs:GUID"/>
  <data name="QuestionKind" inType="win:UnicodeString" outType="xs:string"/>
  <data name="QuestionValue" inType="win:UInt32" outType="xs:unsignedInt"/>
  <data name="FollowupValue" inType="win:UnicodeString" outType="xs:string"/>
</template>
]]></Template>
            </Event>
            <Event>
                <Id>100</Id>
                <Version>0</Version>
                <Channel>Microsoft-Windows-Application-Experience/Program-Compatibility-Assistant</Channel>
                <Level>Information</Level>
                <Message><![CDATA[
The Program Compatibility Assistant was invoked to correct a compatibility problem. Information about the application is below.

Application name: %1
Application version: %2
Executable path: %3
Scenario ID: %4
User action: %5
User action ID: %6
Compatibility layer: %7
FileID: %8
ProgramID: %9]]></Message>
                <Template><![CDATA[
<template xmlns="http://schemas.microsoft.com/win/2004/08/events">
  <data name="ApplicationName" inType="win:UnicodeString" outType="xs:string"/>
  <data name="ApplicationVersion" inType="win:UnicodeString" outType="xs:string"/>
  <data name="ExecutablePath" inType="win:UnicodeString" outType="xs:string"/>
  <data name="ScenarioId" inType="win:UnicodeString" outType="xs:string"/>
  <data name="UserAction" inType="win:UnicodeString" outType="xs:string"/>
  <data name="UserActionID" inType="win:UnicodeString" outType="xs:string"/>
  <data name="CompatibilityLayer" inType="win:UnicodeString" outType="xs:string"/>
  <data name="FileID" inType="win:UnicodeString" outType="xs:string"/>
  <data name="ProgramID" inType="win:UnicodeString" outType="xs:string"/>
</template>
]]></Template>
            </Event>
            <Event>
                <Id>103</Id>
                <Version>0</Version>
                <Channel>Microsoft-Windows-Application-Experience/Program-Compatibility-Assistant</Channel>
                <Level>Information</Level>
                <Message><![CDATA[
The Program Compatibility Assistant was not invoked because the application has been already handled previously. Information about the application is below.

Application name: %1
Application version: %2
Executable path: %3
Scenario ID: %4
User action: %5
Compatibility layer: %6]]></Message>
                <Template><![CDATA[
<template xmlns="http://schemas.microsoft.com/win/2004/08/events">
  <data name="ApplicationName" inType="win:UnicodeString" outType="xs:string"/>
  <data name="ApplicationVersion" inType="win:UnicodeString" outType="xs:string"/>
  <data name="ExecutablePath" inType="win:UnicodeString" outType="xs:string"/>
  <data name="ScenarioId" inType="win:UnicodeString" outType="xs:string"/>
  <data name="UserAction" inType="win:UnicodeString" outType="xs:string"/>
  <data name="UserActionID" inType="win:UnicodeString" outType="xs:string"/>
  <data name="CompatibilityLayer" inType="win:UnicodeString" outType="xs:string"/>
  <data name="FileID" inType="win:UnicodeString" outType="xs:string"/>
  <data name="ProgramID" inType="win:UnicodeString" outType="xs:string"/>
</template>
]]></Template>
            </Event>
            <Event>
                <Id>104</Id>
                <Version>0</Version>
                <Channel>Microsoft-Windows-Application-Experience/Program-Compatibility-Assistant</Channel>
                <Level>Information</Level>
                <Message><![CDATA[
The Program Compatibility Assistant was not invoked as the application executed correctly. Information about the application is below.

Application name: %1
Application version: %2
Executable path: %3
Scenario ID: %4
User action: %5
Compatibility layer: %6]]></Message>
                <Template><![CDATA[
<template xmlns="http://schemas.microsoft.com/win/2004/08/events">
  <data name="ApplicationName" inType="win:UnicodeString" outType="xs:string"/>
  <data name="ApplicationVersion" inType="win:UnicodeString" outType="xs:string"/>
  <data name="ExecutablePath" inType="win:UnicodeString" outType="xs:string"/>
  <data name="ScenarioId" inType="win:UnicodeString" outType="xs:string"/>
  <data name="UserAction" inType="win:UnicodeString" outType="xs:string"/>
  <data name="UserActionID" inType="win:UnicodeString" outType="xs:string"/>
  <data name="CompatibilityLayer" inType="win:UnicodeString" outType="xs:string"/>
  <data name="FileID" inType="win:UnicodeString" outType="xs:string"/>
  <data name="ProgramID" inType="win:UnicodeString" outType="xs:string"/>
</template>
]]></Template>
            </Event>
            <Event>
                <Id>105</Id>
                <Version>0</Version>
                <Channel>Microsoft-Windows-Application-Experience/Program-Compatibility-Assistant</Channel>
                <Level>Information</Level>
                <Message><![CDATA[
The Program Compatibility Assistant was invoked to correct a compatibility problem. Information about the application is below.

Application name: %1
Application version: %2
Executable path: %3
Scenarios code: %4
Deprecated Components: %5
User action ID: %6
Compatibility layers recommended: %7
FileID: %8
ProgramID: %9]]></Message>
                <Template><![CDATA[
<template xmlns="http://schemas.microsoft.com/win/2004/08/events">
  <data name="ApplicationName" inType="win:UnicodeString" outType="xs:string"/>
  <data name="ApplicationVersion" inType="win:UnicodeString" outType="xs:string"/>
  <data name="ExecutablePath" inType="win:UnicodeString" outType="xs:string"/>
  <data name="ScenarioId" inType="win:UnicodeString" outType="xs:string"/>
  <data name="UserAction" inType="win:UnicodeString" outType="xs:string"/>
  <data name="UserActionID" inType="win:UnicodeString" outType="xs:string"/>
  <data name="CompatibilityLayer" inType="win:UnicodeString" outType="xs:string"/>
  <data name="FileID" inType="win:UnicodeString" outType="xs:string"/>
  <data name="ProgramID" inType="win:UnicodeString" outType="xs:string"/>
</template>
]]></Template>
            </Event>
            <Event>
                <Id>207</Id>
                <Version>0</Version>
                <Channel>Microsoft-Windows-Application-Experience/Program-Compatibility-Assistant</Channel>
                <Level>Information</Level>
                <Message><![CDATA[
The Program Compatibility Assistant was requested to monitor %1, but ignored the request because the application is excluded in the registry.]]></Message>
                <Template><![CDATA[
<template xmlns="http://schemas.microsoft.com/win/2004/08/events">
  <data name="ExecutablePath" inType="win:UnicodeString" outType="xs:string"/>
</template>
]]></Template>
            </Event>
            <Event>
                <Id>208</Id>
                <Version>0</Version>
                <Channel>Microsoft-Windows-Application-Experience/Program-Compatibility-Assistant</Channel>
                <Level>Information</Level>
                <Message><![CDATA[
The Program Compatibility Assistant was requested to monitor %1, but ignored the request because of the extension of the executable.]]></Message>
                <Template><![CDATA[
<template xmlns="http://schemas.microsoft.com/win/2004/08/events">
  <data name="ExecutablePath" inType="win:UnicodeString" outType="xs:string"/>
</template>
]]></Template>
            </Event>
            <Event>
                <Id>209</Id>
                <Version>0</Version>
                <Channel>Microsoft-Windows-Application-Experience/Program-Compatibility-Assistant</Channel>
                <Level>Information</Level>
                <Message><![CDATA[
The Program Compatibility Assistant was requested to monitor %1, but ignored the request because the executable has a UAC manifest.]]></Message>
                <Template><![CDATA[
<template xmlns="http://schemas.microsoft.com/win/2004/08/events">
  <data name="ExecutablePath" inType="win:UnicodeString" outType="xs:string"/>
</template>
]]></Template>
            </Event>
            <Event>
                <Id>210</Id>
                <Version>0</Version>
                <Channel>Microsoft-Windows-Application-Experience/Program-Compatibility-Assistant</Channel>
                <Level>Information</Level>
                <Message><![CDATA[
The Program Compatibility Assistant was requested to monitor %1, but ignored the request because the application has a compatibility fix applied to it.]]></Message>
                <Template><![CDATA[
<template xmlns="http://schemas.microsoft.com/win/2004/08/events">
  <data name="ExecutablePath" inType="win:UnicodeString" outType="xs:string"/>
</template>
]]></Template>
            </Event>
            <Event>
                <Id>211</Id>
                <Version>0</Version>
                <Channel>Microsoft-Windows-Application-Experience/Program-Compatibility-Assistant</Channel>
                <Level>Information</Level>
                <Message><![CDATA[
The Program Compatibility Assistant was requested to monitor %1, but ignored the request because the application depends on the Windows Installer service (MSI).]]></Message>
                <Template><![CDATA[
<template xmlns="http://schemas.microsoft.com/win/2004/08/events">
  <data name="ExecutablePath" inType="win:UnicodeString" outType="xs:string"/>
</template>
]]></Template>
            </Event>
            <Event>
                <Id>212</Id>
                <Version>0</Version>
                <Channel>Microsoft-Windows-Application-Experience/Program-Compatibility-Assistant</Channel>
                <Level>Information</Level>
                <Message><![CDATA[
The Program Compatibility Assistant was requested to monitor %1, but ignored the request because the executable has a current SwitchBack context.]]></Message>
                <Template><![CDATA[
<template xmlns="http://schemas.microsoft.com/win/2004/08/events">
  <data name="ExecutablePath" inType="win:UnicodeString" outType="xs:string"/>
</template>
]]></Template>
            </Event>
            <Event>
                <Id>213</Id>
                <Version>0</Version>
                <Channel>Microsoft-Windows-Application-Experience/Program-Compatibility-Assistant</Channel>
                <Level>Information</Level>
                <Message><![CDATA[
The Program Compatibility Assistant has added %1 to quarantine.]]></Message>
                <Template><![CDATA[
<template xmlns="http://schemas.microsoft.com/win/2004/08/events">
  <data name="ExecutablePath" inType="win:UnicodeString" outType="xs:string"/>
</template>
]]></Template>
            </Event>
            <Event>
                <Id>214</Id>
                <Version>0</Version>
                <Channel>Microsoft-Windows-Application-Experience/Program-Compatibility-Assistant</Channel>
                <Level>Information</Level>
                <Message><![CDATA[
The Program Compatibility Assistant has removed %1 from quarantine.]]></Message>
                <Template><![CDATA[
<template xmlns="http://schemas.microsoft.com/win/2004/08/events">
  <data name="ExecutablePath" inType="win:UnicodeString" outType="xs:string"/>
</template>
]]></Template>
            </Event>
            <Event>
                <Id>215</Id>
                <Version>0</Version>
                <Channel>Microsoft-Windows-Application-Experience/Program-Compatibility-Assistant</Channel>
                <Level>Information</Level>
                <Message><![CDATA[
The Program Compatibility Assistant was requested to monitor %1, but ignored the request because the executable has a UAC manifest.]]></Message>
                <Template><![CDATA[
<template xmlns="http://schemas.microsoft.com/win/2004/08/events">
  <data name="ExecutablePath" inType="win:UnicodeString" outType="xs:string"/>
</template>
]]></Template>
            </Event>
            <Event>
                <Id>300</Id>
                <Version>0</Version>
                <Channel>Microsoft-Windows-Application-Experience/Program-Compatibility-Assistant</Channel>
                <Level>Information</Level>
                <Message><![CDATA[
The Program Compatibility Assistant was requested to monitor %1, but ignored the request because the PCA is disabled by group policy.]]></Message>
                <Template><![CDATA[
<template xmlns="http://schemas.microsoft.com/win/2004/08/events">
  <data name="ExecutablePath" inType="win:UnicodeString" outType="xs:string"/>
</template>
]]></Template>
            </Event>
            <Event>
                <Id>301</Id>
                <Version>0</Version>
                <Channel>Microsoft-Windows-Application-Experience/Program-Compatibility-Assistant</Channel>
                <Level>Information</Level>
                <Message><![CDATA[
The Program Compatibility Assistant was requested to monitor %1, but ignored the request because the application already exists within a job object.]]></Message>
                <Template><![CDATA[
<template xmlns="http://schemas.microsoft.com/win/2004/08/events">
  <data name="ExecutablePath" inType="win:UnicodeString" outType="xs:string"/>
</template>
]]></Template>
            </Event>
            <Event>
                <Id>302</Id>
                <Version>0</Version>
                <Channel>Microsoft-Windows-Application-Experience/Program-Compatibility-Assistant</Channel>
                <Level>Information</Level>
                <Message><![CDATA[
The Program Compatibility Assistant was requested to monitor %1, but ignored the request because the application is a 64-bit application.]]></Message>
                <Template><![CDATA[
<template xmlns="http://schemas.microsoft.com/win/2004/08/events">
  <data name="ExecutablePath" inType="win:UnicodeString" outType="xs:string"/>
</template>
]]></Template>
            </Event>
            <Event>
                <Id>303</Id>
                <Version>0</Version>
                <Channel>Microsoft-Windows-Application-Experience/Program-Compatibility-Assistant</Channel>
                <Level>Information</Level>
                <Message><![CDATA[
The Program Compatibility Assistant was requested to monitor %1, but ignored the request because the application is on a network path.]]></Message>
                <Template><![CDATA[
<template xmlns="http://schemas.microsoft.com/win/2004/08/events">
  <data name="ExecutablePath" inType="win:UnicodeString" outType="xs:string"/>
</template>
]]></Template>
            </Event>
            <Event>
                <Id>304</Id>
                <Version>0</Version>
                <Channel>Microsoft-Windows-Application-Experience/Program-Compatibility-Assistant</Channel>
                <Level>Information</Level>
                <Message><![CDATA[
The Program Compatibility Assistant was requested to monitor %1, but ignored the request because the application compatibility infrastructure is disabled.]]></Message>
                <Template><![CDATA[
<template xmlns="http://schemas.microsoft.com/win/2004/08/events">
  <data name="ExecutablePath" inType="win:UnicodeString" outType="xs:string"/>
</template>
]]></Template>
            </Event>
            <Event>
                <Id>305</Id>
                <Version>0</Version>
                <Channel>Microsoft-Windows-Application-Experience/Program-Compatibility-Assistant</Channel>
                <Level>Information</Level>
                <Message><![CDATA[
The Program Compatibility Assistant was requested to monitor %1, but ignored the request because the application is protected by Windows Resource Protection.]]></Message>
                <Template><![CDATA[
<template xmlns="http://schemas.microsoft.com/win/2004/08/events">
  <data name="ExecutablePath" inType="win:UnicodeString" outType="xs:string"/>
</template>
]]></Template>
            </Event>
            <Event>
                <Id>306</Id>
                <Version>0</Version>
                <Channel>Microsoft-Windows-Application-Experience/Program-Compatibility-Assistant</Channel>
                <Level>Information</Level>
                <Message><![CDATA[
The Program Compatibility Assistant was requested to monitor %1, but ignored the request because the application has been excluded from the PCA by Microsoft.]]></Message>
                <Template><![CDATA[
<template xmlns="http://schemas.microsoft.com/win/2004/08/events">
  <data name="ExecutablePath" inType="win:UnicodeString" outType="xs:string"/>
</template>
]]></Template>
            </Event>
            <Event>
                <Id>400</Id>
                <Version>0</Version>
                <Channel>Microsoft-Windows-Application-Experience/Program-Compatibility-Assistant</Channel>
                <Level>Error</Level>
                <Message><![CDATA[
The Program Compatibility Assistant attempted to connect an event for process ID %1, but the Program Compatibility Assistant service was unable to locate the process.]]></Message>
                <Template><![CDATA[
<template xmlns="http://schemas.microsoft.com/win/2004/08/events">
  <data name="ProcessId" inType="win:UInt32" outType="xs:unsignedInt"/>
</template>
]]></Template>
            </Event>
            <Event>
                <Id>500</Id>
                <Version>0</Version>
                <Channel>Microsoft-Windows-Application-Experience/Program-Telemetry</Channel>
                <Level>Information</Level>
                <Message><![CDATA[
Compatibility fix applied to %5.
Fix information: %6, %3, %4.]]></Message>
                <Template><![CDATA[
<template xmlns="http://schemas.microsoft.com/win/2004/08/events">
  <data name="ProcessId" inType="win:UInt32" outType="xs:unsignedInt"/>
  <data name="StartTime" inType="win:FILETIME" outType="xs:dateTime"/>
  <data name="FixID" inType="win:GUID" outType="xs:GUID"/>
  <data name="Flags" inType="win:HexInt32" outType="win:HexInt32"/>
  <data name="ExePath" inType="win:UnicodeString" outType="xs:string"/>
  <data name="FixName" inType="win:UnicodeString" outType="xs:string"/>
</template>
]]></Template>
            </Event>
            <Event>
                <Id>501</Id>
                <Version>0</Version>
                <Level>Information</Level>
                <Keyword>Debug</Keyword>
                <Message><![CDATA[
Compatibility fix applied to %5.
Fix information: %6, %3, %4.]]></Message>
                <Template><![CDATA[
<template xmlns="http://schemas.microsoft.com/win/2004/08/events">
  <data name="ProcessId" inType="win:UInt32" outType="xs:unsignedInt"/>
  <data name="StartTime" inType="win:FILETIME" outType="xs:dateTime"/>
  <data name="FixID" inType="win:GUID" outType="xs:GUID"/>
  <data name="Flags" inType="win:HexInt32" outType="win:HexInt32"/>
  <data name="ExePath" inType="win:UnicodeString" outType="xs:string"/>
  <data name="FixName" inType="win:UnicodeString" outType="xs:string"/>
</template>
]]></Template>
            </Event>
            <Event>
                <Id>502</Id>
                <Version>0</Version>
                <Channel>Microsoft-Windows-Application-Experience/Program-Telemetry</Channel>
                <Level>Information</Level>
                <Message><![CDATA[
Compatibility fix applied to %7.
Fix information: %8, %3, %4.]]></Message>
                <Template><![CDATA[
<template xmlns="http://schemas.microsoft.com/win/2004/08/events">
  <data name="ClientProcessId" inType="win:UInt32" outType="xs:unsignedInt"/>
  <data name="ClientStartTime" inType="win:FILETIME" outType="xs:dateTime"/>
  <data name="FixID" inType="win:GUID" outType="xs:GUID"/>
  <data name="Flags" inType="win:HexInt32" outType="win:HexInt32"/>
  <data name="ProductCode" inType="win:GUID" outType="xs:GUID"/>
  <data name="PackageCode" inType="win:GUID" outType="xs:GUID"/>
  <data name="MsiPath" inType="win:UnicodeString" outType="xs:string"/>
  <data name="FixName" inType="win:UnicodeString" outType="xs:string"/>
</template>
]]></Template>
            </Event>
            <Event>
                <Id>503</Id>
                <Version>0</Version>
                <Level>Information</Level>
                <Keyword>Debug</Keyword>
                <Message><![CDATA[
Compatibility fix applied to %7.
Fix information: %8, %3, %4.]]></Message>
                <Template><![CDATA[
<template xmlns="http://schemas.microsoft.com/win/2004/08/events">
  <data name="ClientProcessId" inType="win:UInt32" outType="xs:unsignedInt"/>
  <data name="ClientStartTime" inType="win:FILETIME" outType="xs:dateTime"/>
  <data name="FixID" inType="win:GUID" outType="xs:GUID"/>
  <data name="Flags" inType="win:HexInt32" outType="win:HexInt32"/>
  <data name="ProductCode" inType="win:GUID" outType="xs:GUID"/>
  <data name="PackageCode" inType="win:GUID" outType="xs:GUID"/>
  <data name="MsiPath" inType="win:UnicodeString" outType="xs:string"/>
  <data name="FixName" inType="win:UnicodeString" outType="xs:string"/>
</template>
]]></Template>
            </Event>
            <Event>
                <Id>504</Id>
                <Version>0</Version>
                <Channel>Microsoft-Windows-Application-Experience/Program-Compatibility-Assistant/Analytic</Channel>
                <Level>Information</Level>
                <Keyword>WDI</Keyword>
                <Message><![CDATA[
PCA was informed about fix %2 applied to process.]]></Message>
                <Template><![CDATA[
<template xmlns="http://schemas.microsoft.com/win/2004/08/events">
  <data name="FixNameLength" inType="win:UInt32" outType="xs:unsignedInt"/>
  <data name="FixName" inType="win:UnicodeString" outType="xs:string"/>
  <data name="FixType" inType="win:UInt32" outType="xs:unsignedInt"/>
</template>
]]></Template>
            </Event>
            <Event>
                <Id>505</Id>
                <Version>0</Version>
                <Channel>Microsoft-Windows-Application-Experience/Program-Telemetry</Channel>
                <Level>Information</Level>
                <Message><![CDATA[
Compatibility fix applied to %5.
Fix information: %6, %3, %4.]]></Message>
                <Template><![CDATA[
<template xmlns="http://schemas.microsoft.com/win/2004/08/events">
  <data name="ProcessId" inType="win:UInt32" outType="xs:unsignedInt"/>
  <data name="StartTime" inType="win:FILETIME" outType="xs:dateTime"/>
  <data name="FixID" inType="win:GUID" outType="xs:GUID"/>
  <data name="Flags" inType="win:HexInt32" outType="win:HexInt32"/>
  <data name="ExePath" inType="win:UnicodeString" outType="xs:string"/>
  <data name="FixName" inType="win:UnicodeString" outType="xs:string"/>
</template>
]]></Template>
            </Event>
            <Event>
                <Id>600</Id>
                <Version>0</Version>
                <Channel>Microsoft-Windows-Application-Experience/Steps-Recorder</Channel>
                <Level>Information</Level>
                <Message><![CDATA[
An instance of the Steps Recorder ran with the following information:

StartTime: %1
StopTime: %2
Action Count: %3
Missed Action Count: %4
Output file location: %5]]></Message>
                <Template><![CDATA[
<template xmlns="http://schemas.microsoft.com/win/2004/08/events">
  <data name="StartTime" inType="win:FILETIME" outType="xs:dateTime"/>
  <data name="StopTime" inType="win:FILETIME" outType="xs:dateTime"/>
  <data name="ActionCount" inType="win:UInt32" outType="xs:unsignedInt"/>
  <data name="MissedActionCount" inType="win:UInt32" outType="xs:unsignedInt"/>
  <data name="OutputFileLocation" inType="win:UnicodeString" outType="xs:string"/>
</template>
]]></Template>
            </Event>
            <Event>
                <Id>601</Id>
                <Version>0</Version>
                <Channel>Microsoft-Windows-Application-Experience/Steps-Recorder</Channel>
                <Level>Error</Level>
                <Message><![CDATA[
An instance of the Steps Recorder terminated with the following error code: %1]]></Message>
                <Template><![CDATA[
<template xmlns="http://schemas.microsoft.com/win/2004/08/events">
  <data name="ErrorCode" inType="win:UInt32" outType="xs:unsignedInt"/>
</template>
]]></Template>
            </Event>
            <Event>
                <Id>700</Id>
                <Version>0</Version>
                <Channel>Microsoft-Windows-Application-Experience/Program-Telemetry</Channel>
                <Level>Error</Level>
                <Message><![CDATA[
The Application Impact Telemetry (AIT) Agent terminated with the following error code: %1]]></Message>
                <Template><![CDATA[
<template xmlns="http://schemas.microsoft.com/win/2004/08/events">
  <data name="FailureCode" inType="win:HexInt32" outType="win:HexInt32"/>
</template>
]]></Template>
            </Event>
            <Event>
                <Id>701</Id>
                <Version>0</Version>
                <Channel>Microsoft-Windows-Application-Experience/Program-Telemetry</Channel>
                <Level>Information</Level>
                <Message><![CDATA[
The Application Impact Telemetry (AIT) Agent is not running because AIT is disabled.]]></Message>
                <Template><![CDATA[
]]></Template>
            </Event>
            <Event>
                <Id>702</Id>
                <Version>0</Version>
                <Channel>Microsoft-Windows-Application-Experience/Program-Telemetry</Channel>
                <Level>Information</Level>
                <Message><![CDATA[
The Application Impact Telemetry (AIT) Agent is stopping because another instance is already running.]]></Message>
                <Template><![CDATA[
]]></Template>
            </Event>
            <Event>
                <Id>703</Id>
                <Version>0</Version>
                <Channel>Microsoft-Windows-Application-Experience/Program-Telemetry</Channel>
                <Level>Error</Level>
                <Message><![CDATA[
The Application Impact Telemetry (AIT) Agent was unable to parse the command-line options with error code: %1.]]></Message>
                <Template><![CDATA[
<template xmlns="http://schemas.microsoft.com/win/2004/08/events">
  <data name="FailureCode" inType="win:HexInt32" outType="win:HexInt32"/>
</template>
]]></Template>
            </Event>
            <Event>
                <Id>704</Id>
                <Version>0</Version>
                <Channel>Microsoft-Windows-Application-Experience/Program-Telemetry</Channel>
                <Level>Error</Level>
                <Message><![CDATA[
The Application Impact Telemetry (AIT) Agent was unable to process the logs files with error code: %1.]]></Message>
                <Template><![CDATA[
<template xmlns="http://schemas.microsoft.com/win/2004/08/events">
  <data name="FailureCode" inType="win:HexInt32" outType="win:HexInt32"/>
</template>
]]></Template>
            </Event>
            <Event>
                <Id>705</Id>
                <Version>0</Version>
                <Channel>Microsoft-Windows-Application-Experience/Program-Telemetry</Channel>
                <Level>Error</Level>
                <Message><![CDATA[
The Application Impact Telemetry (AIT) Agent was unable to start application impact SQM with error code: %1.]]></Message>
                <Template><![CDATA[
<template xmlns="http://schemas.microsoft.com/win/2004/08/events">
  <data name="FailureCode" inType="win:HexInt32" outType="win:HexInt32"/>
</template>
]]></Template>
            </Event>
            <Event>
                <Id>706</Id>
                <Version>0</Version>
                <Channel>Microsoft-Windows-Application-Experience/Program-Telemetry</Channel>
                <Level>Error</Level>
                <Message><![CDATA[
The Application Impact Telemetry (AIT) Agent was unable to log application impact data to SQM with error code: %1.]]></Message>
                <Template><![CDATA[
<template xmlns="http://schemas.microsoft.com/win/2004/08/events">
  <data name="FailureCode" inType="win:HexInt32" outType="win:HexInt32"/>
</template>
]]></Template>
            </Event>
            <Event>
                <Id>707</Id>
                <Version>0</Version>
                <Channel>Microsoft-Windows-Application-Experience/Program-Telemetry</Channel>
                <Level>Error</Level>
                <Message><![CDATA[
The Application Impact Telemetry (AIT) Agent was unable to start system telemetry with error code: %1.]]></Message>
                <Template><![CDATA[
<template xmlns="http://schemas.microsoft.com/win/2004/08/events">
  <data name="FailureCode" inType="win:HexInt32" outType="win:HexInt32"/>
</template>
]]></Template>
            </Event>
            <Event>
                <Id>708</Id>
                <Version>0</Version>
                <Channel>Microsoft-Windows-Application-Experience/Program-Telemetry</Channel>
                <Level>Error</Level>
                <Message><![CDATA[
The Application Impact Telemetry (AIT) Agent was unable to log system telemetry data to SQM with error code: %1.]]></Message>
                <Template><![CDATA[
<template xmlns="http://schemas.microsoft.com/win/2004/08/events">
  <data name="FailureCode" inType="win:HexInt32" outType="win:HexInt32"/>
</template>
]]></Template>
            </Event>
            <Event>
                <Id>910</Id>
                <Version>0</Version>
                <Level>Information</Level>
                <Keyword>Debug</Keyword>
                <Template><![CDATA[
<template xmlns="http://schemas.microsoft.com/win/2004/08/events">
  <data name="ProgramID" inType="win:UnicodeString" outType="xs:string"/>
  <data name="Name" inType="win:UnicodeString" outType="xs:string"/>
  <data name="Publisher" inType="win:UnicodeString" outType="xs:string"/>
  <data name="Version" inType="win:UnicodeString" outType="xs:string"/>
  <data name="Language" inType="win:UnicodeString" outType="xs:string"/>
  <data name="ProgramType" inType="win:UnicodeString" outType="xs:string"/>
</template>
]]></Template>
            </Event>
            <Event>
                <Id>911</Id>
                <Version>0</Version>
                <Level>Information</Level>
                <Keyword>Debug</Keyword>
                <Template><![CDATA[
<template xmlns="http://schemas.microsoft.com/win/2004/08/events">
  <data name="ProgramID" inType="win:UnicodeString" outType="xs:string"/>
  <data name="FilePath" inType="win:UnicodeString" outType="xs:string"/>
</template>
]]></Template>
            </Event>
            <Event>
                <Id>1003</Id>
                <Version>0</Version>
                <Channel>Microsoft-Windows-Application-Experience/Program-Compatibility-Assistant/Analytic</Channel>
                <Level>Information</Level>
                <Keyword>WDI</Keyword>
                <Message><![CDATA[
Installer cancel click detected.]]></Message>
                <Template><![CDATA[
<template xmlns="http://schemas.microsoft.com/win/2004/08/events">
  <data name="ExtraDataSize" inType="win:UInt32" outType="xs:unsignedInt"/>
  <data name="ExtraData" inType="win:Binary" outType="xs:hexBinary" length="ExtraDataSize"/>
</template>
]]></Template>
            </Event>
            <Event>
                <Id>1004</Id>
                <Version>0</Version>
                <Channel>Microsoft-Windows-Application-Experience/Program-Compatibility-Assistant/Analytic</Channel>
                <Level>Information</Level>
                <Keyword>WDI</Keyword>
                <Message><![CDATA[
InstallerShield detected.]]></Message>
                <Template><![CDATA[
<template xmlns="http://schemas.microsoft.com/win/2004/08/events">
  <data name="ExtraDataSize" inType="win:UInt32" outType="xs:unsignedInt"/>
  <data name="ExtraData" inType="win:Binary" outType="xs:hexBinary" length="ExtraDataSize"/>
</template>
]]></Template>
            </Event>
            <Event>
                <Id>1005</Id>
                <Version>0</Version>
                <Channel>Microsoft-Windows-Application-Experience/Program-Compatibility-Assistant/Analytic</Channel>
                <Level>Information</Level>
                <Keyword>WDI</Keyword>
                <Message><![CDATA[
File installed.]]></Message>
                <Template><![CDATA[
<template xmlns="http://schemas.microsoft.com/win/2004/08/events">
  <data name="ExtraDataSize" inType="win:UInt32" outType="xs:unsignedInt"/>
  <data name="ExtraData" inType="win:Binary" outType="xs:hexBinary" length="ExtraDataSize"/>
</template>
]]></Template>
            </Event>
            <Event>
                <Id>1006</Id>
                <Version>0</Version>
                <Channel>Microsoft-Windows-Application-Experience/Program-Compatibility-Assistant/Analytic</Channel>
                <Level>Information</Level>
                <Keyword>WDI</Keyword>
                <Message><![CDATA[
New arp key.]]></Message>
                <Template><![CDATA[
<template xmlns="http://schemas.microsoft.com/win/2004/08/events">
  <data name="ExtraDataSize" inType="win:UInt32" outType="xs:unsignedInt"/>
  <data name="ExtraData" inType="win:Binary" outType="xs:hexBinary" length="ExtraDataSize"/>
</template>
]]></Template>
            </Event>
            <Event>
                <Id>1100</Id>
                <Version>0</Version>
                <Channel>Microsoft-Windows-Application-Experience/Program-Compatibility-Assistant/Analytic</Channel>
                <Level>Information</Level>
                <Keyword>WDI</Keyword>
                <Message><![CDATA[
DirectX detection: HighDPIAware.]]></Message>
                <Template><![CDATA[
<template xmlns="http://schemas.microsoft.com/win/2004/08/events">
  <data name="Flags" inType="win:UInt32" outType="xs:unsignedInt"/>
  <data name="ExtraDataSize" inType="win:UInt32" outType="xs:unsignedInt"/>
  <data name="ExtraData" inType="win:Binary" outType="xs:hexBinary" length="ExtraDataSize"/>
</template>
]]></Template>
            </Event>
            <Event>
                <Id>1101</Id>
                <Version>0</Version>
                <Channel>Microsoft-Windows-Application-Experience/Program-Compatibility-Assistant/Analytic</Channel>
                <Level>Information</Level>
                <Keyword>WDI</Keyword>
                <Message><![CDATA[
DirectX detection: MaximizedWindowedMode.]]></Message>
                <Template><![CDATA[
<template xmlns="http://schemas.microsoft.com/win/2004/08/events">
  <data name="Flags" inType="win:UInt32" outType="xs:unsignedInt"/>
  <data name="ExtraDataSize" inType="win:UInt32" outType="xs:unsignedInt"/>
  <data name="ExtraData" inType="win:Binary" outType="xs:hexBinary" length="ExtraDataSize"/>
</template>
]]></Template>
            </Event>
            <Event>
                <Id>1102</Id>
                <Version>0</Version>
                <Channel>Microsoft-Windows-Application-Experience/Program-Compatibility-Assistant/Analytic</Channel>
                <Level>Information</Level>
                <Keyword>WDI</Keyword>
                <Message><![CDATA[
DirectX detection: AdaptWindowToDisplayMode.]]></Message>
                <Template><![CDATA[
<template xmlns="http://schemas.microsoft.com/win/2004/08/events">
  <data name="Flags" inType="win:UInt32" outType="xs:unsignedInt"/>
  <data name="ExtraDataSize" inType="win:UInt32" outType="xs:unsignedInt"/>
  <data name="ExtraData" inType="win:Binary" outType="xs:hexBinary" length="ExtraDataSize"/>
</template>
]]></Template>
            </Event>
            <Event>
                <Id>2001</Id>
                <Version>0</Version>
                <Channel>Microsoft-Windows-Application-Experience/Program-Telemetry</Channel>
                <Level>Information</Level>
                <Message><![CDATA[
The Application Impact Telemetry (AIT) Static Analysis tool ran with the following results:

Start time: %7
Stop time: %8
Runtime: %9
Exit code: %3
Type of analysis: %4
Number of files analyzed: %5
Number of files failed: %6
Analysis command: %10
Program ID: %11]]></Message>
                <Template><![CDATA[
<template xmlns="http://schemas.microsoft.com/win/2004/08/events">
  <data name="cchIdAnalyzedIncludingNull" inType="win:UInt16" outType="xs:unsignedShort"/>
  <data name="cchProgramIdIncludingNull" inType="win:UInt16" outType="xs:unsignedShort"/>
  <data name="ExitCode" inType="win:UInt32" outType="xs:unsignedInt"/>
  <data name="IdTypeAnalyzed" inType="win:UInt32" outType="xs:unsignedInt"/>
  <data name="NumFilesAnalyzed" inType="win:UInt32" outType="xs:unsignedInt"/>
  <data name="NumFilesFailed" inType="win:UInt32" outType="xs:unsignedInt"/>
  <data name="StartTime" inType="win:FILETIME" outType="xs:dateTime"/>
  <data name="StopTime" inType="win:FILETIME" outType="xs:dateTime"/>
  <data name="RunTime" inType="win:UInt64" outType="xs:unsignedLong"/>
  <data name="IdAnalyzed" inType="win:UnicodeString" outType="xs:string" length="cchIdAnalyzedIncludingNull"/>
  <data name="ProgramId" inType="win:UnicodeString" outType="xs:string" length="cchProgramIdIncludingNull"/>
</template>
]]></Template>
            </Event>
            <Event>
                <Id>2002</Id>
                <Version>0</Version>
                <Channel>Microsoft-Windows-Application-Experience/Compatibility-Infrastructure-Debug</Channel>
                <Level>Error</Level>
                <Keyword>Debug</Keyword>
                <Message><![CDATA[
%1]]></Message>
                <Template><![CDATA[
<template xmlns="http://schemas.microsoft.com/win/2004/08/events">
  <data name="ErrorMessage" inType="win:AnsiString" outType="xs:string"/>
</template>
]]></Template>
            </Event>
            <Event>
                <Id>2003</Id>
                <Version>0</Version>
                <Channel>Microsoft-Windows-Application-Experience/Program-Telemetry</Channel>
                <Level>Error</Level>
                <Message><![CDATA[
The Application Impact Telemetry (AIT) Static Analysis tool ran with the following results:

Start time: %7
Stop time: %8
Runtime: %9
Exit code: %3
Type of analysis: %4
Number of files analyzed: %5
Number of files failed: %6
Analysis command: %10
Program ID: %11]]></Message>
                <Template><![CDATA[
<template xmlns="http://schemas.microsoft.com/win/2004/08/events">
  <data name="cchIdAnalyzedIncludingNull" inType="win:UInt16" outType="xs:unsignedShort"/>
  <data name="cchProgramIdIncludingNull" inType="win:UInt16" outType="xs:unsignedShort"/>
  <data name="ExitCode" inType="win:UInt32" outType="xs:unsignedInt"/>
  <data name="IdTypeAnalyzed" inType="win:UInt32" outType="xs:unsignedInt"/>
  <data name="NumFilesAnalyzed" inType="win:UInt32" outType="xs:unsignedInt"/>
  <data name="NumFilesFailed" inType="win:UInt32" outType="xs:unsignedInt"/>
  <data name="StartTime" inType="win:FILETIME" outType="xs:dateTime"/>
  <data name="StopTime" inType="win:FILETIME" outType="xs:dateTime"/>
  <data name="RunTime" inType="win:UInt64" outType="xs:unsignedLong"/>
  <data name="IdAnalyzed" inType="win:UnicodeString" outType="xs:string" length="cchIdAnalyzedIncludingNull"/>
  <data name="ProgramId" inType="win:UnicodeString" outType="xs:string" length="cchProgramIdIncludingNull"/>
</template>
]]></Template>
            </Event>
            <Event>
                <Id>2005</Id>
                <Version>0</Version>
                <Level>Information</Level>
                <Keyword>Debug</Keyword>
                <Message><![CDATA[
%3]]></Message>
                <Template><![CDATA[
<template xmlns="http://schemas.microsoft.com/win/2004/08/events">
  <data name="ProcessId" inType="win:UInt32" outType="xs:unsignedInt"/>
  <data name="QuirkId" inType="win:UInt32" outType="xs:unsignedInt"/>
  <data name="QuirkName" inType="win:UnicodeString" outType="xs:string"/>
  <data name="CommandLine" inType="win:UnicodeString" outType="xs:string"/>
  <data name="Enabled" inType="win:UInt8" outType="xs:unsignedByte"/>
  <data name="Forced" inType="win:UInt8" outType="xs:unsignedByte"/>
  <data name="PackageFullName" inType="win:UnicodeString" outType="xs:string"/>
  <data name="ApplicationUserModelId" inType="win:UnicodeString" outType="xs:string"/>
</template>
]]></Template>
            </Event>
            <Event>
                <Id>5001</Id>
                <Version>0</Version>
                <Channel>Microsoft-Windows-Application-Experience/Program-Compatibility-Troubleshooter</Channel>
                <Level>Information</Level>
                <Message><![CDATA[
The Program Compatibility Troubleshooter was invoked to correct a compatibility problem. Information about the application is below.

Application name: %1
Application version: %2
Executable path: %3
Scenario ID: %4
Result: %5
Result ID: %6
Compatibility layer: %7
FileID: %8
ProgramID: %9]]></Message>
                <Template><![CDATA[
<template xmlns="http://schemas.microsoft.com/win/2004/08/events">
  <data name="ApplicationName" inType="win:UnicodeString" outType="xs:string"/>
  <data name="ApplicationVersion" inType="win:UnicodeString" outType="xs:string"/>
  <data name="ExecutablePath" inType="win:UnicodeString" outType="xs:string"/>
  <data name="ScenarioId" inType="win:UnicodeString" outType="xs:string"/>
  <data name="Result" inType="win:UnicodeString" outType="xs:string"/>
  <data name="ResultID" inType="win:UnicodeString" outType="xs:string"/>
  <data name="CompatibilityLayer" inType="win:UnicodeString" outType="xs:string"/>
  <data name="FileID" inType="win:UnicodeString" outType="xs:string"/>
  <data name="ProgramID" inType="win:UnicodeString" outType="xs:string"/>
</template>
]]></Template>
            </Event>
            <Event>
                <Id>5002</Id>
                <Version>0</Version>
                <Channel>Microsoft-Windows-Application-Experience/Program-Compatibility-Troubleshooter</Channel>
                <Level>Information</Level>
                <Message><![CDATA[
The Program Compatibility Troubleshooter queried the Compatibility Online Service for information about an application. Results are below.

Application name: %1
Application version: %2
Executable path: %3
Recommended layer: %4
URL: %5
Compatibility status: %6
FileID: %7
ProgramID: %8]]></Message>
                <Template><![CDATA[
<template xmlns="http://schemas.microsoft.com/win/2004/08/events">
  <data name="ApplicationName" inType="win:UnicodeString" outType="xs:string"/>
  <data name="ApplicationVersion" inType="win:UnicodeString" outType="xs:string"/>
  <data name="ExecutablePath" inType="win:UnicodeString" outType="xs:string"/>
  <data name="RecommendedLayer" inType="win:UnicodeString" outType="xs:string"/>
  <data name="URL" inType="win:UnicodeString" outType="xs:string"/>
  <data name="CompatStatus" inType="win:UInt32" outType="xs:unsignedInt"/>
  <data name="FileID" inType="win:UnicodeString" outType="xs:string"/>
  <data name="ProgramID" inType="win:UnicodeString" outType="xs:string"/>
</template>
]]></Template>
            </Event>
            <Event>
                <Id>5003</Id>
                <Version>0</Version>
                <Channel>Microsoft-Windows-Application-Experience/Program-Compatibility-Troubleshooter</Channel>
                <Level>Information</Level>
                <Message><![CDATA[
The Program Compatibility Troubleshooter queried the application genome for information about an application. Results are below.

Application name: %1
Application version: %2
Executable path: %3
Recommended layer: %4
Vista+: %5
FileID: %6
ProgramID: %7]]></Message>
                <Template><![CDATA[
<template xmlns="http://schemas.microsoft.com/win/2004/08/events">
  <data name="ApplicationName" inType="win:UnicodeString" outType="xs:string"/>
  <data name="ApplicationVersion" inType="win:UnicodeString" outType="xs:string"/>
  <data name="ExecutablePath" inType="win:UnicodeString" outType="xs:string"/>
  <data name="RecommendedLayer" inType="win:UnicodeString" outType="xs:string"/>
  <data name="VistaPlus" inType="win:UInt32" outType="xs:unsignedInt"/>
  <data name="FileID" inType="win:UnicodeString" outType="xs:string"/>
  <data name="ProgramID" inType="win:UnicodeString" outType="xs:string"/>
</template>
]]></Template>
            </Event>
            <Event>
                <Id>5004</Id>
                <Version>0</Version>
                <Channel>Microsoft-Windows-Application-Experience/Program-Compatibility-Troubleshooter</Channel>
                <Level>Information</Level>
                <Message><![CDATA[
Program Compatibility Troubleshooter debug event:
%1
%2]]></Message>
                <Template><![CDATA[
<template xmlns="http://schemas.microsoft.com/win/2004/08/events">
  <data name="DebugString" inType="win:UnicodeString" outType="xs:string"/>
  <data name="qwData" inType="win:UInt64" outType="xs:unsignedLong"/>
</template>
]]></Template>
            </Event>
            <Event>
                <Id>8000</Id>
                <Version>0</Version>
                <Channel>Microsoft-Windows-Application-Experience/Program-Compatibility-Assistant/Analytic</Channel>
                <Level>Information</Level>
                <Keyword>WDI</Keyword>
                <Message><![CDATA[
Detector shim: SHORT_RUN_TIME.]]></Message>
                <Template><![CDATA[
<template xmlns="http://schemas.microsoft.com/win/2004/08/events">
  <data name="Flags" inType="win:UInt32" outType="xs:unsignedInt"/>
  <data name="ExtraDataSize" inType="win:UInt32" outType="xs:unsignedInt"/>
  <data name="ExtraData" inType="win:Binary" outType="xs:hexBinary" length="ExtraDataSize"/>
</template>
]]></Template>
            </Event>
            <Event>
                <Id>8001</Id>
                <Version>0</Version>
                <Channel>Microsoft-Windows-Application-Experience/Program-Compatibility-Assistant/Analytic</Channel>
                <Level>Information</Level>
                <Keyword>WDI</Keyword>
                <Message><![CDATA[
Detector shim: ACCESS_DENIED.]]></Message>
                <Template><![CDATA[
<template xmlns="http://schemas.microsoft.com/win/2004/08/events">
  <data name="Flags" inType="win:UInt32" outType="xs:unsignedInt"/>
  <data name="ExtraDataSize" inType="win:UInt32" outType="xs:unsignedInt"/>
  <data name="ExtraData" inType="win:Binary" outType="xs:hexBinary" length="ExtraDataSize"/>
</template>
]]></Template>
            </Event>
            <Event>
                <Id>8002</Id>
                <Version>0</Version>
                <Channel>Microsoft-Windows-Application-Experience/Program-Compatibility-Assistant/Analytic</Channel>
                <Level>Information</Level>
                <Keyword>WDI</Keyword>
                <Message><![CDATA[
Detector shim: BLACK_SCREEN.]]></Message>
                <Template><![CDATA[
<template xmlns="http://schemas.microsoft.com/win/2004/08/events">
  <data name="Flags" inType="win:UInt32" outType="xs:unsignedInt"/>
  <data name="ExtraDataSize" inType="win:UInt32" outType="xs:unsignedInt"/>
  <data name="ExtraData" inType="win:Binary" outType="xs:hexBinary" length="ExtraDataSize"/>
</template>
]]></Template>
            </Event>
            <Event>
                <Id>8003</Id>
                <Version>0</Version>
                <Channel>Microsoft-Windows-Application-Experience/Program-Compatibility-Assistant/Analytic</Channel>
                <Level>Information</Level>
                <Keyword>WDI</Keyword>
                <Message><![CDATA[
Detector shim: WIN32_EXCEPTION: %3.]]></Message>
                <Template><![CDATA[
<template xmlns="http://schemas.microsoft.com/win/2004/08/events">
  <data name="Flags" inType="win:UInt32" outType="xs:unsignedInt"/>
  <data name="ExtraDataSize" inType="win:UInt32" outType="xs:unsignedInt"/>
  <data name="ExtraData" inType="win:Binary" outType="xs:hexBinary" length="ExtraDataSize"/>
</template>
]]></Template>
            </Event>
            <Event>
                <Id>8004</Id>
                <Version>0</Version>
                <Channel>Microsoft-Windows-Application-Experience/Program-Compatibility-Assistant/Analytic</Channel>
                <Level>Information</Level>
                <Keyword>WDI</Keyword>
                <Message><![CDATA[
Detector shim: GLOBAL_OBJECT.]]></Message>
                <Template><![CDATA[
<template xmlns="http://schemas.microsoft.com/win/2004/08/events">
  <data name="Flags" inType="win:UInt32" outType="xs:unsignedInt"/>
  <data name="ExtraDataSize" inType="win:UInt32" outType="xs:unsignedInt"/>
  <data name="ExtraData" inType="win:Binary" outType="xs:hexBinary" length="ExtraDataSize"/>
</template>
]]></Template>
            </Event>
            <Event>
                <Id>8005</Id>
                <Version>0</Version>
                <Channel>Microsoft-Windows-Application-Experience/Program-Compatibility-Assistant/Analytic</Channel>
                <Level>Information</Level>
                <Keyword>WDI</Keyword>
                <Message><![CDATA[
Detector shim: PRIVILEGE_CHECK.]]></Message>
                <Template><![CDATA[
<template xmlns="http://schemas.microsoft.com/win/2004/08/events">
  <data name="Flags" inType="win:UInt32" outType="xs:unsignedInt"/>
  <data name="ExtraDataSize" inType="win:UInt32" outType="xs:unsignedInt"/>
  <data name="ExtraData" inType="win:Binary" outType="xs:hexBinary" length="ExtraDataSize"/>
</template>
]]></Template>
            </Event>
            <Event>
                <Id>8006</Id>
                <Version>0</Version>
                <Channel>Microsoft-Windows-Application-Experience/Program-Compatibility-Assistant/Analytic</Channel>
                <Level>Information</Level>
                <Keyword>WDI</Keyword>
                <Message><![CDATA[
Detector shim: MESSAGE_BOX_VERSION.]]></Message>
                <Template><![CDATA[
<template xmlns="http://schemas.microsoft.com/win/2004/08/events">
  <data name="Flags" inType="win:UInt32" outType="xs:unsignedInt"/>
  <data name="ExtraDataSize" inType="win:UInt32" outType="xs:unsignedInt"/>
  <data name="ExtraData" inType="win:Binary" outType="xs:hexBinary" length="ExtraDataSize"/>
</template>
]]></Template>
            </Event>
            <Event>
                <Id>8007</Id>
                <Version>0</Version>
                <Channel>Microsoft-Windows-Application-Experience/Program-Compatibility-Assistant/Analytic</Channel>
                <Level>Information</Level>
                <Keyword>WDI</Keyword>
                <Message><![CDATA[
Detector shim: MESSAGE_BOX_PRIVILEGE.]]></Message>
                <Template><![CDATA[
<template xmlns="http://schemas.microsoft.com/win/2004/08/events">
  <data name="Flags" inType="win:UInt32" outType="xs:unsignedInt"/>
  <data name="ExtraDataSize" inType="win:UInt32" outType="xs:unsignedInt"/>
  <data name="ExtraData" inType="win:Binary" outType="xs:hexBinary" length="ExtraDataSize"/>
</template>
]]></Template>
            </Event>
            <Event>
                <Id>8008</Id>
                <Version>0</Version>
                <Channel>Microsoft-Windows-Application-Experience/Program-Compatibility-Assistant/Analytic</Channel>
                <Level>Information</Level>
                <Keyword>WDI</Keyword>
                <Message><![CDATA[
Detector shim: MESSAGE_BOX_ERROR_ICON.]]></Message>
                <Template><![CDATA[
<template xmlns="http://schemas.microsoft.com/win/2004/08/events">
  <data name="Flags" inType="win:UInt32" outType="xs:unsignedInt"/>
  <data name="ExtraDataSize" inType="win:UInt32" outType="xs:unsignedInt"/>
  <data name="ExtraData" inType="win:Binary" outType="xs:hexBinary" length="ExtraDataSize"/>
</template>
]]></Template>
            </Event>
            <Event>
                <Id>8010</Id>
                <Version>0</Version>
                <Channel>Microsoft-Windows-Application-Experience/Program-Compatibility-Assistant/Analytic</Channel>
                <Level>Information</Level>
                <Keyword>WDI</Keyword>
                <Message><![CDATA[
Detector shim: REG_EXPAND_SZ.]]></Message>
                <Template><![CDATA[
<template xmlns="http://schemas.microsoft.com/win/2004/08/events">
  <data name="Flags" inType="win:UInt32" outType="xs:unsignedInt"/>
  <data name="ExtraDataSize" inType="win:UInt32" outType="xs:unsignedInt"/>
  <data name="ExtraData" inType="win:Binary" outType="xs:hexBinary" length="ExtraDataSize"/>
</template>
]]></Template>
            </Event>
            <Event>
                <Id>8011</Id>
                <Version>0</Version>
                <Channel>Microsoft-Windows-Application-Experience/Program-Compatibility-Assistant/Analytic</Channel>
                <Level>Information</Level>
                <Keyword>WDI</Keyword>
                <Message><![CDATA[
Detector shim: DWM_8AND16_MODE.]]></Message>
                <Template><![CDATA[
<template xmlns="http://schemas.microsoft.com/win/2004/08/events">
  <data name="Flags" inType="win:UInt32" outType="xs:unsignedInt"/>
  <data name="ExtraDataSize" inType="win:UInt32" outType="xs:unsignedInt"/>
  <data name="ExtraData" inType="win:Binary" outType="xs:hexBinary" length="ExtraDataSize"/>
</template>
]]></Template>
            </Event>
            <Event>
                <Id>8012</Id>
                <Version>0</Version>
                <Channel>Microsoft-Windows-Application-Experience/Program-Compatibility-Assistant/Analytic</Channel>
                <Level>Information</Level>
                <Keyword>WDI</Keyword>
                <Message><![CDATA[
Detector shim: KERNEL_DRIVER.]]></Message>
                <Template><![CDATA[
<template xmlns="http://schemas.microsoft.com/win/2004/08/events">
  <data name="Flags" inType="win:UInt32" outType="xs:unsignedInt"/>
  <data name="ExtraDataSize" inType="win:UInt32" outType="xs:unsignedInt"/>
  <data name="ExtraData" inType="win:Binary" outType="xs:hexBinary" length="ExtraDataSize"/>
</template>
]]></Template>
            </Event>
            <Event>
                <Id>16000</Id>
                <Version>0</Version>
                <Level>Information</Level>
                <Keyword>ShimEng</Keyword>
                <Template><![CDATA[
<template xmlns="http://schemas.microsoft.com/win/2004/08/events">
  <data name="Name" inType="win:UnicodeString" outType="xs:string"/>
  <data name="CommandLine" inType="win:UnicodeString" outType="xs:string"/>
  <data name="RoutingMode" inType="win:UnicodeString" outType="xs:string"/>
  <data name="Class" inType="win:UnicodeString" outType="xs:string"/>
  <data name="HostDll" inType="win:UnicodeString" outType="xs:string"/>
  <data name="InExMode" inType="win:UnicodeString" outType="xs:string"/>
  <data name="InExIncludes" inType="win:UnicodeString" outType="xs:string"/>
  <data name="InExExcludes" inType="win:UnicodeString" outType="xs:string"/>
</template>
]]></Template>
            </Event>
            <Event>
                <Id>16001</Id>
                <Version>0</Version>
                <Level>Information</Level>
                <Keyword>ShimEng</Keyword>
                <Template><![CDATA[
<template xmlns="http://schemas.microsoft.com/win/2004/08/events">
  <data name="Name" inType="win:UnicodeString" outType="xs:string"/>
  <data name="Type" inType="win:UnicodeString" outType="xs:string"/>
</template>
]]></Template>
            </Event>
            <Event>
                <Id>16002</Id>
                <Version>0</Version>
                <Level>Information</Level>
                <Keyword>ShimEng</Keyword>
                <Template><![CDATA[
<template xmlns="http://schemas.microsoft.com/win/2004/08/events">
  <data name="Name" inType="win:UnicodeString" outType="xs:string"/>
</template>
]]></Template>
            </Event>
            <Event>
                <Id>16003</Id>
                <Version>0</Version>
                <Level>Information</Level>
                <Keyword>ShimEng</Keyword>
                <Template><![CDATA[
<template xmlns="http://schemas.microsoft.com/win/2004/08/events">
  <data name="Name" inType="win:UnicodeString" outType="xs:string"/>
  <data name="CommandLine" inType="win:UnicodeString" outType="xs:string"/>
  <data name="Enabled" inType="win:Boolean" outType="xs:boolean"/>
</template>
]]></Template>
            </Event>
            <Event>
                <Id>16010</Id>
                <Version>0</Version>
                <Level>Information</Level>
                <Keyword>ShimEng</Keyword>
                <Template><![CDATA[
<template xmlns="http://schemas.microsoft.com/win/2004/08/events">
  <data name="ModuleToHook" inType="win:UnicodeString" outType="xs:string"/>
  <data name="HookModule" inType="win:AnsiString" outType="xs:string"/>
  <data name="HookApi" inType="win:AnsiString" outType="xs:string"/>
  <data name="Hooked" inType="win:Boolean" outType="xs:boolean"/>
  <data name="Reason" inType="win:UnicodeString" outType="xs:string"/>
</template>
]]></Template>
            </Event>
            <Event>
                <Id>16011</Id>
                <Version>0</Version>
                <Level>Information</Level>
                <Keyword>ShimEng</Keyword>
                <Template><![CDATA[
<template xmlns="http://schemas.microsoft.com/win/2004/08/events">
  <data name="Name" inType="win:UnicodeString" outType="xs:string"/>
  <data name="Patched" inType="win:Boolean" outType="xs:boolean"/>
  <data name="Reason" inType="win:UnicodeString" outType="xs:string"/>
</template>
]]></Template>
            </Event>
            <Event>
                <Id>16012</Id>
                <Version>0</Version>
                <Level>Information</Level>
                <Keyword>ShimEng</Keyword>
                <Template><![CDATA[
<template xmlns="http://schemas.microsoft.com/win/2004/08/events">
  <data name="Class" inType="win:UnicodeString" outType="xs:string"/>
  <data name="Interface" inType="win:UnicodeString" outType="xs:string"/>
  <data name="ApiIndex" inType="win:UInt32" outType="xs:unsignedInt"/>
  <data name="Hooked" inType="win:Boolean" outType="xs:boolean"/>
  <data name="Reason" inType="win:UnicodeString" outType="xs:string"/>
</template>
]]></Template>
            </Event>
            <Event>
                <Id>16100</Id>
                <Version>0</Version>
                <Level>Information</Level>
                <Keyword>Shims</Keyword>
                <Template><![CDATA[
<template xmlns="http://schemas.microsoft.com/win/2004/08/events">
  <data name="ShimName" inType="win:AnsiString" outType="xs:string"/>
  <data name="Message" inType="win:AnsiString" outType="xs:string"/>
</template>
]]></Template>
            </Event>
            <Event>
                <Id>16101</Id>
                <Version>0</Version>
                <Level>Information</Level>
                <Keyword>Shims</Keyword>
                <Template><![CDATA[
<template xmlns="http://schemas.microsoft.com/win/2004/08/events">
  <data name="ShimName" inType="win:AnsiString" outType="xs:string"/>
  <data name="Message" inType="win:AnsiString" outType="xs:string"/>
</template>
]]></Template>
            </Event>
            <Event>
                <Id>16102</Id>
                <Version>0</Version>
                <Level>Information</Level>
                <Keyword>Shims</Keyword>
                <Template><![CDATA[
<template xmlns="http://schemas.microsoft.com/win/2004/08/events">
  <data name="ShimName" inType="win:AnsiString" outType="xs:string"/>
  <data name="Message" inType="win:AnsiString" outType="xs:string"/>
</template>
]]></Template>
            </Event>
            <Event>
                <Id>16103</Id>
                <Version>0</Version>
                <Level>Information</Level>
                <Keyword>Shims</Keyword>
                <Template><![CDATA[
<template xmlns="http://schemas.microsoft.com/win/2004/08/events">
  <data name="ShimName" inType="win:AnsiString" outType="xs:string"/>
  <data name="Message" inType="win:AnsiString" outType="xs:string"/>
</template>
]]></Template>
            </Event>
            <Event>
                <Id>16110</Id>
                <Version>0</Version>
                <Level>Information</Level>
                <Keyword>Shims</Keyword>
                <Template><![CDATA[
<template xmlns="http://schemas.microsoft.com/win/2004/08/events">
  <data name="ShimName" inType="win:AnsiString" outType="xs:string"/>
  <data name="ModuleName" inType="win:AnsiString" outType="xs:string"/>
  <data name="ApiName" inType="win:AnsiString" outType="xs:string"/>
  <data name="Info" inType="win:AnsiString" outType="xs:string"/>
</template>
]]></Template>
            </Event>
            <Event>
                <Id>16111</Id>
                <Version>0</Version>
                <Level>Information</Level>
                <Keyword>Shims</Keyword>
                <Template><![CDATA[
<template xmlns="http://schemas.microsoft.com/win/2004/08/events">
  <data name="ShimName" inType="win:AnsiString" outType="xs:string"/>
  <data name="ModuleName" inType="win:AnsiString" outType="xs:string"/>
  <data name="ApiName" inType="win:AnsiString" outType="xs:string"/>
  <data name="Info" inType="win:AnsiString" outType="xs:string"/>
</template>
]]></Template>
            </Event>
            <Event>
                <Id>16112</Id>
                <Version>0</Version>
                <Level>Information</Level>
                <Keyword>Shims</Keyword>
                <Template><![CDATA[
<template xmlns="http://schemas.microsoft.com/win/2004/08/events">
  <data name="ShimName" inType="win:AnsiString" outType="xs:string"/>
  <data name="ModuleName" inType="win:AnsiString" outType="xs:string"/>
  <data name="ApiName" inType="win:AnsiString" outType="xs:string"/>
  <data name="Info" inType="win:AnsiString" outType="xs:string"/>
</template>
]]></Template>
            </Event>
            <Event>
                <Id>16113</Id>
                <Version>0</Version>
                <Level>Information</Level>
                <Keyword>Shims</Keyword>
                <Template><![CDATA[
<template xmlns="http://schemas.microsoft.com/win/2004/08/events">
  <data name="ShimName" inType="win:AnsiString" outType="xs:string"/>
  <data name="ModuleName" inType="win:AnsiString" outType="xs:string"/>
  <data name="ApiName" inType="win:AnsiString" outType="xs:string"/>
  <data name="Info" inType="win:AnsiString" outType="xs:string"/>
</template>
]]></Template>
            </Event>
            <Event>
                <Id>32764</Id>
                <Version>0</Version>
                <Channel>Microsoft-Windows-Application-Experience/Compatibility-Infrastructure-Debug</Channel>
                <Level>Information</Level>
                <Keyword>Debug</Keyword>
                <Message><![CDATA[
Message: %1]]></Message>
                <Template><![CDATA[
<template xmlns="http://schemas.microsoft.com/win/2004/08/events">
  <data name="Message" inType="win:AnsiString" outType="xs:string"/>
</template>
]]></Template>
            </Event>
            <Event>
                <Id>32765</Id>
                <Version>0</Version>
                <Channel>Microsoft-Windows-Application-Experience/Program-Compatibility-Assistant/Trace</Channel>
                <Level>Information</Level>
                <Message><![CDATA[
Chain: %1, Process: %2, Type: %3
Component: %4
Message: %5]]></Message>
                <Template><![CDATA[
<template xmlns="http://schemas.microsoft.com/win/2004/08/events">
  <data name="ChainID" inType="win:UInt32" outType="xs:unsignedInt"/>
  <data name="ProcessID" inType="win:UInt32" outType="xs:unsignedInt"/>
  <data name="Type" inType="win:AnsiString" outType="xs:string"/>
  <data name="Component" inType="win:AnsiString" outType="xs:string"/>
  <data name="Message" inType="win:AnsiString" outType="xs:string"/>
</template>
]]></Template>
            </Event>
            <Event>
                <Id>32766</Id>
                <Version>0</Version>
                <Channel>Microsoft-Windows-Application-Experience/Program-Compatibility-Assistant/Analytic</Channel>
                <Level>Information</Level>
                <Message><![CDATA[
Message: %1]]></Message>
                <Template><![CDATA[
<template xmlns="http://schemas.microsoft.com/win/2004/08/events">
  <data name="Message" inType="win:AnsiString" outType="xs:string"/>
</template>
]]></Template>
            </Event>
            <Event>
                <Id>32767</Id>
                <Version>0</Version>
                <Channel>Microsoft-Windows-Application-Experience/Compatibility-Infrastructure-Debug</Channel>
                <Level>Error</Level>
                <Keyword>Debug</Keyword>
                <Message><![CDATA[
Message: %1]]></Message>
                <Template><![CDATA[
<template xmlns="http://schemas.microsoft.com/win/2004/08/events">
  <data name="Message" inType="win:AnsiString" outType="xs:string"/>
</template>
]]></Template>
            </Event>
        </EventMetadata>
    </Provider>
</Providers>
