<Providers>
    <Provider>
        <Name>Microsoft-Windows-DCLocator</Name>
        <Metadata>
            <Guid>{CFAA5446-C6C4-4F5C-866F-31C9B55B962D}</Guid>
            <ResourceFilePath>%SystemRoot%\system32\logoncli.dll</ResourceFilePath>
            <ParameterFilePath></ParameterFilePath>
            <MessageFilePath>%SystemRoot%\system32\logoncli.dll</MessageFilePath>
            <HelpLink></HelpLink>
            <PublisherMessage></PublisherMessage>
            <Channels>
                <Channel>
                    <Message></Message>
                    <Path>Microsoft-Windows-DCLocator/Debug</Path>
                    <Index>0</Index>
                    <Id>16</Id>
                    <Imported>false</Imported>
                </Channel>
            </Channels>
            <Levels>
            </Levels>
            <Tasks>
            </Tasks>
            <Opcodes>
            </Opcodes>
            <Keywords>
                <Keyword>
                    <Message></Message>
                    <Name>misc</Name>
                    <Value>2</Value>
                </Keyword>
                <Keyword>
                    <Message></Message>
                    <Name>mailslot</Name>
                    <Value>16</Value>
                </Keyword>
                <Keyword>
                    <Message></Message>
                    <Name>site</Name>
                    <Value>32</Value>
                </Keyword>
                <Keyword>
                    <Message></Message>
                    <Name>critical</Name>
                    <Value>256</Value>
                </Keyword>
                <Keyword>
                    <Message></Message>
                    <Name>session_setup</Name>
                    <Value>512</Value>
                </Keyword>
                <Keyword>
                    <Message></Message>
                    <Name>dns</Name>
                    <Value>16384</Value>
                </Keyword>
                <Keyword>
                    <Message></Message>
                    <Name>dns_more</Name>
                    <Value>131072</Value>
                </Keyword>
                <Keyword>
                    <Message></Message>
                    <Name>mailslot_text</Name>
                    <Value>33554432</Value>
                </Keyword>
                <Keyword>
                    <Message></Message>
                    <Name>site_more</Name>
                    <Value>134217728</Value>
                </Keyword>
            </Keywords>
        </Metadata>
        <EventMetadata>
            <Event>
                <Id>1</Id>
                <Version>0</Version>
                <Channel>Microsoft-Windows-DCLocator/Debug</Channel>
                <Keyword>misc</Keyword>
                <Template><![CDATA[
<template xmlns="http://schemas.microsoft.com/win/2004/08/events">
  <data name="Message" inType="win:UnicodeString" outType="xs:string"/>
</template>
]]></Template>
            </Event>
            <Event>
                <Id>2</Id>
                <Version>0</Version>
                <Channel>Microsoft-Windows-DCLocator/Debug</Channel>
                <Keyword>mailslot</Keyword>
                <Template><![CDATA[
<template xmlns="http://schemas.microsoft.com/win/2004/08/events">
  <data name="Message" inType="win:UnicodeString" outType="xs:string"/>
</template>
]]></Template>
            </Event>
            <Event>
                <Id>3</Id>
                <Version>0</Version>
                <Channel>Microsoft-Windows-DCLocator/Debug</Channel>
                <Keyword>site</Keyword>
                <Template><![CDATA[
<template xmlns="http://schemas.microsoft.com/win/2004/08/events">
  <data name="Message" inType="win:UnicodeString" outType="xs:string"/>
</template>
]]></Template>
            </Event>
            <Event>
                <Id>4</Id>
                <Version>0</Version>
                <Channel>Microsoft-Windows-DCLocator/Debug</Channel>
                <Keyword>critical</Keyword>
                <Template><![CDATA[
<template xmlns="http://schemas.microsoft.com/win/2004/08/events">
  <data name="Message" inType="win:UnicodeString" outType="xs:string"/>
</template>
]]></Template>
            </Event>
            <Event>
                <Id>5</Id>
                <Version>0</Version>
                <Channel>Microsoft-Windows-DCLocator/Debug</Channel>
                <Keyword>session_setup</Keyword>
                <Template><![CDATA[
<template xmlns="http://schemas.microsoft.com/win/2004/08/events">
  <data name="Message" inType="win:UnicodeString" outType="xs:string"/>
</template>
]]></Template>
            </Event>
            <Event>
                <Id>6</Id>
                <Version>0</Version>
                <Channel>Microsoft-Windows-DCLocator/Debug</Channel>
                <Keyword>dns</Keyword>
                <Template><![CDATA[
<template xmlns="http://schemas.microsoft.com/win/2004/08/events">
  <data name="Message" inType="win:UnicodeString" outType="xs:string"/>
</template>
]]></Template>
            </Event>
            <Event>
                <Id>7</Id>
                <Version>0</Version>
                <Channel>Microsoft-Windows-DCLocator/Debug</Channel>
                <Keyword>dns_more</Keyword>
                <Template><![CDATA[
<template xmlns="http://schemas.microsoft.com/win/2004/08/events">
  <data name="Message" inType="win:UnicodeString" outType="xs:string"/>
</template>
]]></Template>
            </Event>
            <Event>
                <Id>8</Id>
                <Version>0</Version>
                <Channel>Microsoft-Windows-DCLocator/Debug</Channel>
                <Keyword>mailslot_text</Keyword>
                <Template><![CDATA[
<template xmlns="http://schemas.microsoft.com/win/2004/08/events">
  <data name="Message" inType="win:UnicodeString" outType="xs:string"/>
</template>
]]></Template>
            </Event>
            <Event>
                <Id>9</Id>
                <Version>0</Version>
                <Channel>Microsoft-Windows-DCLocator/Debug</Channel>
                <Keyword>site_more</Keyword>
                <Template><![CDATA[
<template xmlns="http://schemas.microsoft.com/win/2004/08/events">
  <data name="Message" inType="win:UnicodeString" outType="xs:string"/>
</template>
]]></Template>
            </Event>
        </EventMetadata>
    </Provider>
</Providers>
