<Providers>
    <Provider>
        <Name>Microsoft-Windows-Host-Network-Service</Name>
        <Metadata>
            <Guid>{0C885E0D-6EB6-476C-A048-2457EED3A5C1}</Guid>
            <ResourceFilePath>%systemroot%\system32\HostNetSvc.dll</ResourceFilePath>
            <ParameterFilePath>%systemroot%\system32\ntdll.dll</ParameterFilePath>
            <MessageFilePath>%systemroot%\system32\HostNetSvc.dll</MessageFilePath>
            <HelpLink></HelpLink>
            <PublisherMessage>Microsoft-Windows-Host-Network-Service</PublisherMessage>
            <Channels>
                <Channel>
                    <Message></Message>
                    <Path>Microsoft-Windows-Host-Network-Service-Admin</Path>
                    <Index>0</Index>
                    <Id>16</Id>
                    <Imported>false</Imported>
                </Channel>
                <Channel>
                    <Message></Message>
                    <Path>Microsoft-Windows-Host-Network-Service-Operational</Path>
                    <Index>1</Index>
                    <Id>17</Id>
                    <Imported>false</Imported>
                </Channel>
                <Channel>
                    <Message></Message>
                    <Path>Microsoft-Windows-Host-Network-Service-Analytic</Path>
                    <Index>2</Index>
                    <Id>18</Id>
                    <Imported>false</Imported>
                </Channel>
            </Channels>
            <Levels>
                <Level>
                    <Message>Error</Message>
                    <Name>win:Error</Name>
                    <Value>2</Value>
                </Level>
                <Level>
                    <Message>Warning</Message>
                    <Name>win:Warning</Name>
                    <Value>3</Value>
                </Level>
                <Level>
                    <Message>Information</Message>
                    <Name>win:Informational</Name>
                    <Value>4</Value>
                </Level>
            </Levels>
            <Tasks>
            </Tasks>
            <Opcodes>
            </Opcodes>
            <Keywords>
            </Keywords>
        </Metadata>
        <EventMetadata>
            <Event>
                <Id>1000</Id>
                <Version>0</Version>
                <Channel>Microsoft-Windows-Host-Network-Service-Admin</Channel>
                <Level>Error</Level>
                <Message><![CDATA[
HNS failed to create vmswitch with error '%1' and adapter id = '%2'.]]></Message>
                <Template><![CDATA[
<template xmlns="http://schemas.microsoft.com/win/2004/08/events">
  <data name="Parameter0" inType="win:HexInt32" outType="win:HexInt32"/>
  <data name="Parameter1" inType="win:UnicodeString" outType="xs:string"/>
  <data name="Parameter2" inType="win:UnicodeString" outType="xs:string"/>
</template>
]]></Template>
            </Event>
            <Event>
                <Id>1001</Id>
                <Version>0</Version>
                <Channel>Microsoft-Windows-Host-Network-Service-Admin</Channel>
                <Level>Error</Level>
                <Message><![CDATA[
HNS failed to delete vmswitch with error = '%1', id = '%2' and friendly name = '%3'.]]></Message>
                <Template><![CDATA[
<template xmlns="http://schemas.microsoft.com/win/2004/08/events">
  <data name="Parameter0" inType="win:HexInt32" outType="win:HexInt32"/>
  <data name="Parameter1" inType="win:UnicodeString" outType="xs:string"/>
  <data name="Parameter2" inType="win:UnicodeString" outType="xs:string"/>
</template>
]]></Template>
            </Event>
            <Event>
                <Id>1002</Id>
                <Version>0</Version>
                <Channel>Microsoft-Windows-Host-Network-Service-Admin</Channel>
                <Level>Error</Level>
                <Message><![CDATA[
HNS failed to create intenal nic with error = '%1', id = '%2' and friendly name = '%3'.]]></Message>
                <Template><![CDATA[
<template xmlns="http://schemas.microsoft.com/win/2004/08/events">
  <data name="Parameter0" inType="win:HexInt32" outType="win:HexInt32"/>
  <data name="Parameter1" inType="win:UnicodeString" outType="xs:string"/>
  <data name="Parameter2" inType="win:UnicodeString" outType="xs:string"/>
</template>
]]></Template>
            </Event>
            <Event>
                <Id>1003</Id>
                <Version>0</Version>
                <Channel>Microsoft-Windows-Host-Network-Service-Admin</Channel>
                <Level>Error</Level>
                <Message><![CDATA[
HNS failed to delete internal nic with error = '%1' and id = '%2'. ]]></Message>
                <Template><![CDATA[
<template xmlns="http://schemas.microsoft.com/win/2004/08/events">
  <data name="HResult" inType="win:HexInt32" outType="win:HexInt32"/>
  <data name="Parameter1" inType="win:UnicodeString" outType="xs:string"/>
</template>
]]></Template>
            </Event>
            <Event>
                <Id>1004</Id>
                <Version>0</Version>
                <Channel>Microsoft-Windows-Host-Network-Service-Admin</Channel>
                <Level>Error</Level>
                <Message><![CDATA[
HNS failed to create vmswitch port with error '%1', switch id = '%2', port id = '%3' and type = '%4'.]]></Message>
                <Template><![CDATA[
<template xmlns="http://schemas.microsoft.com/win/2004/08/events">
  <data name="HResult" inType="win:HexInt32" outType="win:HexInt32"/>
  <data name="Switch Id" inType="win:GUID" outType="xs:GUID"/>
  <data name="Port Id" inType="win:GUID" outType="xs:GUID"/>
  <data name="Port Type" inType="win:UInt32" outType="xs:unsignedInt"/>
</template>
]]></Template>
            </Event>
            <Event>
                <Id>1005</Id>
                <Version>0</Version>
                <Channel>Microsoft-Windows-Host-Network-Service-Admin</Channel>
                <Level>Error</Level>
                <Message><![CDATA[
HNS failed to delete vmswitch port with error '%1', switch id = '%2' and port id = '%3'.]]></Message>
                <Template><![CDATA[
<template xmlns="http://schemas.microsoft.com/win/2004/08/events">
  <data name="Parameter0" inType="win:HexInt32" outType="win:HexInt32"/>
  <data name="Parameter1" inType="win:UnicodeString" outType="xs:string"/>
  <data name="Parameter2" inType="win:UnicodeString" outType="xs:string"/>
</template>
]]></Template>
            </Event>
            <Event>
                <Id>1006</Id>
                <Version>0</Version>
                <Channel>Microsoft-Windows-Host-Network-Service-Admin</Channel>
                <Level>Error</Level>
                <Message><![CDATA[
HNS failed to connect vmswitch port with error '%1', switch id = '%2', port id = '%3' and nic name = '%4'. ]]></Message>
                <Template><![CDATA[
<template xmlns="http://schemas.microsoft.com/win/2004/08/events">
  <data name="Parameter0" inType="win:HexInt32" outType="win:HexInt32"/>
  <data name="Parameter1" inType="win:UnicodeString" outType="xs:string"/>
  <data name="Paramete3" inType="win:UnicodeString" outType="xs:string"/>
  <data name="Parameter4" inType="win:UnicodeString" outType="xs:string"/>
</template>
]]></Template>
            </Event>
            <Event>
                <Id>1007</Id>
                <Version>0</Version>
                <Channel>Microsoft-Windows-Host-Network-Service-Admin</Channel>
                <Level>Error</Level>
                <Message><![CDATA[
HNS failed to disconnect vmswitch port with error '%1', switch id = '%2', port id = '%3' and nic name = '%4'.]]></Message>
                <Template><![CDATA[
<template xmlns="http://schemas.microsoft.com/win/2004/08/events">
  <data name="Parameter0" inType="win:HexInt32" outType="win:HexInt32"/>
  <data name="Parameter1" inType="win:UnicodeString" outType="xs:string"/>
  <data name="Paramete3" inType="win:UnicodeString" outType="xs:string"/>
  <data name="Parameter4" inType="win:UnicodeString" outType="xs:string"/>
</template>
]]></Template>
            </Event>
            <Event>
                <Id>1008</Id>
                <Version>0</Version>
                <Channel>Microsoft-Windows-Host-Network-Service-Admin</Channel>
                <Level>Error</Level>
                <Message><![CDATA[
HNS failed to bind external adapter to vswitch with error '%1' and adapter id = '%2'.]]></Message>
                <Template><![CDATA[
<template xmlns="http://schemas.microsoft.com/win/2004/08/events">
  <data name="HResult" inType="win:HexInt32" outType="win:HexInt32"/>
  <data name="Parameter1" inType="win:UnicodeString" outType="xs:string"/>
</template>
]]></Template>
            </Event>
            <Event>
                <Id>1009</Id>
                <Version>0</Version>
                <Channel>Microsoft-Windows-Host-Network-Service-Admin</Channel>
                <Level>Error</Level>
                <Message><![CDATA[
HNS failed to unbind external adapter to vswitch with error '%1' and adapter id = '%2'.]]></Message>
                <Template><![CDATA[
<template xmlns="http://schemas.microsoft.com/win/2004/08/events">
  <data name="HResult" inType="win:HexInt32" outType="win:HexInt32"/>
  <data name="Parameter1" inType="win:UnicodeString" outType="xs:string"/>
</template>
]]></Template>
            </Event>
            <Event>
                <Id>1010</Id>
                <Version>0</Version>
                <Channel>Microsoft-Windows-Host-Network-Service-Admin</Channel>
                <Level>Error</Level>
                <Message><![CDATA[
HNS failed to set vmswitch extension with error '%1' on switch id = '%2'.]]></Message>
                <Template><![CDATA[
<template xmlns="http://schemas.microsoft.com/win/2004/08/events">
  <data name="HResult" inType="win:HexInt32" outType="win:HexInt32"/>
  <data name="Parameter1" inType="win:UnicodeString" outType="xs:string"/>
</template>
]]></Template>
            </Event>
            <Event>
                <Id>1011</Id>
                <Version>0</Version>
                <Channel>Microsoft-Windows-Host-Network-Service-Admin</Channel>
                <Level>Error</Level>
                <Message><![CDATA[
HNS failed to set vmswitch port profile with error '%1', switch id = '%2', port id = '%3' and profile id = '%4'.]]></Message>
                <Template><![CDATA[
<template xmlns="http://schemas.microsoft.com/win/2004/08/events">
  <data name="Parameter0" inType="win:HexInt32" outType="win:HexInt32"/>
  <data name="Parameter1" inType="win:UnicodeString" outType="xs:string"/>
  <data name="Paramete3" inType="win:UnicodeString" outType="xs:string"/>
  <data name="Parameter4" inType="win:UnicodeString" outType="xs:string"/>
</template>
]]></Template>
            </Event>
            <Event>
                <Id>1012</Id>
                <Version>0</Version>
                <Channel>Microsoft-Windows-Host-Network-Service-Admin</Channel>
                <Level>Error</Level>
                <Message><![CDATA[
HNS failed to set vmswitch port isolation with error '%1', switch id = '%2', port id = '%3' and isolation id = '%4'.]]></Message>
                <Template><![CDATA[
<template xmlns="http://schemas.microsoft.com/win/2004/08/events">
  <data name="Parameter0" inType="win:HexInt32" outType="win:HexInt32"/>
  <data name="Paramete1" inType="win:UnicodeString" outType="xs:string"/>
  <data name="Paramete2" inType="win:UnicodeString" outType="xs:string"/>
  <data name="Parameter3" inType="win:UInt64" outType="xs:unsignedLong"/>
</template>
]]></Template>
            </Event>
            <Event>
                <Id>1013</Id>
                <Version>0</Version>
                <Channel>Microsoft-Windows-Host-Network-Service-Admin</Channel>
                <Level>Error</Level>
                <Message><![CDATA[
%1 :- 
 Network id = '%2'.
 Network type = '%3'.
  Result code = '%4'. ]]></Message>
                <Template><![CDATA[
<template xmlns="http://schemas.microsoft.com/win/2004/08/events">
  <data name="Parameter0" inType="win:UnicodeString" outType="xs:string"/>
  <data name="Parameter1" inType="win:GUID" outType="xs:GUID"/>
  <data name="Parameter2" inType="win:UInt32" outType="xs:unsignedInt"/>
  <data name="Parameter3" inType="win:HexInt32" outType="win:HexInt32"/>
</template>
]]></Template>
            </Event>
            <Event>
                <Id>1014</Id>
                <Version>0</Version>
                <Channel>Microsoft-Windows-Host-Network-Service-Admin</Channel>
                <Level>Information</Level>
                <Message><![CDATA[
%1 :- 
 Network id = '%2'.
 Network type = '%3'.
  Result code = '%4'.]]></Message>
                <Template><![CDATA[
<template xmlns="http://schemas.microsoft.com/win/2004/08/events">
  <data name="Parameter0" inType="win:UnicodeString" outType="xs:string"/>
  <data name="Parameter1" inType="win:GUID" outType="xs:GUID"/>
  <data name="Parameter2" inType="win:UInt32" outType="xs:unsignedInt"/>
  <data name="Parameter3" inType="win:HexInt32" outType="win:HexInt32"/>
</template>
]]></Template>
            </Event>
            <Event>
                <Id>1015</Id>
                <Version>0</Version>
                <Channel>Microsoft-Windows-Host-Network-Service-Admin</Channel>
                <Level>Error</Level>
                <Message><![CDATA[
%1 :- 
 Endpoint id = '%2'.
  Network id = '%3'.
  Network type = '%4'.
  Result code = '%5'. ]]></Message>
                <Template><![CDATA[
<template xmlns="http://schemas.microsoft.com/win/2004/08/events">
  <data name="Parameter0" inType="win:UnicodeString" outType="xs:string"/>
  <data name="Parameter1" inType="win:GUID" outType="xs:GUID"/>
  <data name="Parameter2" inType="win:GUID" outType="xs:GUID"/>
  <data name="Parameter3" inType="win:UInt32" outType="xs:unsignedInt"/>
  <data name="Parameter4" inType="win:HexInt32" outType="win:HexInt32"/>
</template>
]]></Template>
            </Event>
            <Event>
                <Id>1016</Id>
                <Version>0</Version>
                <Channel>Microsoft-Windows-Host-Network-Service-Admin</Channel>
                <Level>Information</Level>
                <Message><![CDATA[
%1':- 
 Endpoint id = '%2'.
  Network id = '%3'.
  Network type = '%4'.
  Result code = '%5'.]]></Message>
                <Template><![CDATA[
<template xmlns="http://schemas.microsoft.com/win/2004/08/events">
  <data name="Parameter0" inType="win:UnicodeString" outType="xs:string"/>
  <data name="Parameter1" inType="win:GUID" outType="xs:GUID"/>
  <data name="Parameter2" inType="win:GUID" outType="xs:GUID"/>
  <data name="Parameter3" inType="win:UInt32" outType="xs:unsignedInt"/>
  <data name="Parameter4" inType="win:HexInt32" outType="win:HexInt32"/>
</template>
]]></Template>
            </Event>
            <Event>
                <Id>1017</Id>
                <Version>0</Version>
                <Channel>Microsoft-Windows-Host-Network-Service-Admin</Channel>
                <Level>Error</Level>
                <Message><![CDATA[
HNS failed to configure hostagent traffic managment on vmswitch port with error '%1', port profile id = '%2', ip address = '%3' and isolation id = '%4']]></Message>
                <Template><![CDATA[
<template xmlns="http://schemas.microsoft.com/win/2004/08/events">
  <data name="Parameter0" inType="win:HexInt32" outType="win:HexInt32"/>
  <data name="Paramete1" inType="win:UnicodeString" outType="xs:string"/>
  <data name="Paramete2" inType="win:UnicodeString" outType="xs:string"/>
  <data name="Parameter3" inType="win:UInt64" outType="xs:unsignedLong"/>
</template>
]]></Template>
            </Event>
            <Event>
                <Id>1018</Id>
                <Version>0</Version>
                <Channel>Microsoft-Windows-Host-Network-Service-Admin</Channel>
                <Level>Error</Level>
                <Message><![CDATA[
HNS failed to reset hostagent traffic management on vmswitch port with error '%1' and port profile id = '%2'.]]></Message>
                <Template><![CDATA[
<template xmlns="http://schemas.microsoft.com/win/2004/08/events">
  <data name="HResult" inType="win:HexInt32" outType="win:HexInt32"/>
  <data name="Parameter1" inType="win:UnicodeString" outType="xs:string"/>
</template>
]]></Template>
            </Event>
            <Event>
                <Id>1019</Id>
                <Version>0</Version>
                <Channel>Microsoft-Windows-Host-Network-Service-Admin</Channel>
                <Level>Error</Level>
                <Message><![CDATA[
HNS failed to configure hostagent traffic managment on switch with error '%1', switch id = '%2', managment ip address = '%3' and forward all traffic to external network = '%4'.  ]]></Message>
                <Template><![CDATA[
<template xmlns="http://schemas.microsoft.com/win/2004/08/events">
  <data name="Parameter0" inType="win:HexInt32" outType="win:HexInt32"/>
  <data name="Parameter1" inType="win:UnicodeString" outType="xs:string"/>
  <data name="Parameter2" inType="win:UnicodeString" outType="xs:string"/>
  <data name="Parameter3" inType="win:Boolean" outType="xs:boolean"/>
</template>
]]></Template>
            </Event>
            <Event>
                <Id>1020</Id>
                <Version>0</Version>
                <Channel>Microsoft-Windows-Host-Network-Service-Admin</Channel>
                <Level>Error</Level>
                <Message><![CDATA[
HNS failed to add firewall rules for new container with error '%1' and unique error string "'%2'"]]></Message>
                <Template><![CDATA[
<template xmlns="http://schemas.microsoft.com/win/2004/08/events">
  <data name="Parameter0" inType="win:HexInt32" outType="win:HexInt32"/>
  <data name="Parameter1" inType="win:UInt32" outType="xs:unsignedInt"/>
</template>
]]></Template>
            </Event>
            <Event>
                <Id>1021</Id>
                <Version>0</Version>
                <Channel>Microsoft-Windows-Host-Network-Service-Admin</Channel>
                <Level>Error</Level>
                <Message><![CDATA[
HNS failed to create winnat instance with error '%1', external ip prefix = '%2', internal ip prefix = '%3' and nat name = '%4'.]]></Message>
                <Template><![CDATA[
<template xmlns="http://schemas.microsoft.com/win/2004/08/events">
  <data name="Parameter0" inType="win:HexInt32" outType="win:HexInt32"/>
  <data name="Parameter1" inType="win:UnicodeString" outType="xs:string"/>
  <data name="Paramete3" inType="win:UnicodeString" outType="xs:string"/>
  <data name="Parameter4" inType="win:UnicodeString" outType="xs:string"/>
</template>
]]></Template>
            </Event>
            <Event>
                <Id>1022</Id>
                <Version>0</Version>
                <Channel>Microsoft-Windows-Host-Network-Service-Admin</Channel>
                <Level>Error</Level>
                <Message><![CDATA[
HNS failed to delete winnat instance with error '%1', class name '%2' and instance id = '%3'.]]></Message>
                <Template><![CDATA[
<template xmlns="http://schemas.microsoft.com/win/2004/08/events">
  <data name="Parameter0" inType="win:HexInt32" outType="win:HexInt32"/>
  <data name="Parameter1" inType="win:UnicodeString" outType="xs:string"/>
  <data name="Parameter2" inType="win:UnicodeString" outType="xs:string"/>
</template>
]]></Template>
            </Event>
            <Event>
                <Id>1023</Id>
                <Version>0</Version>
                <Channel>Microsoft-Windows-Host-Network-Service-Admin</Channel>
                <Level>Error</Level>
                <Message><![CDATA[
HNS failed to set interface configuration with error '%1'.
NetCfgInstanceId = '%2'.
HostDnsServerList = '%3'.
HostDnsSuffix = '%4'.
EnableLLMNR = '%5'.
Unique error string = '%6'. ]]></Message>
                <Template><![CDATA[
<template xmlns="http://schemas.microsoft.com/win/2004/08/events">
  <data name="Parameter0" inType="win:HexInt32" outType="win:HexInt32"/>
  <data name="Parameter1" inType="win:UnicodeString" outType="xs:string"/>
  <data name="Parameter2" inType="win:UnicodeString" outType="xs:string"/>
  <data name="Parameter3" inType="win:UnicodeString" outType="xs:string"/>
  <data name="Parameter4" inType="win:Boolean" outType="xs:boolean"/>
  <data name="Parameter5" inType="win:UInt32" outType="xs:unsignedInt"/>
</template>
]]></Template>
            </Event>
            <Event>
                <Id>1024</Id>
                <Version>0</Version>
                <Channel>Microsoft-Windows-Host-Network-Service-Admin</Channel>
                <Level>Error</Level>
                <Message><![CDATA[
HNS failed to configure ipv4 address with error '%1'.
Adapter index = '%2'.
Compartment id = '%3'.
Prefix length = '%4'.
IPv4 address = '%5'. 
Persistent = '%6'.]]></Message>
                <Template><![CDATA[
<template xmlns="http://schemas.microsoft.com/win/2004/08/events">
  <data name="Parameter0" inType="win:HexInt32" outType="win:HexInt32"/>
  <data name="Parameter1" inType="win:UInt32" outType="xs:unsignedInt"/>
  <data name="Parameter2" inType="win:UInt32" outType="xs:unsignedInt"/>
  <data name="Parameter3" inType="win:UInt32" outType="xs:unsignedInt"/>
  <data name="Parameter4" inType="win:UnicodeString" outType="xs:string"/>
  <data name="Parameter5" inType="win:Boolean" outType="xs:boolean"/>
</template>
]]></Template>
            </Event>
            <Event>
                <Id>1025</Id>
                <Version>0</Version>
                <Channel>Microsoft-Windows-Host-Network-Service-Admin</Channel>
                <Level>Error</Level>
                <Message><![CDATA[
HNS failed to configure default route with error '%1'.
Adapter index = '%2'.
Compartment id = '%3'.
Gateway ip address = '%4'.]]></Message>
                <Template><![CDATA[
<template xmlns="http://schemas.microsoft.com/win/2004/08/events">
  <data name="Parameter0" inType="win:HexInt32" outType="win:HexInt32"/>
  <data name="Parameter1" inType="win:UInt32" outType="xs:unsignedInt"/>
  <data name="Parameter2" inType="win:UInt32" outType="xs:unsignedInt"/>
  <data name="Parameter3" inType="win:UnicodeString" outType="xs:string"/>
</template>
]]></Template>
            </Event>
            <Event>
                <Id>1026</Id>
                <Version>0</Version>
                <Channel>Microsoft-Windows-Host-Network-Service-Admin</Channel>
                <Level>Error</Level>
                <Message><![CDATA[
HNS failed to allocate nat port with error '%1'.
Port Number= '%2'.]]></Message>
                <Template><![CDATA[
<template xmlns="http://schemas.microsoft.com/win/2004/08/events">
  <data name="HResult" inType="win:HexInt32" outType="win:HexInt32"/>
  <data name="Parameter0" inType="win:UInt32" outType="xs:unsignedInt"/>
</template>
]]></Template>
            </Event>
            <Event>
                <Id>1027</Id>
                <Version>0</Version>
                <Channel>Microsoft-Windows-Host-Network-Service-Admin</Channel>
                <Level>Error</Level>
                <Message><![CDATA[
HNS failed to restore all configuration from its data file with error %1]]></Message>
                <Template><![CDATA[
<template xmlns="http://schemas.microsoft.com/win/2004/08/events">
  <data name="HResult" inType="win:HexInt32" outType="win:HexInt32"/>
</template>
]]></Template>
            </Event>
            <Event>
                <Id>1028</Id>
                <Version>0</Version>
                <Channel>Microsoft-Windows-Host-Network-Service-Admin</Channel>
                <Level>Error</Level>
                <Message><![CDATA[
HNS failed to set ethernet adapter MAC address with error = '%1', adapter guid = '%2' and MAC address = '%3'.]]></Message>
                <Template><![CDATA[
<template xmlns="http://schemas.microsoft.com/win/2004/08/events">
  <data name="Parameter0" inType="win:HexInt32" outType="win:HexInt32"/>
  <data name="Parameter1" inType="win:UnicodeString" outType="xs:string"/>
  <data name="Parameter2" inType="win:UnicodeString" outType="xs:string"/>
</template>
]]></Template>
            </Event>
            <Event>
                <Id>1030</Id>
                <Version>0</Version>
                <Channel>Microsoft-Windows-Host-Network-Service-Admin</Channel>
                <Level>Error</Level>
                <Message><![CDATA[
'%2' : '%1'.]]></Message>
                <Template><![CDATA[
<template xmlns="http://schemas.microsoft.com/win/2004/08/events">
  <data name="HResult" inType="win:HexInt32" outType="win:HexInt32"/>
  <data name="API" inType="win:UInt32" outType="xs:unsignedInt"/>
</template>
]]></Template>
            </Event>
            <Event>
                <Id>1031</Id>
                <Version>0</Version>
                <Channel>Microsoft-Windows-Host-Network-Service-Admin</Channel>
                <Level>Error</Level>
                <Message><![CDATA[
HNS failed to add encryption rules for new container with error '%1' and unique error string "'%2'"]]></Message>
                <Template><![CDATA[
<template xmlns="http://schemas.microsoft.com/win/2004/08/events">
  <data name="Parameter0" inType="win:HexInt32" outType="win:HexInt32"/>
  <data name="Parameter1" inType="win:UInt32" outType="xs:unsignedInt"/>
</template>
]]></Template>
            </Event>
            <Event>
                <Id>1032</Id>
                <Version>0</Version>
                <Channel>Microsoft-Windows-Host-Network-Service-Admin</Channel>
                <Level>Error</Level>
                <Message><![CDATA[
'%2' : '%1'.]]></Message>
                <Template><![CDATA[
<template xmlns="http://schemas.microsoft.com/win/2004/08/events">
  <data name="HResult" inType="win:HexInt32" outType="win:HexInt32"/>
  <data name="API" inType="win:UInt32" outType="xs:unsignedInt"/>
</template>
]]></Template>
            </Event>
            <Event>
                <Id>1033</Id>
                <Version>0</Version>
                <Channel>Microsoft-Windows-Host-Network-Service-Admin</Channel>
                <Level>Error</Level>
                <Message><![CDATA[
HNS failed to get vmswitch info with error = '%1', switchid = '%2'.]]></Message>
                <Template><![CDATA[
<template xmlns="http://schemas.microsoft.com/win/2004/08/events">
  <data name="HResult" inType="win:HexInt32" outType="win:HexInt32"/>
  <data name="Parameter1" inType="win:UnicodeString" outType="xs:string"/>
</template>
]]></Template>
            </Event>
            <Event>
                <Id>1034</Id>
                <Version>0</Version>
                <Channel>Microsoft-Windows-Host-Network-Service-Admin</Channel>
                <Level>Error</Level>
                <Message><![CDATA[
HNS failed to enumerate vmswitch ports with error = '%1', switchid = '%2'.]]></Message>
                <Template><![CDATA[
<template xmlns="http://schemas.microsoft.com/win/2004/08/events">
  <data name="HResult" inType="win:HexInt32" outType="win:HexInt32"/>
  <data name="Parameter1" inType="win:UnicodeString" outType="xs:string"/>
</template>
]]></Template>
            </Event>
            <Event>
                <Id>1035</Id>
                <Version>0</Version>
                <Channel>Microsoft-Windows-Host-Network-Service-Admin</Channel>
                <Level>Error</Level>
                <Message><![CDATA[
HNS failed to get port handle count with error = '%1', portname = '%2'.]]></Message>
                <Template><![CDATA[
<template xmlns="http://schemas.microsoft.com/win/2004/08/events">
  <data name="HResult" inType="win:HexInt32" outType="win:HexInt32"/>
  <data name="Parameter1" inType="win:UnicodeString" outType="xs:string"/>
</template>
]]></Template>
            </Event>
            <Event>
                <Id>1036</Id>
                <Version>0</Version>
                <Channel>Microsoft-Windows-Host-Network-Service-Operational</Channel>
                <Level>Information</Level>
                <Message><![CDATA[
Mirrored Networking was requested.]]></Message>
                <Template><![CDATA[
<template xmlns="http://schemas.microsoft.com/win/2004/08/events">
  <data name="Parameter0" inType="win:UnicodeString" outType="xs:string"/>
  <data name="Parameter1" inType="win:GUID" outType="xs:GUID"/>
  <data name="Parameter2" inType="win:UInt32" outType="xs:unsignedInt"/>
  <data name="Parameter3" inType="win:HexInt32" outType="win:HexInt32"/>
</template>
]]></Template>
            </Event>
            <Event>
                <Id>1037</Id>
                <Version>0</Version>
                <Channel>Microsoft-Windows-Host-Network-Service-Admin</Channel>
                <Level>Error</Level>
                <Message><![CDATA[
HNS failed to update vmswitch port isolation with error '%1', switch id = '%2', port id = '%3' and isolation id = '%4'.]]></Message>
                <Template><![CDATA[
<template xmlns="http://schemas.microsoft.com/win/2004/08/events">
  <data name="Parameter0" inType="win:HexInt32" outType="win:HexInt32"/>
  <data name="Paramete1" inType="win:UnicodeString" outType="xs:string"/>
  <data name="Paramete2" inType="win:UnicodeString" outType="xs:string"/>
  <data name="Parameter3" inType="win:UInt64" outType="xs:unsignedLong"/>
</template>
]]></Template>
            </Event>
            <Event>
                <Id>1038</Id>
                <Version>0</Version>
                <Channel>Microsoft-Windows-Host-Network-Service-Admin</Channel>
                <Level>Error</Level>
                <Message><![CDATA[
HNS failed to set vmswitch MAC spoofing with error '%1', switch id = '%2', port id = '%3'.]]></Message>
                <Template><![CDATA[
<template xmlns="http://schemas.microsoft.com/win/2004/08/events">
  <data name="Parameter0" inType="win:HexInt32" outType="win:HexInt32"/>
  <data name="Paramete1" inType="win:UnicodeString" outType="xs:string"/>
  <data name="Paramete2" inType="win:UnicodeString" outType="xs:string"/>
  <data name="Parameter3" inType="win:UInt64" outType="xs:unsignedLong"/>
</template>
]]></Template>
            </Event>
            <Event>
                <Id>1039</Id>
                <Version>0</Version>
                <Channel>Microsoft-Windows-Host-Network-Service-Admin</Channel>
                <Level>Error</Level>
                <Message><![CDATA[
HNS failed to delete vmswitch port property with error '%1', switch id = '%2', port id = '%3'.]]></Message>
                <Template><![CDATA[
<template xmlns="http://schemas.microsoft.com/win/2004/08/events">
  <data name="Parameter0" inType="win:HexInt32" outType="win:HexInt32"/>
  <data name="Paramete1" inType="win:UnicodeString" outType="xs:string"/>
  <data name="Paramete2" inType="win:UnicodeString" outType="xs:string"/>
  <data name="Parameter3" inType="win:UInt64" outType="xs:unsignedLong"/>
</template>
]]></Template>
            </Event>
            <Event>
                <Id>1040</Id>
                <Version>0</Version>
                <Channel>Microsoft-Windows-Host-Network-Service-Operational</Channel>
                <Level>Information</Level>
                <Message><![CDATA[
Modified guest '%4' settings. Entity: '%1', Id: '%2', Operation: '%3', Settings: '%5']]></Message>
                <Template><![CDATA[
<template xmlns="http://schemas.microsoft.com/win/2004/08/events">
  <data name="EntityType" inType="win:UInt32" outType="xs:unsignedInt"/>
  <data name="EntityId" inType="win:GUID" outType="xs:GUID"/>
  <data name="OperationType" inType="win:UInt32" outType="xs:unsignedInt"/>
  <data name="ResourceType" inType="win:UInt32" outType="xs:unsignedInt"/>
  <data name="Settings" inType="win:UnicodeString" outType="xs:string"/>
  <data name="Result" inType="win:HexInt32" outType="win:HexInt32"/>
</template>
]]></Template>
            </Event>
            <Event>
                <Id>1041</Id>
                <Version>0</Version>
                <Channel>Microsoft-Windows-Host-Network-Service-Operational</Channel>
                <Level>Information</Level>
                <Message><![CDATA[
Modified guest '%4' settings. Entity: '%1', Id: '%2', Operation: '%3', Settings: '%5']]></Message>
                <Template><![CDATA[
<template xmlns="http://schemas.microsoft.com/win/2004/08/events">
  <data name="EntityType" inType="win:UInt32" outType="xs:unsignedInt"/>
  <data name="EntityId" inType="win:GUID" outType="xs:GUID"/>
  <data name="OperationType" inType="win:UInt32" outType="xs:unsignedInt"/>
  <data name="ResourceType" inType="win:UInt32" outType="xs:unsignedInt"/>
  <data name="Settings" inType="win:UnicodeString" outType="xs:string"/>
  <data name="Result" inType="win:HexInt32" outType="win:HexInt32"/>
</template>
]]></Template>
            </Event>
            <Event>
                <Id>1042</Id>
                <Version>0</Version>
                <Channel>Microsoft-Windows-Host-Network-Service-Operational</Channel>
                <Level>Information</Level>
                <Message><![CDATA[
Modified guest '%4' settings. Entity: '%1', Id: '%2', Operation: '%3', Settings: '%5']]></Message>
                <Template><![CDATA[
<template xmlns="http://schemas.microsoft.com/win/2004/08/events">
  <data name="EntityType" inType="win:UInt32" outType="xs:unsignedInt"/>
  <data name="EntityId" inType="win:GUID" outType="xs:GUID"/>
  <data name="OperationType" inType="win:UInt32" outType="xs:unsignedInt"/>
  <data name="ResourceType" inType="win:UInt32" outType="xs:unsignedInt"/>
  <data name="Settings" inType="win:UnicodeString" outType="xs:string"/>
  <data name="Result" inType="win:HexInt32" outType="win:HexInt32"/>
</template>
]]></Template>
            </Event>
            <Event>
                <Id>1043</Id>
                <Version>0</Version>
                <Channel>Microsoft-Windows-Host-Network-Service-Operational</Channel>
                <Level>Information</Level>
                <Message><![CDATA[
Modified guest '%4' settings. Entity: '%1', Id: '%2', Operation: '%3', Settings: '%5']]></Message>
                <Template><![CDATA[
<template xmlns="http://schemas.microsoft.com/win/2004/08/events">
  <data name="EntityType" inType="win:UInt32" outType="xs:unsignedInt"/>
  <data name="EntityId" inType="win:GUID" outType="xs:GUID"/>
  <data name="OperationType" inType="win:UInt32" outType="xs:unsignedInt"/>
  <data name="ResourceType" inType="win:UInt32" outType="xs:unsignedInt"/>
  <data name="Settings" inType="win:UnicodeString" outType="xs:string"/>
  <data name="Result" inType="win:HexInt32" outType="win:HexInt32"/>
</template>
]]></Template>
            </Event>
            <Event>
                <Id>1044</Id>
                <Version>0</Version>
                <Channel>Microsoft-Windows-Host-Network-Service-Operational</Channel>
                <Level>Information</Level>
                <Message><![CDATA[
Modified guest '%4' settings. Entity: '%1', Id: '%2', Operation: '%3', Settings: '%5']]></Message>
                <Template><![CDATA[
<template xmlns="http://schemas.microsoft.com/win/2004/08/events">
  <data name="EntityType" inType="win:UInt32" outType="xs:unsignedInt"/>
  <data name="EntityId" inType="win:GUID" outType="xs:GUID"/>
  <data name="OperationType" inType="win:UInt32" outType="xs:unsignedInt"/>
  <data name="ResourceType" inType="win:UInt32" outType="xs:unsignedInt"/>
  <data name="Settings" inType="win:UnicodeString" outType="xs:string"/>
  <data name="Result" inType="win:HexInt32" outType="win:HexInt32"/>
</template>
]]></Template>
            </Event>
            <Event>
                <Id>1045</Id>
                <Version>0</Version>
                <Channel>Microsoft-Windows-Host-Network-Service-Operational</Channel>
                <Level>Information</Level>
                <Message><![CDATA[
Modified guest '%4' settings. Entity: '%1', Id: '%2', Operation: '%3', Settings: '%5']]></Message>
                <Template><![CDATA[
<template xmlns="http://schemas.microsoft.com/win/2004/08/events">
  <data name="EntityType" inType="win:UInt32" outType="xs:unsignedInt"/>
  <data name="EntityId" inType="win:GUID" outType="xs:GUID"/>
  <data name="OperationType" inType="win:UInt32" outType="xs:unsignedInt"/>
  <data name="ResourceType" inType="win:UInt32" outType="xs:unsignedInt"/>
  <data name="Settings" inType="win:UnicodeString" outType="xs:string"/>
  <data name="Result" inType="win:HexInt32" outType="win:HexInt32"/>
</template>
]]></Template>
            </Event>
            <Event>
                <Id>1046</Id>
                <Version>0</Version>
                <Channel>Microsoft-Windows-Host-Network-Service-Operational</Channel>
                <Level>Information</Level>
                <Message><![CDATA[
Modified guest '%4' settings. Entity: '%1', Id: '%2', Operation: '%3', Settings: '%5']]></Message>
                <Template><![CDATA[
<template xmlns="http://schemas.microsoft.com/win/2004/08/events">
  <data name="EntityType" inType="win:UInt32" outType="xs:unsignedInt"/>
  <data name="EntityId" inType="win:GUID" outType="xs:GUID"/>
  <data name="OperationType" inType="win:UInt32" outType="xs:unsignedInt"/>
  <data name="ResourceType" inType="win:UInt32" outType="xs:unsignedInt"/>
  <data name="Settings" inType="win:UnicodeString" outType="xs:string"/>
  <data name="Result" inType="win:HexInt32" outType="win:HexInt32"/>
</template>
]]></Template>
            </Event>
            <Event>
                <Id>1047</Id>
                <Version>0</Version>
                <Channel>Microsoft-Windows-Host-Network-Service-Operational</Channel>
                <Level>Information</Level>
                <Message><![CDATA[
Modified guest '%4' settings. Entity: '%1', Id: '%2', Operation: '%3', Settings: '%5']]></Message>
                <Template><![CDATA[
<template xmlns="http://schemas.microsoft.com/win/2004/08/events">
  <data name="EntityType" inType="win:UInt32" outType="xs:unsignedInt"/>
  <data name="EntityId" inType="win:GUID" outType="xs:GUID"/>
  <data name="OperationType" inType="win:UInt32" outType="xs:unsignedInt"/>
  <data name="ResourceType" inType="win:UInt32" outType="xs:unsignedInt"/>
  <data name="Settings" inType="win:UnicodeString" outType="xs:string"/>
  <data name="Result" inType="win:HexInt32" outType="win:HexInt32"/>
</template>
]]></Template>
            </Event>
            <Event>
                <Id>1048</Id>
                <Version>0</Version>
                <Channel>Microsoft-Windows-Host-Network-Service-Operational</Channel>
                <Level>Information</Level>
                <Message><![CDATA[
Modified guest '%4' settings. Entity: '%1', Id: '%2', Operation: '%3', Settings: '%5']]></Message>
                <Template><![CDATA[
<template xmlns="http://schemas.microsoft.com/win/2004/08/events">
  <data name="EntityType" inType="win:UInt32" outType="xs:unsignedInt"/>
  <data name="EntityId" inType="win:GUID" outType="xs:GUID"/>
  <data name="OperationType" inType="win:UInt32" outType="xs:unsignedInt"/>
  <data name="ResourceType" inType="win:UInt32" outType="xs:unsignedInt"/>
  <data name="Settings" inType="win:UnicodeString" outType="xs:string"/>
  <data name="Result" inType="win:HexInt32" outType="win:HexInt32"/>
</template>
]]></Template>
            </Event>
            <Event>
                <Id>1049</Id>
                <Version>0</Version>
                <Channel>Microsoft-Windows-Host-Network-Service-Operational</Channel>
                <Level>Information</Level>
                <Message><![CDATA[
Modified guest '%4' settings. Entity: '%1', Id: '%2', Operation: '%3', Settings: '%5']]></Message>
                <Template><![CDATA[
<template xmlns="http://schemas.microsoft.com/win/2004/08/events">
  <data name="EntityType" inType="win:UInt32" outType="xs:unsignedInt"/>
  <data name="EntityId" inType="win:GUID" outType="xs:GUID"/>
  <data name="OperationType" inType="win:UInt32" outType="xs:unsignedInt"/>
  <data name="ResourceType" inType="win:UInt32" outType="xs:unsignedInt"/>
  <data name="Settings" inType="win:UnicodeString" outType="xs:string"/>
  <data name="Result" inType="win:HexInt32" outType="win:HexInt32"/>
</template>
]]></Template>
            </Event>
            <Event>
                <Id>1050</Id>
                <Version>0</Version>
                <Channel>Microsoft-Windows-Host-Network-Service-Operational</Channel>
                <Level>Information</Level>
                <Message><![CDATA[
Modified guest '%4' settings. Entity: '%1', Id: '%2', Operation: '%3', Settings: '%5']]></Message>
                <Template><![CDATA[
<template xmlns="http://schemas.microsoft.com/win/2004/08/events">
  <data name="EntityType" inType="win:UInt32" outType="xs:unsignedInt"/>
  <data name="EntityId" inType="win:GUID" outType="xs:GUID"/>
  <data name="OperationType" inType="win:UInt32" outType="xs:unsignedInt"/>
  <data name="ResourceType" inType="win:UInt32" outType="xs:unsignedInt"/>
  <data name="Settings" inType="win:UnicodeString" outType="xs:string"/>
  <data name="Result" inType="win:HexInt32" outType="win:HexInt32"/>
</template>
]]></Template>
            </Event>
            <Event>
                <Id>1051</Id>
                <Version>0</Version>
                <Channel>Microsoft-Windows-Host-Network-Service-Operational</Channel>
                <Level>Error</Level>
                <Message><![CDATA[
Failed to modify guest '%4' settings with error '%6'. Entity: '%1', Id: '%2', Operation: '%3', Settings: '%5']]></Message>
                <Template><![CDATA[
<template xmlns="http://schemas.microsoft.com/win/2004/08/events">
  <data name="EntityType" inType="win:UInt32" outType="xs:unsignedInt"/>
  <data name="EntityId" inType="win:GUID" outType="xs:GUID"/>
  <data name="OperationType" inType="win:UInt32" outType="xs:unsignedInt"/>
  <data name="ResourceType" inType="win:UInt32" outType="xs:unsignedInt"/>
  <data name="Settings" inType="win:UnicodeString" outType="xs:string"/>
  <data name="Result" inType="win:HexInt32" outType="win:HexInt32"/>
</template>
]]></Template>
            </Event>
            <Event>
                <Id>1052</Id>
                <Version>0</Version>
                <Channel>Microsoft-Windows-Host-Network-Service-Admin</Channel>
                <Level>Error</Level>
                <Message><![CDATA[
%1 :- 
 GuestNetworkService id = '%2'.
 Result code = '%3'. ]]></Message>
                <Template><![CDATA[
<template xmlns="http://schemas.microsoft.com/win/2004/08/events">
  <data name="Parameter0" inType="win:UnicodeString" outType="xs:string"/>
  <data name="Parameter1" inType="win:GUID" outType="xs:GUID"/>
  <data name="Parameter3" inType="win:HexInt32" outType="win:HexInt32"/>
</template>
]]></Template>
            </Event>
            <Event>
                <Id>1053</Id>
                <Version>0</Version>
                <Channel>Microsoft-Windows-Host-Network-Service-Admin</Channel>
                <Level>Information</Level>
                <Message><![CDATA[
%1 :- 
 GuestNetworkService id = '%2'.
 Result code = '%3'.]]></Message>
                <Template><![CDATA[
<template xmlns="http://schemas.microsoft.com/win/2004/08/events">
  <data name="Parameter0" inType="win:UnicodeString" outType="xs:string"/>
  <data name="Parameter1" inType="win:GUID" outType="xs:GUID"/>
  <data name="Parameter3" inType="win:HexInt32" outType="win:HexInt32"/>
</template>
]]></Template>
            </Event>
            <Event>
                <Id>1054</Id>
                <Version>0</Version>
                <Channel>Microsoft-Windows-Host-Network-Service-Operational</Channel>
                <Level>Information</Level>
                <Message><![CDATA[
Guest Network Service state changed. Id: '%1', State: '%2']]></Message>
                <Template><![CDATA[
<template xmlns="http://schemas.microsoft.com/win/2004/08/events">
  <data name="GnsId" inType="win:GUID" outType="xs:GUID"/>
  <data name="GnsState" inType="win:UInt32" outType="xs:unsignedInt"/>
</template>
]]></Template>
            </Event>
            <Event>
                <Id>1055</Id>
                <Version>0</Version>
                <Channel>Microsoft-Windows-Host-Network-Service-Operational</Channel>
                <Level>Information</Level>
                <Message><![CDATA[
RPC request received. Type: '%1', Entity: '%2', Id: '%3', Access Level: '%5', Data: '%4']]></Message>
                <Template><![CDATA[
<template xmlns="http://schemas.microsoft.com/win/2004/08/events">
  <data name="Request" inType="win:UnicodeString" outType="xs:string"/>
  <data name="Entity" inType="win:UnicodeString" outType="xs:string"/>
  <data name="Id" inType="win:GUID" outType="xs:GUID"/>
  <data name="Data" inType="win:UnicodeString" outType="xs:string"/>
  <data name="RpcAccessLevel" inType="win:UInt32" outType="xs:unsignedInt"/>
</template>
]]></Template>
            </Event>
            <Event>
                <Id>1056</Id>
                <Version>0</Version>
                <Channel>Microsoft-Windows-Host-Network-Service-Admin</Channel>
                <Level>Error</Level>
                <Message><![CDATA[
%1 :- 
 Endpoint id = '%2'.
  Network id = '%3'.
  Policy type = '%4'.
  Result code = '%5'.]]></Message>
                <Template><![CDATA[
<template xmlns="http://schemas.microsoft.com/win/2004/08/events">
  <data name="EventString" inType="win:UnicodeString" outType="xs:string"/>
  <data name="EndpointId" inType="win:GUID" outType="xs:GUID"/>
  <data name="NetworkId" inType="win:GUID" outType="xs:GUID"/>
  <data name="PolicyType" inType="win:UInt32" outType="xs:unsignedInt"/>
  <data name="Result" inType="win:HexInt32" outType="win:HexInt32"/>
</template>
]]></Template>
            </Event>
            <Event>
                <Id>1057</Id>
                <Version>0</Version>
                <Channel>Microsoft-Windows-Host-Network-Service-Admin</Channel>
                <Level>Information</Level>
                <Message><![CDATA[
%1 :- 
 Endpoint id = '%2'.
  Network id = '%3'.
  Policy type = '%4'.
  Result code = '%5'.]]></Message>
                <Template><![CDATA[
<template xmlns="http://schemas.microsoft.com/win/2004/08/events">
  <data name="EventString" inType="win:UnicodeString" outType="xs:string"/>
  <data name="EndpointId" inType="win:GUID" outType="xs:GUID"/>
  <data name="NetworkId" inType="win:GUID" outType="xs:GUID"/>
  <data name="PolicyType" inType="win:UInt32" outType="xs:unsignedInt"/>
  <data name="Result" inType="win:HexInt32" outType="win:HexInt32"/>
</template>
]]></Template>
            </Event>
            <Event>
                <Id>1058</Id>
                <Version>0</Version>
                <Channel>Microsoft-Windows-Host-Network-Service-Admin</Channel>
                <Level>Error</Level>
                <Message><![CDATA[
HNS failed to configure IOV offload on vmswitch port with error '%1', switch id = '%2', port id = '%3'.]]></Message>
                <Template><![CDATA[
<template xmlns="http://schemas.microsoft.com/win/2004/08/events">
  <data name="Parameter0" inType="win:HexInt32" outType="win:HexInt32"/>
  <data name="Parameter1" inType="win:UnicodeString" outType="xs:string"/>
  <data name="Parameter2" inType="win:UnicodeString" outType="xs:string"/>
</template>
]]></Template>
            </Event>
            <Event>
                <Id>1060</Id>
                <Version>0</Version>
                <Channel>Microsoft-Windows-Host-Network-Service-Admin</Channel>
                <Level>Warning</Level>
                <Message><![CDATA[
Action taken to remove orphaned component: '%1' '%2' ('%3'), result='%4']]></Message>
                <Template><![CDATA[
<template xmlns="http://schemas.microsoft.com/win/2004/08/events">
  <data name="Action" inType="win:UnicodeString" outType="xs:string"/>
  <data name="Name" inType="win:UnicodeString" outType="xs:string"/>
  <data name="Detail" inType="win:UnicodeString" outType="xs:string"/>
  <data name="Result" inType="win:HexInt32" outType="win:HexInt32"/>
</template>
]]></Template>
            </Event>
        </EventMetadata>
    </Provider>
</Providers>
