<Providers>
    <Provider>
        <Name>Microsoft-Windows-DXGIDebug</Name>
        <Metadata>
            <Guid>{F1FF64EF-FAF3-5699-8E51-F6EC2FBD97D1}</Guid>
            <ResourceFilePath>DXGIDebug.dll</ResourceFilePath>
            <ParameterFilePath></ParameterFilePath>
            <MessageFilePath>DXGIDebug.dll</MessageFilePath>
            <HelpLink></HelpLink>
            <PublisherMessage></PublisherMessage>
            <Channels>
                <Channel>
                    <Message></Message>
                    <Path>Microsoft-Windows-DXGIDebug/Logging</Path>
                    <Index>0</Index>
                    <Id>16</Id>
                    <Imported>false</Imported>
                </Channel>
            </Channels>
            <Levels>
                <Level>
                    <Message>Information</Message>
                    <Name>win:Informational</Name>
                    <Value>4</Value>
                </Level>
                <Level>
                    <Message>Verbose</Message>
                    <Name>win:Verbose</Name>
                    <Value>5</Value>
                </Level>
            </Levels>
            <Tasks>
                <Task>
                    <Message></Message>
                    <Name>ErrorMessage</Name>
                    <Value>1</Value>
                </Task>
                <Task>
                    <Message></Message>
                    <Name>WarningMessage</Name>
                    <Value>2</Value>
                </Task>
                <Task>
                    <Message></Message>
                    <Name>InfoMessage</Name>
                    <Value>3</Value>
                </Task>
                <Task>
                    <Message></Message>
                    <Name>FilteredOutMessage</Name>
                    <Value>4</Value>
                </Task>
            </Tasks>
            <Opcodes>
            </Opcodes>
            <Keywords>
            </Keywords>
        </Metadata>
        <EventMetadata>
            <Event>
                <Id>1</Id>
                <Version>0</Version>
                <Channel>Microsoft-Windows-DXGIDebug/Logging</Channel>
                <Level>Information</Level>
                <Task>ErrorMessage</Task>
                <Template><![CDATA[
<template xmlns="http://schemas.microsoft.com/win/2004/08/events">
  <data name="Producer" inType="win:GUID" outType="xs:GUID"/>
  <data name="pProducer" inType="win:Pointer" outType="win:HexInt64"/>
  <data name="Category" inType="win:UInt32" outType="xs:unsignedInt"/>
  <data name="Severity" inType="win:UInt32" outType="xs:unsignedInt"/>
  <data name="ID" inType="win:UInt32" outType="xs:unsignedInt"/>
  <data name="DebugMessageByteLength" inType="win:UInt32" outType="xs:unsignedInt"/>
  <data name="DebugMessage" inType="win:AnsiString" outType="xs:string" length="DebugMessageByteLength"/>
</template>
]]></Template>
            </Event>
            <Event>
                <Id>2</Id>
                <Version>0</Version>
                <Channel>Microsoft-Windows-DXGIDebug/Logging</Channel>
                <Level>Information</Level>
                <Task>WarningMessage</Task>
                <Template><![CDATA[
<template xmlns="http://schemas.microsoft.com/win/2004/08/events">
  <data name="Producer" inType="win:GUID" outType="xs:GUID"/>
  <data name="pProducer" inType="win:Pointer" outType="win:HexInt64"/>
  <data name="Category" inType="win:UInt32" outType="xs:unsignedInt"/>
  <data name="Severity" inType="win:UInt32" outType="xs:unsignedInt"/>
  <data name="ID" inType="win:UInt32" outType="xs:unsignedInt"/>
  <data name="DebugMessageByteLength" inType="win:UInt32" outType="xs:unsignedInt"/>
  <data name="DebugMessage" inType="win:AnsiString" outType="xs:string" length="DebugMessageByteLength"/>
</template>
]]></Template>
            </Event>
            <Event>
                <Id>3</Id>
                <Version>0</Version>
                <Channel>Microsoft-Windows-DXGIDebug/Logging</Channel>
                <Level>Information</Level>
                <Task>InfoMessage</Task>
                <Template><![CDATA[
<template xmlns="http://schemas.microsoft.com/win/2004/08/events">
  <data name="Producer" inType="win:GUID" outType="xs:GUID"/>
  <data name="pProducer" inType="win:Pointer" outType="win:HexInt64"/>
  <data name="Category" inType="win:UInt32" outType="xs:unsignedInt"/>
  <data name="Severity" inType="win:UInt32" outType="xs:unsignedInt"/>
  <data name="ID" inType="win:UInt32" outType="xs:unsignedInt"/>
  <data name="DebugMessageByteLength" inType="win:UInt32" outType="xs:unsignedInt"/>
  <data name="DebugMessage" inType="win:AnsiString" outType="xs:string" length="DebugMessageByteLength"/>
</template>
]]></Template>
            </Event>
            <Event>
                <Id>4</Id>
                <Version>0</Version>
                <Channel>Microsoft-Windows-DXGIDebug/Logging</Channel>
                <Level>Verbose</Level>
                <Task>FilteredOutMessage</Task>
                <Template><![CDATA[
<template xmlns="http://schemas.microsoft.com/win/2004/08/events">
  <data name="Producer" inType="win:GUID" outType="xs:GUID"/>
  <data name="pProducer" inType="win:Pointer" outType="win:HexInt64"/>
  <data name="Category" inType="win:UInt32" outType="xs:unsignedInt"/>
  <data name="Severity" inType="win:UInt32" outType="xs:unsignedInt"/>
  <data name="ID" inType="win:UInt32" outType="xs:unsignedInt"/>
  <data name="DebugMessageByteLength" inType="win:UInt32" outType="xs:unsignedInt"/>
  <data name="DebugMessage" inType="win:AnsiString" outType="xs:string" length="DebugMessageByteLength"/>
</template>
]]></Template>
            </Event>
        </EventMetadata>
    </Provider>
</Providers>
