<Providers>
    <Provider>
        <Name>Microsoft-Windows-Hyper-V-Guest-Drivers-Vmbus</Name>
        <Metadata>
            <Guid>{F2E2CE31-0E8A-4E46-A03B-2E0FE97E93C2}</Guid>
            <ResourceFilePath>%systemroot%\system32\drivers\vmbus.sys</ResourceFilePath>
            <ParameterFilePath>%systemroot%\system32\drivers\vmbus.sys</ParameterFilePath>
            <MessageFilePath>%systemroot%\system32\drivers\vmbus.sys</MessageFilePath>
            <HelpLink></HelpLink>
            <PublisherMessage>Microsoft-Windows-Hyper-V-VmBus</PublisherMessage>
            <Channels>
                <Channel>
                    <Message></Message>
                    <Path>Microsoft-Windows-Hyper-V-Guest-Drivers/Admin</Path>
                    <Index>0</Index>
                    <Id>16</Id>
                    <Imported>true</Imported>
                </Channel>
            </Channels>
            <Levels>
                <Level>
                    <Message>Error</Message>
                    <Name>win:Error</Name>
                    <Value>2</Value>
                </Level>
            </Levels>
            <Tasks>
            </Tasks>
            <Opcodes>
            </Opcodes>
            <Keywords>
            </Keywords>
        </Metadata>
        <EventMetadata>
            <Event>
                <Id>1</Id>
                <Version>0</Version>
                <Channel>Microsoft-Windows-Hyper-V-Guest-Drivers/Admin</Channel>
                <Level>Error</Level>
                <Message><![CDATA[
Hyper-V is running a different version of VMBus. Update the guest operating system to fix this problem.]]></Message>
                <Template><![CDATA[
<template xmlns="http://schemas.microsoft.com/win/2004/08/events">
</template>
]]></Template>
            </Event>
        </EventMetadata>
    </Provider>
</Providers>
