<Providers>
    <Provider>
        <Name>Microsoft-Windows-Kernel-General</Name>
        <Metadata>
            <Guid>{A68CA8B7-004F-D7B6-A698-07E2DE0F1F5D}</Guid>
            <ResourceFilePath>%SystemRoot%\system32\Microsoft-Windows-System-Events.dll</ResourceFilePath>
            <ParameterFilePath></ParameterFilePath>
            <MessageFilePath>%SystemRoot%\system32\Microsoft-Windows-System-Events.dll</MessageFilePath>
            <HelpLink></HelpLink>
            <PublisherMessage>Microsoft-Windows-Kernel-General</PublisherMessage>
            <Channels>
                <Channel>
                    <Message>System</Message>
                    <Path>System</Path>
                    <Index>0</Index>
                    <Id>8</Id>
                    <Imported>true</Imported>
                </Channel>
            </Channels>
            <Levels>
                <Level>
                    <Message>Error</Message>
                    <Name>win:Error</Name>
                    <Value>2</Value>
                </Level>
                <Level>
                    <Message>Warning</Message>
                    <Name>win:Warning</Name>
                    <Value>3</Value>
                </Level>
                <Level>
                    <Message>Information</Message>
                    <Name>win:Informational</Name>
                    <Value>4</Value>
                </Level>
            </Levels>
            <Tasks>
                <Task>
                    <Message></Message>
                    <Name>SystemStart</Name>
                    <Value>1</Value>
                </Task>
                <Task>
                    <Message></Message>
                    <Name>SystemStop</Name>
                    <Value>2</Value>
                </Task>
                <Task>
                    <Message></Message>
                    <Name>SoftBootInfo</Name>
                    <Value>3</Value>
                </Task>
                <Task>
                    <Message></Message>
                    <Name>BootPerformanceData</Name>
                    <Value>4</Value>
                </Task>
                <Task>
                    <Message></Message>
                    <Name>SystemTimeChange</Name>
                    <Value>5</Value>
                </Task>
                <Task>
                    <Message></Message>
                    <Name>LeapSecondDataUpdate</Name>
                    <Value>6</Value>
                </Task>
                <Task>
                    <Message></Message>
                    <Name>LeapSecondDataParseFailure</Name>
                    <Value>7</Value>
                </Task>
                <Task>
                    <Message></Message>
                    <Name>TimeZoneBiasChange</Name>
                    <Value>8</Value>
                </Task>
                <Task>
                    <Message></Message>
                    <Name>VsmPerformanceData</Name>
                    <Value>9</Value>
                </Task>
                <Task>
                    <Message></Message>
                    <Name>ReorganizeHive</Name>
                    <Value>10</Value>
                </Task>
                <Task>
                    <Message></Message>
                    <Name>TimeZoneInformationRefresh</Name>
                    <Value>11</Value>
                </Task>
            </Tasks>
            <Opcodes>
                <Opcode>
                    <Message>Info</Message>
                    <Name>win:Info</Name>
                    <Value>0</Value>
                    <Task>0</Task>
                </Opcode>
            </Opcodes>
            <Keywords>
                <Keyword>
                    <Message>Time</Message>
                    <Name>KERNEL_GENERAL_KEYWORD_TIME</Name>
                    <Value>16</Value>
                </Keyword>
                <Keyword>
                    <Message></Message>
                    <Name>KERNEL_GENERAL_SECURITY_ACCESSCHECK</Name>
                    <Value>32</Value>
                </Keyword>
                <Keyword>
                    <Message></Message>
                    <Name>KERNEL_GENERAL_TOKEN_SID_MANAGEMENT</Name>
                    <Value>64</Value>
                </Keyword>
                <Keyword>
                    <Message></Message>
                    <Name>BootPerformance</Name>
                    <Value>128</Value>
                </Keyword>
            </Keywords>
        </Metadata>
        <EventMetadata>
            <Event>
                <Id>1</Id>
                <Version>0</Version>
                <Channel>System</Channel>
                <Level>Information</Level>
                <Keyword>Time</Keyword>
                <Message><![CDATA[
The system time has changed to %1 from %2.]]></Message>
                <Template><![CDATA[
<template xmlns="http://schemas.microsoft.com/win/2004/08/events">
  <data name="NewTime" inType="win:FILETIME" outType="xs:dateTime"/>
  <data name="OldTime" inType="win:FILETIME" outType="xs:dateTime"/>
</template>
]]></Template>
            </Event>
            <Event>
                <Id>1</Id>
                <Version>1</Version>
                <Channel>System</Channel>
                <Level>Information</Level>
                <Task>SystemTimeChange</Task>
                <Keyword>Time</Keyword>
                <Message><![CDATA[
The system time has changed to %1 from %2.

Change Reason: %3.]]></Message>
                <Template><![CDATA[
<template xmlns="http://schemas.microsoft.com/win/2004/08/events">
  <data name="NewTime" inType="win:FILETIME" outType="xs:dateTime"/>
  <data name="OldTime" inType="win:FILETIME" outType="xs:dateTime"/>
  <data name="Reason" inType="win:UInt32" outType="xs:unsignedInt"/>
</template>
]]></Template>
            </Event>
            <Event>
                <Id>1</Id>
                <Version>2</Version>
                <Channel>System</Channel>
                <Level>Information</Level>
                <Task>SystemTimeChange</Task>
                <Keyword>Time</Keyword>
                <Message><![CDATA[
The system time has changed to %1 from %2.

Change Reason: %3.
Process: '%4' (PID %5).]]></Message>
                <Template><![CDATA[
<template xmlns="http://schemas.microsoft.com/win/2004/08/events">
  <data name="NewTime" inType="win:FILETIME" outType="xs:dateTime"/>
  <data name="OldTime" inType="win:FILETIME" outType="xs:dateTime"/>
  <data name="Reason" inType="win:UInt32" outType="xs:unsignedInt"/>
  <data name="ProcessName" inType="win:UnicodeString" outType="xs:string"/>
  <data name="ProcessID" inType="win:UInt32" outType="win:PID"/>
</template>
]]></Template>
            </Event>
            <Event>
                <Id>1</Id>
                <Version>3</Version>
                <Channel>System</Channel>
                <Level>Information</Level>
                <Task>SystemTimeChange</Task>
                <Keyword>Time</Keyword>
                <Message><![CDATA[
The system time has changed to %1 from %2.

Change Reason: %3.
Process: '%4' (PID %5).

RTC time: %6
Current time zone bias: %7
RTC time is in UTC: %8
System time was based on RTC time: %9]]></Message>
                <Template><![CDATA[
<template xmlns="http://schemas.microsoft.com/win/2004/08/events">
  <data name="NewTime" inType="win:FILETIME" outType="xs:dateTime"/>
  <data name="OldTime" inType="win:FILETIME" outType="xs:dateTime"/>
  <data name="Reason" inType="win:UInt32" outType="xs:unsignedInt"/>
  <data name="ProcessName" inType="win:UnicodeString" outType="xs:string"/>
  <data name="ProcessID" inType="win:UInt32" outType="win:PID"/>
  <data name="CmosTime" inType="win:FILETIME" outType="xs:dateTime"/>
  <data name="TimeZoneBias" inType="win:Int32" outType="xs:int"/>
  <data name="RealTimeIsUniversal" inType="win:Boolean" outType="xs:boolean"/>
  <data name="SystemInCmosMode" inType="win:Boolean" outType="xs:boolean"/>
</template>
]]></Template>
            </Event>
            <Event>
                <Id>1</Id>
                <Version>4</Version>
                <Channel>System</Channel>
                <Level>Information</Level>
                <Task>SystemTimeChange</Task>
                <Keyword>Time</Keyword>
                <Message><![CDATA[
The system time has changed to %1 from %2.
Time Delta: %3 ms

Change Reason: %4.
Process: '%5' (PID %6).

RTC time: %7
Current time zone bias: %8
RTC time is in UTC: %9
System time was based on RTC time: %10]]></Message>
                <Template><![CDATA[
<template xmlns="http://schemas.microsoft.com/win/2004/08/events">
  <data name="NewTime" inType="win:FILETIME" outType="xs:dateTime"/>
  <data name="OldTime" inType="win:FILETIME" outType="xs:dateTime"/>
  <data name="TimeDeltaInMs" inType="win:Int64" outType="xs:long"/>
  <data name="Reason" inType="win:UInt32" outType="xs:unsignedInt"/>
  <data name="ProcessName" inType="win:UnicodeString" outType="xs:string"/>
  <data name="ProcessID" inType="win:UInt32" outType="win:PID"/>
  <data name="CmosTime" inType="win:FILETIME" outType="xs:dateTime"/>
  <data name="TimeZoneBias" inType="win:Int32" outType="xs:int"/>
  <data name="RealTimeIsUniversal" inType="win:Boolean" outType="xs:boolean"/>
  <data name="SystemInCmosMode" inType="win:Boolean" outType="xs:boolean"/>
</template>
]]></Template>
            </Event>
            <Event>
                <Id>2</Id>
                <Version>0</Version>
                <Channel>System</Channel>
                <Level>Information</Level>
                <Message><![CDATA[
License policy-cache corruption detected.]]></Message>
                <Template><![CDATA[
<template xmlns="http://schemas.microsoft.com/win/2004/08/events">
</template>
]]></Template>
            </Event>
            <Event>
                <Id>3</Id>
                <Version>0</Version>
                <Channel>System</Channel>
                <Level>Information</Level>
                <Message><![CDATA[
License policy-cache corruption has been fixed.]]></Message>
                <Template><![CDATA[
<template xmlns="http://schemas.microsoft.com/win/2004/08/events">
</template>
]]></Template>
            </Event>
            <Event>
                <Id>4</Id>
                <Version>0</Version>
                <Channel>System</Channel>
                <Level>Information</Level>
                <Message><![CDATA[
License policy-cache has expired because it was not updated within expected duration.]]></Message>
                <Template><![CDATA[
<template xmlns="http://schemas.microsoft.com/win/2004/08/events">
</template>
]]></Template>
            </Event>
            <Event>
                <Id>5</Id>
                <Version>0</Version>
                <Channel>System</Channel>
                <Level>Error</Level>
                <Message><![CDATA[
{Registry Hive Recovered} Registry hive (file): '%3' was corrupted and it has been recovered. Some data might have been lost.]]></Message>
                <Template><![CDATA[
<template xmlns="http://schemas.microsoft.com/win/2004/08/events">
  <data name="FinalStatus" inType="win:HexInt32" outType="win:HexInt32"/>
  <data name="ExtraStringLength" inType="win:UInt16" outType="xs:unsignedShort"/>
  <data name="ExtraString" inType="win:UnicodeString" outType="xs:string" length="ExtraStringLength"/>
</template>
]]></Template>
            </Event>
            <Event>
                <Id>6</Id>
                <Version>0</Version>
                <Channel>System</Channel>
                <Level>Error</Level>
                <Message><![CDATA[
An I/O operation initiated by the Registry failed unrecoverably.The Registry could not flush hive (file): '%3'.]]></Message>
                <Template><![CDATA[
<template xmlns="http://schemas.microsoft.com/win/2004/08/events">
  <data name="FinalStatus" inType="win:HexInt32" outType="win:HexInt32"/>
  <data name="ExtraStringLength" inType="win:UInt16" outType="xs:unsignedShort"/>
  <data name="ExtraString" inType="win:UnicodeString" outType="xs:string" length="ExtraStringLength"/>
</template>
]]></Template>
            </Event>
            <Event>
                <Id>11</Id>
                <Version>0</Version>
                <Channel>System</Channel>
                <Level>Information</Level>
                <Message><![CDATA[
TxR init phase for hive %2 (TM: %3, RM: %4) finished with result=%5 (Internal code=%6).]]></Message>
                <Template><![CDATA[
<template xmlns="http://schemas.microsoft.com/win/2004/08/events">
  <data name="ExtraStringLength" inType="win:UInt16" outType="xs:unsignedShort"/>
  <data name="ExtraString" inType="win:UnicodeString" outType="xs:string" length="ExtraStringLength"/>
  <data name="TmId" inType="win:GUID" outType="xs:GUID"/>
  <data name="RmId" inType="win:GUID" outType="xs:GUID"/>
  <data name="Status" inType="win:HexInt32" outType="win:HexInt32"/>
  <data name="InternalCode" inType="win:UInt32" outType="xs:unsignedInt"/>
</template>
]]></Template>
            </Event>
            <Event>
                <Id>12</Id>
                <Version>0</Version>
                <Channel>System</Channel>
                <Level>Information</Level>
                <Task>SystemStart</Task>
                <Keyword>BootPerformance</Keyword>
                <Message><![CDATA[
The operating system started at system time %7.]]></Message>
                <Template><![CDATA[
<template xmlns="http://schemas.microsoft.com/win/2004/08/events">
  <data name="MajorVersion" inType="win:UInt32" outType="xs:unsignedInt"/>
  <data name="MinorVersion" inType="win:UInt32" outType="xs:unsignedInt"/>
  <data name="BuildVersion" inType="win:UInt32" outType="xs:unsignedInt"/>
  <data name="QfeVersion" inType="win:UInt32" outType="xs:unsignedInt"/>
  <data name="ServiceVersion" inType="win:UInt16" outType="xs:unsignedShort"/>
  <data name="BootMode" inType="win:UInt32" outType="xs:unsignedInt"/>
  <data name="StartTime" inType="win:FILETIME" outType="xs:dateTime"/>
</template>
]]></Template>
            </Event>
            <Event>
                <Id>13</Id>
                <Version>0</Version>
                <Channel>System</Channel>
                <Level>Information</Level>
                <Task>SystemStop</Task>
                <Keyword>BootPerformance</Keyword>
                <Message><![CDATA[
The operating system is shutting down at system time %1.]]></Message>
                <Template><![CDATA[
<template xmlns="http://schemas.microsoft.com/win/2004/08/events">
  <data name="StopTime" inType="win:FILETIME" outType="xs:dateTime"/>
</template>
]]></Template>
            </Event>
            <Event>
                <Id>14</Id>
                <Version>0</Version>
                <Level>Error</Level>
                <Keyword>KERNEL_GENERAL_SECURITY_ACCESSCHECK</Keyword>
                <Template><![CDATA[
<template xmlns="http://schemas.microsoft.com/win/2004/08/events">
  <data name="Mode" inType="win:UnicodeString" outType="xs:string"/>
  <data name="ObjectType" inType="win:UnicodeString" outType="xs:string"/>
  <data name="ObjectName" inType="win:UnicodeString" outType="xs:string"/>
  <data name="ProcessName" inType="win:UnicodeString" outType="xs:string"/>
  <data name="ObjectCreatorProcessName" inType="win:UnicodeString" outType="xs:string"/>
  <data name="AccessMask" inType="win:HexInt32" outType="win:HexInt32"/>
  <data name="TokenType" inType="win:UInt32" outType="xs:unsignedInt"/>
  <data name="ImpersonationLevel" inType="win:UInt32" outType="xs:unsignedInt"/>
  <data name="SessionId" inType="win:UInt32" outType="xs:unsignedInt"/>
  <data name="LowBoxNumber" inType="win:UInt32" outType="xs:unsignedInt"/>
  <data name="TokenGroupsCount" inType="win:UInt32" outType="xs:unsignedInt"/>
  <struct name="TokenGroups" count="TokenGroupsCount">
    <data name="GroupAttributes" inType="win:HexInt32" outType="win:HexInt32"/>
    <data name="GroupSid" inType="win:SID" outType="xs:string"/>
  </struct>
  <data name="TokenPackageCount" inType="win:UInt32" outType="xs:unsignedInt"/>
  <struct name="TokenPackage" count="TokenPackageCount">
    <data name="PackageSid" inType="win:SID" outType="xs:string"/>
  </struct>
  <data name="TokenCapabilityCount" inType="win:UInt32" outType="xs:unsignedInt"/>
  <struct name="TokenCapabilities" count="TokenCapabilityCount">
    <data name="CapabilityAttributes" inType="win:HexInt32" outType="win:HexInt32"/>
    <data name="CapabilitySid" inType="win:SID" outType="xs:string"/>
  </struct>
  <data name="TokenTrustLevelCount" inType="win:UInt32" outType="xs:unsignedInt"/>
  <struct name="TokenTrustLevel" count="TokenTrustLevelCount">
    <data name="TrustLevelSid" inType="win:SID" outType="xs:string"/>
  </struct>
  <data name="SecurityDescriptorRevision" inType="win:UInt8" outType="xs:unsignedByte"/>
  <data name="SecurityDescriptorControl" inType="win:UInt16" outType="win:HexInt16"/>
  <data name="SecurityDescriptorOwner" inType="win:SID" outType="xs:string"/>
  <data name="SecurityDescriptorGroup" inType="win:SID" outType="xs:string"/>
  <data name="DaclRevision" inType="win:UInt8" outType="xs:unsignedByte"/>
  <data name="DaclAceCount" inType="win:UInt16" outType="xs:unsignedShort"/>
  <struct name="DaclAce" count="DaclAceCount">
    <data name="AceType" inType="win:UInt32" outType="xs:unsignedInt"/>
    <data name="AceFlags" inType="win:HexInt32" outType="win:HexInt32"/>
    <data name="AccessMask" inType="win:HexInt32" outType="win:HexInt32"/>
    <data name="Sid" inType="win:SID" outType="xs:string"/>
  </struct>
  <data name="SaclRevision" inType="win:UInt8" outType="xs:unsignedByte"/>
  <data name="SaclAceCount" inType="win:UInt16" outType="xs:unsignedShort"/>
  <struct name="SaclAce" count="SaclAceCount">
    <data name="AceType" inType="win:UInt32" outType="xs:unsignedInt"/>
    <data name="AceFlags" inType="win:HexInt32" outType="win:HexInt32"/>
    <data name="AccessMask" inType="win:HexInt32" outType="win:HexInt32"/>
    <data name="Sid" inType="win:SID" outType="xs:string"/>
  </struct>
</template>
]]></Template>
            </Event>
            <Event>
                <Id>15</Id>
                <Version>0</Version>
                <Channel>System</Channel>
                <Level>Information</Level>
                <Task>ReorganizeHive</Task>
                <Message><![CDATA[
Hive %2 was reorganized with a starting size of %3 bytes and an ending size of %4 bytes.]]></Message>
                <Template><![CDATA[
<template xmlns="http://schemas.microsoft.com/win/2004/08/events">
  <data name="HiveNameLength" inType="win:UInt16" outType="xs:unsignedShort"/>
  <data name="HiveName" inType="win:UnicodeString" outType="xs:string" length="HiveNameLength"/>
  <data name="OriginalSize" inType="win:UInt32" outType="xs:unsignedInt"/>
  <data name="NewSize" inType="win:UInt32" outType="xs:unsignedInt"/>
</template>
]]></Template>
            </Event>
            <Event>
                <Id>16</Id>
                <Version>0</Version>
                <Channel>System</Channel>
                <Level>Information</Level>
                <Message><![CDATA[
The access history in hive %2 was cleared updating %3 keys and creating %4 modified pages.]]></Message>
                <Template><![CDATA[
<template xmlns="http://schemas.microsoft.com/win/2004/08/events">
  <data name="HiveNameLength" inType="win:UInt16" outType="xs:unsignedShort"/>
  <data name="HiveName" inType="win:UnicodeString" outType="xs:string" length="HiveNameLength"/>
  <data name="KeysUpdated" inType="win:UInt32" outType="xs:unsignedInt"/>
  <data name="DirtyPages" inType="win:UInt32" outType="xs:unsignedInt"/>
</template>
]]></Template>
            </Event>
            <Event>
                <Id>17</Id>
                <Version>0</Version>
                <Level>Information</Level>
                <Keyword>KERNEL_GENERAL_TOKEN_SID_MANAGEMENT</Keyword>
                <Template><![CDATA[
<template xmlns="http://schemas.microsoft.com/win/2004/08/events">
  <data name="ActionName" inType="win:UnicodeString" outType="xs:string"/>
  <data name="ProcessName" inType="win:UnicodeString" outType="xs:string"/>
  <data name="AccountName" inType="win:UnicodeString" outType="xs:string"/>
  <data name="AuthorityName" inType="win:UnicodeString" outType="xs:string"/>
  <data name="TokenId" inType="win:HexInt64" outType="win:HexInt64"/>
  <data name="AuthenticationId" inType="win:HexInt64" outType="win:HexInt64"/>
  <data name="TokenType" inType="win:UInt32" outType="xs:unsignedInt"/>
  <data name="ImpersonationLevel" inType="win:UInt32" outType="xs:unsignedInt"/>
  <data name="TokenFlags" inType="win:HexInt32" outType="win:HexInt32"/>
  <data name="SidValuesReferenceCount" inType="win:Int64" outType="xs:long"/>
  <data name="SidValuesCount" inType="win:UInt32" outType="xs:unsignedInt"/>
  <struct name="SidValues" count="SidValuesCount">
    <data name="Sid" inType="win:SID" outType="xs:string"/>
  </struct>
  <data name="SharedSidValuesReferenceCount" inType="win:Int64" outType="xs:long"/>
  <data name="SharedSidValuesCount" inType="win:UInt32" outType="xs:unsignedInt"/>
  <struct name="SharedSidValues" count="SharedSidValuesCount">
    <data name="Sid" inType="win:SID" outType="xs:string"/>
  </struct>
</template>
]]></Template>
            </Event>
            <Event>
                <Id>18</Id>
                <Version>0</Version>
                <Channel>System</Channel>
                <Level>Information</Level>
                <Task>SoftBootInfo</Task>
                <Keyword>BootPerformance</Keyword>
                <Message><![CDATA[
The operating system is starting after soft restart.]]></Message>
                <Template><![CDATA[
<template xmlns="http://schemas.microsoft.com/win/2004/08/events">
  <data name="TransitionStartTime" inType="win:FILETIME" outType="xs:dateTime"/>
  <data name="CurrentTime" inType="win:FILETIME" outType="xs:dateTime"/>
  <data name="SoftRestartCount" inType="win:UInt32" outType="xs:unsignedInt"/>
</template>
]]></Template>
            </Event>
            <Event>
                <Id>18</Id>
                <Version>1</Version>
                <Channel>System</Channel>
                <Level>Information</Level>
                <Task>SoftBootInfo</Task>
                <Keyword>BootPerformance</Keyword>
                <Message><![CDATA[
The operating system is starting after soft restart. BugcheckRecovery: %4]]></Message>
                <Template><![CDATA[
<template xmlns="http://schemas.microsoft.com/win/2004/08/events">
  <data name="TransitionStartTime" inType="win:FILETIME" outType="xs:dateTime"/>
  <data name="CurrentTime" inType="win:FILETIME" outType="xs:dateTime"/>
  <data name="SoftRestartCount" inType="win:UInt32" outType="xs:unsignedInt"/>
  <data name="BugcheckRecovery" inType="win:Boolean" outType="xs:boolean"/>
</template>
]]></Template>
            </Event>
            <Event>
                <Id>19</Id>
                <Version>0</Version>
                <Level>Information</Level>
                <Task>BootPerformanceData</Task>
                <Keyword>BootPerformance</Keyword>
                <Template><![CDATA[
<template xmlns="http://schemas.microsoft.com/win/2004/08/events">
  <data name="MmPhase0Start" inType="win:UInt64" outType="xs:unsignedLong"/>
  <data name="MmPhase0Stop" inType="win:UInt64" outType="xs:unsignedLong"/>
  <data name="Phase1Start" inType="win:UInt64" outType="xs:unsignedLong"/>
  <data name="KsrExtensionStart" inType="win:UInt64" outType="xs:unsignedLong"/>
  <data name="KsrExtensionStop" inType="win:UInt64" outType="xs:unsignedLong"/>
  <data name="StartProcessorsStart" inType="win:UInt64" outType="xs:unsignedLong"/>
  <data name="StartProcessorsStop" inType="win:UInt64" outType="xs:unsignedLong"/>
</template>
]]></Template>
            </Event>
            <Event>
                <Id>19</Id>
                <Version>1</Version>
                <Level>Information</Level>
                <Task>BootPerformanceData</Task>
                <Keyword>BootPerformance</Keyword>
                <Template><![CDATA[
<template xmlns="http://schemas.microsoft.com/win/2004/08/events">
  <data name="MmPhase0Start" inType="win:UInt64" outType="xs:unsignedLong"/>
  <data name="MmPhase0Stop" inType="win:UInt64" outType="xs:unsignedLong"/>
  <data name="Phase1Start" inType="win:UInt64" outType="xs:unsignedLong"/>
  <data name="KsrExtensionStart" inType="win:UInt64" outType="xs:unsignedLong"/>
  <data name="KsrExtensionStop" inType="win:UInt64" outType="xs:unsignedLong"/>
  <data name="StartProcessorsStart" inType="win:UInt64" outType="xs:unsignedLong"/>
  <data name="StartProcessorsStop" inType="win:UInt64" outType="xs:unsignedLong"/>
  <data name="AutoLoggerInitStart" inType="win:UInt64" outType="xs:unsignedLong"/>
  <data name="AutoLoggerInitStop" inType="win:UInt64" outType="xs:unsignedLong"/>
</template>
]]></Template>
            </Event>
            <Event>
                <Id>19</Id>
                <Version>2</Version>
                <Level>Information</Level>
                <Task>BootPerformanceData</Task>
                <Keyword>BootPerformance</Keyword>
                <Template><![CDATA[
<template xmlns="http://schemas.microsoft.com/win/2004/08/events">
  <data name="MmPhase0Start" inType="win:UInt64" outType="xs:unsignedLong"/>
  <data name="MmPhase0Stop" inType="win:UInt64" outType="xs:unsignedLong"/>
  <data name="Phase1Start" inType="win:UInt64" outType="xs:unsignedLong"/>
  <data name="KsrExtensionStart" inType="win:UInt64" outType="xs:unsignedLong"/>
  <data name="KsrExtensionStop" inType="win:UInt64" outType="xs:unsignedLong"/>
  <data name="StartProcessorsStart" inType="win:UInt64" outType="xs:unsignedLong"/>
  <data name="StartProcessorsStop" inType="win:UInt64" outType="xs:unsignedLong"/>
  <data name="AutoLoggerInitStart" inType="win:UInt64" outType="xs:unsignedLong"/>
  <data name="AutoLoggerInitStop" inType="win:UInt64" outType="xs:unsignedLong"/>
  <data name="MmPhase1Start" inType="win:UInt64" outType="xs:unsignedLong"/>
  <data name="MmPhase1Stop" inType="win:UInt64" outType="xs:unsignedLong"/>
  <data name="HalPhase0StartCycleTime" inType="win:UInt64" outType="xs:unsignedLong"/>
  <data name="HalPhase0StopCycleTime" inType="win:UInt64" outType="xs:unsignedLong"/>
</template>
]]></Template>
            </Event>
            <Event>
                <Id>19</Id>
                <Version>3</Version>
                <Level>Information</Level>
                <Task>BootPerformanceData</Task>
                <Keyword>BootPerformance</Keyword>
                <Template><![CDATA[
<template xmlns="http://schemas.microsoft.com/win/2004/08/events">
  <data name="MmPhase0Start" inType="win:UInt64" outType="xs:unsignedLong"/>
  <data name="MmPhase0Stop" inType="win:UInt64" outType="xs:unsignedLong"/>
  <data name="Phase1Start" inType="win:UInt64" outType="xs:unsignedLong"/>
  <data name="KsrExtensionStart" inType="win:UInt64" outType="xs:unsignedLong"/>
  <data name="KsrExtensionStop" inType="win:UInt64" outType="xs:unsignedLong"/>
  <data name="StartProcessorsStart" inType="win:UInt64" outType="xs:unsignedLong"/>
  <data name="StartProcessorsStop" inType="win:UInt64" outType="xs:unsignedLong"/>
  <data name="AutoLoggerInitStart" inType="win:UInt64" outType="xs:unsignedLong"/>
  <data name="AutoLoggerInitStop" inType="win:UInt64" outType="xs:unsignedLong"/>
  <data name="MmPhase1Start" inType="win:UInt64" outType="xs:unsignedLong"/>
  <data name="MmPhase1Stop" inType="win:UInt64" outType="xs:unsignedLong"/>
  <data name="HalPhase0StartCycleTime" inType="win:UInt64" outType="xs:unsignedLong"/>
  <data name="HalPhase0StopCycleTime" inType="win:UInt64" outType="xs:unsignedLong"/>
  <data name="MmMark" inType="win:UInt64" outType="xs:unsignedLong" count="20"/>
</template>
]]></Template>
            </Event>
            <Event>
                <Id>20</Id>
                <Version>0</Version>
                <Channel>System</Channel>
                <Level>Information</Level>
                <Task>LeapSecondDataUpdate</Task>
                <Keyword>Time</Keyword>
                <Message><![CDATA[
The leap second configuration has been updated.
Reason: %1
Leap seconds enabled: %2
New leap second count: %3
Old leap second count: %4]]></Message>
                <Template><![CDATA[
<template xmlns="http://schemas.microsoft.com/win/2004/08/events">
  <data name="UpdateReason" inType="win:UInt32" outType="xs:unsignedInt"/>
  <data name="EnabledNew" inType="win:Boolean" outType="xs:boolean"/>
  <data name="CountNew" inType="win:UInt32" outType="xs:unsignedInt"/>
  <data name="CountOld" inType="win:UInt32" outType="xs:unsignedInt"/>
</template>
]]></Template>
            </Event>
            <Event>
                <Id>21</Id>
                <Version>0</Version>
                <Channel>System</Channel>
                <Level>Warning</Level>
                <Task>LeapSecondDataParseFailure</Task>
                <Keyword>Time</Keyword>
                <Message><![CDATA[
Failed to update leap second data from the registry. Reason: %1]]></Message>
                <Template><![CDATA[
<template xmlns="http://schemas.microsoft.com/win/2004/08/events">
  <data name="FailureResult" inType="win:UInt32" outType="xs:unsignedInt"/>
</template>
]]></Template>
            </Event>
            <Event>
                <Id>22</Id>
                <Version>0</Version>
                <Channel>System</Channel>
                <Level>Information</Level>
                <Task>TimeZoneBiasChange</Task>
                <Keyword>Time</Keyword>
                <Message><![CDATA[
The time zone bias has changed to %1 from %2.]]></Message>
                <Template><![CDATA[
<template xmlns="http://schemas.microsoft.com/win/2004/08/events">
  <data name="NewBias" inType="win:Int32" outType="xs:int"/>
  <data name="OldBias" inType="win:Int32" outType="xs:int"/>
</template>
]]></Template>
            </Event>
            <Event>
                <Id>23</Id>
                <Version>0</Version>
                <Level>Information</Level>
                <Task>VsmPerformanceData</Task>
                <Keyword>BootPerformance</Keyword>
                <Template><![CDATA[
<template xmlns="http://schemas.microsoft.com/win/2004/08/events">
  <data name="VsmCleanupTime" inType="win:UInt64" outType="xs:unsignedLong"/>
  <data name="Mark#0" inType="win:UInt64" outType="xs:unsignedLong"/>
  <data name="Mark#1" inType="win:UInt64" outType="xs:unsignedLong"/>
  <data name="Mark#2" inType="win:UInt64" outType="xs:unsignedLong"/>
  <data name="Mark#3" inType="win:UInt64" outType="xs:unsignedLong"/>
  <data name="Mark#4" inType="win:UInt64" outType="xs:unsignedLong"/>
  <data name="Mark#5" inType="win:UInt64" outType="xs:unsignedLong"/>
  <data name="Mark#6" inType="win:UInt64" outType="xs:unsignedLong"/>
  <data name="Mark#7" inType="win:UInt64" outType="xs:unsignedLong"/>
</template>
]]></Template>
            </Event>
            <Event>
                <Id>23</Id>
                <Version>1</Version>
                <Level>Information</Level>
                <Task>VsmPerformanceData</Task>
                <Keyword>BootPerformance</Keyword>
                <Template><![CDATA[
<template xmlns="http://schemas.microsoft.com/win/2004/08/events">
  <data name="VsmCleanupTime" inType="win:UInt64" outType="xs:unsignedLong"/>
  <data name="Mark#0" inType="win:UInt64" outType="xs:unsignedLong"/>
  <data name="Mark#1" inType="win:UInt64" outType="xs:unsignedLong"/>
  <data name="Mark#2" inType="win:UInt64" outType="xs:unsignedLong"/>
  <data name="Mark#3" inType="win:UInt64" outType="xs:unsignedLong"/>
  <data name="Mark#4" inType="win:UInt64" outType="xs:unsignedLong"/>
  <data name="Mark#5" inType="win:UInt64" outType="xs:unsignedLong"/>
  <data name="Mark#6" inType="win:UInt64" outType="xs:unsignedLong"/>
  <data name="Mark#7" inType="win:UInt64" outType="xs:unsignedLong"/>
  <data name="VsmCleanupTimeFrequency" inType="win:UInt64" outType="xs:unsignedLong"/>
</template>
]]></Template>
            </Event>
            <Event>
                <Id>24</Id>
                <Version>0</Version>
                <Channel>System</Channel>
                <Level>Information</Level>
                <Task>TimeZoneInformationRefresh</Task>
                <Keyword>Time</Keyword>
                <Message><![CDATA[
The time zone information was refreshed with exit reason %1. Current time zone bias is %2.]]></Message>
                <Template><![CDATA[
<template xmlns="http://schemas.microsoft.com/win/2004/08/events">
  <data name="ExitReason" inType="win:UInt32" outType="xs:unsignedInt"/>
  <data name="CurrentBias" inType="win:Int32" outType="xs:int"/>
  <data name="CurrentTimeZoneID" inType="win:UInt32" outType="xs:unsignedInt"/>
  <data name="TimeZoneInfoCacheUpdated" inType="win:UInt8" outType="xs:unsignedByte"/>
  <data name="FirstRefresh" inType="win:UInt8" outType="xs:unsignedByte"/>
</template>
]]></Template>
            </Event>
        </EventMetadata>
    </Provider>
</Providers>
