<Providers>
    <Provider>
        <Name>Microsoft-Windows-IE-SmartScreen</Name>
        <Metadata>
            <Guid>{52F82079-1974-4C67-81DA-807B892778BB}</Guid>
            <ResourceFilePath>%SystemRoot%\system32\ieapfltr.dll</ResourceFilePath>
            <ParameterFilePath></ParameterFilePath>
            <MessageFilePath>%SystemRoot%\system32\ieapfltr.dll</MessageFilePath>
            <HelpLink></HelpLink>
            <PublisherMessage>Microsoft-Windows-IE-SmartScreen</PublisherMessage>
            <Channels>
                <Channel>
                    <Message></Message>
                    <Path>Microsoft-Windows-IE-SmartScreen</Path>
                    <Index>0</Index>
                    <Id>16</Id>
                    <Imported>false</Imported>
                </Channel>
            </Channels>
            <Levels>
                <Level>
                    <Message>Information</Message>
                    <Name>win:Informational</Name>
                    <Value>4</Value>
                </Level>
            </Levels>
            <Tasks>
                <Task>
                    <Message>TelemetryCheck</Message>
                    <Name>Telemetry_Check</Name>
                    <Value>1</Value>
                </Task>
                <Task>
                    <Message>CacheCheck</Message>
                    <Name>Cache_Check</Name>
                    <Value>2</Value>
                </Task>
                <Task>
                    <Message>DatCheck</Message>
                    <Name>Dat_Check</Name>
                    <Value>3</Value>
                </Task>
                <Task>
                    <Message>URSCall</Message>
                    <Name>URS_Call</Name>
                    <Value>4</Value>
                </Task>
                <Task>
                    <Message>URLReputationCheck</Message>
                    <Name>URLReputation_Check</Name>
                    <Value>5</Value>
                </Task>
                <Task>
                    <Message>FeedbackCall</Message>
                    <Name>Feedback_Check</Name>
                    <Value>6</Value>
                </Task>
            </Tasks>
            <Opcodes>
                <Opcode>
                    <Message>Info</Message>
                    <Name>win:Info</Name>
                    <Value>0</Value>
                    <Task>0</Task>
                </Opcode>
                <Opcode>
                    <Message>Start</Message>
                    <Name>win:Start</Name>
                    <Value>1</Value>
                    <Task>0</Task>
                </Opcode>
                <Opcode>
                    <Message>Stop</Message>
                    <Name>win:Stop</Name>
                    <Value>2</Value>
                    <Task>0</Task>
                </Opcode>
            </Opcodes>
            <Keywords>
                <Keyword>
                    <Message></Message>
                    <Name>functionality</Name>
                    <Value>1</Value>
                </Keyword>
                <Keyword>
                    <Message></Message>
                    <Name>info</Name>
                    <Value>2</Value>
                </Keyword>
                <Keyword>
                    <Message>Response Time</Message>
                    <Name>win:ResponseTime</Name>
                    <Value>281474976710656</Value>
                </Keyword>
            </Keywords>
        </Metadata>
        <EventMetadata>
            <Event>
                <Id>1</Id>
                <Version>0</Version>
                <Channel>Microsoft-Windows-IE-SmartScreen</Channel>
                <Level>Information</Level>
                <Task>CacheCheck</Task>
                <Opcode>Start</Opcode>
                <Template><![CDATA[
<template xmlns="http://schemas.microsoft.com/win/2004/08/events">
  <data name="URL" inType="win:UnicodeString" outType="xs:string"/>
</template>
]]></Template>
            </Event>
            <Event>
                <Id>2</Id>
                <Version>0</Version>
                <Channel>Microsoft-Windows-IE-SmartScreen</Channel>
                <Level>Information</Level>
                <Task>CacheCheck</Task>
                <Opcode>Stop</Opcode>
                <Template><![CDATA[
<template xmlns="http://schemas.microsoft.com/win/2004/08/events">
  <data name="URL" inType="win:UnicodeString" outType="xs:string"/>
</template>
]]></Template>
            </Event>
            <Event>
                <Id>3</Id>
                <Version>0</Version>
                <Channel>Microsoft-Windows-IE-SmartScreen</Channel>
                <Level>Information</Level>
                <Task>DatCheck</Task>
                <Opcode>Start</Opcode>
                <Template><![CDATA[
<template xmlns="http://schemas.microsoft.com/win/2004/08/events">
  <data name="URL" inType="win:UnicodeString" outType="xs:string"/>
</template>
]]></Template>
            </Event>
            <Event>
                <Id>4</Id>
                <Version>0</Version>
                <Channel>Microsoft-Windows-IE-SmartScreen</Channel>
                <Level>Information</Level>
                <Task>DatCheck</Task>
                <Opcode>Stop</Opcode>
                <Template><![CDATA[
<template xmlns="http://schemas.microsoft.com/win/2004/08/events">
  <data name="URL" inType="win:UnicodeString" outType="xs:string"/>
</template>
]]></Template>
            </Event>
            <Event>
                <Id>5</Id>
                <Version>0</Version>
                <Channel>Microsoft-Windows-IE-SmartScreen</Channel>
                <Level>Information</Level>
                <Task>URSCall</Task>
                <Opcode>Start</Opcode>
                <Template><![CDATA[
<template xmlns="http://schemas.microsoft.com/win/2004/08/events">
  <data name="ReqType" inType="win:UInt32" outType="xs:unsignedInt"/>
</template>
]]></Template>
            </Event>
            <Event>
                <Id>6</Id>
                <Version>0</Version>
                <Channel>Microsoft-Windows-IE-SmartScreen</Channel>
                <Level>Information</Level>
                <Task>URSCall</Task>
                <Opcode>Stop</Opcode>
                <Template><![CDATA[
<template xmlns="http://schemas.microsoft.com/win/2004/08/events">
  <data name="ReqType" inType="win:UInt32" outType="xs:unsignedInt"/>
</template>
]]></Template>
            </Event>
            <Event>
                <Id>7</Id>
                <Version>0</Version>
                <Channel>Microsoft-Windows-IE-SmartScreen</Channel>
                <Level>Information</Level>
                <Task>TelemetryCheck</Task>
                <Opcode>Start</Opcode>
                <Template><![CDATA[
<template xmlns="http://schemas.microsoft.com/win/2004/08/events">
  <data name="ReqType" inType="win:UInt32" outType="xs:unsignedInt"/>
</template>
]]></Template>
            </Event>
            <Event>
                <Id>8</Id>
                <Version>0</Version>
                <Channel>Microsoft-Windows-IE-SmartScreen</Channel>
                <Level>Information</Level>
                <Task>TelemetryCheck</Task>
                <Opcode>Stop</Opcode>
                <Template><![CDATA[
<template xmlns="http://schemas.microsoft.com/win/2004/08/events">
  <data name="ReqType" inType="win:UInt32" outType="xs:unsignedInt"/>
</template>
]]></Template>
            </Event>
            <Event>
                <Id>9</Id>
                <Version>0</Version>
                <Channel>Microsoft-Windows-IE-SmartScreen</Channel>
                <Level>Information</Level>
                <Task>CacheCheck</Task>
                <Keyword>functionality</Keyword>
                <Template><![CDATA[
<template xmlns="http://schemas.microsoft.com/win/2004/08/events">
  <data name="URL" inType="win:UnicodeString" outType="xs:string"/>
  <data name="CacheExist" inType="win:Boolean" outType="xs:boolean"/>
</template>
]]></Template>
            </Event>
            <Event>
                <Id>10</Id>
                <Version>0</Version>
                <Channel>Microsoft-Windows-IE-SmartScreen</Channel>
                <Level>Information</Level>
                <Task>DatCheck</Task>
                <Keyword>functionality</Keyword>
                <Template><![CDATA[
<template xmlns="http://schemas.microsoft.com/win/2004/08/events">
  <data name="URL" inType="win:UnicodeString" outType="xs:string"/>
  <data name="DatExist" inType="win:Boolean" outType="xs:boolean"/>
</template>
]]></Template>
            </Event>
            <Event>
                <Id>11</Id>
                <Version>0</Version>
                <Channel>Microsoft-Windows-IE-SmartScreen</Channel>
                <Level>Information</Level>
                <Task>URSCall</Task>
                <Keyword>functionality</Keyword>
                <Template><![CDATA[
<template xmlns="http://schemas.microsoft.com/win/2004/08/events">
  <data name="numElements" inType="win:UInt32" outType="xs:unsignedInt"/>
  <data name="DefaultLangId" inType="win:UnicodeString" outType="xs:string"/>
  <data name="lastOverrideToken" inType="win:UnicodeString" outType="xs:string"/>
  <data name="newOverrideToken" inType="win:UnicodeString" outType="xs:string"/>
</template>
]]></Template>
            </Event>
            <Event>
                <Id>12</Id>
                <Version>0</Version>
                <Channel>Microsoft-Windows-IE-SmartScreen</Channel>
                <Level>Information</Level>
                <Task>URSCall</Task>
                <Keyword>functionality</Keyword>
                <Template><![CDATA[
<template xmlns="http://schemas.microsoft.com/win/2004/08/events">
  <data name="URL" inType="win:UnicodeString" outType="xs:string"/>
  <data name="RawURL" inType="win:UnicodeString" outType="xs:string"/>
  <data name="UrlType" inType="win:UnicodeString" outType="xs:string"/>
  <data name="ReqType" inType="win:UnicodeString" outType="xs:string"/>
  <data name="HostIP" inType="win:UnicodeString" outType="xs:string"/>
</template>
]]></Template>
            </Event>
            <Event>
                <Id>13</Id>
                <Version>0</Version>
                <Channel>Microsoft-Windows-IE-SmartScreen</Channel>
                <Level>Information</Level>
                <Task>URSCall</Task>
                <Keyword>functionality</Keyword>
                <Template><![CDATA[
<template xmlns="http://schemas.microsoft.com/win/2004/08/events">
  <data name="URL" inType="win:UnicodeString" outType="xs:string"/>
  <data name="RawURL" inType="win:UnicodeString" outType="xs:string"/>
  <data name="UrlType" inType="win:UnicodeString" outType="xs:string"/>
  <data name="ReqType" inType="win:UnicodeString" outType="xs:string"/>
  <data name="HostIP" inType="win:UnicodeString" outType="xs:string"/>
</template>
]]></Template>
            </Event>
            <Event>
                <Id>14</Id>
                <Version>0</Version>
                <Channel>Microsoft-Windows-IE-SmartScreen</Channel>
                <Level>Information</Level>
                <Task>URSCall</Task>
                <Keyword>functionality</Keyword>
                <Template><![CDATA[
<template xmlns="http://schemas.microsoft.com/win/2004/08/events">
  <data name="URL" inType="win:UnicodeString" outType="xs:string"/>
  <data name="Categories" inType="win:UnicodeString" outType="xs:string"/>
  <data name="HC" inType="win:UInt32" outType="xs:unsignedInt"/>
  <data name="PC" inType="win:UInt32" outType="xs:unsignedInt"/>
</template>
]]></Template>
            </Event>
            <Event>
                <Id>15</Id>
                <Version>0</Version>
                <Channel>Microsoft-Windows-IE-SmartScreen</Channel>
                <Level>Information</Level>
                <Task>TelemetryCheck</Task>
                <Keyword>functionality</Keyword>
                <Template><![CDATA[
<template xmlns="http://schemas.microsoft.com/win/2004/08/events">
  <data name="GUID" inType="win:UnicodeString" outType="xs:string"/>
  <data name="DV" inType="win:UnicodeString" outType="xs:string"/>
  <data name="FV" inType="win:UnicodeString" outType="xs:string"/>
  <data name="OSV" inType="win:UnicodeString" outType="xs:string"/>
  <data name="BrowserLang" inType="win:UnicodeString" outType="xs:string"/>
  <data name="ReportType" inType="win:UnicodeString" outType="xs:string"/>
  <data name="ClientID" inType="win:UnicodeString" outType="xs:string"/>
  <data name="TopURL" inType="win:UnicodeString" outType="xs:string"/>
  <data name="RawTopURL" inType="win:UnicodeString" outType="xs:string"/>
  <data name="TopReferURL" inType="win:UnicodeString" outType="xs:string"/>
  <data name="RawTopReferURL" inType="win:UnicodeString" outType="xs:string"/>
  <data name="HostIP" inType="win:UnicodeString" outType="xs:string"/>
  <data name="Threats" inType="win:UnicodeString" outType="xs:string"/>
  <data name="FramesCount" inType="win:UInt32" outType="xs:unsignedInt"/>
  <data name="WhyString" inType="win:UnicodeString" outType="xs:string"/>
</template>
]]></Template>
            </Event>
            <Event>
                <Id>16</Id>
                <Version>0</Version>
                <Channel>Microsoft-Windows-IE-SmartScreen</Channel>
                <Level>Information</Level>
                <Task>TelemetryCheck</Task>
                <Keyword>functionality</Keyword>
                <Template><![CDATA[
<template xmlns="http://schemas.microsoft.com/win/2004/08/events">
  <data name="FrameURL" inType="win:UnicodeString" outType="xs:string"/>
  <data name="RawFrameURL" inType="win:UnicodeString" outType="xs:string"/>
  <data name="FramePCL" inType="win:UnicodeString" outType="xs:string"/>
  <data name="FrameTricks" inType="win:UnicodeString" outType="xs:string"/>
  <data name="Framekeywords" inType="win:UnicodeString" outType="xs:string"/>
  <data name="FrameUrlType" inType="win:UnicodeString" outType="xs:string"/>
  <data name="FrameIP" inType="win:UnicodeString" outType="xs:string"/>
  <data name="Signature" inType="win:UnicodeString" outType="xs:string"/>
</template>
]]></Template>
            </Event>
            <Event>
                <Id>17</Id>
                <Version>0</Version>
                <Channel>Microsoft-Windows-IE-SmartScreen</Channel>
                <Level>Information</Level>
                <Task>TelemetryCheck</Task>
                <Keyword>functionality</Keyword>
                <Template><![CDATA[
<template xmlns="http://schemas.microsoft.com/win/2004/08/events">
  <data name="FrameURL" inType="win:UnicodeString" outType="xs:string"/>
  <data name="RawFrameURL" inType="win:UnicodeString" outType="xs:string"/>
  <data name="FramePCL" inType="win:UnicodeString" outType="xs:string"/>
  <data name="FrameTricks" inType="win:UnicodeString" outType="xs:string"/>
  <data name="Framekeywords" inType="win:UnicodeString" outType="xs:string"/>
  <data name="FrameUrlType" inType="win:UnicodeString" outType="xs:string"/>
  <data name="FrameIP" inType="win:UnicodeString" outType="xs:string"/>
  <data name="Signature" inType="win:UnicodeString" outType="xs:string"/>
</template>
]]></Template>
            </Event>
            <Event>
                <Id>18</Id>
                <Version>0</Version>
                <Channel>Microsoft-Windows-IE-SmartScreen</Channel>
                <Level>Information</Level>
                <Task>URLReputationCheck</Task>
                <Keyword>functionality</Keyword>
                <Template><![CDATA[
<template xmlns="http://schemas.microsoft.com/win/2004/08/events">
  <data name="URL" inType="win:UnicodeString" outType="xs:string"/>
  <data name="Categories" inType="win:UnicodeString" outType="xs:string"/>
  <data name="HC" inType="win:UInt32" outType="xs:unsignedInt"/>
  <data name="PC" inType="win:UInt32" outType="xs:unsignedInt"/>
</template>
]]></Template>
            </Event>
            <Event>
                <Id>19</Id>
                <Version>0</Version>
                <Channel>Microsoft-Windows-IE-SmartScreen</Channel>
                <Level>Information</Level>
                <Task>URLReputationCheck</Task>
                <Keyword>functionality</Keyword>
                <Template><![CDATA[
<template xmlns="http://schemas.microsoft.com/win/2004/08/events">
  <data name="URL" inType="win:UnicodeString" outType="xs:string"/>
  <data name="PCL" inType="win:Double" outType="xs:double"/>
  <data name="THREAT" inType="win:UInt32" outType="xs:unsignedInt"/>
  <data name="Heuristic" inType="win:UnicodeString" outType="xs:string"/>
</template>
]]></Template>
            </Event>
            <Event>
                <Id>20</Id>
                <Version>0</Version>
                <Channel>Microsoft-Windows-IE-SmartScreen</Channel>
                <Level>Information</Level>
                <Task>URLReputationCheck</Task>
                <Keyword>functionality</Keyword>
                <Template><![CDATA[
<template xmlns="http://schemas.microsoft.com/win/2004/08/events">
  <data name="URL" inType="win:UnicodeString" outType="xs:string"/>
  <data name="PCL" inType="win:Double" outType="xs:double"/>
  <data name="THREAT" inType="win:UInt32" outType="xs:unsignedInt"/>
  <data name="Heuristic" inType="win:UnicodeString" outType="xs:string"/>
  <data name="HasAnyInputFields" inType="win:Boolean" outType="xs:boolean"/>
  <data name="HasPasswordField" inType="win:Boolean" outType="xs:boolean"/>
</template>
]]></Template>
            </Event>
            <Event>
                <Id>21</Id>
                <Version>0</Version>
                <Channel>Microsoft-Windows-IE-SmartScreen</Channel>
                <Level>Information</Level>
                <Task>URLReputationCheck</Task>
                <Keyword>functionality</Keyword>
                <Template><![CDATA[
<template xmlns="http://schemas.microsoft.com/win/2004/08/events">
  <data name="URL" inType="win:UnicodeString" outType="xs:string"/>
  <data name="LinksCount" inType="win:UInt32" outType="xs:unsignedInt"/>
  <data name="TopTargetCount" inType="win:UInt32" outType="xs:unsignedInt"/>
</template>
]]></Template>
            </Event>
            <Event>
                <Id>22</Id>
                <Version>0</Version>
                <Channel>Microsoft-Windows-IE-SmartScreen</Channel>
                <Level>Information</Level>
                <Task>URLReputationCheck</Task>
                <Keyword>functionality</Keyword>
                <Template><![CDATA[
<template xmlns="http://schemas.microsoft.com/win/2004/08/events">
  <data name="URL" inType="win:UnicodeString" outType="xs:string"/>
  <data name="CanonURL" inType="win:UnicodeString" outType="xs:string"/>
</template>
]]></Template>
            </Event>
            <Event>
                <Id>23</Id>
                <Version>0</Version>
                <Channel>Microsoft-Windows-IE-SmartScreen</Channel>
                <Level>Information</Level>
                <Task>URSCall</Task>
                <Keyword>functionality</Keyword>
                <Template><![CDATA[
<template xmlns="http://schemas.microsoft.com/win/2004/08/events">
  <data name="Info" inType="win:UnicodeString" outType="xs:string"/>
  <data name="XML" inType="win:UnicodeString" outType="xs:string"/>
</template>
]]></Template>
            </Event>
            <Event>
                <Id>24</Id>
                <Version>0</Version>
                <Channel>Microsoft-Windows-IE-SmartScreen</Channel>
                <Level>Information</Level>
                <Task>URSCall</Task>
                <Keyword>functionality</Keyword>
                <Template><![CDATA[
<template xmlns="http://schemas.microsoft.com/win/2004/08/events">
  <data name="Info" inType="win:UnicodeString" outType="xs:string"/>
  <data name="XML" inType="win:UnicodeString" outType="xs:string"/>
</template>
]]></Template>
            </Event>
            <Event>
                <Id>25</Id>
                <Version>0</Version>
                <Channel>Microsoft-Windows-IE-SmartScreen</Channel>
                <Level>Information</Level>
                <Task>URSCall</Task>
                <Keyword>functionality</Keyword>
                <Template><![CDATA[
<template xmlns="http://schemas.microsoft.com/win/2004/08/events">
  <data name="Info" inType="win:UnicodeString" outType="xs:string"/>
  <data name="XML" inType="win:UnicodeString" outType="xs:string"/>
</template>
]]></Template>
            </Event>
            <Event>
                <Id>26</Id>
                <Version>0</Version>
                <Channel>Microsoft-Windows-IE-SmartScreen</Channel>
                <Level>Information</Level>
                <Task>URSCall</Task>
                <Keyword>functionality</Keyword>
                <Template><![CDATA[
<template xmlns="http://schemas.microsoft.com/win/2004/08/events">
  <data name="Info" inType="win:UnicodeString" outType="xs:string"/>
  <data name="XML" inType="win:UnicodeString" outType="xs:string"/>
</template>
]]></Template>
            </Event>
            <Event>
                <Id>27</Id>
                <Version>0</Version>
                <Channel>Microsoft-Windows-IE-SmartScreen</Channel>
                <Level>Information</Level>
                <Task>TelemetryCheck</Task>
                <Keyword>functionality</Keyword>
                <Template><![CDATA[
<template xmlns="http://schemas.microsoft.com/win/2004/08/events">
  <data name="Info" inType="win:UnicodeString" outType="xs:string"/>
  <data name="XML" inType="win:UnicodeString" outType="xs:string"/>
</template>
]]></Template>
            </Event>
            <Event>
                <Id>28</Id>
                <Version>0</Version>
                <Channel>Microsoft-Windows-IE-SmartScreen</Channel>
                <Level>Information</Level>
                <Task>TelemetryCheck</Task>
                <Keyword>functionality</Keyword>
                <Template><![CDATA[
<template xmlns="http://schemas.microsoft.com/win/2004/08/events">
  <data name="Info" inType="win:UnicodeString" outType="xs:string"/>
  <data name="XML" inType="win:UnicodeString" outType="xs:string"/>
</template>
]]></Template>
            </Event>
            <Event>
                <Id>29</Id>
                <Version>0</Version>
                <Channel>Microsoft-Windows-IE-SmartScreen</Channel>
                <Level>Information</Level>
                <Task>TelemetryCheck</Task>
                <Keyword>functionality</Keyword>
                <Template><![CDATA[
<template xmlns="http://schemas.microsoft.com/win/2004/08/events">
  <data name="Info" inType="win:UnicodeString" outType="xs:string"/>
  <data name="XML" inType="win:UnicodeString" outType="xs:string"/>
</template>
]]></Template>
            </Event>
            <Event>
                <Id>30</Id>
                <Version>0</Version>
                <Channel>Microsoft-Windows-IE-SmartScreen</Channel>
                <Level>Information</Level>
                <Task>TelemetryCheck</Task>
                <Keyword>functionality</Keyword>
                <Template><![CDATA[
<template xmlns="http://schemas.microsoft.com/win/2004/08/events">
  <data name="Info" inType="win:UnicodeString" outType="xs:string"/>
  <data name="XML" inType="win:UnicodeString" outType="xs:string"/>
</template>
]]></Template>
            </Event>
            <Event>
                <Id>31</Id>
                <Version>0</Version>
                <Channel>Microsoft-Windows-IE-SmartScreen</Channel>
                <Level>Information</Level>
                <Task>URLReputationCheck</Task>
                <Keyword>functionality</Keyword>
                <Template><![CDATA[
<template xmlns="http://schemas.microsoft.com/win/2004/08/events">
  <data name="URL" inType="win:UnicodeString" outType="xs:string"/>
  <data name="FinalHRESULT" inType="win:UInt32" outType="xs:unsignedInt"/>
  <data name="THREAT" inType="win:UInt32" outType="xs:unsignedInt"/>
  <data name="UrsStatus" inType="win:UInt32" outType="xs:unsignedInt"/>
  <data name="AllUrlsFoundInDat" inType="win:Boolean" outType="xs:boolean"/>
  <data name="BlockedUrl" inType="win:UnicodeString" outType="xs:string"/>
  <data name="IsBlockedUrlTopFrame" inType="win:Boolean" outType="xs:boolean"/>
  <data name="BlockedUrlCategories" inType="win:UInt64" outType="xs:unsignedLong"/>
  <data name="UrlFetchState" inType="win:UnicodeString" outType="xs:string"/>
</template>
]]></Template>
            </Event>
            <Event>
                <Id>32</Id>
                <Version>0</Version>
                <Channel>Microsoft-Windows-IE-SmartScreen</Channel>
                <Level>Information</Level>
                <Task>URLReputationCheck</Task>
                <Keyword>functionality</Keyword>
                <Template><![CDATA[
<template xmlns="http://schemas.microsoft.com/win/2004/08/events">
  <data name="Info" inType="win:UnicodeString" outType="xs:string"/>
  <data name="URL" inType="win:UnicodeString" outType="xs:string"/>
</template>
]]></Template>
            </Event>
            <Event>
                <Id>33</Id>
                <Version>0</Version>
                <Channel>Microsoft-Windows-IE-SmartScreen</Channel>
                <Level>Information</Level>
                <Task>FeedbackCall</Task>
                <Keyword>functionality</Keyword>
                <Template><![CDATA[
<template xmlns="http://schemas.microsoft.com/win/2004/08/events">
  <data name="Info" inType="win:UnicodeString" outType="xs:string"/>
  <data name="XML" inType="win:UnicodeString" outType="xs:string"/>
</template>
]]></Template>
            </Event>
            <Event>
                <Id>34</Id>
                <Version>0</Version>
                <Channel>Microsoft-Windows-IE-SmartScreen</Channel>
                <Level>Information</Level>
                <Task>TelemetryCheck</Task>
                <Keyword>functionality</Keyword>
                <Template><![CDATA[
<template xmlns="http://schemas.microsoft.com/win/2004/08/events">
  <data name="FrameURL" inType="win:UnicodeString" outType="xs:string"/>
  <data name="ScriptSource" inType="win:UnicodeString" outType="xs:string"/>
</template>
]]></Template>
            </Event>
            <Event>
                <Id>1100</Id>
                <Version>0</Version>
                <Channel>Microsoft-Windows-IE-SmartScreen</Channel>
                <Level>Information</Level>
                <Keyword>info</Keyword>
                <Template><![CDATA[
<template xmlns="http://schemas.microsoft.com/win/2004/08/events">
  <data name="Uri" inType="win:UnicodeString" outType="xs:string"/>
  <data name="ReferrerUri" inType="win:UnicodeString" outType="xs:string"/>
  <data name="RedirectUri" inType="win:UnicodeString" outType="xs:string"/>
  <data name="CallingProcessId" inType="win:UInt32" outType="xs:unsignedInt"/>
  <data name="CallingProcessCreationTime" inType="win:UInt64" outType="win:ETWTIME"/>
  <data name="RequestId" inType="win:UnicodeString" outType="xs:string"/>
  <data name="FinalResult" inType="win:UnicodeString" outType="xs:string"/>
</template>
]]></Template>
            </Event>
        </EventMetadata>
    </Provider>
</Providers>
