<Providers>
    <Provider>
        <Name>Microsoft-Windows-Directory-Services-SAM-Utility</Name>
        <Metadata>
            <Guid>{BD8FEA17-5549-4B49-AA03-1981D16396A9}</Guid>
            <ResourceFilePath>%SystemRoot%\system32\samsrv.dll</ResourceFilePath>
            <ParameterFilePath></ParameterFilePath>
            <MessageFilePath>%SystemRoot%\system32\samsrv.dll</MessageFilePath>
            <HelpLink></HelpLink>
            <PublisherMessage></PublisherMessage>
            <Channels>
            </Channels>
            <Levels>
                <Level>
                    <Message>Information</Message>
                    <Name>win:Informational</Name>
                    <Value>4</Value>
                </Level>
            </Levels>
            <Tasks>
            </Tasks>
            <Opcodes>
                <Opcode>
                    <Message></Message>
                    <Name>Opcode_SamDatabaseChangeEvent</Name>
                    <Value>106</Value>
                    <Task>0</Task>
                </Opcode>
            </Opcodes>
            <Keywords>
                <Keyword>
                    <Message></Message>
                    <Name>Keyword_SamDatabaseChangeEvent</Name>
                    <Value>1</Value>
                </Keyword>
            </Keywords>
        </Metadata>
        <EventMetadata>
            <Event>
                <Id>1</Id>
                <Version>0</Version>
                <Level>Information</Level>
                <Opcode>Opcode_SamDatabaseChangeEvent</Opcode>
                <Keyword>Keyword_SamDatabaseChangeEvent</Keyword>
                <Template><![CDATA[
<template xmlns="http://schemas.microsoft.com/win/2004/08/events">
</template>
]]></Template>
            </Event>
        </EventMetadata>
    </Provider>
</Providers>
