<Providers>
    <Provider>
        <Name>Microsoft-Windows-Hyper-V-Integration</Name>
        <Metadata>
            <Guid>{2B74A015-3873-4C56-9928-EA80C58B2787}</Guid>
            <ResourceFilePath>%systemroot%\system32\vmicvdev.dll</ResourceFilePath>
            <ParameterFilePath></ParameterFilePath>
            <MessageFilePath>%systemroot%\system32\vmicvdev.dll</MessageFilePath>
            <HelpLink></HelpLink>
            <PublisherMessage>Microsoft-Windows-Hyper-V-Integration</PublisherMessage>
            <Channels>
                <Channel>
                    <Message></Message>
                    <Path>Microsoft-Windows-Hyper-V-Worker-Admin</Path>
                    <Index>0</Index>
                    <Id>16</Id>
                    <Imported>true</Imported>
                </Channel>
                <Channel>
                    <Message></Message>
                    <Path>Microsoft-Windows-Hyper-V-Worker-Analytic</Path>
                    <Index>1</Index>
                    <Id>17</Id>
                    <Imported>true</Imported>
                </Channel>
            </Channels>
            <Levels>
                <Level>
                    <Message>Critical</Message>
                    <Name>win:Critical</Name>
                    <Value>1</Value>
                </Level>
                <Level>
                    <Message>Error</Message>
                    <Name>win:Error</Name>
                    <Value>2</Value>
                </Level>
                <Level>
                    <Message>Warning</Message>
                    <Name>win:Warning</Name>
                    <Value>3</Value>
                </Level>
                <Level>
                    <Message>Information</Message>
                    <Name>win:Informational</Name>
                    <Value>4</Value>
                </Level>
            </Levels>
            <Tasks>
            </Tasks>
            <Opcodes>
            </Opcodes>
            <Keywords>
            </Keywords>
        </Metadata>
        <EventMetadata>
            <Event>
                <Id>3584</Id>
                <Version>0</Version>
                <Channel>Microsoft-Windows-Hyper-V-Worker-Analytic</Channel>
                <Level>Information</Level>
                <Message><![CDATA[
[Virtual machine %3] %1]]></Message>
                <Template><![CDATA[
<template xmlns="http://schemas.microsoft.com/win/2004/08/events">
  <data name="TraceData" inType="win:UnicodeString" outType="xs:string"/>
  <data name="VmName" inType="win:UnicodeString" outType="xs:string"/>
  <data name="VmId" inType="win:UnicodeString" outType="xs:string"/>
  <data name="StackFrameCount" inType="win:UInt32" outType="xs:unsignedInt"/>
  <data name="StackFrame" inType="win:Pointer" outType="win:HexInt64" count="StackFrameCount"/>
  <data name="ModuleCount" inType="win:UInt32" outType="xs:unsignedInt"/>
  <struct name="Module" count="ModuleCount">
    <data name="Name" inType="win:UnicodeString" outType="xs:string"/>
    <data name="BaseAddress" inType="win:Pointer" outType="win:HexInt64"/>
    <data name="SizeOfImage" inType="win:UInt32" outType="xs:unsignedInt"/>
    <data name="TimeDateStamp" inType="win:UInt32" outType="xs:unsignedInt"/>
  </struct>
</template>
]]></Template>
            </Event>
            <Event>
                <Id>3585</Id>
                <Version>0</Version>
                <Channel>Microsoft-Windows-Hyper-V-Worker-Analytic</Channel>
                <Level>Warning</Level>
                <Message><![CDATA[
[Virtual machine %3] %1]]></Message>
                <Template><![CDATA[
<template xmlns="http://schemas.microsoft.com/win/2004/08/events">
  <data name="TraceData" inType="win:UnicodeString" outType="xs:string"/>
  <data name="VmName" inType="win:UnicodeString" outType="xs:string"/>
  <data name="VmId" inType="win:UnicodeString" outType="xs:string"/>
  <data name="StackFrameCount" inType="win:UInt32" outType="xs:unsignedInt"/>
  <data name="StackFrame" inType="win:Pointer" outType="win:HexInt64" count="StackFrameCount"/>
  <data name="ModuleCount" inType="win:UInt32" outType="xs:unsignedInt"/>
  <struct name="Module" count="ModuleCount">
    <data name="Name" inType="win:UnicodeString" outType="xs:string"/>
    <data name="BaseAddress" inType="win:Pointer" outType="win:HexInt64"/>
    <data name="SizeOfImage" inType="win:UInt32" outType="xs:unsignedInt"/>
    <data name="TimeDateStamp" inType="win:UInt32" outType="xs:unsignedInt"/>
  </struct>
</template>
]]></Template>
            </Event>
            <Event>
                <Id>3586</Id>
                <Version>0</Version>
                <Channel>Microsoft-Windows-Hyper-V-Worker-Analytic</Channel>
                <Level>Error</Level>
                <Message><![CDATA[
[Virtual machine %3] %1]]></Message>
                <Template><![CDATA[
<template xmlns="http://schemas.microsoft.com/win/2004/08/events">
  <data name="TraceData" inType="win:UnicodeString" outType="xs:string"/>
  <data name="VmName" inType="win:UnicodeString" outType="xs:string"/>
  <data name="VmId" inType="win:UnicodeString" outType="xs:string"/>
  <data name="StackFrameCount" inType="win:UInt32" outType="xs:unsignedInt"/>
  <data name="StackFrame" inType="win:Pointer" outType="win:HexInt64" count="StackFrameCount"/>
  <data name="ModuleCount" inType="win:UInt32" outType="xs:unsignedInt"/>
  <struct name="Module" count="ModuleCount">
    <data name="Name" inType="win:UnicodeString" outType="xs:string"/>
    <data name="BaseAddress" inType="win:Pointer" outType="win:HexInt64"/>
    <data name="SizeOfImage" inType="win:UInt32" outType="xs:unsignedInt"/>
    <data name="TimeDateStamp" inType="win:UInt32" outType="xs:unsignedInt"/>
  </struct>
</template>
]]></Template>
            </Event>
            <Event>
                <Id>3587</Id>
                <Version>0</Version>
                <Channel>Microsoft-Windows-Hyper-V-Worker-Analytic</Channel>
                <Level>Critical</Level>
                <Message><![CDATA[
[Virtual machine %3] %1]]></Message>
                <Template><![CDATA[
<template xmlns="http://schemas.microsoft.com/win/2004/08/events">
  <data name="TraceData" inType="win:UnicodeString" outType="xs:string"/>
  <data name="VmName" inType="win:UnicodeString" outType="xs:string"/>
  <data name="VmId" inType="win:UnicodeString" outType="xs:string"/>
  <data name="StackFrameCount" inType="win:UInt32" outType="xs:unsignedInt"/>
  <data name="StackFrame" inType="win:Pointer" outType="win:HexInt64" count="StackFrameCount"/>
  <data name="ModuleCount" inType="win:UInt32" outType="xs:unsignedInt"/>
  <struct name="Module" count="ModuleCount">
    <data name="Name" inType="win:UnicodeString" outType="xs:string"/>
    <data name="BaseAddress" inType="win:Pointer" outType="win:HexInt64"/>
    <data name="SizeOfImage" inType="win:UInt32" outType="xs:unsignedInt"/>
    <data name="TimeDateStamp" inType="win:UInt32" outType="xs:unsignedInt"/>
  </struct>
</template>
]]></Template>
            </Event>
            <Event>
                <Id>4000</Id>
                <Version>0</Version>
                <Channel>Microsoft-Windows-Hyper-V-Worker-Admin</Channel>
                <Level>Error</Level>
                <Message><![CDATA[
Failed to connect to virtual machine '%1' because there is no mutually supported protocol for VM: (Virtual machine ID %2). Framework version: %3; Message version: %4.]]></Message>
                <Template><![CDATA[
<template xmlns="http://schemas.microsoft.com/win/2004/08/events">
  <data name="VmName" inType="win:UnicodeString" outType="xs:string"/>
  <data name="VmId" inType="win:UnicodeString" outType="xs:string"/>
  <data name="Param1" inType="win:UnicodeString" outType="xs:string"/>
  <data name="Param2" inType="win:UnicodeString" outType="xs:string"/>
  <data name="Param3" inType="win:UnicodeString" outType="xs:string"/>
</template>
]]></Template>
            </Event>
            <Event>
                <Id>4090</Id>
                <Version>0</Version>
                <Channel>Microsoft-Windows-Hyper-V-Worker-Admin</Channel>
                <Level>Error</Level>
                <Message><![CDATA[
'%1': The 'Guest Service Interface' integration service is either not enabled, not running or not initialized. (Virtual machine ID %2)]]></Message>
                <Template><![CDATA[
<template xmlns="http://schemas.microsoft.com/win/2004/08/events">
  <data name="VmName" inType="win:UnicodeString" outType="xs:string"/>
  <data name="VmId" inType="win:UnicodeString" outType="xs:string"/>
  <data name="Param1" inType="win:UnicodeString" outType="xs:string"/>
  <data name="Param2" inType="win:UnicodeString" outType="xs:string"/>
  <data name="Param3" inType="win:UnicodeString" outType="xs:string"/>
</template>
]]></Template>
            </Event>
            <Event>
                <Id>4091</Id>
                <Version>0</Version>
                <Channel>Microsoft-Windows-Hyper-V-Worker-Admin</Channel>
                <Level>Critical</Level>
                <Message><![CDATA[
The 'Guest Service Interface' integration service is either not enabled, not running or not initialized.]]></Message>
                <Template><![CDATA[
<template xmlns="http://schemas.microsoft.com/win/2004/08/events">
  <data name="VmName" inType="win:UnicodeString" outType="xs:string"/>
  <data name="VmId" inType="win:UnicodeString" outType="xs:string"/>
  <data name="Param1" inType="win:UnicodeString" outType="xs:string"/>
  <data name="Param2" inType="win:UnicodeString" outType="xs:string"/>
  <data name="Param3" inType="win:UnicodeString" outType="xs:string"/>
</template>
]]></Template>
            </Event>
            <Event>
                <Id>4092</Id>
                <Version>0</Version>
                <Channel>Microsoft-Windows-Hyper-V-Worker-Admin</Channel>
                <Level>Error</Level>
                <Message><![CDATA[
'%1': The Data Exchange integration service is either not enabled, not running or not initialized. (Virtual machine ID %2)]]></Message>
                <Template><![CDATA[
<template xmlns="http://schemas.microsoft.com/win/2004/08/events">
  <data name="VmName" inType="win:UnicodeString" outType="xs:string"/>
  <data name="VmId" inType="win:UnicodeString" outType="xs:string"/>
  <data name="Param1" inType="win:UnicodeString" outType="xs:string"/>
  <data name="Param2" inType="win:UnicodeString" outType="xs:string"/>
  <data name="Param3" inType="win:UnicodeString" outType="xs:string"/>
</template>
]]></Template>
            </Event>
            <Event>
                <Id>4093</Id>
                <Version>0</Version>
                <Channel>Microsoft-Windows-Hyper-V-Worker-Admin</Channel>
                <Level>Error</Level>
                <Message><![CDATA[
'%1': The Volume Shadow Copy integration service is not enabled. (Virtual machine %2)]]></Message>
                <Template><![CDATA[
<template xmlns="http://schemas.microsoft.com/win/2004/08/events">
  <data name="VmName" inType="win:UnicodeString" outType="xs:string"/>
  <data name="VmId" inType="win:UnicodeString" outType="xs:string"/>
  <data name="Param1" inType="win:UnicodeString" outType="xs:string"/>
  <data name="Param2" inType="win:UnicodeString" outType="xs:string"/>
  <data name="Param3" inType="win:UnicodeString" outType="xs:string"/>
</template>
]]></Template>
            </Event>
            <Event>
                <Id>4094</Id>
                <Version>0</Version>
                <Channel>Microsoft-Windows-Hyper-V-Worker-Admin</Channel>
                <Level>Error</Level>
                <Message><![CDATA[
'%1': The 'Guest Shutdown' integration service is either not enabled, not running or not initialized. (Virtual machine ID %2)]]></Message>
                <Template><![CDATA[
<template xmlns="http://schemas.microsoft.com/win/2004/08/events">
  <data name="VmName" inType="win:UnicodeString" outType="xs:string"/>
  <data name="VmId" inType="win:UnicodeString" outType="xs:string"/>
  <data name="Param1" inType="win:UnicodeString" outType="xs:string"/>
  <data name="Param2" inType="win:UnicodeString" outType="xs:string"/>
  <data name="Param3" inType="win:UnicodeString" outType="xs:string"/>
</template>
]]></Template>
            </Event>
            <Event>
                <Id>4095</Id>
                <Version>0</Version>
                <Channel>Microsoft-Windows-Hyper-V-Worker-Admin</Channel>
                <Level>Critical</Level>
                <Message><![CDATA[
The 'Guest Shutdown' integration service is either not enabled, not running or not initialized.]]></Message>
                <Template><![CDATA[
<template xmlns="http://schemas.microsoft.com/win/2004/08/events">
  <data name="VmName" inType="win:UnicodeString" outType="xs:string"/>
  <data name="VmId" inType="win:UnicodeString" outType="xs:string"/>
  <data name="Param1" inType="win:UnicodeString" outType="xs:string"/>
  <data name="Param2" inType="win:UnicodeString" outType="xs:string"/>
  <data name="Param3" inType="win:UnicodeString" outType="xs:string"/>
</template>
]]></Template>
            </Event>
            <Event>
                <Id>4097</Id>
                <Version>0</Version>
                <Channel>Microsoft-Windows-Hyper-V-Worker-Admin</Channel>
                <Level>Warning</Level>
                <Message><![CDATA[
'%1': The Virtual machine %2 cannot be hot backed up since it has dynamic disks in it]]></Message>
                <Template><![CDATA[
<template xmlns="http://schemas.microsoft.com/win/2004/08/events">
  <data name="VmName" inType="win:UnicodeString" outType="xs:string"/>
  <data name="VmId" inType="win:UnicodeString" outType="xs:string"/>
  <data name="Param1" inType="win:UnicodeString" outType="xs:string"/>
  <data name="Param2" inType="win:UnicodeString" outType="xs:string"/>
  <data name="Param3" inType="win:UnicodeString" outType="xs:string"/>
</template>
]]></Template>
            </Event>
            <Event>
                <Id>4098</Id>
                <Version>0</Version>
                <Channel>Microsoft-Windows-Hyper-V-Worker-Admin</Channel>
                <Level>Warning</Level>
                <Message><![CDATA[
'%1': The Virtual machine %2 cannot be hot backed up since it has one or more volumes with differencing areas located on different volumes]]></Message>
                <Template><![CDATA[
<template xmlns="http://schemas.microsoft.com/win/2004/08/events">
  <data name="VmName" inType="win:UnicodeString" outType="xs:string"/>
  <data name="VmId" inType="win:UnicodeString" outType="xs:string"/>
  <data name="Param1" inType="win:UnicodeString" outType="xs:string"/>
  <data name="Param2" inType="win:UnicodeString" outType="xs:string"/>
  <data name="Param3" inType="win:UnicodeString" outType="xs:string"/>
</template>
]]></Template>
            </Event>
            <Event>
                <Id>4099</Id>
                <Version>0</Version>
                <Channel>Microsoft-Windows-Hyper-V-Worker-Admin</Channel>
                <Level>Warning</Level>
                <Message><![CDATA[
'%1': The Virtual machine %2 cannot be hot backed up since it has non-checkpoint capable volumes in it]]></Message>
                <Template><![CDATA[
<template xmlns="http://schemas.microsoft.com/win/2004/08/events">
  <data name="VmName" inType="win:UnicodeString" outType="xs:string"/>
  <data name="VmId" inType="win:UnicodeString" outType="xs:string"/>
  <data name="Param1" inType="win:UnicodeString" outType="xs:string"/>
  <data name="Param2" inType="win:UnicodeString" outType="xs:string"/>
  <data name="Param3" inType="win:UnicodeString" outType="xs:string"/>
</template>
]]></Template>
            </Event>
            <Event>
                <Id>4100</Id>
                <Version>0</Version>
                <Channel>Microsoft-Windows-Hyper-V-Worker-Admin</Channel>
                <Level>Error</Level>
                <Message><![CDATA[
'%1': The Volume Shadow Copy integration service is either not running or not initialized. (Virtual machine %2)]]></Message>
                <Template><![CDATA[
<template xmlns="http://schemas.microsoft.com/win/2004/08/events">
  <data name="VmName" inType="win:UnicodeString" outType="xs:string"/>
  <data name="VmId" inType="win:UnicodeString" outType="xs:string"/>
  <data name="Param1" inType="win:UnicodeString" outType="xs:string"/>
  <data name="Param2" inType="win:UnicodeString" outType="xs:string"/>
  <data name="Param3" inType="win:UnicodeString" outType="xs:string"/>
</template>
]]></Template>
            </Event>
            <Event>
                <Id>4101</Id>
                <Version>0</Version>
                <Channel>Microsoft-Windows-Hyper-V-Worker-Admin</Channel>
                <Level>Warning</Level>
                <Message><![CDATA[
'%1': The Virtual machine %2 cannot be hot backed up since it has storage space disks in it]]></Message>
                <Template><![CDATA[
<template xmlns="http://schemas.microsoft.com/win/2004/08/events">
  <data name="VmName" inType="win:UnicodeString" outType="xs:string"/>
  <data name="VmId" inType="win:UnicodeString" outType="xs:string"/>
  <data name="Param1" inType="win:UnicodeString" outType="xs:string"/>
  <data name="Param2" inType="win:UnicodeString" outType="xs:string"/>
  <data name="Param3" inType="win:UnicodeString" outType="xs:string"/>
</template>
]]></Template>
            </Event>
            <Event>
                <Id>4102</Id>
                <Version>0</Version>
                <Channel>Microsoft-Windows-Hyper-V-Worker-Admin</Channel>
                <Level>Warning</Level>
                <Message><![CDATA[
'%1': The Virtual machine %2 cannot be hot backed up since its integration components have not been updated. Please update the integration components to enable hot backup of the virtual machine]]></Message>
                <Template><![CDATA[
<template xmlns="http://schemas.microsoft.com/win/2004/08/events">
  <data name="VmName" inType="win:UnicodeString" outType="xs:string"/>
  <data name="VmId" inType="win:UnicodeString" outType="xs:string"/>
  <data name="Param1" inType="win:UnicodeString" outType="xs:string"/>
  <data name="Param2" inType="win:UnicodeString" outType="xs:string"/>
  <data name="Param3" inType="win:UnicodeString" outType="xs:string"/>
</template>
]]></Template>
            </Event>
            <Event>
                <Id>4130</Id>
                <Version>0</Version>
                <Channel>Microsoft-Windows-Hyper-V-Worker-Admin</Channel>
                <Level>Warning</Level>
                <Message><![CDATA[
'%1' received a timeout error while applying IP settings on adapter '%3'. Check the guest network configuration to verify whether the settings were correctly applied. (Virtual machine ID %2)]]></Message>
                <Template><![CDATA[
<template xmlns="http://schemas.microsoft.com/win/2004/08/events">
  <data name="VmName" inType="win:UnicodeString" outType="xs:string"/>
  <data name="VmId" inType="win:UnicodeString" outType="xs:string"/>
  <data name="Param1" inType="win:UnicodeString" outType="xs:string"/>
  <data name="Param2" inType="win:UnicodeString" outType="xs:string"/>
  <data name="Param3" inType="win:UnicodeString" outType="xs:string"/>
</template>
]]></Template>
            </Event>
            <Event>
                <Id>4132</Id>
                <Version>0</Version>
                <Channel>Microsoft-Windows-Hyper-V-Worker-Admin</Channel>
                <Level>Error</Level>
                <Message><![CDATA[
'%1' failed to apply IP settings on adapter '%3': %4 (%5). (Virtual machine ID %2)]]></Message>
                <Template><![CDATA[
<template xmlns="http://schemas.microsoft.com/win/2004/08/events">
  <data name="VmName" inType="win:UnicodeString" outType="xs:string"/>
  <data name="VmId" inType="win:UnicodeString" outType="xs:string"/>
  <data name="String" inType="win:UnicodeString" outType="xs:string"/>
  <data name="ErrorCodeString" inType="win:UnicodeString" outType="xs:string"/>
  <data name="ErrorCode" inType="win:UnicodeString" outType="xs:string"/>
  <data name="Param1" inType="win:UnicodeString" outType="xs:string"/>
  <data name="Param2" inType="win:UnicodeString" outType="xs:string"/>
</template>
]]></Template>
            </Event>
            <Event>
                <Id>4133</Id>
                <Version>0</Version>
                <Channel>Microsoft-Windows-Hyper-V-Worker-Admin</Channel>
                <Level>Information</Level>
                <Message><![CDATA[
'%1' successfully applied IP settings on adapter '%3'. (Virtual machine ID %2)]]></Message>
                <Template><![CDATA[
<template xmlns="http://schemas.microsoft.com/win/2004/08/events">
  <data name="VmName" inType="win:UnicodeString" outType="xs:string"/>
  <data name="VmId" inType="win:UnicodeString" outType="xs:string"/>
  <data name="String" inType="win:UnicodeString" outType="xs:string"/>
</template>
]]></Template>
            </Event>
            <Event>
                <Id>4134</Id>
                <Version>0</Version>
                <Channel>Microsoft-Windows-Hyper-V-Worker-Admin</Channel>
                <Level>Error</Level>
                <Message><![CDATA[
'%1': The Data Exchange integration service does not support this operation for a VM running in a shielded context. (Virtual machine ID %2)]]></Message>
                <Template><![CDATA[
<template xmlns="http://schemas.microsoft.com/win/2004/08/events">
  <data name="VmName" inType="win:UnicodeString" outType="xs:string"/>
  <data name="VmId" inType="win:UnicodeString" outType="xs:string"/>
  <data name="Param1" inType="win:UnicodeString" outType="xs:string"/>
  <data name="Param2" inType="win:UnicodeString" outType="xs:string"/>
  <data name="Param3" inType="win:UnicodeString" outType="xs:string"/>
</template>
]]></Template>
            </Event>
        </EventMetadata>
    </Provider>
</Providers>
