<Providers>
    <Provider>
        <Name>Microsoft-Windows-Kernel-Process</Name>
        <Metadata>
            <Guid>{22FB2CD6-0E7B-422B-A0C7-2FAD1FD0E716}</Guid>
            <ResourceFilePath>%SystemRoot%\system32\Microsoft-Windows-System-Events.dll</ResourceFilePath>
            <ParameterFilePath></ParameterFilePath>
            <MessageFilePath>%SystemRoot%\system32\Microsoft-Windows-System-Events.dll</MessageFilePath>
            <HelpLink></HelpLink>
            <PublisherMessage>Microsoft-Windows-Kernel-Process</PublisherMessage>
            <Channels>
                <Channel>
                    <Message></Message>
                    <Path>Microsoft-Windows-Kernel-Process/Analytic</Path>
                    <Index>0</Index>
                    <Id>16</Id>
                    <Imported>false</Imported>
                </Channel>
            </Channels>
            <Levels>
                <Level>
                    <Message>Information</Message>
                    <Name>win:Informational</Name>
                    <Value>4</Value>
                </Level>
            </Levels>
            <Tasks>
                <Task>
                    <Message></Message>
                    <Name>ProcessStart</Name>
                    <Value>1</Value>
                </Task>
                <Task>
                    <Message></Message>
                    <Name>ProcessStop</Name>
                    <Value>2</Value>
                </Task>
                <Task>
                    <Message></Message>
                    <Name>ThreadStart</Name>
                    <Value>3</Value>
                </Task>
                <Task>
                    <Message></Message>
                    <Name>ThreadStop</Name>
                    <Value>4</Value>
                </Task>
                <Task>
                    <Message></Message>
                    <Name>ImageLoad</Name>
                    <Value>5</Value>
                </Task>
                <Task>
                    <Message></Message>
                    <Name>ImageUnload</Name>
                    <Value>6</Value>
                </Task>
                <Task>
                    <Message></Message>
                    <Name>CpuBasePriorityChange</Name>
                    <Value>7</Value>
                </Task>
                <Task>
                    <Message></Message>
                    <Name>CpuPriorityChange</Name>
                    <Value>8</Value>
                </Task>
                <Task>
                    <Message></Message>
                    <Name>PagePriorityChange</Name>
                    <Value>9</Value>
                </Task>
                <Task>
                    <Message></Message>
                    <Name>IoPriorityChange</Name>
                    <Value>10</Value>
                </Task>
                <Task>
                    <Message></Message>
                    <Name>ProcessFreeze</Name>
                    <Value>11</Value>
                </Task>
                <Task>
                    <Message></Message>
                    <Name>JobStart</Name>
                    <Value>13</Value>
                </Task>
                <Task>
                    <Message></Message>
                    <Name>JobTerminate</Name>
                    <Value>14</Value>
                </Task>
                <Task>
                    <Message></Message>
                    <Name>ProcessRundown</Name>
                    <Value>15</Value>
                </Task>
                <Task>
                    <Message></Message>
                    <Name>PsDiskIoAttribution</Name>
                    <Value>16</Value>
                </Task>
                <Task>
                    <Message></Message>
                    <Name>PsIoRateControl</Name>
                    <Value>17</Value>
                </Task>
                <Task>
                    <Message></Message>
                    <Name>ThreadWorkOnBehalfUpdate</Name>
                    <Value>18</Value>
                </Task>
                <Task>
                    <Message></Message>
                    <Name>JobServerSiloStateChange</Name>
                    <Value>19</Value>
                </Task>
                <Task>
                    <Message></Message>
                    <Name>ProcessInPrivateSet</Name>
                    <Value>20</Value>
                </Task>
                <Task>
                    <Message></Message>
                    <Name>ServerSiloCreateCallback</Name>
                    <Value>21</Value>
                </Task>
                <Task>
                    <Message></Message>
                    <Name>ServerSiloTerminateCallback</Name>
                    <Value>22</Value>
                </Task>
            </Tasks>
            <Opcodes>
                <Opcode>
                    <Message>Info</Message>
                    <Name>win:Info</Name>
                    <Value>0</Value>
                    <Task>0</Task>
                </Opcode>
                <Opcode>
                    <Message>Start</Message>
                    <Name>win:Start</Name>
                    <Value>1</Value>
                    <Task>0</Task>
                </Opcode>
                <Opcode>
                    <Message>Stop</Message>
                    <Name>win:Stop</Name>
                    <Value>2</Value>
                    <Task>0</Task>
                </Opcode>
            </Opcodes>
            <Keywords>
                <Keyword>
                    <Message></Message>
                    <Name>WINEVENT_KEYWORD_PROCESS</Name>
                    <Value>16</Value>
                </Keyword>
                <Keyword>
                    <Message></Message>
                    <Name>WINEVENT_KEYWORD_THREAD</Name>
                    <Value>32</Value>
                </Keyword>
                <Keyword>
                    <Message></Message>
                    <Name>WINEVENT_KEYWORD_IMAGE</Name>
                    <Value>64</Value>
                </Keyword>
                <Keyword>
                    <Message></Message>
                    <Name>WINEVENT_KEYWORD_CPU_PRIORITY</Name>
                    <Value>128</Value>
                </Keyword>
                <Keyword>
                    <Message></Message>
                    <Name>WINEVENT_KEYWORD_OTHER_PRIORITY</Name>
                    <Value>256</Value>
                </Keyword>
                <Keyword>
                    <Message></Message>
                    <Name>WINEVENT_KEYWORD_PROCESS_FREEZE</Name>
                    <Value>512</Value>
                </Keyword>
                <Keyword>
                    <Message></Message>
                    <Name>WINEVENT_KEYWORD_JOB</Name>
                    <Value>1024</Value>
                </Keyword>
                <Keyword>
                    <Message></Message>
                    <Name>WINEVENT_KEYWORD_ENABLE_PROCESS_TRACING_CALLBACKS</Name>
                    <Value>2048</Value>
                </Keyword>
                <Keyword>
                    <Message></Message>
                    <Name>WINEVENT_KEYWORD_JOB_IO</Name>
                    <Value>4096</Value>
                </Keyword>
                <Keyword>
                    <Message></Message>
                    <Name>WINEVENT_KEYWORD_WORK_ON_BEHALF</Name>
                    <Value>8192</Value>
                </Keyword>
                <Keyword>
                    <Message></Message>
                    <Name>WINEVENT_KEYWORD_JOB_SILO</Name>
                    <Value>16384</Value>
                </Keyword>
            </Keywords>
        </Metadata>
        <EventMetadata>
            <Event>
                <Id>1</Id>
                <Version>0</Version>
                <Channel>Microsoft-Windows-Kernel-Process/Analytic</Channel>
                <Level>Information</Level>
                <Task>ProcessStart</Task>
                <Opcode>Start</Opcode>
                <Keyword>WINEVENT_KEYWORD_PROCESS</Keyword>
                <Message><![CDATA[
Process %1 started at time %2 by parent %3 running in session %4 with name %5.]]></Message>
                <Template><![CDATA[
<template xmlns="http://schemas.microsoft.com/win/2004/08/events">
  <data name="ProcessID" inType="win:UInt32" outType="win:PID"/>
  <data name="CreateTime" inType="win:FILETIME" outType="xs:dateTime"/>
  <data name="ParentProcessID" inType="win:UInt32" outType="win:PID"/>
  <data name="SessionID" inType="win:UInt32" outType="xs:unsignedInt"/>
  <data name="ImageName" inType="win:UnicodeString" outType="xs:string"/>
</template>
]]></Template>
            </Event>
            <Event>
                <Id>1</Id>
                <Version>1</Version>
                <Channel>Microsoft-Windows-Kernel-Process/Analytic</Channel>
                <Level>Information</Level>
                <Task>ProcessStart</Task>
                <Opcode>Start</Opcode>
                <Keyword>WINEVENT_KEYWORD_PROCESS</Keyword>
                <Message><![CDATA[
Process %1 started at time %2 by parent %3 running in session %4 with name %6.]]></Message>
                <Template><![CDATA[
<template xmlns="http://schemas.microsoft.com/win/2004/08/events">
  <data name="ProcessID" inType="win:UInt32" outType="win:PID"/>
  <data name="CreateTime" inType="win:FILETIME" outType="xs:dateTime"/>
  <data name="ParentProcessID" inType="win:UInt32" outType="win:PID"/>
  <data name="SessionID" inType="win:UInt32" outType="xs:unsignedInt"/>
  <data name="Flags" inType="win:UInt32" outType="xs:unsignedInt"/>
  <data name="ImageName" inType="win:UnicodeString" outType="xs:string"/>
</template>
]]></Template>
            </Event>
            <Event>
                <Id>1</Id>
                <Version>2</Version>
                <Channel>Microsoft-Windows-Kernel-Process/Analytic</Channel>
                <Level>Information</Level>
                <Task>ProcessStart</Task>
                <Opcode>Start</Opcode>
                <Keyword>WINEVENT_KEYWORD_PROCESS</Keyword>
                <Message><![CDATA[
Process %1 started at time %2 by parent %3 running in session %4 with name %6.]]></Message>
                <Template><![CDATA[
<template xmlns="http://schemas.microsoft.com/win/2004/08/events">
  <data name="ProcessID" inType="win:UInt32" outType="win:PID"/>
  <data name="CreateTime" inType="win:FILETIME" outType="xs:dateTime"/>
  <data name="ParentProcessID" inType="win:UInt32" outType="win:PID"/>
  <data name="SessionID" inType="win:UInt32" outType="xs:unsignedInt"/>
  <data name="Flags" inType="win:UInt32" outType="xs:unsignedInt"/>
  <data name="ImageName" inType="win:UnicodeString" outType="xs:string"/>
  <data name="ImageChecksum" inType="win:UInt32" outType="win:HexInt32"/>
  <data name="TimeDateStamp" inType="win:UInt32" outType="win:HexInt32"/>
  <data name="PackageFullName" inType="win:UnicodeString" outType="xs:string"/>
  <data name="PackageRelativeAppId" inType="win:UnicodeString" outType="xs:string"/>
</template>
]]></Template>
            </Event>
            <Event>
                <Id>1</Id>
                <Version>3</Version>
                <Channel>Microsoft-Windows-Kernel-Process/Analytic</Channel>
                <Level>Information</Level>
                <Task>ProcessStart</Task>
                <Opcode>Start</Opcode>
                <Keyword>WINEVENT_KEYWORD_PROCESS</Keyword>
                <Message><![CDATA[
Process %1 started at time %3 by parent %4 running in session %6 with name %11.]]></Message>
                <Template><![CDATA[
<template xmlns="http://schemas.microsoft.com/win/2004/08/events">
  <data name="ProcessID" inType="win:UInt32" outType="win:PID"/>
  <data name="ProcessSequenceNumber" inType="win:UInt64" outType="xs:unsignedLong"/>
  <data name="CreateTime" inType="win:FILETIME" outType="xs:dateTime"/>
  <data name="ParentProcessID" inType="win:UInt32" outType="win:PID"/>
  <data name="ParentProcessSequenceNumber" inType="win:UInt64" outType="xs:unsignedLong"/>
  <data name="SessionID" inType="win:UInt32" outType="xs:unsignedInt"/>
  <data name="Flags" inType="win:UInt32" outType="xs:unsignedInt"/>
  <data name="ProcessTokenElevationType" inType="win:UInt32" outType="xs:unsignedInt"/>
  <data name="ProcessTokenIsElevated" inType="win:UInt32" outType="xs:unsignedInt"/>
  <data name="MandatoryLabel" inType="win:SID" outType="xs:string"/>
  <data name="ImageName" inType="win:UnicodeString" outType="xs:string"/>
  <data name="ImageChecksum" inType="win:UInt32" outType="win:HexInt32"/>
  <data name="TimeDateStamp" inType="win:UInt32" outType="win:HexInt32"/>
  <data name="PackageFullName" inType="win:UnicodeString" outType="xs:string"/>
  <data name="PackageRelativeAppId" inType="win:UnicodeString" outType="xs:string"/>
</template>
]]></Template>
            </Event>
            <Event>
                <Id>2</Id>
                <Version>0</Version>
                <Channel>Microsoft-Windows-Kernel-Process/Analytic</Channel>
                <Level>Information</Level>
                <Task>ProcessStop</Task>
                <Opcode>Stop</Opcode>
                <Keyword>WINEVENT_KEYWORD_PROCESS</Keyword>
                <Message><![CDATA[
Process %1 (which started at time %3) stopped at time %4 with exit code %5.]]></Message>
                <Template><![CDATA[
<template xmlns="http://schemas.microsoft.com/win/2004/08/events">
  <data name="ProcessID" inType="win:UInt32" outType="win:PID"/>
  <data name="CreateTime" inType="win:FILETIME" outType="xs:dateTime"/>
  <data name="ExitTime" inType="win:FILETIME" outType="xs:dateTime"/>
  <data name="ExitCode" inType="win:UInt32" outType="xs:unsignedInt"/>
  <data name="TokenElevationType" inType="win:UInt32" outType="xs:unsignedInt"/>
  <data name="HandleCount" inType="win:UInt32" outType="xs:unsignedInt"/>
  <data name="CommitCharge" inType="win:UInt64" outType="xs:unsignedLong"/>
  <data name="CommitPeak" inType="win:UInt64" outType="xs:unsignedLong"/>
  <data name="ImageName" inType="win:AnsiString" outType="xs:string"/>
</template>
]]></Template>
            </Event>
            <Event>
                <Id>2</Id>
                <Version>1</Version>
                <Channel>Microsoft-Windows-Kernel-Process/Analytic</Channel>
                <Level>Information</Level>
                <Task>ProcessStop</Task>
                <Opcode>Stop</Opcode>
                <Keyword>WINEVENT_KEYWORD_PROCESS</Keyword>
                <Message><![CDATA[
Process %1 (which started at time %2) stopped at time %3 with exit code %4.]]></Message>
                <Template><![CDATA[
<template xmlns="http://schemas.microsoft.com/win/2004/08/events">
  <data name="ProcessID" inType="win:UInt32" outType="win:PID"/>
  <data name="CreateTime" inType="win:FILETIME" outType="xs:dateTime"/>
  <data name="ExitTime" inType="win:FILETIME" outType="xs:dateTime"/>
  <data name="ExitCode" inType="win:UInt32" outType="xs:unsignedInt"/>
  <data name="TokenElevationType" inType="win:UInt32" outType="xs:unsignedInt"/>
  <data name="HandleCount" inType="win:UInt32" outType="xs:unsignedInt"/>
  <data name="CommitCharge" inType="win:UInt64" outType="xs:unsignedLong"/>
  <data name="CommitPeak" inType="win:UInt64" outType="xs:unsignedLong"/>
  <data name="CPUCycleCount" inType="win:UInt64" outType="xs:unsignedLong"/>
  <data name="ReadOperationCount" inType="win:UInt32" outType="xs:unsignedInt"/>
  <data name="WriteOperationCount" inType="win:UInt32" outType="xs:unsignedInt"/>
  <data name="ReadTransferKiloBytes" inType="win:UInt32" outType="xs:unsignedInt"/>
  <data name="WriteTransferKiloBytes" inType="win:UInt32" outType="xs:unsignedInt"/>
  <data name="HardFaultCount" inType="win:UInt32" outType="xs:unsignedInt"/>
  <data name="ImageName" inType="win:AnsiString" outType="xs:string"/>
</template>
]]></Template>
            </Event>
            <Event>
                <Id>2</Id>
                <Version>2</Version>
                <Channel>Microsoft-Windows-Kernel-Process/Analytic</Channel>
                <Level>Information</Level>
                <Task>ProcessStop</Task>
                <Opcode>Stop</Opcode>
                <Keyword>WINEVENT_KEYWORD_PROCESS</Keyword>
                <Message><![CDATA[
Process %1 (which started at time %3) stopped at time %4 with exit code %5.]]></Message>
                <Template><![CDATA[
<template xmlns="http://schemas.microsoft.com/win/2004/08/events">
  <data name="ProcessID" inType="win:UInt32" outType="win:PID"/>
  <data name="ProcessSequenceNumber" inType="win:UInt64" outType="xs:unsignedLong"/>
  <data name="CreateTime" inType="win:FILETIME" outType="xs:dateTime"/>
  <data name="ExitTime" inType="win:FILETIME" outType="xs:dateTime"/>
  <data name="ExitCode" inType="win:UInt32" outType="xs:unsignedInt"/>
  <data name="TokenElevationType" inType="win:UInt32" outType="xs:unsignedInt"/>
  <data name="HandleCount" inType="win:UInt32" outType="xs:unsignedInt"/>
  <data name="CommitCharge" inType="win:UInt64" outType="xs:unsignedLong"/>
  <data name="CommitPeak" inType="win:UInt64" outType="xs:unsignedLong"/>
  <data name="CPUCycleCount" inType="win:UInt64" outType="xs:unsignedLong"/>
  <data name="ReadOperationCount" inType="win:UInt32" outType="xs:unsignedInt"/>
  <data name="WriteOperationCount" inType="win:UInt32" outType="xs:unsignedInt"/>
  <data name="ReadTransferKiloBytes" inType="win:UInt32" outType="xs:unsignedInt"/>
  <data name="WriteTransferKiloBytes" inType="win:UInt32" outType="xs:unsignedInt"/>
  <data name="HardFaultCount" inType="win:UInt32" outType="xs:unsignedInt"/>
  <data name="ImageName" inType="win:AnsiString" outType="xs:string"/>
</template>
]]></Template>
            </Event>
            <Event>
                <Id>3</Id>
                <Version>0</Version>
                <Channel>Microsoft-Windows-Kernel-Process/Analytic</Channel>
                <Level>Information</Level>
                <Task>ThreadStart</Task>
                <Opcode>Start</Opcode>
                <Keyword>WINEVENT_KEYWORD_THREAD</Keyword>
                <Message><![CDATA[
Thread %2 (in Process %1) started.]]></Message>
                <Template><![CDATA[
<template xmlns="http://schemas.microsoft.com/win/2004/08/events">
  <data name="ProcessID" inType="win:UInt32" outType="win:PID"/>
  <data name="ThreadID" inType="win:UInt32" outType="win:TID"/>
  <data name="StackBase" inType="win:Pointer" outType="win:HexInt64"/>
  <data name="StackLimit" inType="win:Pointer" outType="win:HexInt64"/>
  <data name="UserStackBase" inType="win:Pointer" outType="win:HexInt64"/>
  <data name="UserStackLimit" inType="win:Pointer" outType="win:HexInt64"/>
  <data name="StartAddr" inType="win:Pointer" outType="win:HexInt64"/>
  <data name="Win32StartAddr" inType="win:Pointer" outType="win:HexInt64"/>
  <data name="TebBase" inType="win:Pointer" outType="win:HexInt64"/>
</template>
]]></Template>
            </Event>
            <Event>
                <Id>3</Id>
                <Version>1</Version>
                <Channel>Microsoft-Windows-Kernel-Process/Analytic</Channel>
                <Level>Information</Level>
                <Task>ThreadStart</Task>
                <Opcode>Start</Opcode>
                <Keyword>WINEVENT_KEYWORD_THREAD</Keyword>
                <Message><![CDATA[
Thread %2 (in Process %1) started.]]></Message>
                <Template><![CDATA[
<template xmlns="http://schemas.microsoft.com/win/2004/08/events">
  <data name="ProcessID" inType="win:UInt32" outType="win:PID"/>
  <data name="ThreadID" inType="win:UInt32" outType="win:TID"/>
  <data name="StackBase" inType="win:Pointer" outType="win:HexInt64"/>
  <data name="StackLimit" inType="win:Pointer" outType="win:HexInt64"/>
  <data name="UserStackBase" inType="win:Pointer" outType="win:HexInt64"/>
  <data name="UserStackLimit" inType="win:Pointer" outType="win:HexInt64"/>
  <data name="StartAddr" inType="win:Pointer" outType="win:HexInt64"/>
  <data name="Win32StartAddr" inType="win:Pointer" outType="win:HexInt64"/>
  <data name="TebBase" inType="win:Pointer" outType="win:HexInt64"/>
  <data name="SubProcessTag" inType="win:UInt32" outType="xs:unsignedInt"/>
</template>
]]></Template>
            </Event>
            <Event>
                <Id>4</Id>
                <Version>0</Version>
                <Channel>Microsoft-Windows-Kernel-Process/Analytic</Channel>
                <Level>Information</Level>
                <Task>ThreadStop</Task>
                <Opcode>Stop</Opcode>
                <Keyword>WINEVENT_KEYWORD_THREAD</Keyword>
                <Message><![CDATA[
Thread %2 (in Process %1) stopped.]]></Message>
                <Template><![CDATA[
<template xmlns="http://schemas.microsoft.com/win/2004/08/events">
  <data name="ProcessID" inType="win:UInt32" outType="win:PID"/>
  <data name="ThreadID" inType="win:UInt32" outType="win:TID"/>
  <data name="StackBase" inType="win:Pointer" outType="win:HexInt64"/>
  <data name="StackLimit" inType="win:Pointer" outType="win:HexInt64"/>
  <data name="UserStackBase" inType="win:Pointer" outType="win:HexInt64"/>
  <data name="UserStackLimit" inType="win:Pointer" outType="win:HexInt64"/>
  <data name="StartAddr" inType="win:Pointer" outType="win:HexInt64"/>
  <data name="Win32StartAddr" inType="win:Pointer" outType="win:HexInt64"/>
  <data name="TebBase" inType="win:Pointer" outType="win:HexInt64"/>
</template>
]]></Template>
            </Event>
            <Event>
                <Id>4</Id>
                <Version>1</Version>
                <Channel>Microsoft-Windows-Kernel-Process/Analytic</Channel>
                <Level>Information</Level>
                <Task>ThreadStop</Task>
                <Opcode>Stop</Opcode>
                <Keyword>WINEVENT_KEYWORD_THREAD</Keyword>
                <Message><![CDATA[
Thread %2 (in Process %1) stopped.]]></Message>
                <Template><![CDATA[
<template xmlns="http://schemas.microsoft.com/win/2004/08/events">
  <data name="ProcessID" inType="win:UInt32" outType="win:PID"/>
  <data name="ThreadID" inType="win:UInt32" outType="win:TID"/>
  <data name="StackBase" inType="win:Pointer" outType="win:HexInt64"/>
  <data name="StackLimit" inType="win:Pointer" outType="win:HexInt64"/>
  <data name="UserStackBase" inType="win:Pointer" outType="win:HexInt64"/>
  <data name="UserStackLimit" inType="win:Pointer" outType="win:HexInt64"/>
  <data name="StartAddr" inType="win:Pointer" outType="win:HexInt64"/>
  <data name="Win32StartAddr" inType="win:Pointer" outType="win:HexInt64"/>
  <data name="TebBase" inType="win:Pointer" outType="win:HexInt64"/>
  <data name="SubProcessTag" inType="win:UInt32" outType="xs:unsignedInt"/>
  <data name="CycleTime" inType="win:UInt64" outType="win:HexInt64"/>
</template>
]]></Template>
            </Event>
            <Event>
                <Id>5</Id>
                <Version>0</Version>
                <Channel>Microsoft-Windows-Kernel-Process/Analytic</Channel>
                <Level>Information</Level>
                <Task>ImageLoad</Task>
                <Keyword>WINEVENT_KEYWORD_IMAGE</Keyword>
                <Message><![CDATA[
Process %3 had an image loaded with name %7.]]></Message>
                <Template><![CDATA[
<template xmlns="http://schemas.microsoft.com/win/2004/08/events">
  <data name="ImageBase" inType="win:Pointer" outType="win:HexInt64"/>
  <data name="ImageSize" inType="win:Pointer" outType="win:HexInt64"/>
  <data name="ProcessID" inType="win:UInt32" outType="win:PID"/>
  <data name="ImageCheckSum" inType="win:UInt32" outType="xs:unsignedInt"/>
  <data name="TimeDateStamp" inType="win:UInt32" outType="xs:unsignedInt"/>
  <data name="DefaultBase" inType="win:Pointer" outType="win:HexInt64"/>
  <data name="ImageName" inType="win:UnicodeString" outType="xs:string"/>
</template>
]]></Template>
            </Event>
            <Event>
                <Id>6</Id>
                <Version>0</Version>
                <Channel>Microsoft-Windows-Kernel-Process/Analytic</Channel>
                <Level>Information</Level>
                <Task>ImageUnload</Task>
                <Keyword>WINEVENT_KEYWORD_IMAGE</Keyword>
                <Message><![CDATA[
Process %3 had an image unloaded with name %7.]]></Message>
                <Template><![CDATA[
<template xmlns="http://schemas.microsoft.com/win/2004/08/events">
  <data name="ImageBase" inType="win:Pointer" outType="win:HexInt64"/>
  <data name="ImageSize" inType="win:Pointer" outType="win:HexInt64"/>
  <data name="ProcessID" inType="win:UInt32" outType="win:PID"/>
  <data name="ImageCheckSum" inType="win:UInt32" outType="xs:unsignedInt"/>
  <data name="TimeDateStamp" inType="win:UInt32" outType="xs:unsignedInt"/>
  <data name="DefaultBase" inType="win:Pointer" outType="win:HexInt64"/>
  <data name="ImageName" inType="win:UnicodeString" outType="xs:string"/>
</template>
]]></Template>
            </Event>
            <Event>
                <Id>7</Id>
                <Version>0</Version>
                <Channel>Microsoft-Windows-Kernel-Process/Analytic</Channel>
                <Level>Information</Level>
                <Task>CpuBasePriorityChange</Task>
                <Keyword>WINEVENT_KEYWORD_CPU_PRIORITY</Keyword>
                <Message><![CDATA[
Base CPU priority of thread %2 in process %1 was changed from %3 to %4.]]></Message>
                <Template><![CDATA[
<template xmlns="http://schemas.microsoft.com/win/2004/08/events">
  <data name="ProcessID" inType="win:UInt32" outType="win:PID"/>
  <data name="ThreadID" inType="win:UInt32" outType="win:TID"/>
  <data name="OldPriority" inType="win:UInt8" outType="xs:unsignedByte"/>
  <data name="NewPriority" inType="win:UInt8" outType="xs:unsignedByte"/>
</template>
]]></Template>
            </Event>
            <Event>
                <Id>8</Id>
                <Version>0</Version>
                <Channel>Microsoft-Windows-Kernel-Process/Analytic</Channel>
                <Level>Information</Level>
                <Task>CpuPriorityChange</Task>
                <Keyword>WINEVENT_KEYWORD_CPU_PRIORITY</Keyword>
                <Message><![CDATA[
CPU priority of thread %2 in process %1 was changed from %3 to %4.]]></Message>
                <Template><![CDATA[
<template xmlns="http://schemas.microsoft.com/win/2004/08/events">
  <data name="ProcessID" inType="win:UInt32" outType="win:PID"/>
  <data name="ThreadID" inType="win:UInt32" outType="win:TID"/>
  <data name="OldPriority" inType="win:UInt8" outType="xs:unsignedByte"/>
  <data name="NewPriority" inType="win:UInt8" outType="xs:unsignedByte"/>
</template>
]]></Template>
            </Event>
            <Event>
                <Id>9</Id>
                <Version>0</Version>
                <Channel>Microsoft-Windows-Kernel-Process/Analytic</Channel>
                <Level>Information</Level>
                <Task>PagePriorityChange</Task>
                <Keyword>WINEVENT_KEYWORD_OTHER_PRIORITY</Keyword>
                <Message><![CDATA[
Page priority of thread %2 in process %1 was changed from %3 to %4.]]></Message>
                <Template><![CDATA[
<template xmlns="http://schemas.microsoft.com/win/2004/08/events">
  <data name="ProcessID" inType="win:UInt32" outType="win:PID"/>
  <data name="ThreadID" inType="win:UInt32" outType="win:TID"/>
  <data name="OldPriority" inType="win:UInt8" outType="xs:unsignedByte"/>
  <data name="NewPriority" inType="win:UInt8" outType="xs:unsignedByte"/>
</template>
]]></Template>
            </Event>
            <Event>
                <Id>10</Id>
                <Version>0</Version>
                <Channel>Microsoft-Windows-Kernel-Process/Analytic</Channel>
                <Level>Information</Level>
                <Task>IoPriorityChange</Task>
                <Keyword>WINEVENT_KEYWORD_OTHER_PRIORITY</Keyword>
                <Message><![CDATA[
I/O priority of thread %2 in process %1 was changed from %3 to %4.]]></Message>
                <Template><![CDATA[
<template xmlns="http://schemas.microsoft.com/win/2004/08/events">
  <data name="ProcessID" inType="win:UInt32" outType="win:PID"/>
  <data name="ThreadID" inType="win:UInt32" outType="win:TID"/>
  <data name="OldPriority" inType="win:UInt8" outType="xs:unsignedByte"/>
  <data name="NewPriority" inType="win:UInt8" outType="xs:unsignedByte"/>
</template>
]]></Template>
            </Event>
            <Event>
                <Id>11</Id>
                <Version>0</Version>
                <Channel>Microsoft-Windows-Kernel-Process/Analytic</Channel>
                <Level>Information</Level>
                <Task>ProcessFreeze</Task>
                <Opcode>Start</Opcode>
                <Keyword>WINEVENT_KEYWORD_PROCESS_FREEZE</Keyword>
                <Message><![CDATA[
Execution of the process %1 has been suspended.]]></Message>
                <Template><![CDATA[
<template xmlns="http://schemas.microsoft.com/win/2004/08/events">
  <data name="FrozenProcessID" inType="win:UInt32" outType="win:PID"/>
</template>
]]></Template>
            </Event>
            <Event>
                <Id>11</Id>
                <Version>1</Version>
                <Channel>Microsoft-Windows-Kernel-Process/Analytic</Channel>
                <Level>Information</Level>
                <Task>ProcessFreeze</Task>
                <Opcode>Start</Opcode>
                <Keyword>WINEVENT_KEYWORD_PROCESS_FREEZE</Keyword>
                <Message><![CDATA[
Execution of the process %1 has been suspended.]]></Message>
                <Template><![CDATA[
<template xmlns="http://schemas.microsoft.com/win/2004/08/events">
  <data name="FrozenProcessID" inType="win:UInt32" outType="win:PID"/>
  <data name="CreateTime" inType="win:FILETIME" outType="xs:dateTime"/>
</template>
]]></Template>
            </Event>
            <Event>
                <Id>12</Id>
                <Version>0</Version>
                <Channel>Microsoft-Windows-Kernel-Process/Analytic</Channel>
                <Level>Information</Level>
                <Task>ProcessFreeze</Task>
                <Opcode>Stop</Opcode>
                <Keyword>WINEVENT_KEYWORD_PROCESS_FREEZE</Keyword>
                <Message><![CDATA[
Execution of the process %1 has been resumed.]]></Message>
                <Template><![CDATA[
<template xmlns="http://schemas.microsoft.com/win/2004/08/events">
  <data name="FrozenProcessID" inType="win:UInt32" outType="win:PID"/>
</template>
]]></Template>
            </Event>
            <Event>
                <Id>12</Id>
                <Version>1</Version>
                <Channel>Microsoft-Windows-Kernel-Process/Analytic</Channel>
                <Level>Information</Level>
                <Task>ProcessFreeze</Task>
                <Opcode>Stop</Opcode>
                <Keyword>WINEVENT_KEYWORD_PROCESS_FREEZE</Keyword>
                <Message><![CDATA[
Execution of the process %1 has been resumed.]]></Message>
                <Template><![CDATA[
<template xmlns="http://schemas.microsoft.com/win/2004/08/events">
  <data name="FrozenProcessID" inType="win:UInt32" outType="win:PID"/>
  <data name="CreateTime" inType="win:FILETIME" outType="xs:dateTime"/>
</template>
]]></Template>
            </Event>
            <Event>
                <Id>13</Id>
                <Version>0</Version>
                <Channel>Microsoft-Windows-Kernel-Process/Analytic</Channel>
                <Level>Information</Level>
                <Task>JobStart</Task>
                <Opcode>Start</Opcode>
                <Keyword>WINEVENT_KEYWORD_JOB</Keyword>
                <Message><![CDATA[
Job %1 started with status code %2.]]></Message>
                <Template><![CDATA[
<template xmlns="http://schemas.microsoft.com/win/2004/08/events">
  <data name="Container ID" inType="win:GUID" outType="xs:GUID"/>
  <data name="Job ID" inType="win:UInt32" outType="xs:unsignedInt"/>
  <data name="StatusCode" inType="win:UInt32" outType="xs:unsignedInt"/>
</template>
]]></Template>
            </Event>
            <Event>
                <Id>14</Id>
                <Version>0</Version>
                <Channel>Microsoft-Windows-Kernel-Process/Analytic</Channel>
                <Level>Information</Level>
                <Task>JobTerminate</Task>
                <Opcode>Stop</Opcode>
                <Keyword>WINEVENT_KEYWORD_JOB</Keyword>
                <Message><![CDATA[
Job %1 terminated with status code %2.]]></Message>
                <Template><![CDATA[
<template xmlns="http://schemas.microsoft.com/win/2004/08/events">
  <data name="Container ID" inType="win:GUID" outType="xs:GUID"/>
  <data name="Job ID" inType="win:UInt32" outType="xs:unsignedInt"/>
  <data name="StatusCode" inType="win:UInt32" outType="xs:unsignedInt"/>
</template>
]]></Template>
            </Event>
            <Event>
                <Id>15</Id>
                <Version>0</Version>
                <Channel>Microsoft-Windows-Kernel-Process/Analytic</Channel>
                <Level>Information</Level>
                <Task>ProcessRundown</Task>
                <Keyword>WINEVENT_KEYWORD_PROCESS</Keyword>
                <Message><![CDATA[
Enumerated process %1 had started at time %2 by parent %3 running in session %4 with name %6.]]></Message>
                <Template><![CDATA[
<template xmlns="http://schemas.microsoft.com/win/2004/08/events">
  <data name="ProcessID" inType="win:UInt32" outType="win:PID"/>
  <data name="CreateTime" inType="win:FILETIME" outType="xs:dateTime"/>
  <data name="ParentProcessID" inType="win:UInt32" outType="win:PID"/>
  <data name="SessionID" inType="win:UInt32" outType="xs:unsignedInt"/>
  <data name="Flags" inType="win:UInt32" outType="xs:unsignedInt"/>
  <data name="ImageName" inType="win:UnicodeString" outType="xs:string"/>
  <data name="ImageChecksum" inType="win:UInt32" outType="win:HexInt32"/>
  <data name="TimeDateStamp" inType="win:UInt32" outType="win:HexInt32"/>
  <data name="PackageFullName" inType="win:UnicodeString" outType="xs:string"/>
  <data name="PackageRelativeAppId" inType="win:UnicodeString" outType="xs:string"/>
</template>
]]></Template>
            </Event>
            <Event>
                <Id>15</Id>
                <Version>1</Version>
                <Channel>Microsoft-Windows-Kernel-Process/Analytic</Channel>
                <Level>Information</Level>
                <Task>ProcessRundown</Task>
                <Keyword>WINEVENT_KEYWORD_PROCESS</Keyword>
                <Message><![CDATA[
Enumerated process %1 had started at time %3 by parent %4 running in session %6 with name %11.]]></Message>
                <Template><![CDATA[
<template xmlns="http://schemas.microsoft.com/win/2004/08/events">
  <data name="ProcessID" inType="win:UInt32" outType="win:PID"/>
  <data name="ProcessSequenceNumber" inType="win:UInt64" outType="xs:unsignedLong"/>
  <data name="CreateTime" inType="win:FILETIME" outType="xs:dateTime"/>
  <data name="ParentProcessID" inType="win:UInt32" outType="win:PID"/>
  <data name="ParentProcessSequenceNumber" inType="win:UInt64" outType="xs:unsignedLong"/>
  <data name="SessionID" inType="win:UInt32" outType="xs:unsignedInt"/>
  <data name="Flags" inType="win:UInt32" outType="xs:unsignedInt"/>
  <data name="ProcessTokenElevationType" inType="win:UInt32" outType="xs:unsignedInt"/>
  <data name="ProcessTokenIsElevated" inType="win:UInt32" outType="xs:unsignedInt"/>
  <data name="MandatoryLabel" inType="win:SID" outType="xs:string"/>
  <data name="ImageName" inType="win:UnicodeString" outType="xs:string"/>
  <data name="ImageChecksum" inType="win:UInt32" outType="win:HexInt32"/>
  <data name="TimeDateStamp" inType="win:UInt32" outType="win:HexInt32"/>
  <data name="PackageFullName" inType="win:UnicodeString" outType="xs:string"/>
  <data name="PackageRelativeAppId" inType="win:UnicodeString" outType="xs:string"/>
</template>
]]></Template>
            </Event>
            <Event>
                <Id>16</Id>
                <Version>0</Version>
                <Level>Information</Level>
                <Keyword>WINEVENT_KEYWORD_ENABLE_PROCESS_TRACING_CALLBACKS</Keyword>
                <Template><![CDATA[
]]></Template>
            </Event>
            <Event>
                <Id>17</Id>
                <Version>0</Version>
                <Channel>Microsoft-Windows-Kernel-Process/Analytic</Channel>
                <Level>Information</Level>
                <Task>PsDiskIoAttribution</Task>
                <Opcode>Start</Opcode>
                <Keyword>WINEVENT_KEYWORD_JOB_IO</Keyword>
                <Template><![CDATA[
<template xmlns="http://schemas.microsoft.com/win/2004/08/events">
  <data name="Job ID" inType="win:UInt32" outType="xs:unsignedInt"/>
  <data name="DiskIoAttribution" inType="win:Pointer" outType="win:HexInt64"/>
  <data name="StatusCode" inType="win:UInt32" outType="xs:unsignedInt"/>
</template>
]]></Template>
            </Event>
            <Event>
                <Id>18</Id>
                <Version>0</Version>
                <Channel>Microsoft-Windows-Kernel-Process/Analytic</Channel>
                <Level>Information</Level>
                <Task>PsDiskIoAttribution</Task>
                <Opcode>Stop</Opcode>
                <Keyword>WINEVENT_KEYWORD_JOB_IO</Keyword>
                <Template><![CDATA[
<template xmlns="http://schemas.microsoft.com/win/2004/08/events">
  <data name="Job ID" inType="win:UInt32" outType="xs:unsignedInt"/>
  <data name="DiskIoAttribution" inType="win:Pointer" outType="win:HexInt64"/>
  <data name="StatusCode" inType="win:UInt32" outType="xs:unsignedInt"/>
</template>
]]></Template>
            </Event>
            <Event>
                <Id>19</Id>
                <Version>0</Version>
                <Channel>Microsoft-Windows-Kernel-Process/Analytic</Channel>
                <Level>Information</Level>
                <Task>PsIoRateControl</Task>
                <Opcode>Start</Opcode>
                <Keyword>WINEVENT_KEYWORD_JOB_IO</Keyword>
                <Template><![CDATA[
<template xmlns="http://schemas.microsoft.com/win/2004/08/events">
  <data name="Job ID" inType="win:UInt32" outType="xs:unsignedInt"/>
  <data name="IoRateControl" inType="win:Pointer" outType="win:HexInt64"/>
  <data name="ControlType" inType="win:UInt32" outType="xs:unsignedInt"/>
  <data name="RateType" inType="win:UInt32" outType="xs:unsignedInt"/>
  <data name="RateAmount" inType="win:UInt32" outType="xs:unsignedInt"/>
  <data name="StatusCode" inType="win:UInt32" outType="xs:unsignedInt"/>
</template>
]]></Template>
            </Event>
            <Event>
                <Id>19</Id>
                <Version>1</Version>
                <Channel>Microsoft-Windows-Kernel-Process/Analytic</Channel>
                <Level>Information</Level>
                <Task>PsIoRateControl</Task>
                <Opcode>Start</Opcode>
                <Keyword>WINEVENT_KEYWORD_JOB_IO</Keyword>
                <Template><![CDATA[
<template xmlns="http://schemas.microsoft.com/win/2004/08/events">
  <data name="Job ID" inType="win:UInt32" outType="xs:unsignedInt"/>
  <data name="IoRateControl" inType="win:Pointer" outType="win:HexInt64"/>
  <data name="MaxIops" inType="win:UInt64" outType="xs:unsignedLong"/>
  <data name="MaxBandwidth" inType="win:UInt64" outType="xs:unsignedLong"/>
  <data name="MaxTimePercent" inType="win:UInt64" outType="xs:unsignedLong"/>
  <data name="ReservationIops" inType="win:UInt64" outType="xs:unsignedLong"/>
  <data name="ReservationBandwidth" inType="win:UInt64" outType="xs:unsignedLong"/>
  <data name="ReservationTimePercent" inType="win:UInt64" outType="xs:unsignedLong"/>
  <data name="CriticalReservationIops" inType="win:UInt64" outType="xs:unsignedLong"/>
  <data name="CriticalReservationBandwidth" inType="win:UInt64" outType="xs:unsignedLong"/>
  <data name="CriticalReservationTimePercent" inType="win:UInt64" outType="xs:unsignedLong"/>
  <data name="ControlFlags" inType="win:UInt32" outType="xs:unsignedInt"/>
  <data name="VolumeName" inType="win:UnicodeString" outType="xs:string"/>
  <data name="StatusCode" inType="win:UInt32" outType="xs:unsignedInt"/>
</template>
]]></Template>
            </Event>
            <Event>
                <Id>19</Id>
                <Version>2</Version>
                <Channel>Microsoft-Windows-Kernel-Process/Analytic</Channel>
                <Level>Information</Level>
                <Task>PsIoRateControl</Task>
                <Opcode>Start</Opcode>
                <Keyword>WINEVENT_KEYWORD_JOB_IO</Keyword>
                <Template><![CDATA[
<template xmlns="http://schemas.microsoft.com/win/2004/08/events">
  <data name="Job ID" inType="win:UInt32" outType="xs:unsignedInt"/>
  <data name="IoRateControl" inType="win:Pointer" outType="win:HexInt64"/>
  <data name="MaxIops" inType="win:UInt64" outType="xs:unsignedLong"/>
  <data name="MaxBandwidth" inType="win:UInt64" outType="xs:unsignedLong"/>
  <data name="MaxTimePercent" inType="win:UInt64" outType="xs:unsignedLong"/>
  <data name="ReservationIops" inType="win:UInt64" outType="xs:unsignedLong"/>
  <data name="ReservationBandwidth" inType="win:UInt64" outType="xs:unsignedLong"/>
  <data name="ReservationTimePercent" inType="win:UInt64" outType="xs:unsignedLong"/>
  <data name="CriticalReservationIops" inType="win:UInt64" outType="xs:unsignedLong"/>
  <data name="CriticalReservationBandwidth" inType="win:UInt64" outType="xs:unsignedLong"/>
  <data name="CriticalReservationTimePercent" inType="win:UInt64" outType="xs:unsignedLong"/>
  <data name="SoftMaxIops" inType="win:UInt64" outType="xs:unsignedLong"/>
  <data name="SoftMaxBandwidth" inType="win:UInt64" outType="xs:unsignedLong"/>
  <data name="SoftMaxTimePercent" inType="win:UInt64" outType="xs:unsignedLong"/>
  <data name="ControlFlags" inType="win:UInt32" outType="xs:unsignedInt"/>
  <data name="VolumeName" inType="win:UnicodeString" outType="xs:string"/>
  <data name="StatusCode" inType="win:UInt32" outType="xs:unsignedInt"/>
</template>
]]></Template>
            </Event>
            <Event>
                <Id>20</Id>
                <Version>0</Version>
                <Channel>Microsoft-Windows-Kernel-Process/Analytic</Channel>
                <Level>Information</Level>
                <Task>PsIoRateControl</Task>
                <Opcode>Stop</Opcode>
                <Keyword>WINEVENT_KEYWORD_JOB_IO</Keyword>
                <Template><![CDATA[
<template xmlns="http://schemas.microsoft.com/win/2004/08/events">
  <data name="Job ID" inType="win:UInt32" outType="xs:unsignedInt"/>
  <data name="IoRateControl" inType="win:Pointer" outType="win:HexInt64"/>
  <data name="ControlType" inType="win:UInt32" outType="xs:unsignedInt"/>
  <data name="RateType" inType="win:UInt32" outType="xs:unsignedInt"/>
  <data name="RateAmount" inType="win:UInt32" outType="xs:unsignedInt"/>
  <data name="StatusCode" inType="win:UInt32" outType="xs:unsignedInt"/>
</template>
]]></Template>
            </Event>
            <Event>
                <Id>20</Id>
                <Version>1</Version>
                <Channel>Microsoft-Windows-Kernel-Process/Analytic</Channel>
                <Level>Information</Level>
                <Task>PsIoRateControl</Task>
                <Opcode>Stop</Opcode>
                <Keyword>WINEVENT_KEYWORD_JOB_IO</Keyword>
                <Template><![CDATA[
<template xmlns="http://schemas.microsoft.com/win/2004/08/events">
  <data name="Job ID" inType="win:UInt32" outType="xs:unsignedInt"/>
  <data name="IoRateControl" inType="win:Pointer" outType="win:HexInt64"/>
  <data name="MaxIops" inType="win:UInt64" outType="xs:unsignedLong"/>
  <data name="MaxBandwidth" inType="win:UInt64" outType="xs:unsignedLong"/>
  <data name="MaxTimePercent" inType="win:UInt64" outType="xs:unsignedLong"/>
  <data name="ReservationIops" inType="win:UInt64" outType="xs:unsignedLong"/>
  <data name="ReservationBandwidth" inType="win:UInt64" outType="xs:unsignedLong"/>
  <data name="ReservationTimePercent" inType="win:UInt64" outType="xs:unsignedLong"/>
  <data name="CriticalReservationIops" inType="win:UInt64" outType="xs:unsignedLong"/>
  <data name="CriticalReservationBandwidth" inType="win:UInt64" outType="xs:unsignedLong"/>
  <data name="CriticalReservationTimePercent" inType="win:UInt64" outType="xs:unsignedLong"/>
  <data name="ControlFlags" inType="win:UInt32" outType="xs:unsignedInt"/>
  <data name="VolumeName" inType="win:UnicodeString" outType="xs:string"/>
  <data name="StatusCode" inType="win:UInt32" outType="xs:unsignedInt"/>
</template>
]]></Template>
            </Event>
            <Event>
                <Id>20</Id>
                <Version>2</Version>
                <Channel>Microsoft-Windows-Kernel-Process/Analytic</Channel>
                <Level>Information</Level>
                <Task>PsIoRateControl</Task>
                <Opcode>Stop</Opcode>
                <Keyword>WINEVENT_KEYWORD_JOB_IO</Keyword>
                <Template><![CDATA[
<template xmlns="http://schemas.microsoft.com/win/2004/08/events">
  <data name="Job ID" inType="win:UInt32" outType="xs:unsignedInt"/>
  <data name="IoRateControl" inType="win:Pointer" outType="win:HexInt64"/>
  <data name="MaxIops" inType="win:UInt64" outType="xs:unsignedLong"/>
  <data name="MaxBandwidth" inType="win:UInt64" outType="xs:unsignedLong"/>
  <data name="MaxTimePercent" inType="win:UInt64" outType="xs:unsignedLong"/>
  <data name="ReservationIops" inType="win:UInt64" outType="xs:unsignedLong"/>
  <data name="ReservationBandwidth" inType="win:UInt64" outType="xs:unsignedLong"/>
  <data name="ReservationTimePercent" inType="win:UInt64" outType="xs:unsignedLong"/>
  <data name="CriticalReservationIops" inType="win:UInt64" outType="xs:unsignedLong"/>
  <data name="CriticalReservationBandwidth" inType="win:UInt64" outType="xs:unsignedLong"/>
  <data name="CriticalReservationTimePercent" inType="win:UInt64" outType="xs:unsignedLong"/>
  <data name="SoftMaxIops" inType="win:UInt64" outType="xs:unsignedLong"/>
  <data name="SoftMaxBandwidth" inType="win:UInt64" outType="xs:unsignedLong"/>
  <data name="SoftMaxTimePercent" inType="win:UInt64" outType="xs:unsignedLong"/>
  <data name="ControlFlags" inType="win:UInt32" outType="xs:unsignedInt"/>
  <data name="VolumeName" inType="win:UnicodeString" outType="xs:string"/>
  <data name="StatusCode" inType="win:UInt32" outType="xs:unsignedInt"/>
</template>
]]></Template>
            </Event>
            <Event>
                <Id>21</Id>
                <Version>0</Version>
                <Channel>Microsoft-Windows-Kernel-Process/Analytic</Channel>
                <Level>Information</Level>
                <Task>ThreadWorkOnBehalfUpdate</Task>
                <Keyword>WINEVENT_KEYWORD_WORK_ON_BEHALF</Keyword>
                <Template><![CDATA[
<template xmlns="http://schemas.microsoft.com/win/2004/08/events">
  <data name="OldWorkOnBehalfThreadID" inType="win:UInt32" outType="win:TID"/>
  <data name="NewWorkOnBehalfThreadID" inType="win:UInt32" outType="win:TID"/>
</template>
]]></Template>
            </Event>
            <Event>
                <Id>22</Id>
                <Version>0</Version>
                <Channel>Microsoft-Windows-Kernel-Process/Analytic</Channel>
                <Level>Information</Level>
                <Task>JobServerSiloStateChange</Task>
                <Keyword>WINEVENT_KEYWORD_JOB_SILO</Keyword>
                <Template><![CDATA[
<template xmlns="http://schemas.microsoft.com/win/2004/08/events">
  <data name="Container ID" inType="win:GUID" outType="xs:GUID"/>
  <data name="Job ID" inType="win:UInt32" outType="xs:unsignedInt"/>
  <data name="State" inType="win:UInt16" outType="xs:unsignedShort"/>
</template>
]]></Template>
            </Event>
            <Event>
                <Id>23</Id>
                <Version>0</Version>
                <Channel>Microsoft-Windows-Kernel-Process/Analytic</Channel>
                <Level>Information</Level>
                <Task>ServerSiloCreateCallback</Task>
                <Opcode>Start</Opcode>
                <Keyword>WINEVENT_KEYWORD_JOB_SILO</Keyword>
                <Template><![CDATA[
<template xmlns="http://schemas.microsoft.com/win/2004/08/events">
  <data name="Container ID" inType="win:GUID" outType="xs:GUID"/>
  <data name="Job ID" inType="win:UInt32" outType="xs:unsignedInt"/>
  <data name="MonitorName" inType="win:UnicodeString" outType="xs:string"/>
</template>
]]></Template>
            </Event>
            <Event>
                <Id>24</Id>
                <Version>0</Version>
                <Channel>Microsoft-Windows-Kernel-Process/Analytic</Channel>
                <Level>Information</Level>
                <Task>ServerSiloCreateCallback</Task>
                <Opcode>Stop</Opcode>
                <Keyword>WINEVENT_KEYWORD_JOB_SILO</Keyword>
                <Template><![CDATA[
<template xmlns="http://schemas.microsoft.com/win/2004/08/events">
  <data name="Container ID" inType="win:GUID" outType="xs:GUID"/>
  <data name="Job ID" inType="win:UInt32" outType="xs:unsignedInt"/>
  <data name="Status" inType="win:UInt32" outType="win:NTStatus"/>
  <data name="MonitorName" inType="win:UnicodeString" outType="xs:string"/>
</template>
]]></Template>
            </Event>
            <Event>
                <Id>25</Id>
                <Version>0</Version>
                <Channel>Microsoft-Windows-Kernel-Process/Analytic</Channel>
                <Level>Information</Level>
                <Task>ServerSiloTerminateCallback</Task>
                <Opcode>Start</Opcode>
                <Keyword>WINEVENT_KEYWORD_JOB_SILO</Keyword>
                <Template><![CDATA[
<template xmlns="http://schemas.microsoft.com/win/2004/08/events">
  <data name="Container ID" inType="win:GUID" outType="xs:GUID"/>
  <data name="Job ID" inType="win:UInt32" outType="xs:unsignedInt"/>
  <data name="MonitorName" inType="win:UnicodeString" outType="xs:string"/>
</template>
]]></Template>
            </Event>
            <Event>
                <Id>26</Id>
                <Version>0</Version>
                <Channel>Microsoft-Windows-Kernel-Process/Analytic</Channel>
                <Level>Information</Level>
                <Task>ServerSiloTerminateCallback</Task>
                <Opcode>Stop</Opcode>
                <Keyword>WINEVENT_KEYWORD_JOB_SILO</Keyword>
                <Template><![CDATA[
<template xmlns="http://schemas.microsoft.com/win/2004/08/events">
  <data name="Container ID" inType="win:GUID" outType="xs:GUID"/>
  <data name="Job ID" inType="win:UInt32" outType="xs:unsignedInt"/>
  <data name="MonitorName" inType="win:UnicodeString" outType="xs:string"/>
</template>
]]></Template>
            </Event>
            <Event>
                <Id>27</Id>
                <Version>0</Version>
                <Channel>Microsoft-Windows-Kernel-Process/Analytic</Channel>
                <Level>Information</Level>
                <Task>ProcessInPrivateSet</Task>
                <Keyword>WINEVENT_KEYWORD_PROCESS</Keyword>
                <Template><![CDATA[
<template xmlns="http://schemas.microsoft.com/win/2004/08/events">
  <data name="ProcessName" inType="win:UnicodeString" outType="xs:string"/>
  <data name="ProcessID" inType="win:UInt32" outType="win:PID"/>
</template>
]]></Template>
            </Event>
        </EventMetadata>
    </Provider>
</Providers>
