<Providers>
    <Provider>
        <Name>Microsoft-Windows-Hyper-V-SynthFcVdev</Name>
        <Metadata>
            <Guid>{5B621A17-3B58-4D03-94F0-314F4E9C79AE}</Guid>
            <ResourceFilePath>%systemroot%\system32\VmSynthFcVdev.dll</ResourceFilePath>
            <ParameterFilePath></ParameterFilePath>
            <MessageFilePath>%systemroot%\system32\VmSynthFcVdev.dll</MessageFilePath>
            <HelpLink></HelpLink>
            <PublisherMessage>Microsoft-Windows-Hyper-V-SynthFC</PublisherMessage>
            <Channels>
                <Channel>
                    <Message></Message>
                    <Path>Microsoft-Windows-Hyper-V-Worker-Admin</Path>
                    <Index>0</Index>
                    <Id>16</Id>
                    <Imported>true</Imported>
                </Channel>
                <Channel>
                    <Message></Message>
                    <Path>Microsoft-Windows-Hyper-V-Worker-Analytic</Path>
                    <Index>1</Index>
                    <Id>17</Id>
                    <Imported>true</Imported>
                </Channel>
            </Channels>
            <Levels>
                <Level>
                    <Message>Critical</Message>
                    <Name>win:Critical</Name>
                    <Value>1</Value>
                </Level>
                <Level>
                    <Message>Error</Message>
                    <Name>win:Error</Name>
                    <Value>2</Value>
                </Level>
                <Level>
                    <Message>Warning</Message>
                    <Name>win:Warning</Name>
                    <Value>3</Value>
                </Level>
                <Level>
                    <Message>Information</Message>
                    <Name>win:Informational</Name>
                    <Value>4</Value>
                </Level>
            </Levels>
            <Tasks>
            </Tasks>
            <Opcodes>
            </Opcodes>
            <Keywords>
            </Keywords>
        </Metadata>
        <EventMetadata>
            <Event>
                <Id>32000</Id>
                <Version>0</Version>
                <Channel>Microsoft-Windows-Hyper-V-Worker-Analytic</Channel>
                <Level>Information</Level>
                <Message><![CDATA[
[VMID %3] %1]]></Message>
                <Template><![CDATA[
<template xmlns="http://schemas.microsoft.com/win/2004/08/events">
  <data name="TraceData" inType="win:UnicodeString" outType="xs:string"/>
  <data name="VmName" inType="win:UnicodeString" outType="xs:string"/>
  <data name="VmId" inType="win:UnicodeString" outType="xs:string"/>
  <data name="StackFrameCount" inType="win:UInt32" outType="xs:unsignedInt"/>
  <data name="StackFrame" inType="win:Pointer" outType="win:HexInt64" count="StackFrameCount"/>
  <data name="ModuleCount" inType="win:UInt32" outType="xs:unsignedInt"/>
  <struct name="Module" count="ModuleCount">
    <data name="Name" inType="win:UnicodeString" outType="xs:string"/>
    <data name="BaseAddress" inType="win:Pointer" outType="win:HexInt64"/>
    <data name="SizeOfImage" inType="win:UInt32" outType="xs:unsignedInt"/>
    <data name="TimeDateStamp" inType="win:UInt32" outType="xs:unsignedInt"/>
  </struct>
</template>
]]></Template>
            </Event>
            <Event>
                <Id>32001</Id>
                <Version>0</Version>
                <Channel>Microsoft-Windows-Hyper-V-Worker-Analytic</Channel>
                <Level>Warning</Level>
                <Message><![CDATA[
[VMID %3] %1]]></Message>
                <Template><![CDATA[
<template xmlns="http://schemas.microsoft.com/win/2004/08/events">
  <data name="TraceData" inType="win:UnicodeString" outType="xs:string"/>
  <data name="VmName" inType="win:UnicodeString" outType="xs:string"/>
  <data name="VmId" inType="win:UnicodeString" outType="xs:string"/>
  <data name="StackFrameCount" inType="win:UInt32" outType="xs:unsignedInt"/>
  <data name="StackFrame" inType="win:Pointer" outType="win:HexInt64" count="StackFrameCount"/>
  <data name="ModuleCount" inType="win:UInt32" outType="xs:unsignedInt"/>
  <struct name="Module" count="ModuleCount">
    <data name="Name" inType="win:UnicodeString" outType="xs:string"/>
    <data name="BaseAddress" inType="win:Pointer" outType="win:HexInt64"/>
    <data name="SizeOfImage" inType="win:UInt32" outType="xs:unsignedInt"/>
    <data name="TimeDateStamp" inType="win:UInt32" outType="xs:unsignedInt"/>
  </struct>
</template>
]]></Template>
            </Event>
            <Event>
                <Id>32002</Id>
                <Version>0</Version>
                <Channel>Microsoft-Windows-Hyper-V-Worker-Analytic</Channel>
                <Level>Error</Level>
                <Message><![CDATA[
[VMID %3] %1]]></Message>
                <Template><![CDATA[
<template xmlns="http://schemas.microsoft.com/win/2004/08/events">
  <data name="TraceData" inType="win:UnicodeString" outType="xs:string"/>
  <data name="VmName" inType="win:UnicodeString" outType="xs:string"/>
  <data name="VmId" inType="win:UnicodeString" outType="xs:string"/>
  <data name="StackFrameCount" inType="win:UInt32" outType="xs:unsignedInt"/>
  <data name="StackFrame" inType="win:Pointer" outType="win:HexInt64" count="StackFrameCount"/>
  <data name="ModuleCount" inType="win:UInt32" outType="xs:unsignedInt"/>
  <struct name="Module" count="ModuleCount">
    <data name="Name" inType="win:UnicodeString" outType="xs:string"/>
    <data name="BaseAddress" inType="win:Pointer" outType="win:HexInt64"/>
    <data name="SizeOfImage" inType="win:UInt32" outType="xs:unsignedInt"/>
    <data name="TimeDateStamp" inType="win:UInt32" outType="xs:unsignedInt"/>
  </struct>
</template>
]]></Template>
            </Event>
            <Event>
                <Id>32003</Id>
                <Version>0</Version>
                <Channel>Microsoft-Windows-Hyper-V-Worker-Analytic</Channel>
                <Level>Critical</Level>
                <Message><![CDATA[
[VMID %3] %1]]></Message>
                <Template><![CDATA[
<template xmlns="http://schemas.microsoft.com/win/2004/08/events">
  <data name="TraceData" inType="win:UnicodeString" outType="xs:string"/>
  <data name="VmName" inType="win:UnicodeString" outType="xs:string"/>
  <data name="VmId" inType="win:UnicodeString" outType="xs:string"/>
  <data name="StackFrameCount" inType="win:UInt32" outType="xs:unsignedInt"/>
  <data name="StackFrame" inType="win:Pointer" outType="win:HexInt64" count="StackFrameCount"/>
  <data name="ModuleCount" inType="win:UInt32" outType="xs:unsignedInt"/>
  <struct name="Module" count="ModuleCount">
    <data name="Name" inType="win:UnicodeString" outType="xs:string"/>
    <data name="BaseAddress" inType="win:Pointer" outType="win:HexInt64"/>
    <data name="SizeOfImage" inType="win:UInt32" outType="xs:unsignedInt"/>
    <data name="TimeDateStamp" inType="win:UInt32" outType="xs:unsignedInt"/>
  </struct>
</template>
]]></Template>
            </Event>
            <Event>
                <Id>32100</Id>
                <Version>0</Version>
                <Channel>Microsoft-Windows-Hyper-V-Worker-Admin</Channel>
                <Level>Error</Level>
                <Message><![CDATA[
'%1': NPIV virtual port operation on virtual port (%3) failed with an unknown error. (Virtual machine ID %2)]]></Message>
                <Template><![CDATA[
<template xmlns="http://schemas.microsoft.com/win/2004/08/events">
  <data name="VmName" inType="win:UnicodeString" outType="xs:string"/>
  <data name="VmId" inType="win:UnicodeString" outType="xs:string"/>
  <data name="WWPN" inType="win:UnicodeString" outType="xs:string"/>
</template>
]]></Template>
            </Event>
            <Event>
                <Id>32101</Id>
                <Version>0</Version>
                <Channel>Microsoft-Windows-Hyper-V-Worker-Admin</Channel>
                <Level>Error</Level>
                <Message><![CDATA[
NPIV virtual port operation on virtual port (%3) failed with an unknown error.]]></Message>
                <Template><![CDATA[
<template xmlns="http://schemas.microsoft.com/win/2004/08/events">
  <data name="VmName" inType="win:UnicodeString" outType="xs:string"/>
  <data name="VmId" inType="win:UnicodeString" outType="xs:string"/>
  <data name="WWPN" inType="win:UnicodeString" outType="xs:string"/>
</template>
]]></Template>
            </Event>
            <Event>
                <Id>32102</Id>
                <Version>0</Version>
                <Channel>Microsoft-Windows-Hyper-V-Worker-Admin</Channel>
                <Level>Error</Level>
                <Message><![CDATA[
'%1': NPIV virtual port operation on virtual port (%3) failed with an error: The operation is not supported by the host. (Virtual machine ID %2)]]></Message>
                <Template><![CDATA[
<template xmlns="http://schemas.microsoft.com/win/2004/08/events">
  <data name="VmName" inType="win:UnicodeString" outType="xs:string"/>
  <data name="VmId" inType="win:UnicodeString" outType="xs:string"/>
  <data name="WWPN" inType="win:UnicodeString" outType="xs:string"/>
</template>
]]></Template>
            </Event>
            <Event>
                <Id>32103</Id>
                <Version>0</Version>
                <Channel>Microsoft-Windows-Hyper-V-Worker-Admin</Channel>
                <Level>Error</Level>
                <Message><![CDATA[
NPIV virtual port operation on virtual port (%3) failed with an error: The operation is not supported by the host.]]></Message>
                <Template><![CDATA[
<template xmlns="http://schemas.microsoft.com/win/2004/08/events">
  <data name="VmName" inType="win:UnicodeString" outType="xs:string"/>
  <data name="VmId" inType="win:UnicodeString" outType="xs:string"/>
  <data name="WWPN" inType="win:UnicodeString" outType="xs:string"/>
</template>
]]></Template>
            </Event>
            <Event>
                <Id>32104</Id>
                <Version>0</Version>
                <Channel>Microsoft-Windows-Hyper-V-Worker-Admin</Channel>
                <Level>Error</Level>
                <Message><![CDATA[
'%1': NPIV virtual port operation on virtual port (%3) failed with an error: The operation is not supported by the fabric. (Virtual machine ID %2)]]></Message>
                <Template><![CDATA[
<template xmlns="http://schemas.microsoft.com/win/2004/08/events">
  <data name="VmName" inType="win:UnicodeString" outType="xs:string"/>
  <data name="VmId" inType="win:UnicodeString" outType="xs:string"/>
  <data name="WWPN" inType="win:UnicodeString" outType="xs:string"/>
</template>
]]></Template>
            </Event>
            <Event>
                <Id>32105</Id>
                <Version>0</Version>
                <Channel>Microsoft-Windows-Hyper-V-Worker-Admin</Channel>
                <Level>Error</Level>
                <Message><![CDATA[
NPIV virtual port operation on virtual port (%3) failed with an error: The operation is not supported by the fabric.]]></Message>
                <Template><![CDATA[
<template xmlns="http://schemas.microsoft.com/win/2004/08/events">
  <data name="VmName" inType="win:UnicodeString" outType="xs:string"/>
  <data name="VmId" inType="win:UnicodeString" outType="xs:string"/>
  <data name="WWPN" inType="win:UnicodeString" outType="xs:string"/>
</template>
]]></Template>
            </Event>
            <Event>
                <Id>32106</Id>
                <Version>0</Version>
                <Channel>Microsoft-Windows-Hyper-V-Worker-Admin</Channel>
                <Level>Error</Level>
                <Message><![CDATA[
'%1': NPIV virtual port operation on virtual port (%3) failed with an error: Out of resources. (Virtual machine ID %2)]]></Message>
                <Template><![CDATA[
<template xmlns="http://schemas.microsoft.com/win/2004/08/events">
  <data name="VmName" inType="win:UnicodeString" outType="xs:string"/>
  <data name="VmId" inType="win:UnicodeString" outType="xs:string"/>
  <data name="WWPN" inType="win:UnicodeString" outType="xs:string"/>
</template>
]]></Template>
            </Event>
            <Event>
                <Id>32107</Id>
                <Version>0</Version>
                <Channel>Microsoft-Windows-Hyper-V-Worker-Admin</Channel>
                <Level>Error</Level>
                <Message><![CDATA[
NPIV virtual port operation on virtual port (%3) failed with an error: Out of resources.]]></Message>
                <Template><![CDATA[
<template xmlns="http://schemas.microsoft.com/win/2004/08/events">
  <data name="VmName" inType="win:UnicodeString" outType="xs:string"/>
  <data name="VmId" inType="win:UnicodeString" outType="xs:string"/>
  <data name="WWPN" inType="win:UnicodeString" outType="xs:string"/>
</template>
]]></Template>
            </Event>
            <Event>
                <Id>32108</Id>
                <Version>0</Version>
                <Channel>Microsoft-Windows-Hyper-V-Worker-Admin</Channel>
                <Level>Error</Level>
                <Message><![CDATA[
'%1': NPIV virtual port operation on virtual port (%3) failed with an error: Exceeded the maximum number of virtual ports on the physical HBA. (Virtual machine ID %2)]]></Message>
                <Template><![CDATA[
<template xmlns="http://schemas.microsoft.com/win/2004/08/events">
  <data name="VmName" inType="win:UnicodeString" outType="xs:string"/>
  <data name="VmId" inType="win:UnicodeString" outType="xs:string"/>
  <data name="WWPN" inType="win:UnicodeString" outType="xs:string"/>
</template>
]]></Template>
            </Event>
            <Event>
                <Id>32109</Id>
                <Version>0</Version>
                <Channel>Microsoft-Windows-Hyper-V-Worker-Admin</Channel>
                <Level>Error</Level>
                <Message><![CDATA[
NPIV virtual port operation on virtual port (%3) failed with an error:  Exceeded the maximum number of virtual ports on the physical HBA.]]></Message>
                <Template><![CDATA[
<template xmlns="http://schemas.microsoft.com/win/2004/08/events">
  <data name="VmName" inType="win:UnicodeString" outType="xs:string"/>
  <data name="VmId" inType="win:UnicodeString" outType="xs:string"/>
  <data name="WWPN" inType="win:UnicodeString" outType="xs:string"/>
</template>
]]></Template>
            </Event>
            <Event>
                <Id>32110</Id>
                <Version>0</Version>
                <Channel>Microsoft-Windows-Hyper-V-Worker-Admin</Channel>
                <Level>Error</Level>
                <Message><![CDATA[
'%1': NPIV virtual port operation on virtual port (%3) failed with an error: The world wide port name already exists on the fabric. (Virtual machine ID %2)]]></Message>
                <Template><![CDATA[
<template xmlns="http://schemas.microsoft.com/win/2004/08/events">
  <data name="VmName" inType="win:UnicodeString" outType="xs:string"/>
  <data name="VmId" inType="win:UnicodeString" outType="xs:string"/>
  <data name="WWPN" inType="win:UnicodeString" outType="xs:string"/>
</template>
]]></Template>
            </Event>
            <Event>
                <Id>32111</Id>
                <Version>0</Version>
                <Channel>Microsoft-Windows-Hyper-V-Worker-Admin</Channel>
                <Level>Error</Level>
                <Message><![CDATA[
NPIV virtual port operation on virtual port (%3) failed with an error:  The world wide port name already exists on the fabric.]]></Message>
                <Template><![CDATA[
<template xmlns="http://schemas.microsoft.com/win/2004/08/events">
  <data name="VmName" inType="win:UnicodeString" outType="xs:string"/>
  <data name="VmId" inType="win:UnicodeString" outType="xs:string"/>
  <data name="WWPN" inType="win:UnicodeString" outType="xs:string"/>
</template>
]]></Template>
            </Event>
            <Event>
                <Id>32112</Id>
                <Version>0</Version>
                <Channel>Microsoft-Windows-Hyper-V-Worker-Admin</Channel>
                <Level>Error</Level>
                <Message><![CDATA[
'%1': NPIV virtual port operation on virtual port (%3) failed with an error: The fibre channel link is down. (Virtual machine ID %2)]]></Message>
                <Template><![CDATA[
<template xmlns="http://schemas.microsoft.com/win/2004/08/events">
  <data name="VmName" inType="win:UnicodeString" outType="xs:string"/>
  <data name="VmId" inType="win:UnicodeString" outType="xs:string"/>
  <data name="WWPN" inType="win:UnicodeString" outType="xs:string"/>
</template>
]]></Template>
            </Event>
            <Event>
                <Id>32113</Id>
                <Version>0</Version>
                <Channel>Microsoft-Windows-Hyper-V-Worker-Admin</Channel>
                <Level>Error</Level>
                <Message><![CDATA[
NPIV virtual port operation on virtual port (%3) failed with an error:  The fibre channel link is down.]]></Message>
                <Template><![CDATA[
<template xmlns="http://schemas.microsoft.com/win/2004/08/events">
  <data name="VmName" inType="win:UnicodeString" outType="xs:string"/>
  <data name="VmId" inType="win:UnicodeString" outType="xs:string"/>
  <data name="WWPN" inType="win:UnicodeString" outType="xs:string"/>
</template>
]]></Template>
            </Event>
            <Event>
                <Id>32114</Id>
                <Version>0</Version>
                <Channel>Microsoft-Windows-Hyper-V-Worker-Admin</Channel>
                <Level>Error</Level>
                <Message><![CDATA[
'%1': NPIV virtual port operation on virtual port (%3) failed with an error: The DH-CHAP authentication mechanism is not usable (Virtual machine ID %2)]]></Message>
                <Template><![CDATA[
<template xmlns="http://schemas.microsoft.com/win/2004/08/events">
  <data name="VmName" inType="win:UnicodeString" outType="xs:string"/>
  <data name="VmId" inType="win:UnicodeString" outType="xs:string"/>
  <data name="WWPN" inType="win:UnicodeString" outType="xs:string"/>
</template>
]]></Template>
            </Event>
            <Event>
                <Id>32115</Id>
                <Version>0</Version>
                <Channel>Microsoft-Windows-Hyper-V-Worker-Admin</Channel>
                <Level>Error</Level>
                <Message><![CDATA[
NPIV virtual port operation on virtual port (%3) failed with an error: The DH-CHAP authentication mechanism is not usable.]]></Message>
                <Template><![CDATA[
<template xmlns="http://schemas.microsoft.com/win/2004/08/events">
  <data name="VmName" inType="win:UnicodeString" outType="xs:string"/>
  <data name="VmId" inType="win:UnicodeString" outType="xs:string"/>
  <data name="WWPN" inType="win:UnicodeString" outType="xs:string"/>
</template>
]]></Template>
            </Event>
            <Event>
                <Id>32116</Id>
                <Version>0</Version>
                <Channel>Microsoft-Windows-Hyper-V-Worker-Admin</Channel>
                <Level>Error</Level>
                <Message><![CDATA[
'%1': NPIV virtual port operation on virtual port (%3) failed with an error: The DH-CHAP hash function is not usable (Virtual machine ID %2)]]></Message>
                <Template><![CDATA[
<template xmlns="http://schemas.microsoft.com/win/2004/08/events">
  <data name="VmName" inType="win:UnicodeString" outType="xs:string"/>
  <data name="VmId" inType="win:UnicodeString" outType="xs:string"/>
  <data name="WWPN" inType="win:UnicodeString" outType="xs:string"/>
</template>
]]></Template>
            </Event>
            <Event>
                <Id>32117</Id>
                <Version>0</Version>
                <Channel>Microsoft-Windows-Hyper-V-Worker-Admin</Channel>
                <Level>Error</Level>
                <Message><![CDATA[
NPIV virtual port operation on virtual port (%3) failed with an error: The DH-CHAP hash function is not usable.]]></Message>
                <Template><![CDATA[
<template xmlns="http://schemas.microsoft.com/win/2004/08/events">
  <data name="VmName" inType="win:UnicodeString" outType="xs:string"/>
  <data name="VmId" inType="win:UnicodeString" outType="xs:string"/>
  <data name="WWPN" inType="win:UnicodeString" outType="xs:string"/>
</template>
]]></Template>
            </Event>
            <Event>
                <Id>32118</Id>
                <Version>0</Version>
                <Channel>Microsoft-Windows-Hyper-V-Worker-Admin</Channel>
                <Level>Error</Level>
                <Message><![CDATA[
'%1': NPIV virtual port operation on virtual port (%3) failed with an error: The DH-CHAP authentication transaction has already started (Virtual machine ID %2)]]></Message>
                <Template><![CDATA[
<template xmlns="http://schemas.microsoft.com/win/2004/08/events">
  <data name="VmName" inType="win:UnicodeString" outType="xs:string"/>
  <data name="VmId" inType="win:UnicodeString" outType="xs:string"/>
  <data name="WWPN" inType="win:UnicodeString" outType="xs:string"/>
</template>
]]></Template>
            </Event>
            <Event>
                <Id>32119</Id>
                <Version>0</Version>
                <Channel>Microsoft-Windows-Hyper-V-Worker-Admin</Channel>
                <Level>Error</Level>
                <Message><![CDATA[
NPIV virtual port operation on virtual port (%3) failed with an error: The DH-CHAP authentication transaction has already started.]]></Message>
                <Template><![CDATA[
<template xmlns="http://schemas.microsoft.com/win/2004/08/events">
  <data name="VmName" inType="win:UnicodeString" outType="xs:string"/>
  <data name="VmId" inType="win:UnicodeString" outType="xs:string"/>
  <data name="WWPN" inType="win:UnicodeString" outType="xs:string"/>
</template>
]]></Template>
            </Event>
            <Event>
                <Id>32120</Id>
                <Version>0</Version>
                <Channel>Microsoft-Windows-Hyper-V-Worker-Admin</Channel>
                <Level>Error</Level>
                <Message><![CDATA[
'%1': NPIV virtual port operation on virtual port (%3) failed with an error: The DH-CHAP authentication for the virtual port failed(Virtual machine ID %2)]]></Message>
                <Template><![CDATA[
<template xmlns="http://schemas.microsoft.com/win/2004/08/events">
  <data name="VmName" inType="win:UnicodeString" outType="xs:string"/>
  <data name="VmId" inType="win:UnicodeString" outType="xs:string"/>
  <data name="WWPN" inType="win:UnicodeString" outType="xs:string"/>
</template>
]]></Template>
            </Event>
            <Event>
                <Id>32121</Id>
                <Version>0</Version>
                <Channel>Microsoft-Windows-Hyper-V-Worker-Admin</Channel>
                <Level>Error</Level>
                <Message><![CDATA[
NPIV virtual port operation on virtual port (%3) failed with an error: The DH-CHAP authentication for the virtual port failed.]]></Message>
                <Template><![CDATA[
<template xmlns="http://schemas.microsoft.com/win/2004/08/events">
  <data name="VmName" inType="win:UnicodeString" outType="xs:string"/>
  <data name="VmId" inType="win:UnicodeString" outType="xs:string"/>
  <data name="WWPN" inType="win:UnicodeString" outType="xs:string"/>
</template>
]]></Template>
            </Event>
            <Event>
                <Id>32122</Id>
                <Version>0</Version>
                <Channel>Microsoft-Windows-Hyper-V-Worker-Admin</Channel>
                <Level>Error</Level>
                <Message><![CDATA[
'%1': NPIV virtual port operation on virtual port (%3) failed with an error: The NPIV protocol version is not supported(Virtual machine ID %2)]]></Message>
                <Template><![CDATA[
<template xmlns="http://schemas.microsoft.com/win/2004/08/events">
  <data name="VmName" inType="win:UnicodeString" outType="xs:string"/>
  <data name="VmId" inType="win:UnicodeString" outType="xs:string"/>
  <data name="WWPN" inType="win:UnicodeString" outType="xs:string"/>
</template>
]]></Template>
            </Event>
            <Event>
                <Id>32123</Id>
                <Version>0</Version>
                <Channel>Microsoft-Windows-Hyper-V-Worker-Admin</Channel>
                <Level>Error</Level>
                <Message><![CDATA[
NPIV virtual port operation on virtual port (%3) failed with an error: The NPIV protocol version is not supported.]]></Message>
                <Template><![CDATA[
<template xmlns="http://schemas.microsoft.com/win/2004/08/events">
  <data name="VmName" inType="win:UnicodeString" outType="xs:string"/>
  <data name="VmId" inType="win:UnicodeString" outType="xs:string"/>
  <data name="WWPN" inType="win:UnicodeString" outType="xs:string"/>
</template>
]]></Template>
            </Event>
            <Event>
                <Id>32124</Id>
                <Version>0</Version>
                <Channel>Microsoft-Windows-Hyper-V-Worker-Admin</Channel>
                <Level>Error</Level>
                <Message><![CDATA[
'%1': NPIV virtual port operation on virtual port (%3) failed with an error: The pre-determined timeout period for the virtual port operation (60 seconds) expired. (Virtual machine ID %2)]]></Message>
                <Template><![CDATA[
<template xmlns="http://schemas.microsoft.com/win/2004/08/events">
  <data name="VmName" inType="win:UnicodeString" outType="xs:string"/>
  <data name="VmId" inType="win:UnicodeString" outType="xs:string"/>
  <data name="WWPN" inType="win:UnicodeString" outType="xs:string"/>
</template>
]]></Template>
            </Event>
            <Event>
                <Id>32125</Id>
                <Version>0</Version>
                <Channel>Microsoft-Windows-Hyper-V-Worker-Admin</Channel>
                <Level>Error</Level>
                <Message><![CDATA[
NPIV virtual port operation on virtual port (%3) failed with an error: The pre-determined timeout period for the virtual port operation (60 seconds) expired.]]></Message>
                <Template><![CDATA[
<template xmlns="http://schemas.microsoft.com/win/2004/08/events">
  <data name="VmName" inType="win:UnicodeString" outType="xs:string"/>
  <data name="VmId" inType="win:UnicodeString" outType="xs:string"/>
  <data name="WWPN" inType="win:UnicodeString" outType="xs:string"/>
</template>
]]></Template>
            </Event>
            <Event>
                <Id>32126</Id>
                <Version>0</Version>
                <Channel>Microsoft-Windows-Hyper-V-Worker-Admin</Channel>
                <Level>Error</Level>
                <Message><![CDATA[
'%1': NPIV virtual port operation for virtual port (%3) on physical port (%4) failed with an error: (%5) and NPIV error: (%6). (Virtual machine ID %2)]]></Message>
                <Template><![CDATA[
<template xmlns="http://schemas.microsoft.com/win/2004/08/events">
  <data name="Parameter0" inType="win:UnicodeString" outType="xs:string"/>
  <data name="Parameter1" inType="win:UnicodeString" outType="xs:string"/>
  <data name="Parameter2" inType="win:UnicodeString" outType="xs:string"/>
  <data name="Parameter3" inType="win:UnicodeString" outType="xs:string"/>
  <data name="Parameter4" inType="win:UnicodeString" outType="xs:string"/>
  <data name="Parameter5" inType="win:UnicodeString" outType="xs:string"/>
</template>
]]></Template>
            </Event>
            <Event>
                <Id>32150</Id>
                <Version>0</Version>
                <Channel>Microsoft-Windows-Hyper-V-Worker-Admin</Channel>
                <Level>Error</Level>
                <Message><![CDATA[
'%1': NPIV virtual port operation on virtual port (%3) failed with an error: The fibre channel miniport driver does not support NPIV or the NPIV WMI classes are not installed correctly. (Virtual machine ID %2)]]></Message>
                <Template><![CDATA[
<template xmlns="http://schemas.microsoft.com/win/2004/08/events">
  <data name="VmName" inType="win:UnicodeString" outType="xs:string"/>
  <data name="VmId" inType="win:UnicodeString" outType="xs:string"/>
  <data name="WWPN" inType="win:UnicodeString" outType="xs:string"/>
</template>
]]></Template>
            </Event>
            <Event>
                <Id>32151</Id>
                <Version>0</Version>
                <Channel>Microsoft-Windows-Hyper-V-Worker-Admin</Channel>
                <Level>Error</Level>
                <Message><![CDATA[
NPIV virtual port operation on virtual port (%3) failed with an error:  The fibre channel miniport driver does not support NPIV or the NPIV WMI classes are not installed correctly.]]></Message>
                <Template><![CDATA[
<template xmlns="http://schemas.microsoft.com/win/2004/08/events">
  <data name="VmName" inType="win:UnicodeString" outType="xs:string"/>
  <data name="VmId" inType="win:UnicodeString" outType="xs:string"/>
  <data name="WWPN" inType="win:UnicodeString" outType="xs:string"/>
</template>
]]></Template>
            </Event>
            <Event>
                <Id>32152</Id>
                <Version>0</Version>
                <Channel>Microsoft-Windows-Hyper-V-Worker-Admin</Channel>
                <Level>Error</Level>
                <Message><![CDATA[
'%1': NPIV virtual port operation on virtual port (%3) failed with an error: The NPIV WMI operation failed with an unknown error (Virtual machine ID %2).]]></Message>
                <Template><![CDATA[
<template xmlns="http://schemas.microsoft.com/win/2004/08/events">
  <data name="VmName" inType="win:UnicodeString" outType="xs:string"/>
  <data name="VmId" inType="win:UnicodeString" outType="xs:string"/>
  <data name="WWPN" inType="win:UnicodeString" outType="xs:string"/>
</template>
]]></Template>
            </Event>
            <Event>
                <Id>32153</Id>
                <Version>0</Version>
                <Channel>Microsoft-Windows-Hyper-V-Worker-Admin</Channel>
                <Level>Error</Level>
                <Message><![CDATA[
NPIV virtual port operation on virtual port (%3) failed with an error:  The NPIV WMI operation failed with an unknown error.]]></Message>
                <Template><![CDATA[
<template xmlns="http://schemas.microsoft.com/win/2004/08/events">
  <data name="VmName" inType="win:UnicodeString" outType="xs:string"/>
  <data name="VmId" inType="win:UnicodeString" outType="xs:string"/>
  <data name="WWPN" inType="win:UnicodeString" outType="xs:string"/>
</template>
]]></Template>
            </Event>
            <Event>
                <Id>32154</Id>
                <Version>0</Version>
                <Channel>Microsoft-Windows-Hyper-V-Worker-Admin</Channel>
                <Level>Error</Level>
                <Message><![CDATA[
'%1': NPIV virtual port operation on virtual port (%3) failed with an error: The fibre channel physical port on which the virtual port is being instantiated cannot be found or the HBA miniport driver does not support NPIV(Virtual machine ID %2).]]></Message>
                <Template><![CDATA[
<template xmlns="http://schemas.microsoft.com/win/2004/08/events">
  <data name="VmName" inType="win:UnicodeString" outType="xs:string"/>
  <data name="VmId" inType="win:UnicodeString" outType="xs:string"/>
  <data name="WWPN" inType="win:UnicodeString" outType="xs:string"/>
</template>
]]></Template>
            </Event>
            <Event>
                <Id>32155</Id>
                <Version>0</Version>
                <Channel>Microsoft-Windows-Hyper-V-Worker-Admin</Channel>
                <Level>Error</Level>
                <Message><![CDATA[
NPIV virtual port operation on virtual port (%3) failed with an error:  The fibre channel physical port on which the virtual port is being instantiated cannot be found or the HBA miniport driver does not support NPIV.]]></Message>
                <Template><![CDATA[
<template xmlns="http://schemas.microsoft.com/win/2004/08/events">
  <data name="VmName" inType="win:UnicodeString" outType="xs:string"/>
  <data name="VmId" inType="win:UnicodeString" outType="xs:string"/>
  <data name="WWPN" inType="win:UnicodeString" outType="xs:string"/>
</template>
]]></Template>
            </Event>
            <Event>
                <Id>32156</Id>
                <Version>0</Version>
                <Channel>Microsoft-Windows-Hyper-V-Worker-Admin</Channel>
                <Level>Error</Level>
                <Message><![CDATA[
Detected more than one physical HBA port with same set of PortWWN(%1) and NodeWWN(%2). Please fix this condition as this may lead to inconsistent behavior.]]></Message>
                <Template><![CDATA[
<template xmlns="http://schemas.microsoft.com/win/2004/08/events">
  <data name="Parameter0" inType="win:UnicodeString" outType="xs:string"/>
  <data name="Parameter1" inType="win:UnicodeString" outType="xs:string"/>
</template>
]]></Template>
            </Event>
            <Event>
                <Id>32157</Id>
                <Version>0</Version>
                <Channel>Microsoft-Windows-Hyper-V-Worker-Admin</Channel>
                <Level>Error</Level>
                <Message><![CDATA[
'%1': Insufficient permission for this NPIV virtual port operation on virtual port (%3) failed with an error: Access Denied from performing this NPIV operation (Virtual machine ID %2).]]></Message>
                <Template><![CDATA[
<template xmlns="http://schemas.microsoft.com/win/2004/08/events">
  <data name="VmName" inType="win:UnicodeString" outType="xs:string"/>
  <data name="VmId" inType="win:UnicodeString" outType="xs:string"/>
  <data name="WWPN" inType="win:UnicodeString" outType="xs:string"/>
</template>
]]></Template>
            </Event>
            <Event>
                <Id>32158</Id>
                <Version>0</Version>
                <Channel>Microsoft-Windows-Hyper-V-Worker-Admin</Channel>
                <Level>Error</Level>
                <Message><![CDATA[
Access Denied for FibreChannel port %3 on Virtual Machine ID %2.]]></Message>
                <Template><![CDATA[
<template xmlns="http://schemas.microsoft.com/win/2004/08/events">
  <data name="VmName" inType="win:UnicodeString" outType="xs:string"/>
  <data name="VmId" inType="win:UnicodeString" outType="xs:string"/>
  <data name="WWPN" inType="win:UnicodeString" outType="xs:string"/>
</template>
]]></Template>
            </Event>
            <Event>
                <Id>32159</Id>
                <Version>0</Version>
                <Channel>Microsoft-Windows-Hyper-V-Worker-Admin</Channel>
                <Level>Error</Level>
                <Message><![CDATA[
'%1': Operation for virtual port (%3) failed with an error: Number of virtual ports has exceeded the maximum limit 4 (Virtual machine ID %2).]]></Message>
                <Template><![CDATA[
<template xmlns="http://schemas.microsoft.com/win/2004/08/events">
  <data name="VmName" inType="win:UnicodeString" outType="xs:string"/>
  <data name="VmId" inType="win:UnicodeString" outType="xs:string"/>
  <data name="WWPN" inType="win:UnicodeString" outType="xs:string"/>
</template>
]]></Template>
            </Event>
            <Event>
                <Id>32160</Id>
                <Version>0</Version>
                <Channel>Microsoft-Windows-Hyper-V-Worker-Admin</Channel>
                <Level>Error</Level>
                <Message><![CDATA[
Exceeded maximum limit (4) for virtual ports on Virtual Machine ID %2.]]></Message>
                <Template><![CDATA[
<template xmlns="http://schemas.microsoft.com/win/2004/08/events">
  <data name="VmName" inType="win:UnicodeString" outType="xs:string"/>
  <data name="VmId" inType="win:UnicodeString" outType="xs:string"/>
  <data name="WWPN" inType="win:UnicodeString" outType="xs:string"/>
</template>
]]></Template>
            </Event>
            <Event>
                <Id>32161</Id>
                <Version>0</Version>
                <Channel>Microsoft-Windows-Hyper-V-Worker-Admin</Channel>
                <Level>Error</Level>
                <Message><![CDATA[
'%1': Operation for virtual port (%3) failed with an error: No physical port available to satisfy the request (Virtual machine ID %2).]]></Message>
                <Template><![CDATA[
<template xmlns="http://schemas.microsoft.com/win/2004/08/events">
  <data name="VmName" inType="win:UnicodeString" outType="xs:string"/>
  <data name="VmId" inType="win:UnicodeString" outType="xs:string"/>
  <data name="WWPN" inType="win:UnicodeString" outType="xs:string"/>
</template>
]]></Template>
            </Event>
            <Event>
                <Id>32162</Id>
                <Version>0</Version>
                <Channel>Microsoft-Windows-Hyper-V-Worker-Admin</Channel>
                <Level>Error</Level>
                <Message><![CDATA[
Operation for virtual port (%3) failed with an error:  No physical port available to satisfy the request (Virtual machine ID %2).]]></Message>
                <Template><![CDATA[
<template xmlns="http://schemas.microsoft.com/win/2004/08/events">
  <data name="VmName" inType="win:UnicodeString" outType="xs:string"/>
  <data name="VmId" inType="win:UnicodeString" outType="xs:string"/>
  <data name="WWPN" inType="win:UnicodeString" outType="xs:string"/>
</template>
]]></Template>
            </Event>
            <Event>
                <Id>32163</Id>
                <Version>0</Version>
                <Channel>Microsoft-Windows-Hyper-V-Worker-Admin</Channel>
                <Level>Error</Level>
                <Message><![CDATA[
'%1': Operation for virtual port (%3) failed with an error: Resource Pool for the Fibre Channel SAN Configured for this virtual port does not exist (Virtual machine ID %2).]]></Message>
                <Template><![CDATA[
<template xmlns="http://schemas.microsoft.com/win/2004/08/events">
  <data name="VmName" inType="win:UnicodeString" outType="xs:string"/>
  <data name="VmId" inType="win:UnicodeString" outType="xs:string"/>
  <data name="WWPN" inType="win:UnicodeString" outType="xs:string"/>
</template>
]]></Template>
            </Event>
            <Event>
                <Id>32164</Id>
                <Version>0</Version>
                <Channel>Microsoft-Windows-Hyper-V-Worker-Admin</Channel>
                <Level>Error</Level>
                <Message><![CDATA[
Operation for virtual port (%3) failed with an error:  Fibre Channel SAN Configured for this virtual port does not exist (Virtual machine ID %2).]]></Message>
                <Template><![CDATA[
<template xmlns="http://schemas.microsoft.com/win/2004/08/events">
  <data name="VmName" inType="win:UnicodeString" outType="xs:string"/>
  <data name="VmId" inType="win:UnicodeString" outType="xs:string"/>
  <data name="WWPN" inType="win:UnicodeString" outType="xs:string"/>
</template>
]]></Template>
            </Event>
            <Event>
                <Id>32165</Id>
                <Version>0</Version>
                <Channel>Microsoft-Windows-Hyper-V-Worker-Admin</Channel>
                <Level>Error</Level>
                <Message><![CDATA[
'%1': Virtual port (%3) creation failed with a NPIV error(Virtual machine ID %2).]]></Message>
                <Template><![CDATA[
<template xmlns="http://schemas.microsoft.com/win/2004/08/events">
  <data name="VmName" inType="win:UnicodeString" outType="xs:string"/>
  <data name="VmId" inType="win:UnicodeString" outType="xs:string"/>
  <data name="WWPN" inType="win:UnicodeString" outType="xs:string"/>
</template>
]]></Template>
            </Event>
            <Event>
                <Id>32166</Id>
                <Version>0</Version>
                <Channel>Microsoft-Windows-Hyper-V-Worker-Admin</Channel>
                <Level>Error</Level>
                <Message><![CDATA[
Virtual port (%3) creation failed with a NPIV error.]]></Message>
                <Template><![CDATA[
<template xmlns="http://schemas.microsoft.com/win/2004/08/events">
  <data name="VmName" inType="win:UnicodeString" outType="xs:string"/>
  <data name="VmId" inType="win:UnicodeString" outType="xs:string"/>
  <data name="WWPN" inType="win:UnicodeString" outType="xs:string"/>
</template>
]]></Template>
            </Event>
            <Event>
                <Id>32170</Id>
                <Version>0</Version>
                <Channel>Microsoft-Windows-Hyper-V-Worker-Admin</Channel>
                <Level>Warning</Level>
                <Message><![CDATA[
HBA port with instance name ('%1') is not NPIV capable and will not be used for virtual fibre channel.]]></Message>
                <Template><![CDATA[
<template xmlns="http://schemas.microsoft.com/win/2004/08/events">
  <data name="Parameter0" inType="win:UnicodeString" outType="xs:string"/>
</template>
]]></Template>
            </Event>
            <Event>
                <Id>32171</Id>
                <Version>0</Version>
                <Channel>Microsoft-Windows-Hyper-V-Worker-Admin</Channel>
                <Level>Warning</Level>
                <Message><![CDATA[
HBA port with instance name ('%1') is not Hyper-V capable and will not be used for virtual fibre channel. For use with Hyper-V, the following conditions need to be met: 1.The maximum number of discontinuous physical pages the storage adapter can manage in a single transfer should be at least 128. 2.The maximum number of bytes the storage adapter can transfer in a single operation should be at least 0.5 MB. 3.The alignment for buffers for HBA transfer operations should be either byte aligned or word aligned.]]></Message>
                <Template><![CDATA[
<template xmlns="http://schemas.microsoft.com/win/2004/08/events">
  <data name="Parameter0" inType="win:UnicodeString" outType="xs:string"/>
</template>
]]></Template>
            </Event>
            <Event>
                <Id>32172</Id>
                <Version>0</Version>
                <Channel>Microsoft-Windows-Hyper-V-Worker-Admin</Channel>
                <Level>Error</Level>
                <Message><![CDATA[
Could not find a virtual fibre channel resource pool with ID '%1']]></Message>
                <Template><![CDATA[
<template xmlns="http://schemas.microsoft.com/win/2004/08/events">
  <data name="Parameter0" inType="win:UnicodeString" outType="xs:string"/>
</template>
]]></Template>
            </Event>
            <Event>
                <Id>32173</Id>
                <Version>0</Version>
                <Channel>Microsoft-Windows-Hyper-V-Worker-Admin</Channel>
                <Level>Error</Level>
                <Message><![CDATA[
Error while validating virtual fibre channel resource pool with ID '%1' with error: %2 (%3)]]></Message>
                <Template><![CDATA[
<template xmlns="http://schemas.microsoft.com/win/2004/08/events">
  <data name="Parameter0" inType="win:UnicodeString" outType="xs:string"/>
  <data name="Parameter1" inType="win:UnicodeString" outType="xs:string"/>
  <data name="Parameter2" inType="win:UnicodeString" outType="xs:string"/>
</template>
]]></Template>
            </Event>
            <Event>
                <Id>32200</Id>
                <Version>0</Version>
                <Channel>Microsoft-Windows-Hyper-V-Worker-Admin</Channel>
                <Level>Information</Level>
                <Message><![CDATA[
'%1': Synthetic Fibre Channel HBA %4 (%3) started successfully. (Virtual machine ID %2)]]></Message>
                <Template><![CDATA[
<template xmlns="http://schemas.microsoft.com/win/2004/08/events">
  <data name="VmName" inType="win:UnicodeString" outType="xs:string"/>
  <data name="VmId" inType="win:UnicodeString" outType="xs:string"/>
  <data name="String" inType="win:UnicodeString" outType="xs:string"/>
  <data name="ErrorCodeString" inType="win:UnicodeString" outType="xs:string"/>
  <data name="ErrorCode" inType="win:UInt32" outType="xs:unsignedInt"/>
  <data name="Param1" inType="win:UnicodeString" outType="xs:string"/>
  <data name="Param2" inType="win:UnicodeString" outType="xs:string"/>
</template>
]]></Template>
            </Event>
            <Event>
                <Id>32201</Id>
                <Version>0</Version>
                <Channel>Microsoft-Windows-Hyper-V-Worker-Admin</Channel>
                <Level>Information</Level>
                <Message><![CDATA[
'%1': Synthetic Fibre Channel HBA %4 (%3) started successfully. (Virtual machine ID %2)]]></Message>
                <Template><![CDATA[
<template xmlns="http://schemas.microsoft.com/win/2004/08/events">
  <data name="VmName" inType="win:UnicodeString" outType="xs:string"/>
  <data name="VmId" inType="win:UnicodeString" outType="xs:string"/>
  <data name="String" inType="win:UnicodeString" outType="xs:string"/>
  <data name="ErrorCodeString" inType="win:UnicodeString" outType="xs:string"/>
  <data name="ErrorCode" inType="win:UInt32" outType="xs:unsignedInt"/>
  <data name="Param1" inType="win:UnicodeString" outType="xs:string"/>
  <data name="Param2" inType="win:UnicodeString" outType="xs:string"/>
</template>
]]></Template>
            </Event>
            <Event>
                <Id>32202</Id>
                <Version>0</Version>
                <Channel>Microsoft-Windows-Hyper-V-Worker-Admin</Channel>
                <Level>Error</Level>
                <Message><![CDATA[
Synthetic Fibre channel PNP listener failed to initialize with error %1 (%2).]]></Message>
                <Template><![CDATA[
<template xmlns="http://schemas.microsoft.com/win/2004/08/events">
  <data name="ErrorMessage" inType="win:UnicodeString" outType="xs:string"/>
  <data name="ErrorCode" inType="win:UnicodeString" outType="xs:string"/>
</template>
]]></Template>
            </Event>
            <Event>
                <Id>32203</Id>
                <Version>0</Version>
                <Channel>Microsoft-Windows-Hyper-V-Worker-Admin</Channel>
                <Level>Error</Level>
                <Message><![CDATA[
Synthetic Fibre channel PNP listener thread initialization failure %1 (%2).]]></Message>
                <Template><![CDATA[
<template xmlns="http://schemas.microsoft.com/win/2004/08/events">
  <data name="ErrorMessage" inType="win:UnicodeString" outType="xs:string"/>
  <data name="ErrorCode" inType="win:UnicodeString" outType="xs:string"/>
</template>
]]></Template>
            </Event>
            <Event>
                <Id>32204</Id>
                <Version>0</Version>
                <Channel>Microsoft-Windows-Hyper-V-Worker-Admin</Channel>
                <Level>Error</Level>
                <Message><![CDATA[
Failed to add LUN with Instance Path '%1' to virtual machine '%2' with error: %4 (%5). (Virtual machine ID %3)]]></Message>
                <Template><![CDATA[
<template xmlns="http://schemas.microsoft.com/win/2004/08/events">
  <data name="Parameter0" inType="win:UnicodeString" outType="xs:string"/>
  <data name="Parameter1" inType="win:UnicodeString" outType="xs:string"/>
  <data name="Parameter2" inType="win:UnicodeString" outType="xs:string"/>
  <data name="Parameter3" inType="win:UnicodeString" outType="xs:string"/>
  <data name="Parameter4" inType="win:UnicodeString" outType="xs:string"/>
</template>
]]></Template>
            </Event>
            <Event>
                <Id>32205</Id>
                <Version>0</Version>
                <Channel>Microsoft-Windows-Hyper-V-Worker-Admin</Channel>
                <Level>Error</Level>
                <Message><![CDATA[
Failed to add LUN with Instance Path '%1' to virtual machine '%2' with error: %4 (%5). (Virtual machine ID %3)]]></Message>
                <Template><![CDATA[
<template xmlns="http://schemas.microsoft.com/win/2004/08/events">
  <data name="Parameter0" inType="win:UnicodeString" outType="xs:string"/>
  <data name="Parameter1" inType="win:UnicodeString" outType="xs:string"/>
  <data name="Parameter2" inType="win:UnicodeString" outType="xs:string"/>
  <data name="Parameter3" inType="win:UnicodeString" outType="xs:string"/>
  <data name="Parameter4" inType="win:UnicodeString" outType="xs:string"/>
</template>
]]></Template>
            </Event>
            <Event>
                <Id>32206</Id>
                <Version>0</Version>
                <Channel>Microsoft-Windows-Hyper-V-Worker-Admin</Channel>
                <Level>Error</Level>
                <Message><![CDATA[
Error while restoring virtual machine '%2': There are %1 LUNs missing for Synthetic Fibre channel HBA %4 (%5) since the VM was saved. (Virtual machine ID %3)]]></Message>
                <Template><![CDATA[
<template xmlns="http://schemas.microsoft.com/win/2004/08/events">
  <data name="Parameter0" inType="win:UInt32" outType="xs:unsignedInt"/>
  <data name="Parameter1" inType="win:UnicodeString" outType="xs:string"/>
  <data name="Parameter2" inType="win:UnicodeString" outType="xs:string"/>
  <data name="Parameter3" inType="win:UnicodeString" outType="xs:string"/>
  <data name="Parameter4" inType="win:UnicodeString" outType="xs:string"/>
</template>
]]></Template>
            </Event>
            <Event>
                <Id>32207</Id>
                <Version>0</Version>
                <Channel>Microsoft-Windows-Hyper-V-Worker-Admin</Channel>
                <Level>Error</Level>
                <Message><![CDATA[
Error while restoring virtual machine '%2': There are %1 LUNs missing for Synthetic Fibre Channel HBA %4 (%5). (Virtual machine ID %3)]]></Message>
                <Template><![CDATA[
<template xmlns="http://schemas.microsoft.com/win/2004/08/events">
  <data name="Parameter0" inType="win:UInt32" outType="xs:unsignedInt"/>
  <data name="Parameter1" inType="win:UnicodeString" outType="xs:string"/>
  <data name="Parameter2" inType="win:UnicodeString" outType="xs:string"/>
  <data name="Parameter3" inType="win:UnicodeString" outType="xs:string"/>
  <data name="Parameter4" inType="win:UnicodeString" outType="xs:string"/>
</template>
]]></Template>
            </Event>
            <Event>
                <Id>32208</Id>
                <Version>0</Version>
                <Channel>Microsoft-Windows-Hyper-V-Worker-Admin</Channel>
                <Level>Error</Level>
                <Message><![CDATA[
'%1': Failed to query Page-83 Identity Data for LUN '%3' for Synthetic Fibre Channel HBA %4 (%5). (Virtual machine ID %2)]]></Message>
                <Template><![CDATA[
<template xmlns="http://schemas.microsoft.com/win/2004/08/events">
  <data name="Parameter0" inType="win:UnicodeString" outType="xs:string"/>
  <data name="Parameter1" inType="win:UnicodeString" outType="xs:string"/>
  <data name="Parameter2" inType="win:UnicodeString" outType="xs:string"/>
  <data name="Parameter3" inType="win:UnicodeString" outType="xs:string"/>
  <data name="Parameter4" inType="win:UnicodeString" outType="xs:string"/>
</template>
]]></Template>
            </Event>
            <Event>
                <Id>32209</Id>
                <Version>0</Version>
                <Channel>Microsoft-Windows-Hyper-V-Worker-Admin</Channel>
                <Level>Error</Level>
                <Message><![CDATA[
'%1': Failed to query Page-83 Identity Data for LUN '%3' for Synthetic Fibre Channel HBA %4 (%5). (Virtual machine ID %2)]]></Message>
                <Template><![CDATA[
<template xmlns="http://schemas.microsoft.com/win/2004/08/events">
  <data name="Parameter0" inType="win:UnicodeString" outType="xs:string"/>
  <data name="Parameter1" inType="win:UnicodeString" outType="xs:string"/>
  <data name="Parameter2" inType="win:UnicodeString" outType="xs:string"/>
  <data name="Parameter3" inType="win:UnicodeString" outType="xs:string"/>
  <data name="Parameter4" inType="win:UnicodeString" outType="xs:string"/>
</template>
]]></Template>
            </Event>
            <Event>
                <Id>32210</Id>
                <Version>0</Version>
                <Channel>Microsoft-Windows-Hyper-V-Worker-Admin</Channel>
                <Level>Information</Level>
                <Message><![CDATA[
'%1': A new LUN '%3' has been added for the Synthetic Fibre Channel HBA %4 (%5). (Virtual machine ID %2)]]></Message>
                <Template><![CDATA[
<template xmlns="http://schemas.microsoft.com/win/2004/08/events">
  <data name="Parameter0" inType="win:UnicodeString" outType="xs:string"/>
  <data name="Parameter1" inType="win:UnicodeString" outType="xs:string"/>
  <data name="Parameter2" inType="win:UnicodeString" outType="xs:string"/>
  <data name="Parameter3" inType="win:UnicodeString" outType="xs:string"/>
  <data name="Parameter4" inType="win:UnicodeString" outType="xs:string"/>
</template>
]]></Template>
            </Event>
            <Event>
                <Id>32211</Id>
                <Version>0</Version>
                <Channel>Microsoft-Windows-Hyper-V-Worker-Admin</Channel>
                <Level>Information</Level>
                <Message><![CDATA[
'%1': LUN '%3' has been removed from the Synthetic Fibre Channel HBA %4 (%5). (Virtual machine ID %2)]]></Message>
                <Template><![CDATA[
<template xmlns="http://schemas.microsoft.com/win/2004/08/events">
  <data name="Parameter0" inType="win:UnicodeString" outType="xs:string"/>
  <data name="Parameter1" inType="win:UnicodeString" outType="xs:string"/>
  <data name="Parameter2" inType="win:UnicodeString" outType="xs:string"/>
  <data name="Parameter3" inType="win:UnicodeString" outType="xs:string"/>
  <data name="Parameter4" inType="win:UnicodeString" outType="xs:string"/>
</template>
]]></Template>
            </Event>
            <Event>
                <Id>32212</Id>
                <Version>0</Version>
                <Channel>Microsoft-Windows-Hyper-V-Worker-Admin</Channel>
                <Level>Information</Level>
                <Message><![CDATA[
'%1': LUN '%3' has been restored successfully for the Synthetic Fibre Channel HBA %4 (%5). (Virtual machine ID %2)]]></Message>
                <Template><![CDATA[
<template xmlns="http://schemas.microsoft.com/win/2004/08/events">
  <data name="Parameter0" inType="win:UnicodeString" outType="xs:string"/>
  <data name="Parameter1" inType="win:UnicodeString" outType="xs:string"/>
  <data name="Parameter2" inType="win:UnicodeString" outType="xs:string"/>
  <data name="Parameter3" inType="win:UnicodeString" outType="xs:string"/>
  <data name="Parameter4" inType="win:UnicodeString" outType="xs:string"/>
</template>
]]></Template>
            </Event>
            <Event>
                <Id>32213</Id>
                <Version>0</Version>
                <Channel>Microsoft-Windows-Hyper-V-Worker-Admin</Channel>
                <Level>Warning</Level>
                <Message><![CDATA[
'%2': No LUNs have appeared for Synthetic Fibre Channel HBA %4 (%5). The VM has been started after the timeout period (%1 seconds). Please review the LUN mappings for the virtual port. (Virtual machine ID %3)]]></Message>
                <Template><![CDATA[
<template xmlns="http://schemas.microsoft.com/win/2004/08/events">
  <data name="Parameter0" inType="win:UInt32" outType="xs:unsignedInt"/>
  <data name="Parameter1" inType="win:UnicodeString" outType="xs:string"/>
  <data name="Parameter2" inType="win:UnicodeString" outType="xs:string"/>
  <data name="Parameter3" inType="win:UnicodeString" outType="xs:string"/>
  <data name="Parameter4" inType="win:UnicodeString" outType="xs:string"/>
</template>
]]></Template>
            </Event>
            <Event>
                <Id>32214</Id>
                <Version>0</Version>
                <Channel>Microsoft-Windows-Hyper-V-Worker-Admin</Channel>
                <Level>Error</Level>
                <Message><![CDATA[
Failed to reserve LUN with Instance Path '%1' to virtual machine '%2' with error: %4 (%5). (Virtual machine ID %3)]]></Message>
                <Template><![CDATA[
<template xmlns="http://schemas.microsoft.com/win/2004/08/events">
  <data name="Parameter0" inType="win:UnicodeString" outType="xs:string"/>
  <data name="Parameter1" inType="win:UnicodeString" outType="xs:string"/>
  <data name="Parameter2" inType="win:UnicodeString" outType="xs:string"/>
  <data name="Parameter3" inType="win:UnicodeString" outType="xs:string"/>
  <data name="Parameter4" inType="win:UnicodeString" outType="xs:string"/>
</template>
]]></Template>
            </Event>
            <Event>
                <Id>32215</Id>
                <Version>0</Version>
                <Channel>Microsoft-Windows-Hyper-V-Worker-Admin</Channel>
                <Level>Error</Level>
                <Message><![CDATA[
Failed to reserve with Instance Path '%1' to virtual machine '%2' with error: %4 (%5). (Virtual machine ID %3)]]></Message>
                <Template><![CDATA[
<template xmlns="http://schemas.microsoft.com/win/2004/08/events">
  <data name="Parameter0" inType="win:UnicodeString" outType="xs:string"/>
  <data name="Parameter1" inType="win:UnicodeString" outType="xs:string"/>
  <data name="Parameter2" inType="win:UnicodeString" outType="xs:string"/>
  <data name="Parameter3" inType="win:UnicodeString" outType="xs:string"/>
  <data name="Parameter4" inType="win:UnicodeString" outType="xs:string"/>
</template>
]]></Template>
            </Event>
            <Event>
                <Id>32216</Id>
                <Version>0</Version>
                <Channel>Microsoft-Windows-Hyper-V-Worker-Admin</Channel>
                <Level>Error</Level>
                <Message><![CDATA[
Failed to register LUN with Instance Path '%1' to virtual machine '%2' with error: %4 (%5). (Virtual machine ID %3)]]></Message>
                <Template><![CDATA[
<template xmlns="http://schemas.microsoft.com/win/2004/08/events">
  <data name="Parameter0" inType="win:UnicodeString" outType="xs:string"/>
  <data name="Parameter1" inType="win:UnicodeString" outType="xs:string"/>
  <data name="Parameter2" inType="win:UnicodeString" outType="xs:string"/>
  <data name="Parameter3" inType="win:UnicodeString" outType="xs:string"/>
  <data name="Parameter4" inType="win:UnicodeString" outType="xs:string"/>
</template>
]]></Template>
            </Event>
            <Event>
                <Id>32217</Id>
                <Version>0</Version>
                <Channel>Microsoft-Windows-Hyper-V-Worker-Admin</Channel>
                <Level>Error</Level>
                <Message><![CDATA[
Failed to register with Instance Path '%1' to virtual machine '%2' with error: %4 (%5). (Virtual machine ID %3)]]></Message>
                <Template><![CDATA[
<template xmlns="http://schemas.microsoft.com/win/2004/08/events">
  <data name="Parameter0" inType="win:UnicodeString" outType="xs:string"/>
  <data name="Parameter1" inType="win:UnicodeString" outType="xs:string"/>
  <data name="Parameter2" inType="win:UnicodeString" outType="xs:string"/>
  <data name="Parameter3" inType="win:UnicodeString" outType="xs:string"/>
  <data name="Parameter4" inType="win:UnicodeString" outType="xs:string"/>
</template>
]]></Template>
            </Event>
            <Event>
                <Id>32218</Id>
                <Version>0</Version>
                <Channel>Microsoft-Windows-Hyper-V-Worker-Admin</Channel>
                <Level>Error</Level>
                <Message><![CDATA[
'%1': Live migration of the machine failed because all the LUNS on the source machine were not seen on the target for virtual HBA %3 (%4). Expected: %5 LUNs, Found: %6 LUNs. Please review the LUN mappings for the World Wide name pair of the virtual HBA. (Virtual machine ID %2)]]></Message>
                <Template><![CDATA[
<template xmlns="http://schemas.microsoft.com/win/2004/08/events">
  <data name="Parameter0" inType="win:UnicodeString" outType="xs:string"/>
  <data name="Parameter1" inType="win:UnicodeString" outType="xs:string"/>
  <data name="Parameter2" inType="win:UnicodeString" outType="xs:string"/>
  <data name="Parameter3" inType="win:UnicodeString" outType="xs:string"/>
  <data name="Parameter4" inType="win:UnicodeString" outType="xs:string"/>
  <data name="Parameter5" inType="win:UnicodeString" outType="xs:string"/>
</template>
]]></Template>
            </Event>
            <Event>
                <Id>32219</Id>
                <Version>0</Version>
                <Channel>Microsoft-Windows-Hyper-V-Worker-Admin</Channel>
                <Level>Error</Level>
                <Message><![CDATA[
'%1':Starting a VM configured with one or more synthetic fibre channel HBA's is not supported on a client SKU (Virtual machine ID %2)]]></Message>
                <Template><![CDATA[
<template xmlns="http://schemas.microsoft.com/win/2004/08/events">
  <data name="VmName" inType="win:UnicodeString" outType="xs:string"/>
  <data name="VmId" inType="win:UnicodeString" outType="xs:string"/>
  <data name="String" inType="win:UnicodeString" outType="xs:string"/>
  <data name="ErrorCodeString" inType="win:UnicodeString" outType="xs:string"/>
  <data name="ErrorCode" inType="win:UInt32" outType="xs:unsignedInt"/>
  <data name="Param1" inType="win:UnicodeString" outType="xs:string"/>
  <data name="Param2" inType="win:UnicodeString" outType="xs:string"/>
</template>
]]></Template>
            </Event>
            <Event>
                <Id>32220</Id>
                <Version>0</Version>
                <Channel>Microsoft-Windows-Hyper-V-Worker-Admin</Channel>
                <Level>Error</Level>
                <Message><![CDATA[
Starting a VM configured with one or more synthetic fibre channel HBA's is not supported on a client SKU]]></Message>
                <Template><![CDATA[
<template xmlns="http://schemas.microsoft.com/win/2004/08/events">
  <data name="VmName" inType="win:UnicodeString" outType="xs:string"/>
  <data name="VmId" inType="win:UnicodeString" outType="xs:string"/>
  <data name="String" inType="win:UnicodeString" outType="xs:string"/>
  <data name="ErrorCodeString" inType="win:UnicodeString" outType="xs:string"/>
  <data name="ErrorCode" inType="win:UInt32" outType="xs:unsignedInt"/>
  <data name="Param1" inType="win:UnicodeString" outType="xs:string"/>
  <data name="Param2" inType="win:UnicodeString" outType="xs:string"/>
</template>
]]></Template>
            </Event>
            <Event>
                <Id>32221</Id>
                <Version>0</Version>
                <Channel>Microsoft-Windows-Hyper-V-Worker-Admin</Channel>
                <Level>Warning</Level>
                <Message><![CDATA[
'%1': The VM has been live migrated with missing LUNs for virtual HBA %3 (%4) due to the VM setting to allow reduced FC redundancy. Expected: %5 LUNs, Found: %6 LUNs. Please review the LUN mappings for the World Wide name pair of the virtual HBA. (Virtual machine ID %2)]]></Message>
                <Template><![CDATA[
<template xmlns="http://schemas.microsoft.com/win/2004/08/events">
  <data name="Parameter0" inType="win:UnicodeString" outType="xs:string"/>
  <data name="Parameter1" inType="win:UnicodeString" outType="xs:string"/>
  <data name="Parameter2" inType="win:UnicodeString" outType="xs:string"/>
  <data name="Parameter3" inType="win:UnicodeString" outType="xs:string"/>
  <data name="Parameter4" inType="win:UnicodeString" outType="xs:string"/>
  <data name="Parameter5" inType="win:UnicodeString" outType="xs:string"/>
</template>
]]></Template>
            </Event>
        </EventMetadata>
    </Provider>
</Providers>
