<Providers>
    <Provider>
        <Name>Microsoft-Windows-Dwm-Compositor</Name>
        <Metadata>
            <Guid>{044A9015-D96C-5DD1-0199-72D258325298}</Guid>
            <ResourceFilePath>%SystemRoot%\system32\dwmcore.dll</ResourceFilePath>
            <ParameterFilePath></ParameterFilePath>
            <MessageFilePath>%SystemRoot%\system32\dwmcore.dll</MessageFilePath>
            <HelpLink></HelpLink>
            <PublisherMessage>Microsoft-Windows-Dwm-Compositor</PublisherMessage>
            <Channels>
                <Channel>
                    <Message></Message>
                    <Path>Microsoft-Windows-Dwm-Compositor/Diagnostic</Path>
                    <Index>0</Index>
                    <Id>16</Id>
                    <Imported>false</Imported>
                </Channel>
            </Channels>
            <Levels>
                <Level>
                    <Message>Information</Message>
                    <Name>win:Informational</Name>
                    <Value>4</Value>
                </Level>
            </Levels>
            <Tasks>
                <Task>
                    <Message></Message>
                    <Name>WaitForWork_Start</Name>
                    <Value>1</Value>
                </Task>
                <Task>
                    <Message></Message>
                    <Name>WaitForWork_Stop</Name>
                    <Value>2</Value>
                </Task>
                <Task>
                    <Message></Message>
                    <Name>WaitForVerticalBlank_Start</Name>
                    <Value>3</Value>
                </Task>
                <Task>
                    <Message></Message>
                    <Name>WaitForVerticalBlank_Stop</Name>
                    <Value>4</Value>
                </Task>
                <Task>
                    <Message></Message>
                    <Name>UpdateAnimations_Start</Name>
                    <Value>5</Value>
                </Task>
                <Task>
                    <Message></Message>
                    <Name>UpdateAnimations_Stop</Name>
                    <Value>6</Value>
                </Task>
                <Task>
                    <Message></Message>
                    <Name>Present_MPO</Name>
                    <Value>7</Value>
                </Task>
                <Task>
                    <Message></Message>
                    <Name>Present_DFlip</Name>
                    <Value>8</Value>
                </Task>
                <Task>
                    <Message></Message>
                    <Name>Present_Legacy</Name>
                    <Value>9</Value>
                </Task>
                <Task>
                    <Message></Message>
                    <Name>Present_OverlayPlane</Name>
                    <Value>10</Value>
                </Task>
                <Task>
                    <Message></Message>
                    <Name>TargetStats_Ready</Name>
                    <Value>11</Value>
                </Task>
                <Task>
                    <Message></Message>
                    <Name>UpdateExpressions_Start</Name>
                    <Value>12</Value>
                </Task>
                <Task>
                    <Message></Message>
                    <Name>UpdateExpressions_Stop</Name>
                    <Value>13</Value>
                </Task>
                <Task>
                    <Message></Message>
                    <Name>CleanTrees_Start</Name>
                    <Value>14</Value>
                </Task>
                <Task>
                    <Message></Message>
                    <Name>CleanTrees_Stop</Name>
                    <Value>15</Value>
                </Task>
                <Task>
                    <Message></Message>
                    <Name>BeginFrame</Name>
                    <Value>16</Value>
                </Task>
                <Task>
                    <Message></Message>
                    <Name>ConfirmFrame</Name>
                    <Value>17</Value>
                </Task>
            </Tasks>
            <Opcodes>
                <Opcode>
                    <Message>Info</Message>
                    <Name>win:Info</Name>
                    <Value>0</Value>
                    <Task>0</Task>
                </Opcode>
                <Opcode>
                    <Message>Start</Message>
                    <Name>win:Start</Name>
                    <Value>1</Value>
                    <Task>0</Task>
                </Opcode>
                <Opcode>
                    <Message>Stop</Message>
                    <Name>win:Stop</Name>
                    <Value>2</Value>
                    <Task>0</Task>
                </Opcode>
            </Opcodes>
            <Keywords>
                <Keyword>
                    <Message></Message>
                    <Name>Frame</Name>
                    <Value>1</Value>
                </Keyword>
                <Keyword>
                    <Message></Message>
                    <Name>Batches</Name>
                    <Value>2</Value>
                </Keyword>
                <Keyword>
                    <Message></Message>
                    <Name>Tokens</Name>
                    <Value>4</Value>
                </Keyword>
                <Keyword>
                    <Message></Message>
                    <Name>Animations</Name>
                    <Value>8</Value>
                </Keyword>
                <Keyword>
                    <Message></Message>
                    <Name>Expressions</Name>
                    <Value>16</Value>
                </Keyword>
                <Keyword>
                    <Message></Message>
                    <Name>CleanTrees</Name>
                    <Value>32</Value>
                </Keyword>
                <Keyword>
                    <Message></Message>
                    <Name>PresentMon</Name>
                    <Value>1073741824</Value>
                </Keyword>
                <Keyword>
                    <Message></Message>
                    <Name>Summary</Name>
                    <Value>2147483648</Value>
                </Keyword>
            </Keywords>
        </Metadata>
        <EventMetadata>
            <Event>
                <Id>1</Id>
                <Version>0</Version>
                <Channel>Microsoft-Windows-Dwm-Compositor/Diagnostic</Channel>
                <Level>Information</Level>
                <Task>WaitForWork_Start</Task>
                <Opcode>Start</Opcode>
                <Keyword>Frame PresentMon</Keyword>
                <Template><![CDATA[
]]></Template>
            </Event>
            <Event>
                <Id>2</Id>
                <Version>0</Version>
                <Channel>Microsoft-Windows-Dwm-Compositor/Diagnostic</Channel>
                <Level>Information</Level>
                <Task>WaitForWork_Stop</Task>
                <Opcode>Stop</Opcode>
                <Keyword>Frame PresentMon</Keyword>
                <Template><![CDATA[
<template xmlns="http://schemas.microsoft.com/win/2004/08/events">
  <data name="hr" inType="win:UInt32" outType="win:HexInt32"/>
  <data name="Batches" inType="win:Boolean" outType="xs:boolean"/>
  <data name="Tokens" inType="win:Boolean" outType="xs:boolean"/>
  <data name="CompositionTimer" inType="win:Boolean" outType="xs:boolean"/>
  <data name="OcclusionEvent" inType="win:Boolean" outType="xs:boolean"/>
</template>
]]></Template>
            </Event>
            <Event>
                <Id>3</Id>
                <Version>0</Version>
                <Channel>Microsoft-Windows-Dwm-Compositor/Diagnostic</Channel>
                <Level>Information</Level>
                <Task>WaitForVerticalBlank_Start</Task>
                <Opcode>Start</Opcode>
                <Keyword>Frame PresentMon</Keyword>
                <Template><![CDATA[
<template xmlns="http://schemas.microsoft.com/win/2004/08/events">
  <data name="targetVSync" inType="win:UInt32" outType="xs:unsignedInt"/>
  <struct name="targetId" count="1">
    <data name="displayAdapterLuid" inType="win:UInt64" outType="win:HexInt64"/>
    <data name="renderAdapterLuid" inType="win:UInt64" outType="win:HexInt64"/>
    <data name="vidPnSourceId" inType="win:UInt32" outType="xs:unsignedInt"/>
    <data name="vidPnTargetId" inType="win:UInt32" outType="xs:unsignedInt"/>
    <data name="uniqueId" inType="win:UInt32" outType="xs:unsignedInt"/>
  </struct>
</template>
]]></Template>
            </Event>
            <Event>
                <Id>4</Id>
                <Version>0</Version>
                <Channel>Microsoft-Windows-Dwm-Compositor/Diagnostic</Channel>
                <Level>Information</Level>
                <Task>WaitForVerticalBlank_Stop</Task>
                <Opcode>Stop</Opcode>
                <Keyword>Frame PresentMon</Keyword>
                <Template><![CDATA[
<template xmlns="http://schemas.microsoft.com/win/2004/08/events">
  <data name="waitFailed" inType="win:Boolean" outType="xs:boolean"/>
  <data name="earlyStart" inType="win:Boolean" outType="xs:boolean"/>
  <data name="hr" inType="win:UInt32" outType="win:HexInt32"/>
  <data name="timedOut" inType="win:Boolean" outType="xs:boolean"/>
  <data name="timeoutMs" inType="win:UInt32" outType="xs:unsignedInt"/>
</template>
]]></Template>
            </Event>
            <Event>
                <Id>5</Id>
                <Version>0</Version>
                <Channel>Microsoft-Windows-Dwm-Compositor/Diagnostic</Channel>
                <Level>Information</Level>
                <Task>UpdateAnimations_Start</Task>
                <Opcode>Start</Opcode>
                <Keyword>Frame</Keyword>
                <Template><![CDATA[
]]></Template>
            </Event>
            <Event>
                <Id>6</Id>
                <Version>0</Version>
                <Channel>Microsoft-Windows-Dwm-Compositor/Diagnostic</Channel>
                <Level>Information</Level>
                <Task>UpdateAnimations_Stop</Task>
                <Opcode>Stop</Opcode>
                <Keyword>Frame</Keyword>
                <Template><![CDATA[
<template xmlns="http://schemas.microsoft.com/win/2004/08/events">
  <data name="updatedAnimationCount" inType="win:UInt32" outType="xs:unsignedInt"/>
</template>
]]></Template>
            </Event>
            <Event>
                <Id>7</Id>
                <Version>0</Version>
                <Channel>Microsoft-Windows-Dwm-Compositor/Diagnostic</Channel>
                <Level>Information</Level>
                <Task>Present_MPO</Task>
                <Keyword>Frame PresentMon</Keyword>
                <Template><![CDATA[
<template xmlns="http://schemas.microsoft.com/win/2004/08/events">
  <struct name="targetId" count="1">
    <data name="displayAdapterLuid" inType="win:UInt64" outType="win:HexInt64"/>
    <data name="renderAdapterLuid" inType="win:UInt64" outType="win:HexInt64"/>
    <data name="vidPnSourceId" inType="win:UInt32" outType="xs:unsignedInt"/>
    <data name="vidPnTargetId" inType="win:UInt32" outType="xs:unsignedInt"/>
    <data name="uniqueId" inType="win:UInt32" outType="xs:unsignedInt"/>
  </struct>
  <data name="hr" inType="win:UInt32" outType="win:HexInt32"/>
  <data name="presentedPlaneCount" inType="win:UInt32" outType="xs:unsignedInt"/>
  <data name="desktopPlaneEnabled" inType="win:Boolean" outType="xs:boolean"/>
</template>
]]></Template>
            </Event>
            <Event>
                <Id>8</Id>
                <Version>0</Version>
                <Channel>Microsoft-Windows-Dwm-Compositor/Diagnostic</Channel>
                <Level>Information</Level>
                <Task>Present_DFlip</Task>
                <Keyword>Frame PresentMon</Keyword>
                <Template><![CDATA[
<template xmlns="http://schemas.microsoft.com/win/2004/08/events">
  <struct name="targetId" count="1">
    <data name="displayAdapterLuid" inType="win:UInt64" outType="win:HexInt64"/>
    <data name="renderAdapterLuid" inType="win:UInt64" outType="win:HexInt64"/>
    <data name="vidPnSourceId" inType="win:UInt32" outType="xs:unsignedInt"/>
    <data name="vidPnTargetId" inType="win:UInt32" outType="xs:unsignedInt"/>
    <data name="uniqueId" inType="win:UInt32" outType="xs:unsignedInt"/>
  </struct>
  <data name="hr" inType="win:UInt32" outType="win:HexInt32"/>
  <data name="surfaceLuid" inType="win:UInt64" outType="win:HexInt64"/>
  <data name="bindId" inType="win:UInt64" outType="xs:unsignedLong"/>
  <data name="realizationIndex" inType="win:UInt64" outType="xs:unsignedLong"/>
  <data name="presentCount" inType="win:UInt32" outType="xs:unsignedInt"/>
</template>
]]></Template>
            </Event>
            <Event>
                <Id>9</Id>
                <Version>0</Version>
                <Channel>Microsoft-Windows-Dwm-Compositor/Diagnostic</Channel>
                <Level>Information</Level>
                <Task>Present_Legacy</Task>
                <Keyword>Frame PresentMon</Keyword>
                <Template><![CDATA[
<template xmlns="http://schemas.microsoft.com/win/2004/08/events">
  <struct name="targetId" count="1">
    <data name="displayAdapterLuid" inType="win:UInt64" outType="win:HexInt64"/>
    <data name="renderAdapterLuid" inType="win:UInt64" outType="win:HexInt64"/>
    <data name="vidPnSourceId" inType="win:UInt32" outType="xs:unsignedInt"/>
    <data name="vidPnTargetId" inType="win:UInt32" outType="xs:unsignedInt"/>
    <data name="uniqueId" inType="win:UInt32" outType="xs:unsignedInt"/>
  </struct>
  <data name="hr" inType="win:UInt32" outType="win:HexInt32"/>
  <data name="presentFlags" inType="win:UInt32" outType="win:HexInt32"/>
</template>
]]></Template>
            </Event>
            <Event>
                <Id>10</Id>
                <Version>0</Version>
                <Channel>Microsoft-Windows-Dwm-Compositor/Diagnostic</Channel>
                <Level>Information</Level>
                <Task>Present_OverlayPlane</Task>
                <Keyword>Frame PresentMon</Keyword>
                <Template><![CDATA[
<template xmlns="http://schemas.microsoft.com/win/2004/08/events">
  <data name="surfaceLuid" inType="win:UInt64" outType="win:HexInt64"/>
  <data name="bindId" inType="win:UInt64" outType="xs:unsignedLong"/>
  <data name="realizationIndex" inType="win:UInt64" outType="xs:unsignedLong"/>
  <data name="presentCount" inType="win:UInt32" outType="xs:unsignedInt"/>
  <data name="Enabled" inType="win:UInt32" outType="xs:unsignedInt"/>
  <data name="PlaneIndex" inType="win:UInt32" outType="xs:unsignedInt"/>
  <data name="Flags" inType="win:UInt32" outType="win:HexInt32"/>
  <struct name="srcRect" count="1">
    <data name="left" inType="win:UInt32" outType="xs:unsignedInt"/>
    <data name="top" inType="win:UInt32" outType="xs:unsignedInt"/>
    <data name="right" inType="win:UInt32" outType="xs:unsignedInt"/>
    <data name="bottom" inType="win:UInt32" outType="xs:unsignedInt"/>
  </struct>
  <struct name="dstRect" count="1">
    <data name="left" inType="win:UInt32" outType="xs:unsignedInt"/>
    <data name="top" inType="win:UInt32" outType="xs:unsignedInt"/>
    <data name="right" inType="win:UInt32" outType="xs:unsignedInt"/>
    <data name="bottom" inType="win:UInt32" outType="xs:unsignedInt"/>
  </struct>
  <struct name="clipRect" count="1">
    <data name="left" inType="win:UInt32" outType="xs:unsignedInt"/>
    <data name="top" inType="win:UInt32" outType="xs:unsignedInt"/>
    <data name="right" inType="win:UInt32" outType="xs:unsignedInt"/>
    <data name="bottom" inType="win:UInt32" outType="xs:unsignedInt"/>
  </struct>
  <data name="Rotation" inType="win:UInt32" outType="win:HexInt32"/>
  <data name="Blend" inType="win:UInt32" outType="win:HexInt32"/>
  <data name="ColorSpace" inType="win:UInt32" outType="win:HexInt32"/>
</template>
]]></Template>
            </Event>
            <Event>
                <Id>11</Id>
                <Version>0</Version>
                <Channel>Microsoft-Windows-Dwm-Compositor/Diagnostic</Channel>
                <Level>Information</Level>
                <Task>TargetStats_Ready</Task>
                <Keyword>Frame PresentMon</Keyword>
                <Template><![CDATA[
<template xmlns="http://schemas.microsoft.com/win/2004/08/events">
  <struct name="targetId" count="1">
    <data name="displayAdapterLuid" inType="win:UInt64" outType="win:HexInt64"/>
    <data name="renderAdapterLuid" inType="win:UInt64" outType="win:HexInt64"/>
    <data name="vidPnSourceId" inType="win:UInt32" outType="xs:unsignedInt"/>
    <data name="vidPnTargetId" inType="win:UInt32" outType="xs:unsignedInt"/>
    <data name="uniqueId" inType="win:UInt32" outType="xs:unsignedInt"/>
  </struct>
  <data name="ready" inType="win:Boolean" outType="xs:boolean"/>
  <data name="outstandingPresents" inType="win:UInt32" outType="xs:unsignedInt"/>
  <data name="forceParallelMode" inType="win:Boolean" outType="xs:boolean"/>
  <data name="timeSinceLastPresent" inType="win:UInt64" outType="xs:unsignedLong"/>
  <data name="idealStartTime" inType="win:UInt64" outType="win:HexInt64"/>
  <data name="nextFrameStartTime" inType="win:UInt64" outType="win:HexInt64"/>
  <data name="currentTime" inType="win:UInt64" outType="win:HexInt64"/>
  <data name="timePresented" inType="win:UInt64" outType="win:HexInt64"/>
  <data name="vBlankDuration" inType="win:UInt64" outType="win:HexInt64"/>
  <data name="vBlankTime" inType="win:UInt64" outType="win:HexInt64"/>
</template>
]]></Template>
            </Event>
            <Event>
                <Id>12</Id>
                <Version>0</Version>
                <Channel>Microsoft-Windows-Dwm-Compositor/Diagnostic</Channel>
                <Level>Information</Level>
                <Task>UpdateExpressions_Start</Task>
                <Opcode>Start</Opcode>
                <Keyword>Frame</Keyword>
                <Template><![CDATA[
]]></Template>
            </Event>
            <Event>
                <Id>13</Id>
                <Version>0</Version>
                <Channel>Microsoft-Windows-Dwm-Compositor/Diagnostic</Channel>
                <Level>Information</Level>
                <Task>UpdateExpressions_Stop</Task>
                <Opcode>Stop</Opcode>
                <Keyword>Frame</Keyword>
                <Template><![CDATA[
<template xmlns="http://schemas.microsoft.com/win/2004/08/events">
  <data name="expressionCalculatedCount" inType="win:UInt32" outType="xs:unsignedInt"/>
  <data name="tracedExpressionsCalculatedCount" inType="win:UInt32" outType="xs:unsignedInt"/>
  <data name="activeExpressionCount" inType="win:UInt32" outType="xs:unsignedInt"/>
  <data name="suspendedAnimationsCount" inType="win:UInt32" outType="xs:unsignedInt"/>
</template>
]]></Template>
            </Event>
            <Event>
                <Id>14</Id>
                <Version>0</Version>
                <Channel>Microsoft-Windows-Dwm-Compositor/Diagnostic</Channel>
                <Level>Information</Level>
                <Task>CleanTrees_Start</Task>
                <Opcode>Start</Opcode>
                <Keyword>Frame CleanTrees</Keyword>
                <Template><![CDATA[
]]></Template>
            </Event>
            <Event>
                <Id>15</Id>
                <Version>0</Version>
                <Channel>Microsoft-Windows-Dwm-Compositor/Diagnostic</Channel>
                <Level>Information</Level>
                <Task>CleanTrees_Stop</Task>
                <Opcode>Stop</Opcode>
                <Keyword>Frame CleanTrees</Keyword>
                <Template><![CDATA[
<template xmlns="http://schemas.microsoft.com/win/2004/08/events">
  <data name="hr" inType="win:UInt32" outType="win:HexInt32"/>
  <data name="dirtyTreeCount" inType="win:UInt32" outType="xs:unsignedInt"/>
  <data name="treeLockWaitTimeUs" inType="win:UInt64" outType="xs:unsignedLong"/>
  <data name="desktopDirtyRectCount" inType="win:UInt32" outType="xs:unsignedInt"/>
  <struct name="desktopDirtyRects" count="8">
    <data name="left" inType="win:Float" outType="xs:float"/>
    <data name="top" inType="win:Float" outType="xs:float"/>
    <data name="right" inType="win:Float" outType="xs:float"/>
    <data name="bottom" inType="win:Float" outType="xs:float"/>
  </struct>
</template>
]]></Template>
            </Event>
            <Event>
                <Id>16</Id>
                <Version>0</Version>
                <Channel>Microsoft-Windows-Dwm-Compositor/Diagnostic</Channel>
                <Level>Information</Level>
                <Task>BeginFrame</Task>
                <Keyword>Frame PresentMon</Keyword>
                <Template><![CDATA[
<template xmlns="http://schemas.microsoft.com/win/2004/08/events">
  <data name="hr" inType="win:UInt32" outType="win:HexInt32"/>
  <data name="frameId" inType="win:UInt64" outType="xs:unsignedLong"/>
  <data name="targetTime" inType="win:UInt64" outType="win:HexInt64"/>
  <data name="syncRefreshTarget" inType="win:UInt32" outType="xs:unsignedInt"/>
  <data name="batchSubmissionDeadline" inType="win:UInt64" outType="win:HexInt64"/>
</template>
]]></Template>
            </Event>
            <Event>
                <Id>17</Id>
                <Version>0</Version>
                <Channel>Microsoft-Windows-Dwm-Compositor/Diagnostic</Channel>
                <Level>Information</Level>
                <Task>ConfirmFrame</Task>
                <Keyword>Frame PresentMon</Keyword>
                <Template><![CDATA[
<template xmlns="http://schemas.microsoft.com/win/2004/08/events">
  <data name="hr" inType="win:UInt32" outType="win:HexInt32"/>
  <data name="frameId" inType="win:UInt64" outType="xs:unsignedLong"/>
  <data name="targetCount" inType="win:UInt32" outType="xs:unsignedInt"/>
  <struct name="targetIdAndStats" count="4">
    <data name="displayAdapterLuid" inType="win:UInt64" outType="win:HexInt64"/>
    <data name="renderAdapterLuid" inType="win:UInt64" outType="win:HexInt64"/>
    <data name="vidPnSourceId" inType="win:UInt32" outType="xs:unsignedInt"/>
    <data name="vidPnTargetId" inType="win:UInt32" outType="xs:unsignedInt"/>
    <data name="uniqueId" inType="win:UInt32" outType="xs:unsignedInt"/>
    <data name="COMPOSITION_TARGET_ID_AND_STATSAlignment1" inType="win:UInt32" outType="xs:unsignedInt"/>
    <data name="outstandingPresents" inType="win:UInt32" outType="xs:unsignedInt"/>
    <data name="presentTime" inType="win:UInt64" outType="win:HexInt64"/>
    <data name="vblankDuration" inType="win:UInt64" outType="win:HexInt64"/>
    <data name="presentedStats_presentCount" inType="win:UInt32" outType="win:HexInt32"/>
    <data name="presentedStats_refreshCount" inType="win:UInt32" outType="win:HexInt32"/>
    <data name="presentedStats_virtualRefreshCount" inType="win:UInt32" outType="win:HexInt32"/>
    <data name="presentedStats_time" inType="win:UInt64" outType="win:HexInt64"/>
    <data name="completedStat_presentCount" inType="win:UInt32" outType="win:HexInt32"/>
    <data name="completedStat_refreshCount" inType="win:UInt32" outType="win:HexInt32"/>
    <data name="completedStat_virtualRefreshCount" inType="win:UInt32" outType="win:HexInt32"/>
    <data name="completedStat_time" inType="win:UInt64" outType="win:HexInt64"/>
  </struct>
</template>
]]></Template>
            </Event>
        </EventMetadata>
    </Provider>
</Providers>
