<Providers>
    <Provider>
        <Name>Microsoft-Windows-DirectComposition</Name>
        <Metadata>
            <Guid>{C44219D0-F344-11DF-A5E2-B307DFD72085}</Guid>
            <ResourceFilePath>%SystemRoot%\system32\dcomp.dll</ResourceFilePath>
            <ParameterFilePath></ParameterFilePath>
            <MessageFilePath>%SystemRoot%\system32\dcomp.dll</MessageFilePath>
            <HelpLink></HelpLink>
            <PublisherMessage></PublisherMessage>
            <Channels>
                <Channel>
                    <Message></Message>
                    <Path>Microsoft-Windows-DirectComposition/Diagnostic</Path>
                    <Index>0</Index>
                    <Id>16</Id>
                    <Imported>false</Imported>
                </Channel>
            </Channels>
            <Levels>
                <Level>
                    <Message>Verbose</Message>
                    <Name>win:Verbose</Name>
                    <Value>5</Value>
                </Level>
            </Levels>
            <Tasks>
                <Task>
                    <Message></Message>
                    <Name>RESOURCE_CREATION</Name>
                    <Value>1</Value>
                </Task>
                <Task>
                    <Message></Message>
                    <Name>BEGIN_DRAW</Name>
                    <Value>2</Value>
                </Task>
                <Task>
                    <Message></Message>
                    <Name>END_DRAW</Name>
                    <Value>3</Value>
                </Task>
                <Task>
                    <Message></Message>
                    <Name>TRIM</Name>
                    <Value>4</Value>
                </Task>
                <Task>
                    <Message></Message>
                    <Name>RESIZE</Name>
                    <Value>5</Value>
                </Task>
                <Task>
                    <Message></Message>
                    <Name>UPDATE_TOKEN</Name>
                    <Value>6</Value>
                </Task>
                <Task>
                    <Message></Message>
                    <Name>SUSPEND_DRAW</Name>
                    <Value>7</Value>
                </Task>
                <Task>
                    <Message></Message>
                    <Name>RESUME_DRAW</Name>
                    <Value>8</Value>
                </Task>
                <Task>
                    <Message></Message>
                    <Name>ATLAS_ALLOCATE</Name>
                    <Value>9</Value>
                </Task>
                <Task>
                    <Message></Message>
                    <Name>ATLAS_FREE</Name>
                    <Value>10</Value>
                </Task>
                <Task>
                    <Message></Message>
                    <Name>ATLAS_ENTRY_ALLOCATE</Name>
                    <Value>11</Value>
                </Task>
                <Task>
                    <Message></Message>
                    <Name>ATLAS_ENTRY_FREE</Name>
                    <Value>12</Value>
                </Task>
                <Task>
                    <Message></Message>
                    <Name>ATLAS_UTILIZATION</Name>
                    <Value>13</Value>
                </Task>
                <Task>
                    <Message></Message>
                    <Name>SCROLL</Name>
                    <Value>14</Value>
                </Task>
                <Task>
                    <Message></Message>
                    <Name>DEVICE_CREATE</Name>
                    <Value>15</Value>
                </Task>
                <Task>
                    <Message></Message>
                    <Name>DEVICE_DESTROY</Name>
                    <Value>16</Value>
                </Task>
                <Task>
                    <Message></Message>
                    <Name>DEVICE_COMMIT</Name>
                    <Value>17</Value>
                </Task>
                <Task>
                    <Message></Message>
                    <Name>ATLAS_USE_INFO</Name>
                    <Value>18</Value>
                </Task>
                <Task>
                    <Message></Message>
                    <Name>ATLAS_ENTRY_MARK_FOR_DISPOSE</Name>
                    <Value>19</Value>
                </Task>
                <Task>
                    <Message></Message>
                    <Name>ATLAS_ENTRY_MARK_AVAILABLE</Name>
                    <Value>20</Value>
                </Task>
                <Task>
                    <Message></Message>
                    <Name>ATLAS_ENTRY_REUSE</Name>
                    <Value>21</Value>
                </Task>
                <Task>
                    <Message></Message>
                    <Name>RESOURCE_RELEASE</Name>
                    <Value>22</Value>
                </Task>
                <Task>
                    <Message></Message>
                    <Name>CREATE_CLUMP</Name>
                    <Value>23</Value>
                </Task>
                <Task>
                    <Message></Message>
                    <Name>DESTROY_CLUMP</Name>
                    <Value>24</Value>
                </Task>
                <Task>
                    <Message></Message>
                    <Name>PUSH_DOWN</Name>
                    <Value>25</Value>
                </Task>
                <Task>
                    <Message></Message>
                    <Name>RECLUMP</Name>
                    <Value>26</Value>
                </Task>
                <Task>
                    <Message></Message>
                    <Name>VIRTUAL_SURFACE_COUNTERS</Name>
                    <Value>27</Value>
                </Task>
                <Task>
                    <Message></Message>
                    <Name>CAP_ALLOCATION_STATS</Name>
                    <Value>28</Value>
                </Task>
                <Task>
                    <Message></Message>
                    <Name>CAP_RELEASE_SURFACE</Name>
                    <Value>29</Value>
                </Task>
                <Task>
                    <Message></Message>
                    <Name>BLOCK_FOR_EXCESSIVE_PENDING</Name>
                    <Value>30</Value>
                </Task>
                <Task>
                    <Message></Message>
                    <Name>OFFER_RECLAIM</Name>
                    <Value>31</Value>
                </Task>
                <Task>
                    <Message></Message>
                    <Name>CAP_MAXIMUM</Name>
                    <Value>32</Value>
                </Task>
                <Task>
                    <Message></Message>
                    <Name>CREATE_SHARED_MEMORY_SECTION</Name>
                    <Value>33</Value>
                </Task>
                <Task>
                    <Message></Message>
                    <Name>DESTROY_SHARED_MEMORY_SECTION</Name>
                    <Value>34</Value>
                </Task>
                <Task>
                    <Message></Message>
                    <Name>ALLOCATE_FROM_SHARED_MEMORY_SECTION</Name>
                    <Value>35</Value>
                </Task>
                <Task>
                    <Message></Message>
                    <Name>FREE_FROM_SHARED_MEMORY_SECTION</Name>
                    <Value>36</Value>
                </Task>
                <Task>
                    <Message></Message>
                    <Name>ANIMATION_SCENARIO_BEGIN</Name>
                    <Value>37</Value>
                </Task>
                <Task>
                    <Message></Message>
                    <Name>ANIMATION_SCENARIO_REFERENCE</Name>
                    <Value>38</Value>
                </Task>
                <Task>
                    <Message></Message>
                    <Name>ANIMATION_SCENARIO_UNREFERENCE</Name>
                    <Value>39</Value>
                </Task>
                <Task>
                    <Message></Message>
                    <Name>PRIMITIVE_GROUP_UPDATE</Name>
                    <Value>40</Value>
                </Task>
                <Task>
                    <Message></Message>
                    <Name>ATLAS_RESIZE</Name>
                    <Value>41</Value>
                </Task>
                <Task>
                    <Message></Message>
                    <Name>VISUAL_SET_INTERACTION</Name>
                    <Value>42</Value>
                </Task>
                <Task>
                    <Message></Message>
                    <Name>VISUAL_SET_INPUTSINK</Name>
                    <Value>43</Value>
                </Task>
                <Task>
                    <Message></Message>
                    <Name>VISUAL_REDIRECT_MOUSE</Name>
                    <Value>44</Value>
                </Task>
                <Task>
                    <Message></Message>
                    <Name>INTERACTION_CONFIGURATION</Name>
                    <Value>45</Value>
                </Task>
                <Task>
                    <Message></Message>
                    <Name>INTERACTION_CAPTURE_POINTER</Name>
                    <Value>46</Value>
                </Task>
                <Task>
                    <Message></Message>
                    <Name>FLIP_CONSUME_PRESENT</Name>
                    <Value>47</Value>
                </Task>
                <Task>
                    <Message></Message>
                    <Name>FLIP_CONSUME_PRESENT_CALLOUT</Name>
                    <Value>48</Value>
                </Task>
                <Task>
                    <Message></Message>
                    <Name>FLIP_PRODUCE_PRESENT</Name>
                    <Value>49</Value>
                </Task>
                <Task>
                    <Message></Message>
                    <Name>ANIMATION_ENDED</Name>
                    <Value>50</Value>
                </Task>
                <Task>
                    <Message></Message>
                    <Name>REGISTERANIMATIONTARGET</Name>
                    <Value>51</Value>
                </Task>
                <Task>
                    <Message></Message>
                    <Name>EXPRESSIONANIMATOR_INIT</Name>
                    <Value>52</Value>
                </Task>
                <Task>
                    <Message></Message>
                    <Name>EXPRESSIONANIMATOR_RELEASE_RESOURCES</Name>
                    <Value>53</Value>
                </Task>
                <Task>
                    <Message></Message>
                    <Name>SHAREALLOCATIONBASE_ONMARSHALERRELEASE</Name>
                    <Value>54</Value>
                </Task>
                <Task>
                    <Message></Message>
                    <Name>SHAREALLOCATIONBASE_DISPOSEONDELAYEDDESTRUCTION</Name>
                    <Value>55</Value>
                </Task>
                <Task>
                    <Message></Message>
                    <Name>DELEGATEDINKTRAIL_COOKIEPUSHED</Name>
                    <Value>56</Value>
                </Task>
                <Task>
                    <Message></Message>
                    <Name>DELEGATEDINKTRAIL_REMOVETRAILPOINTS</Name>
                    <Value>57</Value>
                </Task>
                <Task>
                    <Message></Message>
                    <Name>DELEGATEDINKTRAIL_STARTNEWTRAIL</Name>
                    <Value>58</Value>
                </Task>
            </Tasks>
            <Opcodes>
                <Opcode>
                    <Message>Info</Message>
                    <Name>win:Info</Name>
                    <Value>0</Value>
                    <Task>0</Task>
                </Opcode>
                <Opcode>
                    <Message>Start</Message>
                    <Name>win:Start</Name>
                    <Value>1</Value>
                    <Task>0</Task>
                </Opcode>
                <Opcode>
                    <Message>Stop</Message>
                    <Name>win:Stop</Name>
                    <Value>2</Value>
                    <Task>0</Task>
                </Opcode>
            </Opcodes>
            <Keywords>
                <Keyword>
                    <Message></Message>
                    <Name>DCompBasic</Name>
                    <Value>1</Value>
                </Keyword>
                <Keyword>
                    <Message></Message>
                    <Name>DCompDiagnostic</Name>
                    <Value>2</Value>
                </Keyword>
                <Keyword>
                    <Message></Message>
                    <Name>DCompMemory</Name>
                    <Value>4</Value>
                </Keyword>
                <Keyword>
                    <Message></Message>
                    <Name>OfferReclaim</Name>
                    <Value>8</Value>
                </Keyword>
                <Keyword>
                    <Message></Message>
                    <Name>DCompSharedMemory</Name>
                    <Value>16</Value>
                </Keyword>
                <Keyword>
                    <Message></Message>
                    <Name>DCompAnimationTelemetry</Name>
                    <Value>32</Value>
                </Keyword>
                <Keyword>
                    <Message></Message>
                    <Name>DCompPrimitives</Name>
                    <Value>64</Value>
                </Keyword>
                <Keyword>
                    <Message></Message>
                    <Name>DCompInput</Name>
                    <Value>128</Value>
                </Keyword>
                <Keyword>
                    <Message></Message>
                    <Name>FlipManager</Name>
                    <Value>256</Value>
                </Keyword>
            </Keywords>
        </Metadata>
        <EventMetadata>
            <Event>
                <Id>1</Id>
                <Version>0</Version>
                <Channel>Microsoft-Windows-DirectComposition/Diagnostic</Channel>
                <Level>Verbose</Level>
                <Task>RESOURCE_CREATION</Task>
                <Keyword>DCompBasic DCompInput</Keyword>
                <Template><![CDATA[
<template xmlns="http://schemas.microsoft.com/win/2004/08/events">
  <data name="channelHandle" inType="win:UInt32" outType="xs:unsignedInt"/>
  <data name="resourceHandle" inType="win:UInt32" outType="xs:unsignedInt"/>
  <data name="externalHandleAndChannel" inType="win:UInt64" outType="win:HexInt64"/>
  <data name="resourceType" inType="win:UInt32" outType="xs:unsignedInt"/>
  <data name="createShared" inType="win:Boolean" outType="xs:boolean"/>
  <data name="openShared" inType="win:Boolean" outType="xs:boolean"/>
  <data name="resourcePointer" inType="win:UInt64" outType="win:HexInt64"/>
</template>
]]></Template>
            </Event>
            <Event>
                <Id>2</Id>
                <Version>0</Version>
                <Channel>Microsoft-Windows-DirectComposition/Diagnostic</Channel>
                <Level>Verbose</Level>
                <Task>BEGIN_DRAW</Task>
                <Opcode>Start</Opcode>
                <Keyword>DCompBasic DCompMemory</Keyword>
                <Template><![CDATA[
<template xmlns="http://schemas.microsoft.com/win/2004/08/events">
  <data name="channelHandle" inType="win:UInt32" outType="xs:unsignedInt"/>
  <data name="resourceType" inType="win:UInt32" outType="xs:unsignedInt"/>
  <data name="resourcePointer" inType="win:UInt64" outType="win:HexInt64"/>
  <data name="left" inType="win:Int32" outType="xs:int"/>
  <data name="top" inType="win:Int32" outType="xs:int"/>
  <data name="right" inType="win:Int32" outType="xs:int"/>
  <data name="bottom" inType="win:Int32" outType="xs:int"/>
</template>
]]></Template>
            </Event>
            <Event>
                <Id>3</Id>
                <Version>0</Version>
                <Channel>Microsoft-Windows-DirectComposition/Diagnostic</Channel>
                <Level>Verbose</Level>
                <Task>BEGIN_DRAW</Task>
                <Opcode>Stop</Opcode>
                <Keyword>DCompBasic</Keyword>
                <Template><![CDATA[
]]></Template>
            </Event>
            <Event>
                <Id>4</Id>
                <Version>0</Version>
                <Channel>Microsoft-Windows-DirectComposition/Diagnostic</Channel>
                <Level>Verbose</Level>
                <Task>END_DRAW</Task>
                <Opcode>Start</Opcode>
                <Keyword>DCompBasic</Keyword>
                <Template><![CDATA[
<template xmlns="http://schemas.microsoft.com/win/2004/08/events">
  <data name="channelHandle" inType="win:UInt32" outType="xs:unsignedInt"/>
  <data name="resourceType" inType="win:UInt32" outType="xs:unsignedInt"/>
  <data name="resourcePointer" inType="win:UInt64" outType="win:HexInt64"/>
</template>
]]></Template>
            </Event>
            <Event>
                <Id>5</Id>
                <Version>0</Version>
                <Channel>Microsoft-Windows-DirectComposition/Diagnostic</Channel>
                <Level>Verbose</Level>
                <Task>END_DRAW</Task>
                <Opcode>Stop</Opcode>
                <Keyword>DCompBasic</Keyword>
                <Template><![CDATA[
]]></Template>
            </Event>
            <Event>
                <Id>6</Id>
                <Version>0</Version>
                <Channel>Microsoft-Windows-DirectComposition/Diagnostic</Channel>
                <Level>Verbose</Level>
                <Task>TRIM</Task>
                <Opcode>Start</Opcode>
                <Keyword>DCompBasic DCompMemory</Keyword>
                <Template><![CDATA[
<template xmlns="http://schemas.microsoft.com/win/2004/08/events">
  <data name="channelHandle" inType="win:UInt32" outType="xs:unsignedInt"/>
  <data name="resourceType" inType="win:UInt32" outType="xs:unsignedInt"/>
  <data name="resourcePointer" inType="win:UInt64" outType="win:HexInt64"/>
</template>
]]></Template>
            </Event>
            <Event>
                <Id>7</Id>
                <Version>0</Version>
                <Channel>Microsoft-Windows-DirectComposition/Diagnostic</Channel>
                <Level>Verbose</Level>
                <Task>TRIM</Task>
                <Opcode>Stop</Opcode>
                <Keyword>DCompBasic</Keyword>
                <Template><![CDATA[
]]></Template>
            </Event>
            <Event>
                <Id>8</Id>
                <Version>0</Version>
                <Channel>Microsoft-Windows-DirectComposition/Diagnostic</Channel>
                <Level>Verbose</Level>
                <Task>RESIZE</Task>
                <Opcode>Start</Opcode>
                <Keyword>DCompBasic DCompMemory</Keyword>
                <Template><![CDATA[
<template xmlns="http://schemas.microsoft.com/win/2004/08/events">
  <data name="channelHandle" inType="win:UInt32" outType="xs:unsignedInt"/>
  <data name="resourceType" inType="win:UInt32" outType="xs:unsignedInt"/>
  <data name="resourcePointer" inType="win:UInt64" outType="win:HexInt64"/>
</template>
]]></Template>
            </Event>
            <Event>
                <Id>9</Id>
                <Version>0</Version>
                <Channel>Microsoft-Windows-DirectComposition/Diagnostic</Channel>
                <Level>Verbose</Level>
                <Task>RESIZE</Task>
                <Opcode>Stop</Opcode>
                <Keyword>DCompBasic</Keyword>
                <Template><![CDATA[
]]></Template>
            </Event>
            <Event>
                <Id>10</Id>
                <Version>0</Version>
                <Channel>Microsoft-Windows-DirectComposition/Diagnostic</Channel>
                <Level>Verbose</Level>
                <Task>UPDATE_TOKEN</Task>
                <Opcode>Start</Opcode>
                <Keyword>DCompBasic</Keyword>
                <Template><![CDATA[
<template xmlns="http://schemas.microsoft.com/win/2004/08/events">
  <data name="channelHandle" inType="win:UInt32" outType="xs:unsignedInt"/>
  <data name="resourceType" inType="win:UInt32" outType="xs:unsignedInt"/>
  <data name="resourcePointer" inType="win:UInt64" outType="win:HexInt64"/>
</template>
]]></Template>
            </Event>
            <Event>
                <Id>11</Id>
                <Version>0</Version>
                <Channel>Microsoft-Windows-DirectComposition/Diagnostic</Channel>
                <Level>Verbose</Level>
                <Task>UPDATE_TOKEN</Task>
                <Opcode>Stop</Opcode>
                <Keyword>DCompBasic</Keyword>
                <Template><![CDATA[
]]></Template>
            </Event>
            <Event>
                <Id>12</Id>
                <Version>0</Version>
                <Channel>Microsoft-Windows-DirectComposition/Diagnostic</Channel>
                <Level>Verbose</Level>
                <Task>SUSPEND_DRAW</Task>
                <Opcode>Start</Opcode>
                <Keyword>DCompBasic</Keyword>
                <Template><![CDATA[
<template xmlns="http://schemas.microsoft.com/win/2004/08/events">
  <data name="channelHandle" inType="win:UInt32" outType="xs:unsignedInt"/>
  <data name="resourceType" inType="win:UInt32" outType="xs:unsignedInt"/>
  <data name="resourcePointer" inType="win:UInt64" outType="win:HexInt64"/>
</template>
]]></Template>
            </Event>
            <Event>
                <Id>13</Id>
                <Version>0</Version>
                <Channel>Microsoft-Windows-DirectComposition/Diagnostic</Channel>
                <Level>Verbose</Level>
                <Task>SUSPEND_DRAW</Task>
                <Opcode>Stop</Opcode>
                <Keyword>DCompBasic</Keyword>
                <Template><![CDATA[
]]></Template>
            </Event>
            <Event>
                <Id>14</Id>
                <Version>0</Version>
                <Channel>Microsoft-Windows-DirectComposition/Diagnostic</Channel>
                <Level>Verbose</Level>
                <Task>RESUME_DRAW</Task>
                <Opcode>Start</Opcode>
                <Keyword>DCompBasic</Keyword>
                <Template><![CDATA[
<template xmlns="http://schemas.microsoft.com/win/2004/08/events">
  <data name="channelHandle" inType="win:UInt32" outType="xs:unsignedInt"/>
  <data name="resourceType" inType="win:UInt32" outType="xs:unsignedInt"/>
  <data name="resourcePointer" inType="win:UInt64" outType="win:HexInt64"/>
</template>
]]></Template>
            </Event>
            <Event>
                <Id>15</Id>
                <Version>0</Version>
                <Channel>Microsoft-Windows-DirectComposition/Diagnostic</Channel>
                <Level>Verbose</Level>
                <Task>RESUME_DRAW</Task>
                <Opcode>Stop</Opcode>
                <Keyword>DCompBasic</Keyword>
                <Template><![CDATA[
]]></Template>
            </Event>
            <Event>
                <Id>16</Id>
                <Version>0</Version>
                <Channel>Microsoft-Windows-DirectComposition/Diagnostic</Channel>
                <Level>Verbose</Level>
                <Task>ATLAS_ALLOCATE</Task>
                <Keyword>DCompDiagnostic DCompMemory</Keyword>
                <Template><![CDATA[
<template xmlns="http://schemas.microsoft.com/win/2004/08/events">
  <data name="Id" inType="win:UInt64" outType="xs:unsignedLong"/>
  <data name="Width" inType="win:UInt32" outType="xs:unsignedInt"/>
  <data name="Height" inType="win:UInt32" outType="xs:unsignedInt"/>
  <data name="BitDepth" inType="win:UInt32" outType="xs:unsignedInt"/>
  <data name="IsTexturingAtlas" inType="win:Boolean" outType="xs:boolean"/>
  <data name="ChannelHandle" inType="win:UInt32" outType="xs:unsignedInt"/>
  <data name="PixelFormat" inType="win:UInt32" outType="win:HexInt32"/>
</template>
]]></Template>
            </Event>
            <Event>
                <Id>17</Id>
                <Version>0</Version>
                <Channel>Microsoft-Windows-DirectComposition/Diagnostic</Channel>
                <Level>Verbose</Level>
                <Task>ATLAS_FREE</Task>
                <Keyword>DCompDiagnostic DCompMemory</Keyword>
                <Template><![CDATA[
<template xmlns="http://schemas.microsoft.com/win/2004/08/events">
  <data name="Id" inType="win:UInt64" outType="xs:unsignedLong"/>
</template>
]]></Template>
            </Event>
            <Event>
                <Id>18</Id>
                <Version>0</Version>
                <Channel>Microsoft-Windows-DirectComposition/Diagnostic</Channel>
                <Level>Verbose</Level>
                <Task>ATLAS_ENTRY_ALLOCATE</Task>
                <Keyword>DCompDiagnostic DCompMemory</Keyword>
                <Template><![CDATA[
<template xmlns="http://schemas.microsoft.com/win/2004/08/events">
  <data name="AtlasId" inType="win:UInt64" outType="xs:unsignedLong"/>
  <data name="X" inType="win:UInt32" outType="xs:unsignedInt"/>
  <data name="Y" inType="win:UInt32" outType="xs:unsignedInt"/>
  <data name="Width" inType="win:UInt32" outType="xs:unsignedInt"/>
  <data name="Height" inType="win:UInt32" outType="xs:unsignedInt"/>
  <data name="EntryId" inType="win:UInt64" outType="xs:unsignedLong"/>
</template>
]]></Template>
            </Event>
            <Event>
                <Id>19</Id>
                <Version>0</Version>
                <Channel>Microsoft-Windows-DirectComposition/Diagnostic</Channel>
                <Level>Verbose</Level>
                <Task>ATLAS_ENTRY_FREE</Task>
                <Keyword>DCompDiagnostic DCompMemory</Keyword>
                <Template><![CDATA[
<template xmlns="http://schemas.microsoft.com/win/2004/08/events">
  <data name="AtlasId" inType="win:UInt64" outType="xs:unsignedLong"/>
  <data name="X" inType="win:UInt32" outType="xs:unsignedInt"/>
  <data name="Y" inType="win:UInt32" outType="xs:unsignedInt"/>
  <data name="Width" inType="win:UInt32" outType="xs:unsignedInt"/>
  <data name="Height" inType="win:UInt32" outType="xs:unsignedInt"/>
  <data name="EntryId" inType="win:UInt64" outType="xs:unsignedLong"/>
</template>
]]></Template>
            </Event>
            <Event>
                <Id>20</Id>
                <Version>0</Version>
                <Channel>Microsoft-Windows-DirectComposition/Diagnostic</Channel>
                <Level>Verbose</Level>
                <Task>ATLAS_UTILIZATION</Task>
                <Keyword>DCompDiagnostic DCompMemory</Keyword>
                <Template><![CDATA[
<template xmlns="http://schemas.microsoft.com/win/2004/08/events">
  <data name="Id" inType="win:UInt64" outType="xs:unsignedLong"/>
  <data name="Width" inType="win:UInt32" outType="xs:unsignedInt"/>
  <data name="Height" inType="win:UInt32" outType="xs:unsignedInt"/>
  <data name="BitDepth" inType="win:UInt32" outType="xs:unsignedInt"/>
  <data name="PercentUsed" inType="win:Float" outType="xs:float"/>
</template>
]]></Template>
            </Event>
            <Event>
                <Id>21</Id>
                <Version>0</Version>
                <Channel>Microsoft-Windows-DirectComposition/Diagnostic</Channel>
                <Level>Verbose</Level>
                <Task>SCROLL</Task>
                <Opcode>Start</Opcode>
                <Keyword>DCompBasic</Keyword>
                <Template><![CDATA[
<template xmlns="http://schemas.microsoft.com/win/2004/08/events">
  <data name="channelHandle" inType="win:UInt32" outType="xs:unsignedInt"/>
  <data name="resourceType" inType="win:UInt32" outType="xs:unsignedInt"/>
  <data name="resourcePointer" inType="win:UInt64" outType="win:HexInt64"/>
</template>
]]></Template>
            </Event>
            <Event>
                <Id>22</Id>
                <Version>0</Version>
                <Channel>Microsoft-Windows-DirectComposition/Diagnostic</Channel>
                <Level>Verbose</Level>
                <Task>SCROLL</Task>
                <Opcode>Stop</Opcode>
                <Keyword>DCompBasic</Keyword>
                <Template><![CDATA[
]]></Template>
            </Event>
            <Event>
                <Id>23</Id>
                <Version>0</Version>
                <Channel>Microsoft-Windows-DirectComposition/Diagnostic</Channel>
                <Level>Verbose</Level>
                <Task>DEVICE_CREATE</Task>
                <Keyword>DCompDiagnostic DCompMemory</Keyword>
                <Template><![CDATA[
<template xmlns="http://schemas.microsoft.com/win/2004/08/events">
  <data name="DeviceId" inType="win:UInt64" outType="xs:unsignedLong"/>
  <data name="ChannelHandle" inType="win:UInt32" outType="xs:unsignedInt"/>
</template>
]]></Template>
            </Event>
            <Event>
                <Id>24</Id>
                <Version>0</Version>
                <Channel>Microsoft-Windows-DirectComposition/Diagnostic</Channel>
                <Level>Verbose</Level>
                <Task>DEVICE_DESTROY</Task>
                <Keyword>DCompDiagnostic DCompMemory</Keyword>
                <Template><![CDATA[
<template xmlns="http://schemas.microsoft.com/win/2004/08/events">
  <data name="DeviceId" inType="win:UInt64" outType="xs:unsignedLong"/>
  <data name="ChannelHandle" inType="win:UInt32" outType="xs:unsignedInt"/>
</template>
]]></Template>
            </Event>
            <Event>
                <Id>25</Id>
                <Version>0</Version>
                <Channel>Microsoft-Windows-DirectComposition/Diagnostic</Channel>
                <Level>Verbose</Level>
                <Task>DEVICE_COMMIT</Task>
                <Keyword>DCompDiagnostic DCompMemory</Keyword>
                <Template><![CDATA[
<template xmlns="http://schemas.microsoft.com/win/2004/08/events">
  <data name="DeviceId" inType="win:UInt64" outType="win:HexInt64"/>
  <data name="ChannelHandle" inType="win:UInt32" outType="win:HexInt32"/>
  <data name="LastCommittedBatchId" inType="win:UInt32" outType="xs:unsignedInt"/>
  <data name="LastConfirmedBatchId" inType="win:UInt32" outType="xs:unsignedInt"/>
</template>
]]></Template>
            </Event>
            <Event>
                <Id>26</Id>
                <Version>0</Version>
                <Channel>Microsoft-Windows-DirectComposition/Diagnostic</Channel>
                <Level>Verbose</Level>
                <Task>ATLAS_USE_INFO</Task>
                <Keyword>DCompDiagnostic DCompMemory</Keyword>
                <Template><![CDATA[
<template xmlns="http://schemas.microsoft.com/win/2004/08/events">
  <data name="Id" inType="win:UInt64" outType="win:HexInt64"/>
  <data name="Owner" inType="win:UInt64" outType="win:HexInt64"/>
  <data name="UseType" inType="win:UInt32" outType="xs:unsignedInt"/>
  <data name="XData" inType="win:Int32" outType="xs:int"/>
  <data name="YData" inType="win:Int32" outType="xs:int"/>
</template>
]]></Template>
            </Event>
            <Event>
                <Id>27</Id>
                <Version>0</Version>
                <Channel>Microsoft-Windows-DirectComposition/Diagnostic</Channel>
                <Level>Verbose</Level>
                <Task>ATLAS_ENTRY_MARK_FOR_DISPOSE</Task>
                <Keyword>DCompDiagnostic DCompMemory</Keyword>
                <Template><![CDATA[
<template xmlns="http://schemas.microsoft.com/win/2004/08/events">
  <data name="Id" inType="win:UInt64" outType="xs:unsignedLong"/>
</template>
]]></Template>
            </Event>
            <Event>
                <Id>28</Id>
                <Version>0</Version>
                <Channel>Microsoft-Windows-DirectComposition/Diagnostic</Channel>
                <Level>Verbose</Level>
                <Task>ATLAS_ENTRY_MARK_AVAILABLE</Task>
                <Keyword>DCompDiagnostic DCompMemory</Keyword>
                <Template><![CDATA[
<template xmlns="http://schemas.microsoft.com/win/2004/08/events">
  <data name="Id" inType="win:UInt64" outType="xs:unsignedLong"/>
</template>
]]></Template>
            </Event>
            <Event>
                <Id>29</Id>
                <Version>0</Version>
                <Channel>Microsoft-Windows-DirectComposition/Diagnostic</Channel>
                <Level>Verbose</Level>
                <Task>ATLAS_ENTRY_REUSE</Task>
                <Keyword>DCompDiagnostic DCompMemory</Keyword>
                <Template><![CDATA[
<template xmlns="http://schemas.microsoft.com/win/2004/08/events">
  <data name="AtlasId" inType="win:UInt64" outType="xs:unsignedLong"/>
  <data name="X" inType="win:UInt32" outType="xs:unsignedInt"/>
  <data name="Y" inType="win:UInt32" outType="xs:unsignedInt"/>
  <data name="Width" inType="win:UInt32" outType="xs:unsignedInt"/>
  <data name="Height" inType="win:UInt32" outType="xs:unsignedInt"/>
  <data name="EntryId" inType="win:UInt64" outType="xs:unsignedLong"/>
</template>
]]></Template>
            </Event>
            <Event>
                <Id>30</Id>
                <Version>0</Version>
                <Channel>Microsoft-Windows-DirectComposition/Diagnostic</Channel>
                <Level>Verbose</Level>
                <Task>RESOURCE_RELEASE</Task>
                <Keyword>DCompBasic</Keyword>
                <Template><![CDATA[
<template xmlns="http://schemas.microsoft.com/win/2004/08/events">
  <data name="channelHandle" inType="win:UInt32" outType="xs:unsignedInt"/>
  <data name="resourceHandle" inType="win:UInt32" outType="xs:unsignedInt"/>
  <data name="resourcePointer" inType="win:UInt64" outType="win:HexInt64"/>
</template>
]]></Template>
            </Event>
            <Event>
                <Id>31</Id>
                <Version>0</Version>
                <Channel>Microsoft-Windows-DirectComposition/Diagnostic</Channel>
                <Level>Verbose</Level>
                <Task>CREATE_CLUMP</Task>
                <Keyword>DCompDiagnostic DCompMemory</Keyword>
                <Template><![CDATA[
<template xmlns="http://schemas.microsoft.com/win/2004/08/events">
  <data name="clumpPointer" inType="win:UInt64" outType="win:HexInt64"/>
  <data name="virtualSurfacePointer" inType="win:UInt64" outType="win:HexInt64"/>
  <data name="left" inType="win:UInt32" outType="xs:unsignedInt"/>
  <data name="top" inType="win:UInt32" outType="xs:unsignedInt"/>
  <data name="right" inType="win:UInt32" outType="xs:unsignedInt"/>
  <data name="bottom" inType="win:UInt32" outType="xs:unsignedInt"/>
</template>
]]></Template>
            </Event>
            <Event>
                <Id>32</Id>
                <Version>0</Version>
                <Channel>Microsoft-Windows-DirectComposition/Diagnostic</Channel>
                <Level>Verbose</Level>
                <Task>DESTROY_CLUMP</Task>
                <Keyword>DCompDiagnostic DCompMemory</Keyword>
                <Template><![CDATA[
<template xmlns="http://schemas.microsoft.com/win/2004/08/events">
  <data name="clumpPointer" inType="win:UInt64" outType="win:HexInt64"/>
</template>
]]></Template>
            </Event>
            <Event>
                <Id>33</Id>
                <Version>0</Version>
                <Channel>Microsoft-Windows-DirectComposition/Diagnostic</Channel>
                <Level>Verbose</Level>
                <Task>PUSH_DOWN</Task>
                <Opcode>Start</Opcode>
                <Keyword>DCompDiagnostic DCompMemory</Keyword>
                <Template><![CDATA[
<template xmlns="http://schemas.microsoft.com/win/2004/08/events">
  <data name="surfacePointer" inType="win:UInt64" outType="win:HexInt64"/>
</template>
]]></Template>
            </Event>
            <Event>
                <Id>34</Id>
                <Version>0</Version>
                <Channel>Microsoft-Windows-DirectComposition/Diagnostic</Channel>
                <Level>Verbose</Level>
                <Task>PUSH_DOWN</Task>
                <Opcode>Stop</Opcode>
                <Keyword>DCompDiagnostic DCompMemory</Keyword>
                <Template><![CDATA[
<template xmlns="http://schemas.microsoft.com/win/2004/08/events">
  <data name="surfacePointer" inType="win:UInt64" outType="win:HexInt64"/>
</template>
]]></Template>
            </Event>
            <Event>
                <Id>35</Id>
                <Version>0</Version>
                <Channel>Microsoft-Windows-DirectComposition/Diagnostic</Channel>
                <Level>Verbose</Level>
                <Task>RECLUMP</Task>
                <Opcode>Start</Opcode>
                <Keyword>DCompDiagnostic DCompMemory</Keyword>
                <Template><![CDATA[
<template xmlns="http://schemas.microsoft.com/win/2004/08/events">
  <data name="surfacePointer" inType="win:UInt64" outType="win:HexInt64"/>
</template>
]]></Template>
            </Event>
            <Event>
                <Id>36</Id>
                <Version>0</Version>
                <Channel>Microsoft-Windows-DirectComposition/Diagnostic</Channel>
                <Level>Verbose</Level>
                <Task>RECLUMP</Task>
                <Opcode>Stop</Opcode>
                <Keyword>DCompDiagnostic DCompMemory</Keyword>
                <Template><![CDATA[
<template xmlns="http://schemas.microsoft.com/win/2004/08/events">
  <data name="surfacePointer" inType="win:UInt64" outType="win:HexInt64"/>
</template>
]]></Template>
            </Event>
            <Event>
                <Id>37</Id>
                <Version>0</Version>
                <Channel>Microsoft-Windows-DirectComposition/Diagnostic</Channel>
                <Level>Verbose</Level>
                <Task>VIRTUAL_SURFACE_COUNTERS</Task>
                <Keyword>DCompDiagnostic DCompMemory</Keyword>
                <Template><![CDATA[
<template xmlns="http://schemas.microsoft.com/win/2004/08/events">
  <data name="percentValidTiles" inType="win:UInt32" outType="xs:unsignedInt"/>
  <data name="pixelsPerClump" inType="win:UInt32" outType="xs:unsignedInt"/>
</template>
]]></Template>
            </Event>
            <Event>
                <Id>38</Id>
                <Version>0</Version>
                <Channel>Microsoft-Windows-DirectComposition/Diagnostic</Channel>
                <Level>Verbose</Level>
                <Task>CAP_ALLOCATION_STATS</Task>
                <Keyword>DCompDiagnostic DCompMemory</Keyword>
                <Template><![CDATA[
<template xmlns="http://schemas.microsoft.com/win/2004/08/events">
  <data name="ChannelHandle" inType="win:UInt32" outType="win:HexInt32"/>
  <data name="LastCommittedBatchId" inType="win:UInt32" outType="xs:unsignedInt"/>
  <data name="largeSurfacesTotalAllocated" inType="win:UInt64" outType="xs:unsignedLong"/>
  <data name="largeSurfacesInUseAllocated" inType="win:UInt64" outType="xs:unsignedLong"/>
  <data name="largeSurfacesInUseActual" inType="win:UInt64" outType="xs:unsignedLong"/>
  <data name="largeSurfacesPeakInUseActual" inType="win:UInt64" outType="xs:unsignedLong"/>
  <data name="largeSurfacesAllowed" inType="win:UInt64" outType="xs:unsignedLong"/>
  <data name="poolsTotalAllocated" inType="win:UInt64" outType="xs:unsignedLong"/>
  <data name="poolsInUseAllocated" inType="win:UInt64" outType="xs:unsignedLong"/>
  <data name="poolsInUseActual" inType="win:UInt64" outType="xs:unsignedLong"/>
  <data name="poolsPeakInUseActual" inType="win:UInt64" outType="xs:unsignedLong"/>
  <data name="poolsAllowed" inType="win:UInt64" outType="xs:unsignedLong"/>
  <data name="largeSurfacesPendingRelease" inType="win:UInt64" outType="xs:unsignedLong"/>
  <data name="poolsPendingRelease" inType="win:UInt64" outType="xs:unsignedLong"/>
  <data name="largeSurfacesMaxStructuralWaste" inType="win:UInt64" outType="xs:unsignedLong"/>
  <data name="poolsMaxStructuralWaste" inType="win:UInt64" outType="xs:unsignedLong"/>
</template>
]]></Template>
            </Event>
            <Event>
                <Id>39</Id>
                <Version>0</Version>
                <Channel>Microsoft-Windows-DirectComposition/Diagnostic</Channel>
                <Level>Verbose</Level>
                <Task>CAP_RELEASE_SURFACE</Task>
                <Keyword>DCompDiagnostic DCompMemory</Keyword>
                <Template><![CDATA[
<template xmlns="http://schemas.microsoft.com/win/2004/08/events">
  <data name="Id" inType="win:UInt64" outType="win:HexInt64"/>
  <data name="Width" inType="win:UInt32" outType="xs:unsignedInt"/>
  <data name="Height" inType="win:UInt32" outType="xs:unsignedInt"/>
</template>
]]></Template>
            </Event>
            <Event>
                <Id>40</Id>
                <Version>0</Version>
                <Channel>Microsoft-Windows-DirectComposition/Diagnostic</Channel>
                <Level>Verbose</Level>
                <Task>BLOCK_FOR_EXCESSIVE_PENDING</Task>
                <Opcode>Start</Opcode>
                <Keyword>DCompDiagnostic DCompMemory</Keyword>
                <Template><![CDATA[
<template xmlns="http://schemas.microsoft.com/win/2004/08/events">
  <data name="Id" inType="win:UInt64" outType="xs:unsignedLong"/>
</template>
]]></Template>
            </Event>
            <Event>
                <Id>41</Id>
                <Version>0</Version>
                <Channel>Microsoft-Windows-DirectComposition/Diagnostic</Channel>
                <Level>Verbose</Level>
                <Task>BLOCK_FOR_EXCESSIVE_PENDING</Task>
                <Opcode>Stop</Opcode>
                <Keyword>DCompDiagnostic DCompMemory</Keyword>
                <Template><![CDATA[
<template xmlns="http://schemas.microsoft.com/win/2004/08/events">
  <data name="Id" inType="win:UInt64" outType="xs:unsignedLong"/>
</template>
]]></Template>
            </Event>
            <Event>
                <Id>42</Id>
                <Version>0</Version>
                <Channel>Microsoft-Windows-DirectComposition/Diagnostic</Channel>
                <Level>Verbose</Level>
                <Task>OFFER_RECLAIM</Task>
                <Keyword>DCompMemory OfferReclaim</Keyword>
                <Template><![CDATA[
<template xmlns="http://schemas.microsoft.com/win/2004/08/events">
  <data name="Id" inType="win:UInt64" outType="xs:unsignedLong"/>
  <data name="Width" inType="win:UInt32" outType="xs:unsignedInt"/>
  <data name="Height" inType="win:UInt32" outType="xs:unsignedInt"/>
</template>
]]></Template>
            </Event>
            <Event>
                <Id>43</Id>
                <Version>0</Version>
                <Channel>Microsoft-Windows-DirectComposition/Diagnostic</Channel>
                <Level>Verbose</Level>
                <Task>OFFER_RECLAIM</Task>
                <Keyword>DCompMemory OfferReclaim</Keyword>
                <Template><![CDATA[
<template xmlns="http://schemas.microsoft.com/win/2004/08/events">
  <data name="Id" inType="win:UInt64" outType="xs:unsignedLong"/>
  <data name="Width" inType="win:UInt32" outType="xs:unsignedInt"/>
  <data name="Height" inType="win:UInt32" outType="xs:unsignedInt"/>
  <data name="PixelsDiscarded" inType="win:Boolean" outType="xs:boolean"/>
  <data name="SurfaceInvalid" inType="win:Boolean" outType="xs:boolean"/>
</template>
]]></Template>
            </Event>
            <Event>
                <Id>44</Id>
                <Version>0</Version>
                <Channel>Microsoft-Windows-DirectComposition/Diagnostic</Channel>
                <Level>Verbose</Level>
                <Task>CAP_MAXIMUM</Task>
                <Opcode>Start</Opcode>
                <Keyword>DCompDiagnostic DCompMemory</Keyword>
                <Template><![CDATA[
<template xmlns="http://schemas.microsoft.com/win/2004/08/events">
  <data name="Id" inType="win:UInt64" outType="xs:unsignedLong"/>
</template>
]]></Template>
            </Event>
            <Event>
                <Id>45</Id>
                <Version>0</Version>
                <Channel>Microsoft-Windows-DirectComposition/Diagnostic</Channel>
                <Level>Verbose</Level>
                <Task>CAP_MAXIMUM</Task>
                <Opcode>Stop</Opcode>
                <Keyword>DCompDiagnostic DCompMemory</Keyword>
                <Template><![CDATA[
<template xmlns="http://schemas.microsoft.com/win/2004/08/events">
  <data name="Id" inType="win:UInt64" outType="xs:unsignedLong"/>
</template>
]]></Template>
            </Event>
            <Event>
                <Id>46</Id>
                <Version>0</Version>
                <Channel>Microsoft-Windows-DirectComposition/Diagnostic</Channel>
                <Level>Verbose</Level>
                <Task>CREATE_SHARED_MEMORY_SECTION</Task>
                <Keyword>DCompDiagnostic DCompSharedMemory</Keyword>
                <Template><![CDATA[
<template xmlns="http://schemas.microsoft.com/win/2004/08/events">
  <data name="section" inType="win:UInt64" outType="xs:unsignedLong"/>
  <data name="size" inType="win:UInt32" outType="xs:unsignedInt"/>
</template>
]]></Template>
            </Event>
            <Event>
                <Id>47</Id>
                <Version>0</Version>
                <Channel>Microsoft-Windows-DirectComposition/Diagnostic</Channel>
                <Level>Verbose</Level>
                <Task>DESTROY_SHARED_MEMORY_SECTION</Task>
                <Keyword>DCompDiagnostic DCompSharedMemory</Keyword>
                <Template><![CDATA[
<template xmlns="http://schemas.microsoft.com/win/2004/08/events">
  <data name="section" inType="win:UInt64" outType="xs:unsignedLong"/>
  <data name="size" inType="win:UInt32" outType="xs:unsignedInt"/>
</template>
]]></Template>
            </Event>
            <Event>
                <Id>48</Id>
                <Version>0</Version>
                <Channel>Microsoft-Windows-DirectComposition/Diagnostic</Channel>
                <Level>Verbose</Level>
                <Task>ALLOCATE_FROM_SHARED_MEMORY_SECTION</Task>
                <Keyword>DCompDiagnostic DCompSharedMemory</Keyword>
                <Template><![CDATA[
<template xmlns="http://schemas.microsoft.com/win/2004/08/events">
  <data name="section" inType="win:UInt64" outType="xs:unsignedLong"/>
  <data name="allocationSize" inType="win:UInt32" outType="xs:unsignedInt"/>
  <data name="sectionSize" inType="win:UInt32" outType="xs:unsignedInt"/>
  <data name="heap" inType="win:Boolean" outType="xs:boolean"/>
</template>
]]></Template>
            </Event>
            <Event>
                <Id>49</Id>
                <Version>0</Version>
                <Channel>Microsoft-Windows-DirectComposition/Diagnostic</Channel>
                <Level>Verbose</Level>
                <Task>FREE_FROM_SHARED_MEMORY_SECTION</Task>
                <Keyword>DCompDiagnostic DCompSharedMemory</Keyword>
                <Template><![CDATA[
]]></Template>
            </Event>
            <Event>
                <Id>53</Id>
                <Version>0</Version>
                <Channel>Microsoft-Windows-DirectComposition/Diagnostic</Channel>
                <Level>Verbose</Level>
                <Task>PRIMITIVE_GROUP_UPDATE</Task>
                <Keyword>DCompPrimitives</Keyword>
                <Template><![CDATA[
<template xmlns="http://schemas.microsoft.com/win/2004/08/events">
  <data name="channelHandle" inType="win:UInt32" outType="xs:unsignedInt"/>
  <data name="resourceHandle" inType="win:UInt32" outType="xs:unsignedInt"/>
  <data name="flags" inType="win:UInt32" outType="xs:unsignedInt"/>
  <data name="batchCount" inType="win:UInt32" outType="xs:unsignedInt"/>
  <data name="totalPrimitiveCount" inType="win:UInt32" outType="xs:unsignedInt"/>
  <data name="boundsLeft" inType="win:Float" outType="xs:float"/>
  <data name="boundsTop" inType="win:Float" outType="xs:float"/>
  <data name="boundsRight" inType="win:Float" outType="xs:float"/>
  <data name="boundsBottom" inType="win:Float" outType="xs:float"/>
  <data name="singlePrimitiveInfoLength" inType="win:UInt16" outType="xs:unsignedShort"/>
  <data name="surfaceInfoLength" inType="win:UInt16" outType="xs:unsignedShort"/>
  <data name="surfaceInfo" inType="win:Binary" outType="xs:hexBinary" length="surfaceInfoLength"/>
  <data name="primitivesLength" inType="win:UInt16" outType="xs:unsignedShort"/>
  <data name="primitives" inType="win:Binary" outType="xs:hexBinary" length="primitivesLength"/>
</template>
]]></Template>
            </Event>
            <Event>
                <Id>54</Id>
                <Version>0</Version>
                <Channel>Microsoft-Windows-DirectComposition/Diagnostic</Channel>
                <Level>Verbose</Level>
                <Task>ATLAS_RESIZE</Task>
                <Keyword>DCompDiagnostic DCompMemory</Keyword>
                <Template><![CDATA[
<template xmlns="http://schemas.microsoft.com/win/2004/08/events">
  <data name="TargetX" inType="win:UInt32" outType="xs:unsignedInt"/>
  <data name="TargetY" inType="win:UInt32" outType="xs:unsignedInt"/>
  <data name="MinX" inType="win:UInt32" outType="xs:unsignedInt"/>
  <data name="MinY" inType="win:UInt32" outType="xs:unsignedInt"/>
  <data name="MaxX" inType="win:UInt32" outType="xs:unsignedInt"/>
  <data name="MaxY" inType="win:UInt32" outType="xs:unsignedInt"/>
  <data name="RequestX" inType="win:UInt32" outType="xs:unsignedInt"/>
  <data name="RequestY" inType="win:UInt32" outType="xs:unsignedInt"/>
  <data name="ShrinkX" inType="win:UInt32" outType="xs:unsignedInt"/>
  <data name="ShrinkY" inType="win:UInt32" outType="xs:unsignedInt"/>
  <data name="GrowX" inType="win:UInt32" outType="xs:unsignedInt"/>
  <data name="GrowY" inType="win:UInt32" outType="xs:unsignedInt"/>
  <data name="AtlasX" inType="win:UInt32" outType="xs:unsignedInt"/>
  <data name="AtlasY" inType="win:UInt32" outType="xs:unsignedInt"/>
</template>
]]></Template>
            </Event>
            <Event>
                <Id>55</Id>
                <Version>0</Version>
                <Channel>Microsoft-Windows-DirectComposition/Diagnostic</Channel>
                <Level>Verbose</Level>
                <Task>VISUAL_SET_INTERACTION</Task>
                <Keyword>DCompInput</Keyword>
                <Template><![CDATA[
<template xmlns="http://schemas.microsoft.com/win/2004/08/events">
  <data name="Channel" inType="win:UInt32" outType="xs:unsignedInt"/>
  <data name="visualHandle" inType="win:UInt32" outType="xs:unsignedInt"/>
  <data name="interactionHandle" inType="win:UInt32" outType="xs:unsignedInt"/>
  <data name="visualAndChannelHandle" inType="win:UInt64" outType="win:HexInt64"/>
  <data name="interactionAndChannelHandle" inType="win:UInt64" outType="win:HexInt64"/>
</template>
]]></Template>
            </Event>
            <Event>
                <Id>56</Id>
                <Version>0</Version>
                <Channel>Microsoft-Windows-DirectComposition/Diagnostic</Channel>
                <Level>Verbose</Level>
                <Task>VISUAL_SET_INPUTSINK</Task>
                <Keyword>DCompInput</Keyword>
                <Template><![CDATA[
<template xmlns="http://schemas.microsoft.com/win/2004/08/events">
  <data name="visualAndChannelHandle" inType="win:UInt64" outType="win:HexInt64"/>
  <data name="inputSinkHandle" inType="win:Pointer" outType="win:HexInt64"/>
</template>
]]></Template>
            </Event>
            <Event>
                <Id>57</Id>
                <Version>0</Version>
                <Channel>Microsoft-Windows-DirectComposition/Diagnostic</Channel>
                <Level>Verbose</Level>
                <Task>VISUAL_REDIRECT_MOUSE</Task>
                <Keyword>DCompInput</Keyword>
                <Template><![CDATA[
<template xmlns="http://schemas.microsoft.com/win/2004/08/events">
  <data name="Channel" inType="win:UInt32" outType="xs:unsignedInt"/>
  <data name="visualHandle" inType="win:UInt32" outType="xs:unsignedInt"/>
  <data name="visualAndChannelHandle" inType="win:UInt64" outType="win:HexInt64"/>
  <data name="windowHandle" inType="win:Pointer" outType="win:HexInt64"/>
  <data name="mouseConfigMask" inType="win:UInt32" outType="win:HexInt32"/>
  <data name="mouseConfigValues" inType="win:UInt32" outType="win:HexInt32"/>
</template>
]]></Template>
            </Event>
            <Event>
                <Id>58</Id>
                <Version>0</Version>
                <Channel>Microsoft-Windows-DirectComposition/Diagnostic</Channel>
                <Level>Verbose</Level>
                <Task>INTERACTION_CONFIGURATION</Task>
                <Keyword>DCompInput</Keyword>
                <Template><![CDATA[
<template xmlns="http://schemas.microsoft.com/win/2004/08/events">
  <data name="Channel" inType="win:UInt32" outType="xs:unsignedInt"/>
  <data name="interactionHandle" inType="win:UInt32" outType="xs:unsignedInt"/>
  <data name="interactionAndChannelHandle" inType="win:UInt64" outType="win:HexInt64"/>
  <data name="propertyId" inType="win:UInt32" outType="xs:unsignedInt"/>
</template>
]]></Template>
            </Event>
            <Event>
                <Id>59</Id>
                <Version>0</Version>
                <Channel>Microsoft-Windows-DirectComposition/Diagnostic</Channel>
                <Level>Verbose</Level>
                <Task>INTERACTION_CAPTURE_POINTER</Task>
                <Keyword>DCompInput</Keyword>
                <Template><![CDATA[
<template xmlns="http://schemas.microsoft.com/win/2004/08/events">
  <data name="Channel" inType="win:UInt32" outType="xs:unsignedInt"/>
  <data name="interactionHandle" inType="win:UInt32" outType="xs:unsignedInt"/>
  <data name="interactionAndChannelHandle" inType="win:UInt64" outType="win:HexInt64"/>
  <data name="captureType" inType="win:UInt32" outType="xs:unsignedInt"/>
  <data name="pointerId" inType="win:UInt32" outType="xs:unsignedInt"/>
  <data name="pointerTimeStamp" inType="win:UInt64" outType="xs:unsignedLong"/>
</template>
]]></Template>
            </Event>
            <Event>
                <Id>60</Id>
                <Version>0</Version>
                <Channel>Microsoft-Windows-DirectComposition/Diagnostic</Channel>
                <Level>Verbose</Level>
                <Task>FLIP_CONSUME_PRESENT</Task>
                <Opcode>Start</Opcode>
                <Keyword>FlipManager</Keyword>
                <Template><![CDATA[
]]></Template>
            </Event>
            <Event>
                <Id>61</Id>
                <Version>0</Version>
                <Channel>Microsoft-Windows-DirectComposition/Diagnostic</Channel>
                <Level>Verbose</Level>
                <Task>FLIP_CONSUME_PRESENT</Task>
                <Opcode>Stop</Opcode>
                <Keyword>FlipManager</Keyword>
                <Template><![CDATA[
<template xmlns="http://schemas.microsoft.com/win/2004/08/events">
  <data name="result" inType="win:UInt32" outType="xs:unsignedInt"/>
</template>
]]></Template>
            </Event>
            <Event>
                <Id>62</Id>
                <Version>0</Version>
                <Channel>Microsoft-Windows-DirectComposition/Diagnostic</Channel>
                <Level>Verbose</Level>
                <Task>FLIP_CONSUME_PRESENT_CALLOUT</Task>
                <Opcode>Start</Opcode>
                <Keyword>FlipManager</Keyword>
                <Template><![CDATA[
]]></Template>
            </Event>
            <Event>
                <Id>63</Id>
                <Version>0</Version>
                <Channel>Microsoft-Windows-DirectComposition/Diagnostic</Channel>
                <Level>Verbose</Level>
                <Task>FLIP_CONSUME_PRESENT_CALLOUT</Task>
                <Opcode>Stop</Opcode>
                <Keyword>FlipManager</Keyword>
                <Template><![CDATA[
<template xmlns="http://schemas.microsoft.com/win/2004/08/events">
  <data name="result" inType="win:UInt32" outType="xs:unsignedInt"/>
</template>
]]></Template>
            </Event>
            <Event>
                <Id>64</Id>
                <Version>0</Version>
                <Channel>Microsoft-Windows-DirectComposition/Diagnostic</Channel>
                <Level>Verbose</Level>
                <Task>FLIP_PRODUCE_PRESENT</Task>
                <Opcode>Start</Opcode>
                <Keyword>FlipManager</Keyword>
                <Template><![CDATA[
]]></Template>
            </Event>
            <Event>
                <Id>65</Id>
                <Version>0</Version>
                <Channel>Microsoft-Windows-DirectComposition/Diagnostic</Channel>
                <Level>Verbose</Level>
                <Task>FLIP_PRODUCE_PRESENT</Task>
                <Opcode>Stop</Opcode>
                <Keyword>FlipManager</Keyword>
                <Template><![CDATA[
<template xmlns="http://schemas.microsoft.com/win/2004/08/events">
  <data name="presentId" inType="win:UInt64" outType="xs:unsignedLong"/>
  <data name="result" inType="win:UInt32" outType="xs:unsignedInt"/>
</template>
]]></Template>
            </Event>
            <Event>
                <Id>66</Id>
                <Version>0</Version>
                <Channel>Microsoft-Windows-DirectComposition/Diagnostic</Channel>
                <Level>Verbose</Level>
                <Task>ANIMATION_ENDED</Task>
                <Keyword>DCompAnimationTelemetry</Keyword>
                <Template><![CDATA[
<template xmlns="http://schemas.microsoft.com/win/2004/08/events">
  <data name="eventType" inType="win:UInt32" outType="xs:unsignedInt"/>
  <data name="resourceHandle" inType="win:UInt32" outType="xs:unsignedInt"/>
  <data name="callbackId" inType="win:UInt32" outType="xs:unsignedInt"/>
</template>
]]></Template>
            </Event>
            <Event>
                <Id>67</Id>
                <Version>0</Version>
                <Channel>Microsoft-Windows-DirectComposition/Diagnostic</Channel>
                <Level>Verbose</Level>
                <Task>REGISTERANIMATIONTARGET</Task>
                <Keyword>DCompAnimationTelemetry</Keyword>
                <Template><![CDATA[
<template xmlns="http://schemas.microsoft.com/win/2004/08/events">
  <data name="objectHandle" inType="win:UInt32" outType="xs:unsignedInt"/>
  <data name="propertyHandle" inType="win:UInt32" outType="xs:unsignedInt"/>
  <data name="animatorResourceHandle" inType="win:UInt32" outType="xs:unsignedInt"/>
  <data name="animatorCallbackId" inType="win:UInt32" outType="xs:unsignedInt"/>
</template>
]]></Template>
            </Event>
            <Event>
                <Id>68</Id>
                <Version>0</Version>
                <Channel>Microsoft-Windows-DirectComposition/Diagnostic</Channel>
                <Level>Verbose</Level>
                <Task>EXPRESSIONANIMATOR_INIT</Task>
                <Keyword>DCompAnimationTelemetry</Keyword>
                <Template><![CDATA[
<template xmlns="http://schemas.microsoft.com/win/2004/08/events">
  <data name="expressionAnimatorInstance" inType="win:UInt64" outType="win:HexInt64"/>
  <data name="nodesBuffer" inType="win:UInt64" outType="win:HexInt64"/>
  <data name="cacheBuffer" inType="win:UInt64" outType="win:HexInt64"/>
  <data name="cacheBufferParam" inType="win:UInt64" outType="win:HexInt64"/>
</template>
]]></Template>
            </Event>
            <Event>
                <Id>69</Id>
                <Version>0</Version>
                <Channel>Microsoft-Windows-DirectComposition/Diagnostic</Channel>
                <Level>Verbose</Level>
                <Task>EXPRESSIONANIMATOR_RELEASE_RESOURCES</Task>
                <Keyword>DCompAnimationTelemetry</Keyword>
                <Template><![CDATA[
<template xmlns="http://schemas.microsoft.com/win/2004/08/events">
  <data name="expressionAnimatorInstance" inType="win:UInt64" outType="win:HexInt64"/>
  <data name="nodesBuffer" inType="win:UInt64" outType="win:HexInt64"/>
  <data name="cacheBuffer" inType="win:UInt64" outType="win:HexInt64"/>
</template>
]]></Template>
            </Event>
            <Event>
                <Id>70</Id>
                <Version>0</Version>
                <Channel>Microsoft-Windows-DirectComposition/Diagnostic</Channel>
                <Level>Verbose</Level>
                <Task>SHAREALLOCATIONBASE_ONMARSHALERRELEASE</Task>
                <Keyword>DCompAnimationTelemetry</Keyword>
                <Template><![CDATA[
<template xmlns="http://schemas.microsoft.com/win/2004/08/events">
  <data name="instance" inType="win:UInt64" outType="win:HexInt64"/>
</template>
]]></Template>
            </Event>
            <Event>
                <Id>71</Id>
                <Version>0</Version>
                <Channel>Microsoft-Windows-DirectComposition/Diagnostic</Channel>
                <Level>Verbose</Level>
                <Task>SHAREALLOCATIONBASE_DISPOSEONDELAYEDDESTRUCTION</Task>
                <Keyword>DCompAnimationTelemetry</Keyword>
                <Template><![CDATA[
<template xmlns="http://schemas.microsoft.com/win/2004/08/events">
  <data name="instance" inType="win:UInt64" outType="win:HexInt64"/>
</template>
]]></Template>
            </Event>
            <Event>
                <Id>72</Id>
                <Version>0</Version>
                <Channel>Microsoft-Windows-DirectComposition/Diagnostic</Channel>
                <Level>Verbose</Level>
                <Task>DELEGATEDINKTRAIL_COOKIEPUSHED</Task>
                <Template><![CDATA[
<template xmlns="http://schemas.microsoft.com/win/2004/08/events">
  <data name="CookieTracker" inType="win:Pointer" outType="win:HexInt64"/>
  <data name="CookieValue" inType="win:UInt32" outType="xs:unsignedInt"/>
</template>
]]></Template>
            </Event>
            <Event>
                <Id>73</Id>
                <Version>0</Version>
                <Channel>Microsoft-Windows-DirectComposition/Diagnostic</Channel>
                <Level>Verbose</Level>
                <Task>DELEGATEDINKTRAIL_REMOVETRAILPOINTS</Task>
                <Template><![CDATA[
<template xmlns="http://schemas.microsoft.com/win/2004/08/events">
  <data name="InkTrail" inType="win:Pointer" outType="win:HexInt64"/>
  <data name="GenerationId" inType="win:UInt32" outType="xs:unsignedInt"/>
  <data name="LookupId" inType="win:UInt32" outType="xs:unsignedInt"/>
</template>
]]></Template>
            </Event>
            <Event>
                <Id>74</Id>
                <Version>0</Version>
                <Channel>Microsoft-Windows-DirectComposition/Diagnostic</Channel>
                <Level>Verbose</Level>
                <Task>DELEGATEDINKTRAIL_STARTNEWTRAIL</Task>
                <Template><![CDATA[
<template xmlns="http://schemas.microsoft.com/win/2004/08/events">
  <data name="InkTrail" inType="win:Pointer" outType="win:HexInt64"/>
  <data name="PrevGenerationId" inType="win:UInt32" outType="xs:unsignedInt"/>
  <data name="Color_R" inType="win:Float" outType="xs:float"/>
  <data name="Color_G" inType="win:Float" outType="xs:float"/>
  <data name="Color_B" inType="win:Float" outType="xs:float"/>
  <data name="Color_A" inType="win:Float" outType="xs:float"/>
</template>
]]></Template>
            </Event>
        </EventMetadata>
    </Provider>
</Providers>
