<Providers>
    <Provider>
        <Name>Microsoft-Windows-IdleTriggerProvider</Name>
        <Metadata>
            <Guid>{9E03F75A-BCBE-428A-8F3C-D46F2A444935}</Guid>
            <ResourceFilePath>%SystemRoot%\system32\schedsvc.dll</ResourceFilePath>
            <ParameterFilePath></ParameterFilePath>
            <MessageFilePath>%SystemRoot%\system32\schedsvc.dll</MessageFilePath>
            <HelpLink></HelpLink>
            <PublisherMessage></PublisherMessage>
            <Channels>
            </Channels>
            <Levels>
                <Level>
                    <Message>Information</Message>
                    <Name>win:Informational</Name>
                    <Value>4</Value>
                </Level>
            </Levels>
            <Tasks>
            </Tasks>
            <Opcodes>
                <Opcode>
                    <Message></Message>
                    <Name>Opcode_IdleTriggerEvent</Name>
                    <Value>108</Value>
                    <Task>0</Task>
                </Opcode>
            </Opcodes>
            <Keywords>
                <Keyword>
                    <Message></Message>
                    <Name>Keyword_IdleTriggerEvent</Name>
                    <Value>1</Value>
                </Keyword>
            </Keywords>
        </Metadata>
        <EventMetadata>
            <Event>
                <Id>1</Id>
                <Version>0</Version>
                <Level>Information</Level>
                <Opcode>Opcode_IdleTriggerEvent</Opcode>
                <Keyword>Keyword_IdleTriggerEvent</Keyword>
                <Template><![CDATA[
<template xmlns="http://schemas.microsoft.com/win/2004/08/events">
  <data name="IdleStatusGuid" inType="win:GUID" outType="xs:GUID"/>
</template>
]]></Template>
            </Event>
        </EventMetadata>
    </Provider>
</Providers>
