<Providers>
    <Provider>
        <Name>Microsoft-Windows-Kernel-EventTracing</Name>
        <Metadata>
            <Guid>{B675EC37-BDB6-4648-BC92-F3FDC74D3CA2}</Guid>
            <ResourceFilePath>%systemroot%\system32\Microsoft-Windows-System-Events.dll</ResourceFilePath>
            <ParameterFilePath></ParameterFilePath>
            <MessageFilePath>%systemroot%\system32\Microsoft-Windows-System-Events.dll</MessageFilePath>
            <HelpLink></HelpLink>
            <PublisherMessage>Microsoft-Windows-Kernel-EventTracing</PublisherMessage>
            <Channels>
                <Channel>
                    <Message>Microsoft-Windows-Kernel-EventTracing/Admin</Message>
                    <Path>Microsoft-Windows-Kernel-EventTracing/Admin</Path>
                    <Index>0</Index>
                    <Id>16</Id>
                    <Imported>false</Imported>
                </Channel>
                <Channel>
                    <Message>Microsoft-Windows-Kernel-EventTracing/Analytic</Message>
                    <Path>Microsoft-Windows-Kernel-EventTracing/Analytic</Path>
                    <Index>1</Index>
                    <Id>17</Id>
                    <Imported>false</Imported>
                </Channel>
            </Channels>
            <Levels>
                <Level>
                    <Message>Error</Message>
                    <Name>win:Error</Name>
                    <Value>2</Value>
                </Level>
                <Level>
                    <Message>Warning</Message>
                    <Name>win:Warning</Name>
                    <Value>3</Value>
                </Level>
                <Level>
                    <Message>Information</Message>
                    <Name>win:Informational</Name>
                    <Value>4</Value>
                </Level>
                <Level>
                    <Message>Verbose</Message>
                    <Name>win:Verbose</Name>
                    <Value>5</Value>
                </Level>
            </Levels>
            <Tasks>
                <Task>
                    <Message>Logging</Message>
                    <Name>ETW_TASK_LOGGING</Name>
                    <Value>1</Value>
                </Task>
                <Task>
                    <Message>Session</Message>
                    <Name>ETW_TASK_SESSION</Name>
                    <Value>2</Value>
                </Task>
                <Task>
                    <Message>Provider</Message>
                    <Name>ETW_TASK_PROVIDER</Name>
                    <Value>3</Value>
                </Task>
                <Task>
                    <Message>GUID Entry</Message>
                    <Name>ETW_TASK_GUID_ENTRY</Name>
                    <Value>4</Value>
                </Task>
                <Task>
                    <Message>Provider Group Entry</Message>
                    <Name>ETW_TASK_GROUP_ENTRY</Name>
                    <Value>5</Value>
                </Task>
                <Task>
                    <Message>Stack Trace</Message>
                    <Name>ETW_TASK_STACK_TRACE</Name>
                    <Value>6</Value>
                </Task>
                <Task>
                    <Message>Lost Event</Message>
                    <Name>ETW_TASK_LOST_EVENT</Name>
                    <Value>7</Value>
                </Task>
                <Task>
                    <Message></Message>
                    <Name>SavePersistedLogger</Name>
                    <Value>8</Value>
                </Task>
                <Task>
                    <Message>Enable Info</Message>
                    <Name>ETW_TASK_ENABLE_INFO</Name>
                    <Value>9</Value>
                </Task>
                <Task>
                    <Message>Lost TraceLogging Event</Message>
                    <Name>ETW_TASK_LOST_TLG_EVENT</Name>
                    <Value>10</Value>
                </Task>
                <Task>
                    <Message>Lost WPP Event</Message>
                    <Name>ETW_TASK_LOST_WPP_EVENT</Name>
                    <Value>11</Value>
                </Task>
                <Task>
                    <Message>Lost System Event</Message>
                    <Name>ETW_TASK_LOST_SYSTEM_EVENT</Name>
                    <Value>12</Value>
                </Task>
            </Tasks>
            <Opcodes>
                <Opcode>
                    <Message>Info</Message>
                    <Name>win:Info</Name>
                    <Value>0</Value>
                    <Task>0</Task>
                </Opcode>
                <Opcode>
                    <Message>Start</Message>
                    <Name>win:Start</Name>
                    <Value>1</Value>
                    <Task>0</Task>
                </Opcode>
                <Opcode>
                    <Message>Stop</Message>
                    <Name>win:Stop</Name>
                    <Value>2</Value>
                    <Task>0</Task>
                </Opcode>
                <Opcode>
                    <Message>Write Buffer</Message>
                    <Name>ETW_OPCODE_WRITE_BUFFER</Name>
                    <Value>10</Value>
                    <Task>0</Task>
                </Opcode>
                <Opcode>
                    <Message>File Switch</Message>
                    <Name>ETW_OPCODE_FILE_SWITCH</Name>
                    <Value>11</Value>
                    <Task>0</Task>
                </Opcode>
                <Opcode>
                    <Message>Start</Message>
                    <Name>ETW_OPCODE_START</Name>
                    <Value>12</Value>
                    <Task>0</Task>
                </Opcode>
                <Opcode>
                    <Message>Stop</Message>
                    <Name>ETW_OPCODE_STOP</Name>
                    <Value>14</Value>
                    <Task>0</Task>
                </Opcode>
                <Opcode>
                    <Message>Flush</Message>
                    <Name>ETW_OPCODE_FLUSH</Name>
                    <Value>15</Value>
                    <Task>0</Task>
                </Opcode>
                <Opcode>
                    <Message>Register</Message>
                    <Name>ETW_OPCODE_REGISTER</Name>
                    <Value>16</Value>
                    <Task>0</Task>
                </Opcode>
                <Opcode>
                    <Message>Unregister</Message>
                    <Name>ETW_OPCODE_UNREGISTER</Name>
                    <Value>17</Value>
                    <Task>0</Task>
                </Opcode>
                <Opcode>
                    <Message>Enable</Message>
                    <Name>ETW_OPCODE_ENABLE</Name>
                    <Value>18</Value>
                    <Task>0</Task>
                </Opcode>
                <Opcode>
                    <Message>Disable</Message>
                    <Name>ETW_OPCODE_DISABLE</Name>
                    <Value>19</Value>
                    <Task>0</Task>
                </Opcode>
                <Opcode>
                    <Message>Configure</Message>
                    <Name>ETW_OPCODE_CONFIGURE</Name>
                    <Value>20</Value>
                    <Task>0</Task>
                </Opcode>
                <Opcode>
                    <Message>User Mode Stack Trace</Message>
                    <Name>ETW_OPCODE_USER_MODE_STACK_TRACE</Name>
                    <Value>24</Value>
                    <Task>0</Task>
                </Opcode>
                <Opcode>
                    <Message>Set Provider Traits</Message>
                    <Name>ETW_OPCODE_SET_TRAITS</Name>
                    <Value>25</Value>
                    <Task>0</Task>
                </Opcode>
                <Opcode>
                    <Message>Join Provider Group</Message>
                    <Name>ETW_OPCODE_GROUP_JOIN</Name>
                    <Value>26</Value>
                    <Task>0</Task>
                </Opcode>
                <Opcode>
                    <Message>Capture State</Message>
                    <Name>ETW_OPCODE_CAPTURE_STATE</Name>
                    <Value>27</Value>
                    <Task>0</Task>
                </Opcode>
            </Opcodes>
            <Keywords>
                <Keyword>
                    <Message>Session</Message>
                    <Name>ETW_KEYWORD_SESSION</Name>
                    <Value>16</Value>
                </Keyword>
                <Keyword>
                    <Message>Provider</Message>
                    <Name>ETW_KEYWORD_PROVIDER</Name>
                    <Value>32</Value>
                </Keyword>
                <Keyword>
                    <Message>Lost Event</Message>
                    <Name>ETW_KEYWORD_LOST_EVENT</Name>
                    <Value>64</Value>
                </Keyword>
                <Keyword>
                    <Message></Message>
                    <Name>ETW_KEYWORD_SOFT_RESTART</Name>
                    <Value>128</Value>
                </Keyword>
                <Keyword>
                    <Message></Message>
                    <Name>ETW_KEYWORD_CAPTURE_STATE</Name>
                    <Value>256</Value>
                </Keyword>
                <Keyword>
                    <Message></Message>
                    <Name>ETW_KEYWORD_REGISTRATION</Name>
                    <Value>512</Value>
                </Keyword>
                <Keyword>
                    <Message></Message>
                    <Name>ETW_KEYWORD_ENABLEMENT</Name>
                    <Value>1024</Value>
                </Keyword>
                <Keyword>
                    <Message></Message>
                    <Name>ETW_KEYWORD_GROUP</Name>
                    <Value>2048</Value>
                </Keyword>
            </Keywords>
        </Metadata>
        <EventMetadata>
            <Event>
                <Id>0</Id>
                <Version>0</Version>
                <Channel>Microsoft-Windows-Kernel-EventTracing/Admin</Channel>
                <Level>Error</Level>
                <Task>Logging</Task>
                <Opcode>Write Buffer</Opcode>
                <Keyword>Session</Keyword>
                <Message><![CDATA[
Session "%1" failed to write to log file "%2" with the following error: %3]]></Message>
                <Template><![CDATA[
<template xmlns="http://schemas.microsoft.com/win/2004/08/events">
  <data name="SessionName" inType="win:UnicodeString" outType="xs:string"/>
  <data name="FileName" inType="win:UnicodeString" outType="xs:string"/>
  <data name="ErrorCode" inType="win:UInt32" outType="win:HexInt32"/>
  <data name="LoggingMode" inType="win:UInt32" outType="win:HexInt32"/>
</template>
]]></Template>
            </Event>
            <Event>
                <Id>1</Id>
                <Version>0</Version>
                <Channel>Microsoft-Windows-Kernel-EventTracing/Admin</Channel>
                <Level>Warning</Level>
                <Task>Logging</Task>
                <Opcode>Write Buffer</Opcode>
                <Keyword>Session</Keyword>
                <Message><![CDATA[
The backing-file for the real-time session "%1" has reached its maximum size. As a result, new events will not be logged to this session until space becomes available. This error is often caused by starting a trace session in real-time mode without having any real-time consumers.]]></Message>
                <Template><![CDATA[
<template xmlns="http://schemas.microsoft.com/win/2004/08/events">
  <data name="SessionName" inType="win:UnicodeString" outType="xs:string"/>
  <data name="ErrorCode" inType="win:UInt32" outType="win:HexInt32"/>
  <data name="LoggingMode" inType="win:UInt32" outType="win:HexInt32"/>
</template>
]]></Template>
            </Event>
            <Event>
                <Id>2</Id>
                <Version>0</Version>
                <Channel>Microsoft-Windows-Kernel-EventTracing/Admin</Channel>
                <Level>Error</Level>
                <Task>Session</Task>
                <Opcode>Start</Opcode>
                <Keyword>Session</Keyword>
                <Message><![CDATA[
Session "%1" failed to start with the following error: %3]]></Message>
                <Template><![CDATA[
<template xmlns="http://schemas.microsoft.com/win/2004/08/events">
  <data name="SessionName" inType="win:UnicodeString" outType="xs:string"/>
  <data name="FileName" inType="win:UnicodeString" outType="xs:string"/>
  <data name="ErrorCode" inType="win:UInt32" outType="win:HexInt32"/>
  <data name="LoggingMode" inType="win:UInt32" outType="win:HexInt32"/>
</template>
]]></Template>
            </Event>
            <Event>
                <Id>3</Id>
                <Version>0</Version>
                <Channel>Microsoft-Windows-Kernel-EventTracing/Admin</Channel>
                <Level>Error</Level>
                <Task>Session</Task>
                <Opcode>Stop</Opcode>
                <Keyword>Session</Keyword>
                <Message><![CDATA[
Session "%1" stopped due to the following error: %3]]></Message>
                <Template><![CDATA[
<template xmlns="http://schemas.microsoft.com/win/2004/08/events">
  <data name="SessionName" inType="win:UnicodeString" outType="xs:string"/>
  <data name="FileName" inType="win:UnicodeString" outType="xs:string"/>
  <data name="ErrorCode" inType="win:UInt32" outType="win:HexInt32"/>
  <data name="LoggingMode" inType="win:UInt32" outType="win:HexInt32"/>
</template>
]]></Template>
            </Event>
            <Event>
                <Id>3</Id>
                <Version>1</Version>
                <Channel>Microsoft-Windows-Kernel-EventTracing/Admin</Channel>
                <Level>Error</Level>
                <Task>Session</Task>
                <Opcode>Stop</Opcode>
                <Keyword>Session</Keyword>
                <Message><![CDATA[
Session "%1" stopped due to the following error: %3]]></Message>
                <Template><![CDATA[
<template xmlns="http://schemas.microsoft.com/win/2004/08/events">
  <data name="SessionName" inType="win:UnicodeString" outType="xs:string"/>
  <data name="FileName" inType="win:UnicodeString" outType="xs:string"/>
  <data name="ErrorCode" inType="win:UInt32" outType="win:HexInt32"/>
  <data name="LoggingMode" inType="win:UInt32" outType="win:HexInt32"/>
  <data name="FailureReason" inType="win:UInt32" outType="xs:unsignedInt"/>
</template>
]]></Template>
            </Event>
            <Event>
                <Id>4</Id>
                <Version>0</Version>
                <Channel>Microsoft-Windows-Kernel-EventTracing/Admin</Channel>
                <Level>Warning</Level>
                <Task>Logging</Task>
                <Opcode>Write Buffer</Opcode>
                <Keyword>Session</Keyword>
                <Message><![CDATA[
The maximum file size for session "%1" has been reached. As a result, events might be lost (not logged) to file "%2". The maximum files size is currently set to %5 bytes.]]></Message>
                <Template><![CDATA[
<template xmlns="http://schemas.microsoft.com/win/2004/08/events">
  <data name="SessionName" inType="win:UnicodeString" outType="xs:string"/>
  <data name="FileName" inType="win:UnicodeString" outType="xs:string"/>
  <data name="ErrorCode" inType="win:UInt32" outType="win:HexInt32"/>
  <data name="LoggingMode" inType="win:UInt32" outType="win:HexInt32"/>
  <data name="MaxFileSize" inType="win:UInt64" outType="xs:unsignedLong"/>
</template>
]]></Template>
            </Event>
            <Event>
                <Id>5</Id>
                <Version>0</Version>
                <Channel>Microsoft-Windows-Kernel-EventTracing/Admin</Channel>
                <Level>Error</Level>
                <Task>Logging</Task>
                <Opcode>File Switch</Opcode>
                <Keyword>Session</Keyword>
                <Message><![CDATA[
An error was encountered while tracing session "%2" was switching to the "%1" event log file. Error: %3]]></Message>
                <Template><![CDATA[
<template xmlns="http://schemas.microsoft.com/win/2004/08/events">
  <data name="SessionName" inType="win:UnicodeString" outType="xs:string"/>
  <data name="FileName" inType="win:UnicodeString" outType="xs:string"/>
  <data name="ErrorCode" inType="win:UInt32" outType="win:HexInt32"/>
  <data name="LoggingMode" inType="win:UInt32" outType="win:HexInt32"/>
</template>
]]></Template>
            </Event>
            <Event>
                <Id>8</Id>
                <Version>0</Version>
                <Channel>Microsoft-Windows-Kernel-EventTracing/Analytic</Channel>
                <Level>Verbose</Level>
                <Task>Provider</Task>
                <Opcode>Register</Opcode>
                <Keyword>Provider ETW_KEYWORD_REGISTRATION</Keyword>
                <Message><![CDATA[
Provider %1 was registered with Event Tracing for Windows.]]></Message>
                <Template><![CDATA[
<template xmlns="http://schemas.microsoft.com/win/2004/08/events">
  <data name="ProviderName" inType="win:GUID" outType="xs:GUID"/>
</template>
]]></Template>
            </Event>
            <Event>
                <Id>9</Id>
                <Version>0</Version>
                <Channel>Microsoft-Windows-Kernel-EventTracing/Analytic</Channel>
                <Level>Verbose</Level>
                <Task>Provider</Task>
                <Opcode>Unregister</Opcode>
                <Keyword>Provider ETW_KEYWORD_REGISTRATION</Keyword>
                <Message><![CDATA[
Provider %1 was unregistered from Event Tracing for Windows.]]></Message>
                <Template><![CDATA[
<template xmlns="http://schemas.microsoft.com/win/2004/08/events">
  <data name="ProviderName" inType="win:GUID" outType="xs:GUID"/>
</template>
]]></Template>
            </Event>
            <Event>
                <Id>10</Id>
                <Version>0</Version>
                <Channel>Microsoft-Windows-Kernel-EventTracing/Analytic</Channel>
                <Level>Verbose</Level>
                <Task>Session</Task>
                <Opcode>Start</Opcode>
                <Keyword>Session</Keyword>
                <Message><![CDATA[
Session "%3" was started.]]></Message>
                <Template><![CDATA[
<template xmlns="http://schemas.microsoft.com/win/2004/08/events">
  <data name="SessionGuid" inType="win:GUID" outType="xs:GUID"/>
  <data name="LoggerMode" inType="win:UInt32" outType="win:HexInt32"/>
  <data name="SessionName" inType="win:UnicodeString" outType="xs:string"/>
  <data name="LogFileName" inType="win:UnicodeString" outType="xs:string"/>
</template>
]]></Template>
            </Event>
            <Event>
                <Id>10</Id>
                <Version>1</Version>
                <Channel>Microsoft-Windows-Kernel-EventTracing/Analytic</Channel>
                <Level>Verbose</Level>
                <Task>Session</Task>
                <Opcode>Start</Opcode>
                <Keyword>Session</Keyword>
                <Message><![CDATA[
Session "%3" was started.]]></Message>
                <Template><![CDATA[
<template xmlns="http://schemas.microsoft.com/win/2004/08/events">
  <data name="SessionGuid" inType="win:GUID" outType="xs:GUID"/>
  <data name="LoggerMode" inType="win:UInt32" outType="win:HexInt32"/>
  <data name="SessionName" inType="win:UnicodeString" outType="xs:string"/>
  <data name="LogFileName" inType="win:UnicodeString" outType="xs:string"/>
  <data name="MinimumBuffers" inType="win:UInt32" outType="win:HexInt32"/>
  <data name="MaximumBuffers" inType="win:UInt32" outType="win:HexInt32"/>
  <data name="BufferSize" inType="win:UInt32" outType="win:HexInt32"/>
  <data name="PeakBuffersCount" inType="win:UInt32" outType="win:HexInt32"/>
  <data name="CurrentBuffersCount" inType="win:UInt32" outType="win:HexInt32"/>
  <data name="FlushThreshold" inType="win:UInt32" outType="win:HexInt32"/>
</template>
]]></Template>
            </Event>
            <Event>
                <Id>11</Id>
                <Version>0</Version>
                <Channel>Microsoft-Windows-Kernel-EventTracing/Analytic</Channel>
                <Level>Verbose</Level>
                <Task>Session</Task>
                <Opcode>Stop</Opcode>
                <Keyword>Session</Keyword>
                <Message><![CDATA[
Session "%3" was stopped.]]></Message>
                <Template><![CDATA[
<template xmlns="http://schemas.microsoft.com/win/2004/08/events">
  <data name="SessionGuid" inType="win:GUID" outType="xs:GUID"/>
  <data name="LoggerMode" inType="win:UInt32" outType="win:HexInt32"/>
  <data name="SessionName" inType="win:UnicodeString" outType="xs:string"/>
  <data name="LogFileName" inType="win:UnicodeString" outType="xs:string"/>
</template>
]]></Template>
            </Event>
            <Event>
                <Id>11</Id>
                <Version>1</Version>
                <Channel>Microsoft-Windows-Kernel-EventTracing/Analytic</Channel>
                <Level>Verbose</Level>
                <Task>Session</Task>
                <Opcode>Stop</Opcode>
                <Keyword>Session</Keyword>
                <Message><![CDATA[
Session "%3" was stopped.]]></Message>
                <Template><![CDATA[
<template xmlns="http://schemas.microsoft.com/win/2004/08/events">
  <data name="SessionGuid" inType="win:GUID" outType="xs:GUID"/>
  <data name="LoggerMode" inType="win:UInt32" outType="win:HexInt32"/>
  <data name="SessionName" inType="win:UnicodeString" outType="xs:string"/>
  <data name="LogFileName" inType="win:UnicodeString" outType="xs:string"/>
  <data name="MinimumBuffers" inType="win:UInt32" outType="win:HexInt32"/>
  <data name="MaximumBuffers" inType="win:UInt32" outType="win:HexInt32"/>
  <data name="BufferSize" inType="win:UInt32" outType="win:HexInt32"/>
  <data name="PeakBuffersCount" inType="win:UInt32" outType="win:HexInt32"/>
  <data name="CurrentBuffersCount" inType="win:UInt32" outType="win:HexInt32"/>
  <data name="FlushThreshold" inType="win:UInt32" outType="win:HexInt32"/>
</template>
]]></Template>
            </Event>
            <Event>
                <Id>11</Id>
                <Version>2</Version>
                <Channel>Microsoft-Windows-Kernel-EventTracing/Analytic</Channel>
                <Level>Verbose</Level>
                <Task>Session</Task>
                <Opcode>Stop</Opcode>
                <Keyword>Session</Keyword>
                <Message><![CDATA[
Session "%3" was stopped.]]></Message>
                <Template><![CDATA[
<template xmlns="http://schemas.microsoft.com/win/2004/08/events">
  <data name="SessionGuid" inType="win:GUID" outType="xs:GUID"/>
  <data name="LoggerMode" inType="win:UInt32" outType="win:HexInt32"/>
  <data name="SessionName" inType="win:UnicodeString" outType="xs:string"/>
  <data name="LogFileName" inType="win:UnicodeString" outType="xs:string"/>
  <data name="MinimumBuffers" inType="win:UInt32" outType="win:HexInt32"/>
  <data name="MaximumBuffers" inType="win:UInt32" outType="win:HexInt32"/>
  <data name="BufferSize" inType="win:UInt32" outType="win:HexInt32"/>
  <data name="PeakBuffersCount" inType="win:UInt32" outType="win:HexInt32"/>
  <data name="CurrentBuffersCount" inType="win:UInt32" outType="win:HexInt32"/>
  <data name="FlushThreshold" inType="win:UInt32" outType="win:HexInt32"/>
  <data name="EventsLost" inType="win:UInt32" outType="win:HexInt32"/>
  <data name="BuffersLost" inType="win:UInt32" outType="win:HexInt32"/>
  <data name="RealTimeBuffersLost" inType="win:UInt32" outType="win:HexInt32"/>
  <data name="LoggerId" inType="win:UInt32" outType="win:HexInt32"/>
</template>
]]></Template>
            </Event>
            <Event>
                <Id>12</Id>
                <Version>0</Version>
                <Channel>Microsoft-Windows-Kernel-EventTracing/Analytic</Channel>
                <Level>Verbose</Level>
                <Task>Session</Task>
                <Opcode>Configure</Opcode>
                <Keyword>Session</Keyword>
                <Message><![CDATA[
The configuration of session "%3" has been modified.]]></Message>
                <Template><![CDATA[
<template xmlns="http://schemas.microsoft.com/win/2004/08/events">
  <data name="SessionGuid" inType="win:GUID" outType="xs:GUID"/>
  <data name="LoggerMode" inType="win:UInt32" outType="win:HexInt32"/>
  <data name="SessionName" inType="win:UnicodeString" outType="xs:string"/>
  <data name="LogFileName" inType="win:UnicodeString" outType="xs:string"/>
</template>
]]></Template>
            </Event>
            <Event>
                <Id>13</Id>
                <Version>0</Version>
                <Channel>Microsoft-Windows-Kernel-EventTracing/Analytic</Channel>
                <Level>Verbose</Level>
                <Task>Session</Task>
                <Opcode>Flush</Opcode>
                <Keyword>Session</Keyword>
                <Message><![CDATA[
The events from session "%3" have been flushed.]]></Message>
                <Template><![CDATA[
<template xmlns="http://schemas.microsoft.com/win/2004/08/events">
  <data name="SessionGuid" inType="win:GUID" outType="xs:GUID"/>
  <data name="LoggerMode" inType="win:UInt32" outType="win:HexInt32"/>
  <data name="SessionName" inType="win:UnicodeString" outType="xs:string"/>
  <data name="LogFileName" inType="win:UnicodeString" outType="xs:string"/>
</template>
]]></Template>
            </Event>
            <Event>
                <Id>14</Id>
                <Version>0</Version>
                <Channel>Microsoft-Windows-Kernel-EventTracing/Analytic</Channel>
                <Level>Verbose</Level>
                <Task>Provider</Task>
                <Opcode>Enable</Opcode>
                <Keyword>Provider ETW_KEYWORD_ENABLEMENT</Keyword>
                <Message><![CDATA[
Provider %1 has been enabled to session "%2".]]></Message>
                <Template><![CDATA[
<template xmlns="http://schemas.microsoft.com/win/2004/08/events">
  <data name="ProviderName" inType="win:GUID" outType="xs:GUID"/>
  <data name="SessionName" inType="win:UnicodeString" outType="xs:string"/>
</template>
]]></Template>
            </Event>
            <Event>
                <Id>14</Id>
                <Version>1</Version>
                <Channel>Microsoft-Windows-Kernel-EventTracing/Analytic</Channel>
                <Level>Verbose</Level>
                <Task>Provider</Task>
                <Opcode>Enable</Opcode>
                <Keyword>Provider ETW_KEYWORD_ENABLEMENT</Keyword>
                <Message><![CDATA[
Provider %1 has been enabled to session "%2".]]></Message>
                <Template><![CDATA[
<template xmlns="http://schemas.microsoft.com/win/2004/08/events">
  <data name="ProviderName" inType="win:GUID" outType="xs:GUID"/>
  <data name="SessionName" inType="win:UnicodeString" outType="xs:string"/>
  <data name="MatchAnyKeyword" inType="win:UInt64" outType="win:HexInt64"/>
  <data name="MatchAllKeyword" inType="win:UInt64" outType="win:HexInt64"/>
  <data name="EnableProperty" inType="win:UInt32" outType="win:HexInt32"/>
  <data name="Level" inType="win:UInt8" outType="xs:unsignedByte"/>
</template>
]]></Template>
            </Event>
            <Event>
                <Id>15</Id>
                <Version>0</Version>
                <Channel>Microsoft-Windows-Kernel-EventTracing/Analytic</Channel>
                <Level>Verbose</Level>
                <Task>Provider</Task>
                <Opcode>Disable</Opcode>
                <Keyword>Provider ETW_KEYWORD_ENABLEMENT</Keyword>
                <Message><![CDATA[
Provider %1 is no longer enabled to session "%2".]]></Message>
                <Template><![CDATA[
<template xmlns="http://schemas.microsoft.com/win/2004/08/events">
  <data name="ProviderName" inType="win:GUID" outType="xs:GUID"/>
  <data name="SessionName" inType="win:UnicodeString" outType="xs:string"/>
</template>
]]></Template>
            </Event>
            <Event>
                <Id>17</Id>
                <Version>0</Version>
                <Channel>Microsoft-Windows-Kernel-EventTracing/Analytic</Channel>
                <Level>Verbose</Level>
                <Task>Session</Task>
                <Opcode>Configure</Opcode>
                <Keyword>Session</Keyword>
                <Message><![CDATA[
The security descriptor for session "%3" has been updated.]]></Message>
                <Template><![CDATA[
<template xmlns="http://schemas.microsoft.com/win/2004/08/events">
  <data name="SessionGuid" inType="win:GUID" outType="xs:GUID"/>
  <data name="LoggerMode" inType="win:UInt32" outType="win:HexInt32"/>
  <data name="SessionName" inType="win:UnicodeString" outType="xs:string"/>
  <data name="LogFileName" inType="win:UnicodeString" outType="xs:string"/>
</template>
]]></Template>
            </Event>
            <Event>
                <Id>18</Id>
                <Version>0</Version>
                <Level>Information</Level>
                <Task>Stack Trace</Task>
                <Opcode>User Mode Stack Trace</Opcode>
                <Message><![CDATA[
Stack correlation event. This event contains a call stack which is associated with a prior event which is correlated by the MatchId.]]></Message>
                <Template><![CDATA[
]]></Template>
            </Event>
            <Event>
                <Id>19</Id>
                <Version>0</Version>
                <Level>Error</Level>
                <Task>Lost Event</Task>
                <Keyword>Lost Event</Keyword>
                <Template><![CDATA[
<template xmlns="http://schemas.microsoft.com/win/2004/08/events">
  <data name="ProviderId" inType="win:GUID" outType="xs:GUID"/>
  <data name="StatusCode" inType="win:UInt32" outType="win:HexInt32"/>
  <data name="EventId" inType="win:UInt16" outType="xs:unsignedShort"/>
  <data name="SessionName" inType="win:UnicodeString" outType="xs:string"/>
</template>
]]></Template>
            </Event>
            <Event>
                <Id>20</Id>
                <Version>0</Version>
                <Level>Verbose</Level>
                <Task>Session</Task>
                <Keyword>Session</Keyword>
                <Template><![CDATA[
<template xmlns="http://schemas.microsoft.com/win/2004/08/events">
  <data name="SessionGuid" inType="win:GUID" outType="xs:GUID"/>
  <data name="LoggerMode" inType="win:UInt32" outType="win:HexInt32"/>
  <data name="SessionName" inType="win:UnicodeString" outType="xs:string"/>
  <data name="LogFileName" inType="win:UnicodeString" outType="xs:string"/>
  <data name="MinimumBuffers" inType="win:UInt32" outType="win:HexInt32"/>
  <data name="MaximumBuffers" inType="win:UInt32" outType="win:HexInt32"/>
  <data name="BufferSize" inType="win:UInt32" outType="win:HexInt32"/>
  <data name="PeakBuffersCount" inType="win:UInt32" outType="win:HexInt32"/>
  <data name="CurrentBuffersCount" inType="win:UInt32" outType="win:HexInt32"/>
  <data name="FlushThreshold" inType="win:UInt32" outType="win:HexInt32"/>
</template>
]]></Template>
            </Event>
            <Event>
                <Id>20</Id>
                <Version>1</Version>
                <Level>Verbose</Level>
                <Task>Session</Task>
                <Keyword>Session ETW_KEYWORD_CAPTURE_STATE</Keyword>
                <Template><![CDATA[
<template xmlns="http://schemas.microsoft.com/win/2004/08/events">
  <data name="SessionGuid" inType="win:GUID" outType="xs:GUID"/>
  <data name="LoggerMode" inType="win:UInt32" outType="win:HexInt32"/>
  <data name="SessionName" inType="win:UnicodeString" outType="xs:string"/>
  <data name="LogFileName" inType="win:UnicodeString" outType="xs:string"/>
  <data name="MinimumBuffers" inType="win:UInt32" outType="win:HexInt32"/>
  <data name="MaximumBuffers" inType="win:UInt32" outType="win:HexInt32"/>
  <data name="BufferSize" inType="win:UInt32" outType="win:HexInt32"/>
  <data name="PeakBuffersCount" inType="win:UInt32" outType="win:HexInt32"/>
  <data name="CurrentBuffersCount" inType="win:UInt32" outType="win:HexInt32"/>
  <data name="FlushThreshold" inType="win:UInt32" outType="win:HexInt32"/>
  <data name="EventsLost" inType="win:UInt32" outType="win:HexInt32"/>
  <data name="BuffersLost" inType="win:UInt32" outType="win:HexInt32"/>
  <data name="RealTimeBuffersLost" inType="win:UInt32" outType="win:HexInt32"/>
  <data name="LoggerId" inType="win:UInt32" outType="win:HexInt32"/>
</template>
]]></Template>
            </Event>
            <Event>
                <Id>21</Id>
                <Version>0</Version>
                <Level>Information</Level>
                <Task>SavePersistedLogger</Task>
                <Opcode>Start</Opcode>
                <Keyword>ETW_KEYWORD_SOFT_RESTART</Keyword>
                <Template><![CDATA[
]]></Template>
            </Event>
            <Event>
                <Id>22</Id>
                <Version>0</Version>
                <Level>Information</Level>
                <Task>SavePersistedLogger</Task>
                <Opcode>Stop</Opcode>
                <Keyword>ETW_KEYWORD_SOFT_RESTART</Keyword>
                <Template><![CDATA[
<template xmlns="http://schemas.microsoft.com/win/2004/08/events">
  <data name="FileName" inType="win:UnicodeString" outType="xs:string"/>
  <data name="BufferSize" inType="win:UInt32" outType="win:HexInt32"/>
  <data name="BuffersPersisted" inType="win:UInt32" outType="xs:unsignedInt"/>
  <data name="BuffersWritten" inType="win:UInt32" outType="xs:unsignedInt"/>
  <data name="Status" inType="win:UInt32" outType="win:NTStatus"/>
</template>
]]></Template>
            </Event>
            <Event>
                <Id>22</Id>
                <Version>1</Version>
                <Level>Information</Level>
                <Task>SavePersistedLogger</Task>
                <Opcode>Stop</Opcode>
                <Keyword>ETW_KEYWORD_SOFT_RESTART</Keyword>
                <Template><![CDATA[
<template xmlns="http://schemas.microsoft.com/win/2004/08/events">
  <data name="FileName" inType="win:UnicodeString" outType="xs:string"/>
  <data name="BufferSize" inType="win:UInt32" outType="win:HexInt32"/>
  <data name="BuffersPersisted" inType="win:UInt32" outType="xs:unsignedInt"/>
  <data name="BuffersWritten" inType="win:UInt32" outType="xs:unsignedInt"/>
  <data name="Status" inType="win:UInt32" outType="win:NTStatus"/>
  <data name="BuffersLost" inType="win:UInt32" outType="xs:unsignedInt"/>
</template>
]]></Template>
            </Event>
            <Event>
                <Id>23</Id>
                <Version>0</Version>
                <Channel>Microsoft-Windows-Kernel-EventTracing/Admin</Channel>
                <Level>Error</Level>
                <Task>SavePersistedLogger</Task>
                <Keyword>ETW_KEYWORD_SOFT_RESTART</Keyword>
                <Message><![CDATA[
Error saving soft restart persisted log "%1" Error: %5]]></Message>
                <Template><![CDATA[
<template xmlns="http://schemas.microsoft.com/win/2004/08/events">
  <data name="FileName" inType="win:UnicodeString" outType="xs:string"/>
  <data name="BufferSize" inType="win:UInt32" outType="win:HexInt32"/>
  <data name="BuffersPersisted" inType="win:UInt32" outType="xs:unsignedInt"/>
  <data name="BuffersWritten" inType="win:UInt32" outType="xs:unsignedInt"/>
  <data name="Status" inType="win:UInt32" outType="win:NTStatus"/>
</template>
]]></Template>
            </Event>
            <Event>
                <Id>23</Id>
                <Version>1</Version>
                <Channel>Microsoft-Windows-Kernel-EventTracing/Admin</Channel>
                <Level>Error</Level>
                <Task>SavePersistedLogger</Task>
                <Keyword>ETW_KEYWORD_SOFT_RESTART</Keyword>
                <Message><![CDATA[
Error saving soft restart persisted log "%1" Error: %5]]></Message>
                <Template><![CDATA[
<template xmlns="http://schemas.microsoft.com/win/2004/08/events">
  <data name="FileName" inType="win:UnicodeString" outType="xs:string"/>
  <data name="BufferSize" inType="win:UInt32" outType="win:HexInt32"/>
  <data name="BuffersPersisted" inType="win:UInt32" outType="xs:unsignedInt"/>
  <data name="BuffersWritten" inType="win:UInt32" outType="xs:unsignedInt"/>
  <data name="Status" inType="win:UInt32" outType="win:NTStatus"/>
  <data name="BuffersLost" inType="win:UInt32" outType="xs:unsignedInt"/>
</template>
]]></Template>
            </Event>
            <Event>
                <Id>24</Id>
                <Version>0</Version>
                <Level>Verbose</Level>
                <Task>GUID Entry</Task>
                <Keyword>Provider ETW_KEYWORD_CAPTURE_STATE</Keyword>
                <Template><![CDATA[
<template xmlns="http://schemas.microsoft.com/win/2004/08/events">
  <data name="GUID" inType="win:GUID" outType="xs:GUID"/>
  <data name="FilterFlags" inType="win:UInt32" outType="win:HexInt32"/>
  <data name="LastEnableLoggerId" inType="win:UInt16" outType="win:HexInt16"/>
</template>
]]></Template>
            </Event>
            <Event>
                <Id>25</Id>
                <Version>0</Version>
                <Level>Verbose</Level>
                <Task>Provider Group Entry</Task>
                <Keyword>ETW_KEYWORD_CAPTURE_STATE ETW_KEYWORD_GROUP</Keyword>
                <Template><![CDATA[
<template xmlns="http://schemas.microsoft.com/win/2004/08/events">
  <data name="GUID" inType="win:GUID" outType="xs:GUID"/>
  <data name="FilterFlags" inType="win:UInt32" outType="win:HexInt32"/>
  <data name="LastEnableLoggerId" inType="win:UInt16" outType="win:HexInt16"/>
</template>
]]></Template>
            </Event>
            <Event>
                <Id>26</Id>
                <Version>0</Version>
                <Level>Verbose</Level>
                <Task>Enable Info</Task>
                <Keyword>Provider ETW_KEYWORD_CAPTURE_STATE</Keyword>
                <Template><![CDATA[
<template xmlns="http://schemas.microsoft.com/win/2004/08/events">
  <data name="GUID" inType="win:GUID" outType="xs:GUID"/>
  <data name="Index" inType="win:UInt8" outType="xs:unsignedByte"/>
  <data name="LoggerId" inType="win:UInt16" outType="win:HexInt16"/>
  <data name="MatchAnyKeyword" inType="win:UInt64" outType="win:HexInt64"/>
  <data name="MatchAllKeyword" inType="win:UInt64" outType="win:HexInt64"/>
  <data name="Level" inType="win:UInt8" outType="xs:unsignedByte"/>
  <data name="EnableProperty" inType="win:UInt32" outType="win:HexInt32"/>
</template>
]]></Template>
            </Event>
            <Event>
                <Id>27</Id>
                <Version>0</Version>
                <Level>Verbose</Level>
                <Task>Provider</Task>
                <Keyword>Provider ETW_KEYWORD_CAPTURE_STATE</Keyword>
                <Template><![CDATA[
<template xmlns="http://schemas.microsoft.com/win/2004/08/events">
  <data name="ProviderGUID" inType="win:GUID" outType="xs:GUID"/>
  <data name="GroupGUID" inType="win:GUID" outType="xs:GUID"/>
  <data name="Flags" inType="win:UInt16" outType="win:HexInt16"/>
  <data name="EnableMask" inType="win:UInt8" outType="win:HexInt8"/>
  <data name="GroupEnableMask" inType="win:UInt8" outType="win:HexInt8"/>
  <data name="ProcessId" inType="win:UInt32" outType="xs:unsignedInt"/>
</template>
]]></Template>
            </Event>
            <Event>
                <Id>28</Id>
                <Version>0</Version>
                <Channel>Microsoft-Windows-Kernel-EventTracing/Admin</Channel>
                <Level>Error</Level>
                <Task>Provider</Task>
                <Opcode>Set Provider Traits</Opcode>
                <Keyword>Provider ETW_KEYWORD_REGISTRATION ETW_KEYWORD_GROUP</Keyword>
                <Message><![CDATA[
Error setting traits on Provider %1. Error: %2]]></Message>
                <Template><![CDATA[
<template xmlns="http://schemas.microsoft.com/win/2004/08/events">
  <data name="ProviderGuid" inType="win:GUID" outType="xs:GUID"/>
  <data name="ErrorCode" inType="win:UInt32" outType="win:HexInt32"/>
</template>
]]></Template>
            </Event>
            <Event>
                <Id>29</Id>
                <Version>0</Version>
                <Channel>Microsoft-Windows-Kernel-EventTracing/Analytic</Channel>
                <Level>Verbose</Level>
                <Task>Provider</Task>
                <Opcode>Join Provider Group</Opcode>
                <Keyword>Provider ETW_KEYWORD_REGISTRATION ETW_KEYWORD_GROUP</Keyword>
                <Message><![CDATA[
A registration for Provider %1 has joined Provider Group %2]]></Message>
                <Template><![CDATA[
<template xmlns="http://schemas.microsoft.com/win/2004/08/events">
  <data name="ProviderGuid" inType="win:GUID" outType="xs:GUID"/>
  <data name="ProviderGroupGuid" inType="win:GUID" outType="xs:GUID"/>
</template>
]]></Template>
            </Event>
            <Event>
                <Id>30</Id>
                <Version>0</Version>
                <Channel>Microsoft-Windows-Kernel-EventTracing/Analytic</Channel>
                <Level>Verbose</Level>
                <Task>Provider</Task>
                <Keyword>Provider ETW_KEYWORD_REGISTRATION</Keyword>
                <Message><![CDATA[
Provider %1 from process %3 does not have permission to write events to session "%2". Error: %4]]></Message>
                <Template><![CDATA[
<template xmlns="http://schemas.microsoft.com/win/2004/08/events">
  <data name="ProviderGuid" inType="win:GUID" outType="xs:GUID"/>
  <data name="SessionName" inType="win:UnicodeString" outType="xs:string"/>
  <data name="ProcessId" inType="win:UInt32" outType="xs:unsignedInt"/>
  <data name="Status" inType="win:UInt32" outType="win:NTStatus"/>
</template>
]]></Template>
            </Event>
            <Event>
                <Id>31</Id>
                <Version>0</Version>
                <Level>Error</Level>
                <Task>Lost TraceLogging Event</Task>
                <Keyword>Lost Event</Keyword>
                <Template><![CDATA[
]]></Template>
            </Event>
            <Event>
                <Id>32</Id>
                <Version>0</Version>
                <Channel>Microsoft-Windows-Kernel-EventTracing/Admin</Channel>
                <Level>Warning</Level>
                <Task>Provider</Task>
                <Keyword>Session Provider</Keyword>
                <Message><![CDATA[
Failed to look up debug info for provider %1 from process %3 for session "%2". Error: %4. Either the debug data could not be found, or the debug data is inaccessible because the image registering the provider is malformed.]]></Message>
                <Template><![CDATA[
<template xmlns="http://schemas.microsoft.com/win/2004/08/events">
  <data name="ProviderGuid" inType="win:GUID" outType="xs:GUID"/>
  <data name="SessionName" inType="win:UnicodeString" outType="xs:string"/>
  <data name="ProcessId" inType="win:UInt32" outType="xs:unsignedInt"/>
  <data name="Status" inType="win:UInt32" outType="win:NTStatus"/>
</template>
]]></Template>
            </Event>
            <Event>
                <Id>33</Id>
                <Version>0</Version>
                <Level>Error</Level>
                <Task>Lost WPP Event</Task>
                <Keyword>Lost Event</Keyword>
                <Template><![CDATA[
<template xmlns="http://schemas.microsoft.com/win/2004/08/events">
  <data name="MessageGuid" inType="win:GUID" outType="xs:GUID"/>
  <data name="MessageNumber" inType="win:UInt16" outType="win:HexInt16"/>
  <data name="StatusCode" inType="win:UInt32" outType="win:HexInt32"/>
  <data name="SessionName" inType="win:UnicodeString" outType="xs:string"/>
</template>
]]></Template>
            </Event>
            <Event>
                <Id>34</Id>
                <Version>0</Version>
                <Level>Error</Level>
                <Task>Lost System Event</Task>
                <Keyword>Lost Event</Keyword>
                <Template><![CDATA[
<template xmlns="http://schemas.microsoft.com/win/2004/08/events">
  <data name="HookId" inType="win:UInt16" outType="win:HexInt16"/>
  <data name="StatusCode" inType="win:UInt32" outType="win:HexInt32"/>
  <data name="SessionName" inType="win:UnicodeString" outType="xs:string"/>
</template>
]]></Template>
            </Event>
            <Event>
                <Id>35</Id>
                <Version>0</Version>
                <Channel>Microsoft-Windows-Kernel-EventTracing/Analytic</Channel>
                <Level>Error</Level>
                <Task>Session</Task>
                <Keyword>Session</Keyword>
                <Template><![CDATA[
<template xmlns="http://schemas.microsoft.com/win/2004/08/events">
  <data name="LoggerSlotsUsed" inType="win:UInt64" outType="xs:unsignedLong"/>
</template>
]]></Template>
            </Event>
            <Event>
                <Id>40</Id>
                <Version>0</Version>
                <Channel>Microsoft-Windows-Kernel-EventTracing/Analytic</Channel>
                <Level>Verbose</Level>
                <Task>Provider</Task>
                <Opcode>Enable</Opcode>
                <Keyword>Provider ETW_KEYWORD_ENABLEMENT</Keyword>
                <Message><![CDATA[
The enable state for Provider %1 is about to change on session "%2".]]></Message>
                <Template><![CDATA[
<template xmlns="http://schemas.microsoft.com/win/2004/08/events">
  <data name="ProviderName" inType="win:GUID" outType="xs:GUID"/>
  <data name="SessionName" inType="win:UnicodeString" outType="xs:string"/>
  <data name="MatchAnyKeyword" inType="win:UInt64" outType="win:HexInt64"/>
  <data name="MatchAllKeyword" inType="win:UInt64" outType="win:HexInt64"/>
  <data name="EnableProperty" inType="win:UInt32" outType="win:HexInt32"/>
  <data name="Level" inType="win:UInt8" outType="xs:unsignedByte"/>
</template>
]]></Template>
            </Event>
            <Event>
                <Id>41</Id>
                <Version>0</Version>
                <Channel>Microsoft-Windows-Kernel-EventTracing/Analytic</Channel>
                <Level>Verbose</Level>
                <Task>Provider</Task>
                <Opcode>Disable</Opcode>
                <Keyword>Provider ETW_KEYWORD_ENABLEMENT</Keyword>
                <Message><![CDATA[
Provider %1 is about to be disabled from session "%2".]]></Message>
                <Template><![CDATA[
<template xmlns="http://schemas.microsoft.com/win/2004/08/events">
  <data name="ProviderName" inType="win:GUID" outType="xs:GUID"/>
  <data name="SessionName" inType="win:UnicodeString" outType="xs:string"/>
</template>
]]></Template>
            </Event>
            <Event>
                <Id>42</Id>
                <Version>0</Version>
                <Channel>Microsoft-Windows-Kernel-EventTracing/Analytic</Channel>
                <Level>Verbose</Level>
                <Task>Provider</Task>
                <Opcode>Capture State</Opcode>
                <Keyword>Provider ETW_KEYWORD_CAPTURE_STATE</Keyword>
                <Message><![CDATA[
Capture state requested for provider %1 on session "%2".]]></Message>
                <Template><![CDATA[
<template xmlns="http://schemas.microsoft.com/win/2004/08/events">
  <data name="GUID" inType="win:GUID" outType="xs:GUID"/>
  <data name="LoggerId" inType="win:UInt16" outType="win:HexInt16"/>
  <data name="MatchAnyKeyword" inType="win:UInt64" outType="win:HexInt64"/>
  <data name="MatchAllKeyword" inType="win:UInt64" outType="win:HexInt64"/>
  <data name="Level" inType="win:UInt8" outType="xs:unsignedByte"/>
  <data name="EnableProperty" inType="win:UInt32" outType="win:HexInt32"/>
</template>
]]></Template>
            </Event>
        </EventMetadata>
    </Provider>
</Providers>
