<Providers>
    <Provider>
        <Name>Microsoft-Windows-Display</Name>
        <Metadata>
            <Guid>{6ECE3302-FEE1-4EA9-8B88-086D459ED976}</Guid>
            <ResourceFilePath>%SystemRoot%\System32\display.dll</ResourceFilePath>
            <ParameterFilePath></ParameterFilePath>
            <MessageFilePath>%SystemRoot%\System32\display.dll</MessageFilePath>
            <HelpLink></HelpLink>
            <PublisherMessage>Microsoft-Windows-DisplayCpl</PublisherMessage>
            <Channels>
            </Channels>
            <Levels>
                <Level>
                    <Message>Information</Message>
                    <Name>win:Informational</Name>
                    <Value>4</Value>
                </Level>
            </Levels>
            <Tasks>
                <Task>
                    <Message></Message>
                    <Name>DisplayCpl_SettingsPage_EnumAllDisplays</Name>
                    <Value>120</Value>
                </Task>
                <Task>
                    <Message></Message>
                    <Name>DisplayCpl_EnumerateStereo3DModes</Name>
                    <Value>129</Value>
                </Task>
            </Tasks>
            <Opcodes>
                <Opcode>
                    <Message>Start</Message>
                    <Name>win:Start</Name>
                    <Value>1</Value>
                    <Task>0</Task>
                </Opcode>
                <Opcode>
                    <Message>Stop</Message>
                    <Name>win:Stop</Name>
                    <Value>2</Value>
                    <Task>0</Task>
                </Opcode>
            </Opcodes>
            <Keywords>
                <Keyword>
                    <Message></Message>
                    <Name>DisplayCPL</Name>
                    <Value>65536</Value>
                </Keyword>
            </Keywords>
        </Metadata>
        <EventMetadata>
            <Event>
                <Id>120</Id>
                <Version>0</Version>
                <Level>Information</Level>
                <Task>DisplayCpl_SettingsPage_EnumAllDisplays</Task>
                <Opcode>Start</Opcode>
                <Keyword>DisplayCPL</Keyword>
                <Message><![CDATA[
Display Settings Page Enumerating Displays - Start]]></Message>
                <Template><![CDATA[
]]></Template>
            </Event>
            <Event>
                <Id>121</Id>
                <Version>0</Version>
                <Level>Information</Level>
                <Task>DisplayCpl_SettingsPage_EnumAllDisplays</Task>
                <Opcode>Stop</Opcode>
                <Keyword>DisplayCPL</Keyword>
                <Message><![CDATA[
Display Settings Page Enumerating Displays - Finish]]></Message>
                <Template><![CDATA[
]]></Template>
            </Event>
            <Event>
                <Id>129</Id>
                <Version>0</Version>
                <Level>Information</Level>
                <Task>DisplayCpl_EnumerateStereo3DModes</Task>
                <Opcode>Start</Opcode>
                <Keyword>DisplayCPL</Keyword>
                <Message><![CDATA[
Enumerate Stereoscopic 3D Modes - Start]]></Message>
                <Template><![CDATA[
]]></Template>
            </Event>
            <Event>
                <Id>130</Id>
                <Version>0</Version>
                <Level>Information</Level>
                <Task>DisplayCpl_EnumerateStereo3DModes</Task>
                <Opcode>Stop</Opcode>
                <Keyword>DisplayCPL</Keyword>
                <Message><![CDATA[
Enumerate Stereoscopic 3D Modes - Finish]]></Message>
                <Template><![CDATA[
]]></Template>
            </Event>
        </EventMetadata>
    </Provider>
</Providers>
