<Providers>
    <Provider>
        <Name>Microsoft-Windows-Hyper-V-Serial</Name>
        <Metadata>
            <Guid>{8F9DF503-1D12-49EC-BB28-F6EC42D361D4}</Guid>
            <ResourceFilePath>%systemroot%\system32\vmserial.dll</ResourceFilePath>
            <ParameterFilePath>%systemroot%\system32\wbem\wmiutils.dll</ParameterFilePath>
            <MessageFilePath>%systemroot%\system32\vmserial.dll</MessageFilePath>
            <HelpLink></HelpLink>
            <PublisherMessage>Microsoft-Windows-Hyper-V-Serial</PublisherMessage>
            <Channels>
                <Channel>
                    <Message></Message>
                    <Path>Microsoft-Windows-Hyper-V-Worker-Admin</Path>
                    <Index>0</Index>
                    <Id>16</Id>
                    <Imported>true</Imported>
                </Channel>
                <Channel>
                    <Message></Message>
                    <Path>Microsoft-Windows-Hyper-V-Worker-Analytic</Path>
                    <Index>1</Index>
                    <Id>17</Id>
                    <Imported>true</Imported>
                </Channel>
            </Channels>
            <Levels>
                <Level>
                    <Message>Critical</Message>
                    <Name>win:Critical</Name>
                    <Value>1</Value>
                </Level>
                <Level>
                    <Message>Error</Message>
                    <Name>win:Error</Name>
                    <Value>2</Value>
                </Level>
                <Level>
                    <Message>Warning</Message>
                    <Name>win:Warning</Name>
                    <Value>3</Value>
                </Level>
                <Level>
                    <Message>Information</Message>
                    <Name>win:Informational</Name>
                    <Value>4</Value>
                </Level>
            </Levels>
            <Tasks>
            </Tasks>
            <Opcodes>
            </Opcodes>
            <Keywords>
            </Keywords>
        </Metadata>
        <EventMetadata>
            <Event>
                <Id>1500</Id>
                <Version>0</Version>
                <Channel>Microsoft-Windows-Hyper-V-Worker-Analytic</Channel>
                <Level>Information</Level>
                <Message><![CDATA[
[Virtual machine %3] %1]]></Message>
                <Template><![CDATA[
<template xmlns="http://schemas.microsoft.com/win/2004/08/events">
  <data name="TraceData" inType="win:UnicodeString" outType="xs:string"/>
  <data name="VmName" inType="win:UnicodeString" outType="xs:string"/>
  <data name="VmId" inType="win:UnicodeString" outType="xs:string"/>
  <data name="StackFrameCount" inType="win:UInt32" outType="xs:unsignedInt"/>
  <data name="StackFrame" inType="win:Pointer" outType="win:HexInt64" count="StackFrameCount"/>
  <data name="ModuleCount" inType="win:UInt32" outType="xs:unsignedInt"/>
  <struct name="Module" count="ModuleCount">
    <data name="Name" inType="win:UnicodeString" outType="xs:string"/>
    <data name="BaseAddress" inType="win:Pointer" outType="win:HexInt64"/>
    <data name="SizeOfImage" inType="win:UInt32" outType="xs:unsignedInt"/>
    <data name="TimeDateStamp" inType="win:UInt32" outType="xs:unsignedInt"/>
  </struct>
</template>
]]></Template>
            </Event>
            <Event>
                <Id>1510</Id>
                <Version>0</Version>
                <Channel>Microsoft-Windows-Hyper-V-Worker-Analytic</Channel>
                <Level>Warning</Level>
                <Message><![CDATA[
[Virtual machine %3] %1]]></Message>
                <Template><![CDATA[
<template xmlns="http://schemas.microsoft.com/win/2004/08/events">
  <data name="TraceData" inType="win:UnicodeString" outType="xs:string"/>
  <data name="VmName" inType="win:UnicodeString" outType="xs:string"/>
  <data name="VmId" inType="win:UnicodeString" outType="xs:string"/>
  <data name="StackFrameCount" inType="win:UInt32" outType="xs:unsignedInt"/>
  <data name="StackFrame" inType="win:Pointer" outType="win:HexInt64" count="StackFrameCount"/>
  <data name="ModuleCount" inType="win:UInt32" outType="xs:unsignedInt"/>
  <struct name="Module" count="ModuleCount">
    <data name="Name" inType="win:UnicodeString" outType="xs:string"/>
    <data name="BaseAddress" inType="win:Pointer" outType="win:HexInt64"/>
    <data name="SizeOfImage" inType="win:UInt32" outType="xs:unsignedInt"/>
    <data name="TimeDateStamp" inType="win:UInt32" outType="xs:unsignedInt"/>
  </struct>
</template>
]]></Template>
            </Event>
            <Event>
                <Id>1520</Id>
                <Version>0</Version>
                <Channel>Microsoft-Windows-Hyper-V-Worker-Analytic</Channel>
                <Level>Error</Level>
                <Message><![CDATA[
[Virtual machine %3] %1]]></Message>
                <Template><![CDATA[
<template xmlns="http://schemas.microsoft.com/win/2004/08/events">
  <data name="TraceData" inType="win:UnicodeString" outType="xs:string"/>
  <data name="VmName" inType="win:UnicodeString" outType="xs:string"/>
  <data name="VmId" inType="win:UnicodeString" outType="xs:string"/>
  <data name="StackFrameCount" inType="win:UInt32" outType="xs:unsignedInt"/>
  <data name="StackFrame" inType="win:Pointer" outType="win:HexInt64" count="StackFrameCount"/>
  <data name="ModuleCount" inType="win:UInt32" outType="xs:unsignedInt"/>
  <struct name="Module" count="ModuleCount">
    <data name="Name" inType="win:UnicodeString" outType="xs:string"/>
    <data name="BaseAddress" inType="win:Pointer" outType="win:HexInt64"/>
    <data name="SizeOfImage" inType="win:UInt32" outType="xs:unsignedInt"/>
    <data name="TimeDateStamp" inType="win:UInt32" outType="xs:unsignedInt"/>
  </struct>
</template>
]]></Template>
            </Event>
            <Event>
                <Id>1530</Id>
                <Version>0</Version>
                <Channel>Microsoft-Windows-Hyper-V-Worker-Analytic</Channel>
                <Level>Critical</Level>
                <Message><![CDATA[
[Virtual machine %3] %1]]></Message>
                <Template><![CDATA[
<template xmlns="http://schemas.microsoft.com/win/2004/08/events">
  <data name="TraceData" inType="win:UnicodeString" outType="xs:string"/>
  <data name="VmName" inType="win:UnicodeString" outType="xs:string"/>
  <data name="VmId" inType="win:UnicodeString" outType="xs:string"/>
  <data name="StackFrameCount" inType="win:UInt32" outType="xs:unsignedInt"/>
  <data name="StackFrame" inType="win:Pointer" outType="win:HexInt64" count="StackFrameCount"/>
  <data name="ModuleCount" inType="win:UInt32" outType="xs:unsignedInt"/>
  <struct name="Module" count="ModuleCount">
    <data name="Name" inType="win:UnicodeString" outType="xs:string"/>
    <data name="BaseAddress" inType="win:Pointer" outType="win:HexInt64"/>
    <data name="SizeOfImage" inType="win:UInt32" outType="xs:unsignedInt"/>
    <data name="TimeDateStamp" inType="win:UInt32" outType="xs:unsignedInt"/>
  </struct>
</template>
]]></Template>
            </Event>
            <Event>
                <Id>10500</Id>
                <Version>0</Version>
                <Channel>Microsoft-Windows-Hyper-V-Worker-Analytic</Channel>
                <Level>Information</Level>
                <Message><![CDATA[
[Virtual machine %3] %1]]></Message>
                <Template><![CDATA[
<template xmlns="http://schemas.microsoft.com/win/2004/08/events">
  <data name="TraceData" inType="win:UnicodeString" outType="xs:string"/>
  <data name="VmName" inType="win:UnicodeString" outType="xs:string"/>
  <data name="VmId" inType="win:UnicodeString" outType="xs:string"/>
  <data name="StackFrameCount" inType="win:UInt32" outType="xs:unsignedInt"/>
  <data name="StackFrame" inType="win:Pointer" outType="win:HexInt64" count="StackFrameCount"/>
  <data name="ModuleCount" inType="win:UInt32" outType="xs:unsignedInt"/>
  <struct name="Module" count="ModuleCount">
    <data name="Name" inType="win:UnicodeString" outType="xs:string"/>
    <data name="BaseAddress" inType="win:Pointer" outType="win:HexInt64"/>
    <data name="SizeOfImage" inType="win:UInt32" outType="xs:unsignedInt"/>
    <data name="TimeDateStamp" inType="win:UInt32" outType="xs:unsignedInt"/>
  </struct>
</template>
]]></Template>
            </Event>
            <Event>
                <Id>10510</Id>
                <Version>0</Version>
                <Channel>Microsoft-Windows-Hyper-V-Worker-Analytic</Channel>
                <Level>Warning</Level>
                <Message><![CDATA[
[Virtual machine %3] %1]]></Message>
                <Template><![CDATA[
<template xmlns="http://schemas.microsoft.com/win/2004/08/events">
  <data name="TraceData" inType="win:UnicodeString" outType="xs:string"/>
  <data name="VmName" inType="win:UnicodeString" outType="xs:string"/>
  <data name="VmId" inType="win:UnicodeString" outType="xs:string"/>
  <data name="StackFrameCount" inType="win:UInt32" outType="xs:unsignedInt"/>
  <data name="StackFrame" inType="win:Pointer" outType="win:HexInt64" count="StackFrameCount"/>
  <data name="ModuleCount" inType="win:UInt32" outType="xs:unsignedInt"/>
  <struct name="Module" count="ModuleCount">
    <data name="Name" inType="win:UnicodeString" outType="xs:string"/>
    <data name="BaseAddress" inType="win:Pointer" outType="win:HexInt64"/>
    <data name="SizeOfImage" inType="win:UInt32" outType="xs:unsignedInt"/>
    <data name="TimeDateStamp" inType="win:UInt32" outType="xs:unsignedInt"/>
  </struct>
</template>
]]></Template>
            </Event>
            <Event>
                <Id>10520</Id>
                <Version>0</Version>
                <Channel>Microsoft-Windows-Hyper-V-Worker-Analytic</Channel>
                <Level>Error</Level>
                <Message><![CDATA[
[Virtual machine %3] %1]]></Message>
                <Template><![CDATA[
<template xmlns="http://schemas.microsoft.com/win/2004/08/events">
  <data name="TraceData" inType="win:UnicodeString" outType="xs:string"/>
  <data name="VmName" inType="win:UnicodeString" outType="xs:string"/>
  <data name="VmId" inType="win:UnicodeString" outType="xs:string"/>
  <data name="StackFrameCount" inType="win:UInt32" outType="xs:unsignedInt"/>
  <data name="StackFrame" inType="win:Pointer" outType="win:HexInt64" count="StackFrameCount"/>
  <data name="ModuleCount" inType="win:UInt32" outType="xs:unsignedInt"/>
  <struct name="Module" count="ModuleCount">
    <data name="Name" inType="win:UnicodeString" outType="xs:string"/>
    <data name="BaseAddress" inType="win:Pointer" outType="win:HexInt64"/>
    <data name="SizeOfImage" inType="win:UInt32" outType="xs:unsignedInt"/>
    <data name="TimeDateStamp" inType="win:UInt32" outType="xs:unsignedInt"/>
  </struct>
</template>
]]></Template>
            </Event>
            <Event>
                <Id>10530</Id>
                <Version>0</Version>
                <Channel>Microsoft-Windows-Hyper-V-Worker-Analytic</Channel>
                <Level>Critical</Level>
                <Message><![CDATA[
[Virtual machine %3] %1]]></Message>
                <Template><![CDATA[
<template xmlns="http://schemas.microsoft.com/win/2004/08/events">
  <data name="TraceData" inType="win:UnicodeString" outType="xs:string"/>
  <data name="VmName" inType="win:UnicodeString" outType="xs:string"/>
  <data name="VmId" inType="win:UnicodeString" outType="xs:string"/>
  <data name="StackFrameCount" inType="win:UInt32" outType="xs:unsignedInt"/>
  <data name="StackFrame" inType="win:Pointer" outType="win:HexInt64" count="StackFrameCount"/>
  <data name="ModuleCount" inType="win:UInt32" outType="xs:unsignedInt"/>
  <struct name="Module" count="ModuleCount">
    <data name="Name" inType="win:UnicodeString" outType="xs:string"/>
    <data name="BaseAddress" inType="win:Pointer" outType="win:HexInt64"/>
    <data name="SizeOfImage" inType="win:UInt32" outType="xs:unsignedInt"/>
    <data name="TimeDateStamp" inType="win:UInt32" outType="xs:unsignedInt"/>
  </struct>
</template>
]]></Template>
            </Event>
            <Event>
                <Id>12320</Id>
                <Version>0</Version>
                <Channel>Microsoft-Windows-Hyper-V-Worker-Admin</Channel>
                <Level>Warning</Level>
                <Message><![CDATA[
'%1' error '%4' (%5) while opening file '%3' during serial device startup. (Virtual machine ID %2)]]></Message>
                <Template><![CDATA[
<template xmlns="http://schemas.microsoft.com/win/2004/08/events">
  <data name="VmName" inType="win:UnicodeString" outType="xs:string"/>
  <data name="VmId" inType="win:UnicodeString" outType="xs:string"/>
  <data name="String" inType="win:UnicodeString" outType="xs:string"/>
  <data name="ErrorCodeString" inType="win:UnicodeString" outType="xs:string"/>
  <data name="ErrorCode" inType="win:UnicodeString" outType="xs:string"/>
  <data name="Param1" inType="win:UnicodeString" outType="xs:string"/>
  <data name="Param2" inType="win:UnicodeString" outType="xs:string"/>
</template>
]]></Template>
            </Event>
            <Event>
                <Id>12321</Id>
                <Version>0</Version>
                <Channel>Microsoft-Windows-Hyper-V-Worker-Admin</Channel>
                <Level>Warning</Level>
                <Message><![CDATA[
Error '%4' (%5) while opening file '%3' during serial device startup.]]></Message>
                <Template><![CDATA[
<template xmlns="http://schemas.microsoft.com/win/2004/08/events">
  <data name="VmName" inType="win:UnicodeString" outType="xs:string"/>
  <data name="VmId" inType="win:UnicodeString" outType="xs:string"/>
  <data name="String" inType="win:UnicodeString" outType="xs:string"/>
  <data name="ErrorCodeString" inType="win:UnicodeString" outType="xs:string"/>
  <data name="ErrorCode" inType="win:UnicodeString" outType="xs:string"/>
  <data name="Param1" inType="win:UnicodeString" outType="xs:string"/>
  <data name="Param2" inType="win:UnicodeString" outType="xs:string"/>
</template>
]]></Template>
            </Event>
            <Event>
                <Id>12322</Id>
                <Version>0</Version>
                <Channel>Microsoft-Windows-Hyper-V-Worker-Admin</Channel>
                <Level>Error</Level>
                <Message><![CDATA[
The virtual machine %1 cannot load device %3 because there are no mutually supported protocol versions. The server version is %4 and the client version is %5 (Virtual machine ID %2).]]></Message>
                <Template><![CDATA[
<template xmlns="http://schemas.microsoft.com/win/2004/08/events">
  <data name="VmName" inType="win:UnicodeString" outType="xs:string"/>
  <data name="VmId" inType="win:UnicodeString" outType="xs:string"/>
  <data name="Device" inType="win:UnicodeString" outType="xs:string"/>
  <data name="ServerVersion" inType="win:UnicodeString" outType="xs:string"/>
  <data name="ClientVersion" inType="win:UnicodeString" outType="xs:string"/>
</template>
]]></Template>
            </Event>
            <Event>
                <Id>12323</Id>
                <Version>0</Version>
                <Channel>Microsoft-Windows-Hyper-V-Worker-Admin</Channel>
                <Level>Error</Level>
                <Message><![CDATA[
The device %3 cannot be loaded because there are no mutually support protocol versions between the server and client.]]></Message>
                <Template><![CDATA[
<template xmlns="http://schemas.microsoft.com/win/2004/08/events">
  <data name="VmName" inType="win:UnicodeString" outType="xs:string"/>
  <data name="VmId" inType="win:UnicodeString" outType="xs:string"/>
  <data name="Device" inType="win:UnicodeString" outType="xs:string"/>
  <data name="ServerVersion" inType="win:UnicodeString" outType="xs:string"/>
  <data name="ClientVersion" inType="win:UnicodeString" outType="xs:string"/>
</template>
]]></Template>
            </Event>
        </EventMetadata>
    </Provider>
</Providers>
