<Providers>
    <Provider>
        <Name>Microsoft-Windows-DriverFrameworks-KernelMode</Name>
        <Metadata>
            <Guid>{1A3C3605-AA85-4B19-AA24-BB74BC365059}</Guid>
            <ResourceFilePath>%SystemRoot%\system32\wdfres.dll</ResourceFilePath>
            <ParameterFilePath></ParameterFilePath>
            <MessageFilePath>%SystemRoot%\system32\wdfres.dll</MessageFilePath>
            <HelpLink></HelpLink>
        </Metadata>
        <EventMetadata>
        </EventMetadata>
    </Provider>
</Providers>
