<Providers>
    <Provider>
        <Name>Microsoft-Windows-DirectShow-KernelSupport</Name>
        <Metadata>
            <Guid>{3CC2D4AF-DA5E-4ED4-BCBE-3CF995940483}</Guid>
            <ResourceFilePath>%SystemRoot%\System32\ksproxy.ax</ResourceFilePath>
            <ParameterFilePath></ParameterFilePath>
            <MessageFilePath>%SystemRoot%\System32\ksproxy.ax</MessageFilePath>
            <HelpLink></HelpLink>
            <PublisherMessage></PublisherMessage>
            <Channels>
                <Channel>
                    <Message>Application</Message>
                    <Path>Application</Path>
                    <Index>0</Index>
                    <Id>9</Id>
                    <Imported>true</Imported>
                </Channel>
                <Channel>
                    <Message></Message>
                    <Path>Microsoft-Windows-DirectShow-KernelSupport/Performance</Path>
                    <Index>1</Index>
                    <Id>16</Id>
                    <Imported>false</Imported>
                </Channel>
            </Channels>
            <Levels>
                <Level>
                    <Message>Information</Message>
                    <Name>win:Informational</Name>
                    <Value>4</Value>
                </Level>
                <Level>
                    <Message>Verbose</Message>
                    <Name>win:Verbose</Name>
                    <Value>5</Value>
                </Level>
            </Levels>
            <Tasks>
                <Task>
                    <Message>KSProxy Info</Message>
                    <Name>KSProxy_Info</Name>
                    <Value>1</Value>
                </Task>
                <Task>
                    <Message>KSProxy Buffer</Message>
                    <Name>KSProxy_Buffer</Name>
                    <Value>2</Value>
                </Task>
            </Tasks>
            <Opcodes>
                <Opcode>
                    <Message>Enter</Message>
                    <Name>Enter</Name>
                    <Value>10</Value>
                    <Task>0</Task>
                </Opcode>
                <Opcode>
                    <Message>Exit</Message>
                    <Name>Exit</Name>
                    <Value>11</Value>
                    <Task>0</Task>
                </Opcode>
            </Opcodes>
            <Keywords>
            </Keywords>
        </Metadata>
        <EventMetadata>
            <Event>
                <Id>1</Id>
                <Version>0</Version>
                <Channel>Microsoft-Windows-DirectShow-KernelSupport/Performance</Channel>
                <Level>Information</Level>
                <Task>KSProxy Info</Task>
                <Opcode>Enter</Opcode>
                <Message><![CDATA[
PluginCreation_Start]]></Message>
                <Template><![CDATA[
]]></Template>
            </Event>
            <Event>
                <Id>2</Id>
                <Version>0</Version>
                <Channel>Microsoft-Windows-DirectShow-KernelSupport/Performance</Channel>
                <Level>Information</Level>
                <Task>KSProxy Info</Task>
                <Opcode>Exit</Opcode>
                <Message><![CDATA[
PluginCreation_Complete]]></Message>
                <Template><![CDATA[
]]></Template>
            </Event>
            <Event>
                <Id>3</Id>
                <Version>0</Version>
                <Channel>Microsoft-Windows-DirectShow-KernelSupport/Performance</Channel>
                <Level>Information</Level>
                <Task>KSProxy Info</Task>
                <Opcode>Enter</Opcode>
                <Message><![CDATA[
SetMediaType_Enter]]></Message>
                <Template><![CDATA[
]]></Template>
            </Event>
            <Event>
                <Id>4</Id>
                <Version>0</Version>
                <Channel>Microsoft-Windows-DirectShow-KernelSupport/Performance</Channel>
                <Level>Information</Level>
                <Task>KSProxy Info</Task>
                <Opcode>Exit</Opcode>
                <Message><![CDATA[
SetMediaType_Exit]]></Message>
                <Template><![CDATA[
]]></Template>
            </Event>
            <Event>
                <Id>5</Id>
                <Version>0</Version>
                <Channel>Microsoft-Windows-DirectShow-KernelSupport/Performance</Channel>
                <Level>Information</Level>
                <Task>KSProxy Info</Task>
                <Opcode>Enter</Opcode>
                <Message><![CDATA[
SetFormat_Enter]]></Message>
                <Template><![CDATA[
]]></Template>
            </Event>
            <Event>
                <Id>6</Id>
                <Version>0</Version>
                <Channel>Microsoft-Windows-DirectShow-KernelSupport/Performance</Channel>
                <Level>Information</Level>
                <Task>KSProxy Info</Task>
                <Opcode>Exit</Opcode>
                <Message><![CDATA[
SetFormat_Exit]]></Message>
                <Template><![CDATA[
]]></Template>
            </Event>
            <Event>
                <Id>7</Id>
                <Version>0</Version>
                <Channel>Microsoft-Windows-DirectShow-KernelSupport/Performance</Channel>
                <Level>Verbose</Level>
                <Task>KSProxy Buffer</Task>
                <Message><![CDATA[
InputPin_Receive: Pointer = %1, Timestamp = %2]]></Message>
                <Template><![CDATA[
<template xmlns="http://schemas.microsoft.com/win/2004/08/events">
  <data name="Buffer" inType="win:Pointer" outType="win:HexInt64"/>
  <data name="TimeStamp" inType="win:Int64" outType="xs:long"/>
</template>
]]></Template>
            </Event>
            <Event>
                <Id>8</Id>
                <Version>0</Version>
                <Channel>Microsoft-Windows-DirectShow-KernelSupport/Performance</Channel>
                <Level>Verbose</Level>
                <Task>KSProxy Buffer</Task>
                <Message><![CDATA[
ProcessInput_Start: Pointer = %1, Timestamp = %2]]></Message>
                <Template><![CDATA[
<template xmlns="http://schemas.microsoft.com/win/2004/08/events">
  <data name="Buffer" inType="win:Pointer" outType="win:HexInt64"/>
  <data name="TimeStamp" inType="win:Int64" outType="xs:long"/>
</template>
]]></Template>
            </Event>
            <Event>
                <Id>9</Id>
                <Version>0</Version>
                <Channel>Microsoft-Windows-DirectShow-KernelSupport/Performance</Channel>
                <Level>Verbose</Level>
                <Task>KSProxy Buffer</Task>
                <Message><![CDATA[
ProcessInput_Complete: Pointer = %1, Timestamp = %2]]></Message>
                <Template><![CDATA[
<template xmlns="http://schemas.microsoft.com/win/2004/08/events">
  <data name="Buffer" inType="win:Pointer" outType="win:HexInt64"/>
  <data name="TimeStamp" inType="win:Int64" outType="xs:long"/>
</template>
]]></Template>
            </Event>
            <Event>
                <Id>10</Id>
                <Version>0</Version>
                <Channel>Microsoft-Windows-DirectShow-KernelSupport/Performance</Channel>
                <Level>Verbose</Level>
                <Task>KSProxy Buffer</Task>
                <Message><![CDATA[
ProcessOutput_Start: Pointer = %1, Timestamp = %2]]></Message>
                <Template><![CDATA[
<template xmlns="http://schemas.microsoft.com/win/2004/08/events">
  <data name="Buffer" inType="win:Pointer" outType="win:HexInt64"/>
  <data name="TimeStamp" inType="win:Int64" outType="xs:long"/>
</template>
]]></Template>
            </Event>
            <Event>
                <Id>11</Id>
                <Version>0</Version>
                <Channel>Microsoft-Windows-DirectShow-KernelSupport/Performance</Channel>
                <Level>Verbose</Level>
                <Task>KSProxy Buffer</Task>
                <Message><![CDATA[
ProcessOutput_Complete: Pointer = %1, Timestamp = %2]]></Message>
                <Template><![CDATA[
<template xmlns="http://schemas.microsoft.com/win/2004/08/events">
  <data name="Buffer" inType="win:Pointer" outType="win:HexInt64"/>
  <data name="TimeStamp" inType="win:Int64" outType="xs:long"/>
</template>
]]></Template>
            </Event>
            <Event>
                <Id>12</Id>
                <Version>0</Version>
                <Channel>Microsoft-Windows-DirectShow-KernelSupport/Performance</Channel>
                <Level>Verbose</Level>
                <Task>KSProxy Buffer</Task>
                <Message><![CDATA[
DeviceIo_Start: Pointer = %1, Timestamp = %2]]></Message>
                <Template><![CDATA[
<template xmlns="http://schemas.microsoft.com/win/2004/08/events">
  <data name="Buffer" inType="win:Pointer" outType="win:HexInt64"/>
  <data name="TimeStamp" inType="win:Int64" outType="xs:long"/>
</template>
]]></Template>
            </Event>
            <Event>
                <Id>13</Id>
                <Version>0</Version>
                <Channel>Microsoft-Windows-DirectShow-KernelSupport/Performance</Channel>
                <Level>Verbose</Level>
                <Task>KSProxy Buffer</Task>
                <Message><![CDATA[
DeviceIo_Complete: Pointer = %1, Timestamp = %2]]></Message>
                <Template><![CDATA[
<template xmlns="http://schemas.microsoft.com/win/2004/08/events">
  <data name="Buffer" inType="win:Pointer" outType="win:HexInt64"/>
  <data name="TimeStamp" inType="win:Int64" outType="xs:long"/>
</template>
]]></Template>
            </Event>
        </EventMetadata>
    </Provider>
</Providers>
