<Providers>
    <Provider>
        <Name>Microsoft-Windows-Diagtrack</Name>
        <Metadata>
            <Guid>{56DC463B-97E8-4B59-E836-AB7C9BB96301}</Guid>
            <ResourceFilePath>%SystemRoot%\system32\diagtrack.dll</ResourceFilePath>
            <ParameterFilePath></ParameterFilePath>
            <MessageFilePath>%SystemRoot%\system32\diagtrack.dll</MessageFilePath>
            <HelpLink></HelpLink>
        </Metadata>
        <EventMetadata>
        </EventMetadata>
    </Provider>
</Providers>
