<Providers>
    <Provider>
        <Name>Microsoft-Windows-GenericRoaming</Name>
        <Metadata>
            <Guid>{4EACB4D0-263B-4B93-8CD6-778A278E5642}</Guid>
            <ResourceFilePath>%SystemRoot%\System32\vaultRoaming.dll</ResourceFilePath>
            <ParameterFilePath></ParameterFilePath>
            <MessageFilePath>%SystemRoot%\System32\vaultRoaming.dll</MessageFilePath>
            <HelpLink></HelpLink>
            <PublisherMessage>Microsoft-Windows-GenericRoaming</PublisherMessage>
            <Channels>
                <Channel>
                    <Message>Microsoft-Windows-GenericRoaming/Admin</Message>
                    <Path>Microsoft-Windows-GenericRoaming/Admin</Path>
                    <Index>0</Index>
                    <Id>16</Id>
                    <Imported>false</Imported>
                </Channel>
            </Channels>
            <Levels>
                <Level>
                    <Message>Error</Message>
                    <Name>win:Error</Name>
                    <Value>2</Value>
                </Level>
            </Levels>
            <Tasks>
                <Task>
                    <Message>SettingHandlerTask</Message>
                    <Name>SettingHandlerTask</Name>
                    <Value>1</Value>
                </Task>
                <Task>
                    <Message>TriggerSyncTask</Message>
                    <Name>TriggerSyncTask</Name>
                    <Value>2</Value>
                </Task>
            </Tasks>
            <Opcodes>
            </Opcodes>
            <Keywords>
            </Keywords>
        </Metadata>
        <EventMetadata>
            <Event>
                <Id>3</Id>
                <Version>0</Version>
                <Channel>Microsoft-Windows-GenericRoaming/Admin</Channel>
                <Level>Error</Level>
                <Task>SettingHandlerTask</Task>
                <Message><![CDATA[
There was an error while applying setting unit %2 for roaming collection %1. %3]]></Message>
                <Template><![CDATA[
<template xmlns="http://schemas.microsoft.com/win/2004/08/events">
  <data name="CollectionId" inType="win:UnicodeString" outType="xs:string"/>
  <data name="UnitId" inType="win:UnicodeString" outType="xs:string"/>
  <data name="HResultFailure" inType="win:Int32" outType="win:Hresult"/>
</template>
]]></Template>
            </Event>
            <Event>
                <Id>4</Id>
                <Version>0</Version>
                <Channel>Microsoft-Windows-GenericRoaming/Admin</Channel>
                <Level>Error</Level>
                <Task>SettingHandlerTask</Task>
                <Message><![CDATA[
There was an error while getting setting unit %2 for roaming collection %1. %3]]></Message>
                <Template><![CDATA[
<template xmlns="http://schemas.microsoft.com/win/2004/08/events">
  <data name="CollectionId" inType="win:UnicodeString" outType="xs:string"/>
  <data name="UnitId" inType="win:UnicodeString" outType="xs:string"/>
  <data name="HResultFailure" inType="win:Int32" outType="win:Hresult"/>
</template>
]]></Template>
            </Event>
            <Event>
                <Id>5</Id>
                <Version>0</Version>
                <Channel>Microsoft-Windows-GenericRoaming/Admin</Channel>
                <Level>Error</Level>
                <Task>SettingHandlerTask</Task>
                <Message><![CDATA[
There was an error while removing setting unit %2 for roaming collection %1. %3]]></Message>
                <Template><![CDATA[
<template xmlns="http://schemas.microsoft.com/win/2004/08/events">
  <data name="CollectionId" inType="win:UnicodeString" outType="xs:string"/>
  <data name="UnitId" inType="win:UnicodeString" outType="xs:string"/>
  <data name="HResultFailure" inType="win:Int32" outType="win:Hresult"/>
</template>
]]></Template>
            </Event>
            <Event>
                <Id>6</Id>
                <Version>0</Version>
                <Channel>Microsoft-Windows-GenericRoaming/Admin</Channel>
                <Level>Error</Level>
                <Task>SettingHandlerTask</Task>
                <Message><![CDATA[
There was an error while getting settings unit for roaming collection %1. %2]]></Message>
                <Template><![CDATA[
<template xmlns="http://schemas.microsoft.com/win/2004/08/events">
  <data name="CollectionId" inType="win:UnicodeString" outType="xs:string"/>
  <data name="HResultFailure" inType="win:Int32" outType="win:Hresult"/>
</template>
]]></Template>
            </Event>
            <Event>
                <Id>7</Id>
                <Version>0</Version>
                <Channel>Microsoft-Windows-GenericRoaming/Admin</Channel>
                <Level>Error</Level>
                <Task>TriggerSyncTask</Task>
                <Message><![CDATA[
There was an error while scheduling a retry sync task for user %1. %2]]></Message>
                <Template><![CDATA[
<template xmlns="http://schemas.microsoft.com/win/2004/08/events">
  <data name="Username" inType="win:UnicodeString" outType="xs:string"/>
  <data name="HResultFailure" inType="win:Int32" outType="win:Hresult"/>
</template>
]]></Template>
            </Event>
        </EventMetadata>
    </Provider>
</Providers>
