<Providers>
    <Provider>
        <Name>Microsoft-Windows-Complus</Name>
        <Metadata>
            <Guid>{0F177893-4A9C-4709-B921-F432D67F43D5}</Guid>
            <ResourceFilePath>%SystemRoot%\system32\comres.dll</ResourceFilePath>
            <ParameterFilePath></ParameterFilePath>
            <MessageFilePath>%SystemRoot%\system32\comres.dll</MessageFilePath>
            <HelpLink></HelpLink>
            <PublisherMessage>Microsoft-Windows-Complus</PublisherMessage>
            <Channels>
                <Channel>
                    <Message></Message>
                    <Path>Application</Path>
                    <Index>4294967295</Index>
                    <Id>9</Id>
                    <Imported>true</Imported>
                </Channel>
            </Channels>
            <Levels>
            </Levels>
            <Tasks>
                <Task>
                    <Message>Configuration</Message>
                    <Name>ID_CAT_CONFIGURATION</Name>
                    <Value>19</Value>
                </Task>
                <Task>
                    <Message>Notification</Message>
                    <Name>ID_CAT_META_EVENTS</Name>
                    <Value>20</Value>
                </Task>
                <Task>
                    <Message>Executive</Message>
                    <Name>ID_CAT_ASP</Name>
                    <Value>21</Value>
                </Task>
                <Task>
                    <Message>Catalog</Message>
                    <Name>ID_CAT_CAT</Name>
                    <Value>22</Value>
                </Task>
                <Task>
                    <Message>SPM</Message>
                    <Name>ID_CAT_SPM</Name>
                    <Value>23</Value>
                </Task>
                <Task>
                    <Message>QC Recorder</Message>
                    <Name>ID_CAT_QCRECORDER</Name>
                    <Value>24</Value>
                </Task>
                <Task>
                    <Message>QC ListenerHelper</Message>
                    <Name>ID_CAT_QCINTEGRATOR</Name>
                    <Value>25</Value>
                </Task>
                <Task>
                    <Message>QC Player</Message>
                    <Name>ID_CAT_QCPLAYER</Name>
                    <Value>26</Value>
                </Task>
                <Task>
                    <Message>QC Listener</Message>
                    <Name>ID_CAT_QCLISTENER</Name>
                    <Value>27</Value>
                </Task>
                <Task>
                    <Message>CRM</Message>
                    <Name>ID_CAT_CRM</Name>
                    <Value>28</Value>
                </Task>
                <Task>
                    <Message>Security</Message>
                    <Name>ID_CAT_SECURITY</Name>
                    <Value>29</Value>
                </Task>
                <Task>
                    <Message>Activation</Message>
                    <Name>ID_CAT_ACTIVATION</Name>
                    <Value>30</Value>
                </Task>
                <Task>
                    <Message>BYOT</Message>
                    <Name>ID_CAT_BYOT</Name>
                    <Value>31</Value>
                </Task>
                <Task>
                    <Message>QC Queue Admin</Message>
                    <Name>ID_CAT_QCADMIN</Name>
                    <Value>32</Value>
                </Task>
                <Task>
                    <Message>Queue Moniker</Message>
                    <Name>ID_CAT_QCMONIKER</Name>
                    <Value>33</Value>
                </Task>
                <Task>
                    <Message>MTS 2.0 Migration</Message>
                    <Name>ID_CAT_MTSTOCOM</Name>
                    <Value>34</Value>
                </Task>
                <Task>
                    <Message>External</Message>
                    <Name>ID_CAT_EXTERNAL</Name>
                    <Value>35</Value>
                </Task>
                <Task>
                    <Message>Events</Message>
                    <Name>ID_CAT_EVENTS</Name>
                    <Value>36</Value>
                </Task>
                <Task>
                    <Message>QC Marshal</Message>
                    <Name>ID_CAT_QCMARSHALINTERCEPTOR</Name>
                    <Value>37</Value>
                </Task>
                <Task>
                    <Message>QC MSMQ Runtime</Message>
                    <Name>ID_CAT_QCMSMQRT</Name>
                    <Value>38</Value>
                </Task>
                <Task>
                    <Message>New Moniker</Message>
                    <Name>ID_CAT_NEW_MONIKER</Name>
                    <Value>39</Value>
                </Task>
                <Task>
                    <Message>Process Dump</Message>
                    <Name>ID_CAT_PDUMP</Name>
                    <Value>40</Value>
                </Task>
                <Task>
                    <Message>&lt;&gt;</Message>
                    <Name>ID_CAT_LAST</Name>
                    <Value>43</Value>
                </Task>
            </Tasks>
            <Opcodes>
            </Opcodes>
            <Keywords>
                <Keyword>
                    <Message>Classic</Message>
                    <Name>win:EventlogClassic</Name>
                    <Value>36028797018963968</Value>
                </Keyword>
            </Keywords>
        </Metadata>
        <EventMetadata>
            <Event>
                <Id>1073873667</Id>
                <Version>0</Version>
                <Message><![CDATA[
A new CRM log file was created. This CRM log file is not secure because the application Identity is Interactive User or the file system is not NTFS. %1]]></Message>
                <Template><![CDATA[
<template xmlns="http://schemas.microsoft.com/win/2004/08/events">
  <data name="param1" inType="win:UnicodeString" outType="xs:string"/>
</template>
]]></Template>
            </Event>
            <Event>
                <Id>1073873668</Id>
                <Version>0</Version>
                <Message><![CDATA[
A new CRM log file was created. This CRM log file is secure. %1]]></Message>
                <Template><![CDATA[
<template xmlns="http://schemas.microsoft.com/win/2004/08/events">
  <data name="param1" inType="win:UnicodeString" outType="xs:string"/>
</template>
]]></Template>
            </Event>
            <Event>
                <Id>1073873669</Id>
                <Version>0</Version>
                <Message><![CDATA[
A new CRM log file was created for the System Application.]]></Message>
                <Template><![CDATA[
<template xmlns="http://schemas.microsoft.com/win/2004/08/events">
</template>
]]></Template>
            </Event>
            <Event>
                <Id>1073742598</Id>
                <Version>0</Version>
                <Message><![CDATA[
The mtstocom launching routine has started.%1]]></Message>
                <Template><![CDATA[
<template xmlns="http://schemas.microsoft.com/win/2004/08/events">
  <data name="param1" inType="win:UnicodeString" outType="xs:string"/>
</template>
]]></Template>
            </Event>
            <Event>
                <Id>1073742599</Id>
                <Version>0</Version>
                <Message><![CDATA[
The mtstocom launching routine has completed.%1]]></Message>
                <Template><![CDATA[
<template xmlns="http://schemas.microsoft.com/win/2004/08/events">
  <data name="param1" inType="win:UnicodeString" outType="xs:string"/>
</template>
]]></Template>
            </Event>
            <Event>
                <Id>1073742600</Id>
                <Version>0</Version>
                <Message><![CDATA[
The mtstocom migration utility is attempting to retry populating the packages collection because it failed its first attempt.%1]]></Message>
                <Template><![CDATA[
<template xmlns="http://schemas.microsoft.com/win/2004/08/events">
  <data name="param1" inType="win:UnicodeString" outType="xs:string"/>
</template>
]]></Template>
            </Event>
            <Event>
                <Id>1073742601</Id>
                <Version>0</Version>
                <Message><![CDATA[
Application image succesfully dumped.%1]]></Message>
                <Template><![CDATA[
<template xmlns="http://schemas.microsoft.com/win/2004/08/events">
  <data name="param1" inType="win:UnicodeString" outType="xs:string"/>
</template>
]]></Template>
            </Event>
            <Event>
                <Id>1073742602</Id>
                <Version>0</Version>
                <Message><![CDATA[
Application image dump failed.%1]]></Message>
                <Template><![CDATA[
<template xmlns="http://schemas.microsoft.com/win/2004/08/events">
  <data name="param1" inType="win:UnicodeString" outType="xs:string"/>
</template>
]]></Template>
            </Event>
            <Event>
                <Id>1073742603</Id>
                <Version>0</Version>
                <Message><![CDATA[
MSMQ Workgroup configuration does not provide sender identity for a COM+ application that has security enabled. The usage is accepted.%1]]></Message>
                <Template><![CDATA[
<template xmlns="http://schemas.microsoft.com/win/2004/08/events">
  <data name="param1" inType="win:UnicodeString" outType="xs:string"/>
</template>
]]></Template>
            </Event>
            <Event>
                <Id>1073742604</Id>
                <Version>0</Version>
                <Message><![CDATA[
MSMQ Message Authentication disabled for a COM+ application that has security enabled. The usage is accepted.%1]]></Message>
                <Template><![CDATA[
<template xmlns="http://schemas.microsoft.com/win/2004/08/events">
  <data name="param1" inType="win:UnicodeString" outType="xs:string"/>
</template>
]]></Template>
            </Event>
            <Event>
                <Id>1073742605</Id>
                <Version>0</Version>
                <Message><![CDATA[
The COM+ sub system is suppressing duplicate event log entries for a duration of %1 seconds.  The suppression timeout can be controlled by a REG_DWORD value named %2 under the following registry key: HKLM\%3.]]></Message>
                <Template><![CDATA[
<template xmlns="http://schemas.microsoft.com/win/2004/08/events">
  <data name="param1" inType="win:UnicodeString" outType="xs:string"/>
  <data name="param2" inType="win:UnicodeString" outType="xs:string"/>
  <data name="param3" inType="win:UnicodeString" outType="xs:string"/>
</template>
]]></Template>
            </Event>
            <Event>
                <Id>1073742606</Id>
                <Version>0</Version>
                <Message><![CDATA[
The average call duration has exceeded the configured threshold.%1]]></Message>
                <Template><![CDATA[
<template xmlns="http://schemas.microsoft.com/win/2004/08/events">
  <data name="param1" inType="win:UnicodeString" outType="xs:string"/>
</template>
]]></Template>
            </Event>
            <Event>
                <Id>1073742607</Id>
                <Version>0</Version>
                <Message><![CDATA[
The average call duration has exceeded 10 minutes. If this is not the expected behavior, please see article 910904 in the Microsoft Knowledge Base at http://support.microsoft.com for details on how to use the COM+ AutoDump feature to automatically generate dump files and/or terminate the process if the problem occurs again.%1]]></Message>
                <Template><![CDATA[
<template xmlns="http://schemas.microsoft.com/win/2004/08/events">
  <data name="param1" inType="win:UnicodeString" outType="xs:string"/>
</template>
]]></Template>
            </Event>
            <Event>
                <Id>2147488081</Id>
                <Version>0</Version>
                <Message><![CDATA[
An error occurred in your COM+ component.  %1]]></Message>
                <Template><![CDATA[
<template xmlns="http://schemas.microsoft.com/win/2004/08/events">
  <data name="param1" inType="win:UnicodeString" outType="xs:string"/>
</template>
]]></Template>
            </Event>
            <Event>
                <Id>2147488082</Id>
                <Version>0</Version>
                <Message><![CDATA[
A method call to an object in a COM+ application was rejected because the caller is not properly authorized to make this call. The COM+ application is configured to use Application and Component level access checks, and enforcement of these checks is currently enabled. The remainder of this message provides information about the component method that the caller attempted to invoke and the identity of the caller.%1]]></Message>
                <Template><![CDATA[
<template xmlns="http://schemas.microsoft.com/win/2004/08/events">
  <data name="param1" inType="win:UnicodeString" outType="xs:string"/>
</template>
]]></Template>
            </Event>
            <Event>
                <Id>2147488083</Id>
                <Version>0</Version>
                <Message><![CDATA[
A method call to an object in a COM+ application was rejected because the caller is not properly authorized to make this call. The COM+ application is configured to use Application and Component level access checks, and enforcement of these checks is currently enabled. Information about the component method that the caller attempted to invoke and about the identity of the caller could not be obtained, probably due to low memory conditions on this computer.]]></Message>
                <Template><![CDATA[
<template xmlns="http://schemas.microsoft.com/win/2004/08/events">
</template>
]]></Template>
            </Event>
            <Event>
                <Id>2147619160</Id>
                <Version>0</Version>
                <Message><![CDATA[
The CRM log file was originally created on a computer with a different name. It has been updated with the name of the current computer. If this warning appears when the computer name has been changed then no further action is required. %1]]></Message>
                <Template><![CDATA[
<template xmlns="http://schemas.microsoft.com/win/2004/08/events">
  <data name="param1" inType="win:UnicodeString" outType="xs:string"/>
</template>
]]></Template>
            </Event>
            <Event>
                <Id>2147619161</Id>
                <Version>0</Version>
                <Message><![CDATA[
The CRM log file was originally created with a different application ID. It has been updated with the current application ID. If this warning appears when the CRM log file has been renamed then no further action is required. %1]]></Message>
                <Template><![CDATA[
<template xmlns="http://schemas.microsoft.com/win/2004/08/events">
  <data name="param1" inType="win:UnicodeString" outType="xs:string"/>
</template>
]]></Template>
            </Event>
            <Event>
                <Id>2147619162</Id>
                <Version>0</Version>
                <Message><![CDATA[
A log information record was not found in the existing CRM log file. It has been added. If this warning appears when the CRM log file is being initially created then no further action is required. %1]]></Message>
                <Template><![CDATA[
<template xmlns="http://schemas.microsoft.com/win/2004/08/events">
  <data name="param1" inType="win:UnicodeString" outType="xs:string"/>
</template>
]]></Template>
            </Event>
            <Event>
                <Id>2147619163</Id>
                <Version>0</Version>
                <Message><![CDATA[
An unexpected method call was received. It has been safely ignored. Method Name: %1]]></Message>
                <Template><![CDATA[
<template xmlns="http://schemas.microsoft.com/win/2004/08/events">
  <data name="param1" inType="win:UnicodeString" outType="xs:string"/>
</template>
]]></Template>
            </Event>
            <Event>
                <Id>2147619164</Id>
                <Version>0</Version>
                <Message><![CDATA[
An empty CRM log file was detected. It has been re-initialized. If this warning appears when the CRM log file is being initially created then no further action is required. %1]]></Message>
                <Template><![CDATA[
<template xmlns="http://schemas.microsoft.com/win/2004/08/events">
  <data name="param1" inType="win:UnicodeString" outType="xs:string"/>
</template>
]]></Template>
            </Event>
            <Event>
                <Id>2147619165</Id>
                <Version>0</Version>
                <Message><![CDATA[
An incompletely initialized CRM log file was detected. It has been re-initialized. If this warning appears when the CRM log file is being initially created then no further action is required. %1]]></Message>
                <Template><![CDATA[
<template xmlns="http://schemas.microsoft.com/win/2004/08/events">
  <data name="param1" inType="win:UnicodeString" outType="xs:string"/>
</template>
]]></Template>
            </Event>
            <Event>
                <Id>2147619166</Id>
                <Version>0</Version>
                <Message><![CDATA[
The application attempted to use the CRM but the CRM is not enabled for this application. You can correct this problem using the Component Services administrative tool. Display the Properties for your application. Select the Advanced tab and check Enable Compensating Resource Managers. The CRM can only be enabled for server applications. %1]]></Message>
                <Template><![CDATA[
<template xmlns="http://schemas.microsoft.com/win/2004/08/events">
  <data name="param1" inType="win:UnicodeString" outType="xs:string"/>
</template>
]]></Template>
            </Event>
            <Event>
                <Id>2147619168</Id>
                <Version>0</Version>
                <Message><![CDATA[
Some transactions could not be completed because they are in-doubt. The CRM will attempt to complete them on its next recovery. %1]]></Message>
                <Template><![CDATA[
<template xmlns="http://schemas.microsoft.com/win/2004/08/events">
  <data name="param1" inType="win:UnicodeString" outType="xs:string"/>
</template>
]]></Template>
            </Event>
            <Event>
                <Id>2147619169</Id>
                <Version>0</Version>
                <Message><![CDATA[
The system has called the CRM Compensator custom component and that component has failed and generated an exception. This indicates a problem with the CRM Compensator component. Notify the developer of the CRM Compensator component that this failure has occurred. The system will continue because the IgnoreCompensatorErrors registry flag is set, but correct compensation might not have occurred. %1]]></Message>
                <Template><![CDATA[
<template xmlns="http://schemas.microsoft.com/win/2004/08/events">
  <data name="param1" inType="win:UnicodeString" outType="xs:string"/>
</template>
]]></Template>
            </Event>
            <Event>
                <Id>2147619170</Id>
                <Version>0</Version>
                <Message><![CDATA[
The system has called the CRM Compensator custom component and that component has returned an error. This indicates a problem with the CRM Compensator component. Notify the developer of the CRM Compensator component that this failure has occurred. The system will continue because the IgnoreCompensatorErrors registry flag is set, but correct compensation might not have occurred. %1]]></Message>
                <Template><![CDATA[
<template xmlns="http://schemas.microsoft.com/win/2004/08/events">
  <data name="param1" inType="win:UnicodeString" outType="xs:string"/>
</template>
]]></Template>
            </Event>
            <Event>
                <Id>2147619171</Id>
                <Version>0</Version>
                <Message><![CDATA[
The CRM log file for this application is located on a disk which is low on space. This may cause failures of this application. Please increase the space available on this disk. The CRM log file name is shown below.%1]]></Message>
                <Template><![CDATA[
<template xmlns="http://schemas.microsoft.com/win/2004/08/events">
  <data name="param1" inType="win:UnicodeString" outType="xs:string"/>
</template>
]]></Template>
            </Event>
            <Event>
                <Id>2147488100</Id>
                <Version>0</Version>
                <Message><![CDATA[
Failures have occurred during migration of MTS packages and program settings to COM+ applications and program settings. See the mtstocom.log file in the windows directory for more information.%1]]></Message>
                <Template><![CDATA[
<template xmlns="http://schemas.microsoft.com/win/2004/08/events">
  <data name="param1" inType="win:UnicodeString" outType="xs:string"/>
</template>
]]></Template>
            </Event>
            <Event>
                <Id>2147619173</Id>
                <Version>0</Version>
                <Message><![CDATA[
CRM Worker custom components require a transaction. You can correct this problem using the Component Services administrative tool. Display the Properties for your CRM Worker component. Select the Transactions tab. Select the Transaction support Required option button.%1]]></Message>
                <Template><![CDATA[
<template xmlns="http://schemas.microsoft.com/win/2004/08/events">
  <data name="param1" inType="win:UnicodeString" outType="xs:string"/>
</template>
]]></Template>
            </Event>
            <Event>
                <Id>2147619174</Id>
                <Version>0</Version>
                <Message><![CDATA[
Event class failed Query Interface. Please check the event log for any other errors from the EventSystem.%1]]></Message>
                <Template><![CDATA[
<template xmlns="http://schemas.microsoft.com/win/2004/08/events">
  <data name="param1" inType="win:UnicodeString" outType="xs:string"/>
</template>
]]></Template>
            </Event>
            <Event>
                <Id>2147619175</Id>
                <Version>0</Version>
                <Message><![CDATA[
Failed to create event class. Please check the event log for any other errors from the EventSystem.%1]]></Message>
                <Template><![CDATA[
<template xmlns="http://schemas.microsoft.com/win/2004/08/events">
  <data name="param1" inType="win:UnicodeString" outType="xs:string"/>
</template>
]]></Template>
            </Event>
            <Event>
                <Id>2147619176</Id>
                <Version>0</Version>
                <Message><![CDATA[
Event failed. Please check the event log for any other errors from the EventSystem.%1]]></Message>
                <Template><![CDATA[
<template xmlns="http://schemas.microsoft.com/win/2004/08/events">
  <data name="param1" inType="win:UnicodeString" outType="xs:string"/>
</template>
]]></Template>
            </Event>
            <Event>
                <Id>2147619177</Id>
                <Version>0</Version>
                <Message><![CDATA[
A previous instance of this server application has been terminated.%1]]></Message>
                <Template><![CDATA[
<template xmlns="http://schemas.microsoft.com/win/2004/08/events">
  <data name="param1" inType="win:UnicodeString" outType="xs:string"/>
</template>
]]></Template>
            </Event>
            <Event>
                <Id>2147488106</Id>
                <Version>0</Version>
                <Message><![CDATA[
A registry value was changed while installing the following component into a COM+ Application. If you are experiencing activation problems with this component then please check the registry value for the following key.%1]]></Message>
                <Template><![CDATA[
<template xmlns="http://schemas.microsoft.com/win/2004/08/events">
  <data name="param1" inType="win:UnicodeString" outType="xs:string"/>
</template>
]]></Template>
            </Event>
            <Event>
                <Id>2147488107</Id>
                <Version>0</Version>
                <Message><![CDATA[
Controlled registration of this component failed. It has been registered directly. If you are not using partitions you can ignore this warning. If you are using partitions you may need to add support components that are required before controlled registration of this component can succeed. Check your documentation for details.%1]]></Message>
                <Template><![CDATA[
<template xmlns="http://schemas.microsoft.com/win/2004/08/events">
  <data name="param1" inType="win:UnicodeString" outType="xs:string"/>
</template>
]]></Template>
            </Event>
            <Event>
                <Id>2147488108</Id>
                <Version>0</Version>
                <Message><![CDATA[
You have installed an application which contains one or more private components into the base partition. Private components are not supported in the base partition. The private components have been made public.%1]]></Message>
                <Template><![CDATA[
<template xmlns="http://schemas.microsoft.com/win/2004/08/events">
  <data name="param1" inType="win:UnicodeString" outType="xs:string"/>
</template>
]]></Template>
            </Event>
            <Event>
                <Id>2147619182</Id>
                <Version>0</Version>
                <Message><![CDATA[
The attempt to trace an event has failed with E_OUTOFMEMORY. This has happened so far a total of %1 times.]]></Message>
                <Template><![CDATA[
<template xmlns="http://schemas.microsoft.com/win/2004/08/events">
  <data name="param1" inType="win:UnicodeString" outType="xs:string"/>
</template>
]]></Template>
            </Event>
            <Event>
                <Id>2147619183</Id>
                <Version>0</Version>
                <Message><![CDATA[
During initialization, the System Application stopped an open COM+ tracing session.]]></Message>
                <Template><![CDATA[
<template xmlns="http://schemas.microsoft.com/win/2004/08/events">
</template>
]]></Template>
            </Event>
            <Event>
                <Id>2147488112</Id>
                <Version>0</Version>
                <Message><![CDATA[
During controlled registration of this component the component cancelled registry redirection. This may cause problems with component installation. Check your documentation for details.%1]]></Message>
                <Template><![CDATA[
<template xmlns="http://schemas.microsoft.com/win/2004/08/events">
  <data name="param1" inType="win:UnicodeString" outType="xs:string"/>
</template>
]]></Template>
            </Event>
            <Event>
                <Id>2147488113</Id>
                <Version>0</Version>
                <Message><![CDATA[
The]]></Message>
                <Template><![CDATA[
<template xmlns="http://schemas.microsoft.com/win/2004/08/events">
  <data name="param1" inType="win:UnicodeString" outType="xs:string"/>
  <data name="param2" inType="win:UnicodeString" outType="xs:string"/>
  <data name="param3" inType="win:UnicodeString" outType="xs:string"/>
</template>
]]></Template>
            </Event>
            <Event>
                <Id>3221361233</Id>
                <Version>0</Version>
                <Message><![CDATA[
The run-time environment has detected an inconsistency in its internal state. This indicates a potential instability in the process that could be caused by the custom components running in the COM+ application, the components they make use of, or other factors. %1]]></Message>
                <Template><![CDATA[
<template xmlns="http://schemas.microsoft.com/win/2004/08/events">
  <data name="param1" inType="win:UnicodeString" outType="xs:string"/>
</template>
]]></Template>
            </Event>
            <Event>
                <Id>3221361234</Id>
                <Version>0</Version>
                <Message><![CDATA[
The run-time environment has detected the absence of a critical resource and has caused the process that hosted it to terminate. %1]]></Message>
                <Template><![CDATA[
<template xmlns="http://schemas.microsoft.com/win/2004/08/events">
  <data name="param1" inType="win:UnicodeString" outType="xs:string"/>
</template>
]]></Template>
            </Event>
            <Event>
                <Id>3221361235</Id>
                <Version>0</Version>
                <Message><![CDATA[
The run-time environment was unable to initialize for transactions required to support transactional components. Make sure that MS-DTC is running. %1]]></Message>
                <Template><![CDATA[
<template xmlns="http://schemas.microsoft.com/win/2004/08/events">
  <data name="param1" inType="win:UnicodeString" outType="xs:string"/>
</template>
]]></Template>
            </Event>
            <Event>
                <Id>3221361241</Id>
                <Version>0</Version>
                <Message><![CDATA[
Could not obtain a proxy/stub class factory for given interface. Proxy/stub is not registered correctly. %1]]></Message>
                <Template><![CDATA[
<template xmlns="http://schemas.microsoft.com/win/2004/08/events">
  <data name="param1" inType="win:UnicodeString" outType="xs:string"/>
</template>
]]></Template>
            </Event>
            <Event>
                <Id>3221361242</Id>
                <Version>0</Version>
                <Message><![CDATA[
Failed to create a stub object for given interface.  %1]]></Message>
                <Template><![CDATA[
<template xmlns="http://schemas.microsoft.com/win/2004/08/events">
  <data name="param1" inType="win:UnicodeString" outType="xs:string"/>
</template>
]]></Template>
            </Event>
            <Event>
                <Id>3221361268</Id>
                <Version>0</Version>
                <Message><![CDATA[
Replication: Invalid machine name supplied for %1.]]></Message>
                <Template><![CDATA[
<template xmlns="http://schemas.microsoft.com/win/2004/08/events">
  <data name="param1" inType="win:UnicodeString" outType="xs:string"/>
</template>
]]></Template>
            </Event>
            <Event>
                <Id>3221361273</Id>
                <Version>0</Version>
                <Message><![CDATA[
The run-time environment was unable to create a new UUID. %1]]></Message>
                <Template><![CDATA[
<template xmlns="http://schemas.microsoft.com/win/2004/08/events">
  <data name="param1" inType="win:UnicodeString" outType="xs:string"/>
</template>
]]></Template>
            </Event>
            <Event>
                <Id>3221361285</Id>
                <Version>0</Version>
                <Message><![CDATA[
An attempt was made to access a SPM Property Group in LockMethod mode, by an object without JIT Activation, or by an object with a lock on another Property Group. %1]]></Message>
                <Template><![CDATA[
<template xmlns="http://schemas.microsoft.com/win/2004/08/events">
  <data name="param1" inType="win:UnicodeString" outType="xs:string"/>
</template>
]]></Template>
            </Event>
            <Event>
                <Id>3221361311</Id>
                <Version>0</Version>
                <Message><![CDATA[
The class ID of the proxy stub DLL for the interface is not available, or failed to load the proxy stub DLL, or failed to create a proxy.]]></Message>
                <Template><![CDATA[
<template xmlns="http://schemas.microsoft.com/win/2004/08/events">
</template>
]]></Template>
            </Event>
            <Event>
                <Id>3221361313</Id>
                <Version>0</Version>
                <Message><![CDATA[
An unexpected error occurred. The failing function is listed below. The data section may have additional information.%1]]></Message>
                <Template><![CDATA[
<template xmlns="http://schemas.microsoft.com/win/2004/08/events">
  <data name="param1" inType="win:UnicodeString" outType="xs:string"/>
</template>
]]></Template>
            </Event>
            <Event>
                <Id>3221361315</Id>
                <Version>0</Version>
                <Message><![CDATA[
COM+ Queued Components failed to obtain necessary information from the catalog.%1]]></Message>
                <Template><![CDATA[
<template xmlns="http://schemas.microsoft.com/win/2004/08/events">
  <data name="param1" inType="win:UnicodeString" outType="xs:string"/>
</template>
]]></Template>
            </Event>
            <Event>
                <Id>3221361316</Id>
                <Version>0</Version>
                <Message><![CDATA[
The COM+ Queued Components Player was unable to create an instance of a Queued Component. %1]]></Message>
                <Template><![CDATA[
<template xmlns="http://schemas.microsoft.com/win/2004/08/events">
  <data name="param1" inType="win:UnicodeString" outType="xs:string"/>
</template>
]]></Template>
            </Event>
            <Event>
                <Id>3221361317</Id>
                <Version>0</Version>
                <Message><![CDATA[
An unauthenticated message was received by an application that accepts only authenticated messages.%1]]></Message>
                <Template><![CDATA[
<template xmlns="http://schemas.microsoft.com/win/2004/08/events">
  <data name="param1" inType="win:UnicodeString" outType="xs:string"/>
</template>
]]></Template>
            </Event>
            <Event>
                <Id>3221361330</Id>
                <Version>0</Version>
                <Message><![CDATA[
The system has called a custom component and that component has failed and generated an exception. This indicates a problem with the custom component. Notify the developer of this component that a failure has occurred and provide them with the information below.%1]]></Message>
                <Template><![CDATA[
<template xmlns="http://schemas.microsoft.com/win/2004/08/events">
  <data name="param1" inType="win:UnicodeString" outType="xs:string"/>
</template>
]]></Template>
            </Event>
            <Event>
                <Id>3221361332</Id>
                <Version>0</Version>
                <Message><![CDATA[
An error occurred while checking to see if a queued message was sent by a trusted partner. The process may have insufficient privileges to call GetEffectiveRightsFromAcl. The HRESULT from this call is %1]]></Message>
                <Template><![CDATA[
<template xmlns="http://schemas.microsoft.com/win/2004/08/events">
  <data name="param1" inType="win:UnicodeString" outType="xs:string"/>
</template>
]]></Template>
            </Event>
            <Event>
                <Id>3221361333</Id>
                <Version>0</Version>
                <Message><![CDATA[
The server was unable to determine if a queued message was sent by a trusted partner due to a lack of available memory. The sender is assumed to be untrusted. %1]]></Message>
                <Template><![CDATA[
<template xmlns="http://schemas.microsoft.com/win/2004/08/events">
  <data name="param1" inType="win:UnicodeString" outType="xs:string"/>
</template>
]]></Template>
            </Event>
            <Event>
                <Id>3221361334</Id>
                <Version>0</Version>
                <Message><![CDATA[
The server was unable to determine if a queued message was sent by a trusted partner due to an unexpected failure in a Windows API call. The sender is assumed to be untrusted. The failed API and corresponding error code are shown below. %1]]></Message>
                <Template><![CDATA[
<template xmlns="http://schemas.microsoft.com/win/2004/08/events">
  <data name="param1" inType="win:UnicodeString" outType="xs:string"/>
</template>
]]></Template>
            </Event>
            <Event>
                <Id>3221361335</Id>
                <Version>0</Version>
                <Message><![CDATA[
The COM+ Services DLL (comsvcs.dll) was unable to load because allocation of thread local storage failed. %1]]></Message>
                <Template><![CDATA[
<template xmlns="http://schemas.microsoft.com/win/2004/08/events">
  <data name="param1" inType="win:UnicodeString" outType="xs:string"/>
</template>
]]></Template>
            </Event>
            <Event>
                <Id>3221230264</Id>
                <Version>0</Version>
                <Message><![CDATA[
The current registration database is corrupt. COM+ catalog has reverted to a previous version of the database. %1]]></Message>
                <Template><![CDATA[
<template xmlns="http://schemas.microsoft.com/win/2004/08/events">
  <data name="param1" inType="win:UnicodeString" outType="xs:string"/>
</template>
]]></Template>
            </Event>
            <Event>
                <Id>3221361338</Id>
                <Version>0</Version>
                <Message><![CDATA[
COM+ Services was unable to load a required string resource. The string resource identifier was not found. This results from an error in the localization process for this product and should be reported to Microsoft customer support. The binary data for this event contains the resource identifier that failed to load. %1]]></Message>
                <Template><![CDATA[
<template xmlns="http://schemas.microsoft.com/win/2004/08/events">
  <data name="param1" inType="win:UnicodeString" outType="xs:string"/>
</template>
]]></Template>
            </Event>
            <Event>
                <Id>2147619516</Id>
                <Version>0</Version>
                <Message><![CDATA[
COM+ Services was unable to obtain local SAM information. COM+ will continue to operate normally, but any calls between local and remote COM+ components will incur additional overhead. The error returned is shown below.%1]]></Message>
                <Template><![CDATA[
<template xmlns="http://schemas.microsoft.com/win/2004/08/events">
  <data name="param1" inType="win:UnicodeString" outType="xs:string"/>
</template>
]]></Template>
            </Event>
            <Event>
                <Id>3221361341</Id>
                <Version>0</Version>
                <Message><![CDATA[
COM+ Services was unable to initialize due to a failure in the system API shown below. This is often caused by a shortage of system resources on the local machine.%1]]></Message>
                <Template><![CDATA[
<template xmlns="http://schemas.microsoft.com/win/2004/08/events">
  <data name="param1" inType="win:UnicodeString" outType="xs:string"/>
</template>
]]></Template>
            </Event>
            <Event>
                <Id>3221361342</Id>
                <Version>0</Version>
                <Message><![CDATA[
The system has called the CRM Compensator custom component and that component has failed and generated an exception. This indicates a problem with the CRM Compensator component. Notify the developer of the CRM Compensator component that this failure has occurred. %1]]></Message>
                <Template><![CDATA[
<template xmlns="http://schemas.microsoft.com/win/2004/08/events">
  <data name="param1" inType="win:UnicodeString" outType="xs:string"/>
</template>
]]></Template>
            </Event>
            <Event>
                <Id>3221361343</Id>
                <Version>0</Version>
                <Message><![CDATA[
The application cannot access the CRM log file because it is being used by another process, probably because another server process is running for the same application. Please verify that no other server processes are running for this application and try again. %1]]></Message>
                <Template><![CDATA[
<template xmlns="http://schemas.microsoft.com/win/2004/08/events">
  <data name="param1" inType="win:UnicodeString" outType="xs:string"/>
</template>
]]></Template>
            </Event>
            <Event>
                <Id>3221361344</Id>
                <Version>0</Version>
                <Message><![CDATA[
COM+ Services was unable to authorize the incoming call due to an unexpected failure. The incoming call was denied and a "permission denied" error was returned to the caller. The unexpected error code is shown below.%1]]></Message>
                <Template><![CDATA[
<template xmlns="http://schemas.microsoft.com/win/2004/08/events">
  <data name="param1" inType="win:UnicodeString" outType="xs:string"/>
</template>
]]></Template>
            </Event>
            <Event>
                <Id>3221361345</Id>
                <Version>0</Version>
                <Message><![CDATA[
COM+ Services was unable to determine the caller's identity because of an unexpected error. This may be caused by a shortage of system resources on the local machine. The caller will be treated as anonymous which may result in access failures or other errors. The name of the failed API and the error code that it returned are shown below.%1]]></Message>
                <Template><![CDATA[
<template xmlns="http://schemas.microsoft.com/win/2004/08/events">
  <data name="param1" inType="win:UnicodeString" outType="xs:string"/>
</template>
]]></Template>
            </Event>
            <Event>
                <Id>3221361346</Id>
                <Version>0</Version>
                <Message><![CDATA[
COM+ Services was unable to process a component's call to IsCallerInRole due to an unexpected failure. The unexpected error code (shown below) was returned to the caller.%1]]></Message>
                <Template><![CDATA[
<template xmlns="http://schemas.microsoft.com/win/2004/08/events">
  <data name="param1" inType="win:UnicodeString" outType="xs:string"/>
</template>
]]></Template>
            </Event>
            <Event>
                <Id>3221361347</Id>
                <Version>0</Version>
                <Message><![CDATA[
The system has called the CRM Compensator custom component and that component has returned an error. This indicates a problem with the CRM Compensator component. Notify the developer of the CRM Compensator component that this failure has occurred. %1]]></Message>
                <Template><![CDATA[
<template xmlns="http://schemas.microsoft.com/win/2004/08/events">
  <data name="param1" inType="win:UnicodeString" outType="xs:string"/>
</template>
]]></Template>
            </Event>
            <Event>
                <Id>3221361348</Id>
                <Version>0</Version>
                <Message><![CDATA[
The system failed to create the CRM Compensator custom component. %1]]></Message>
                <Template><![CDATA[
<template xmlns="http://schemas.microsoft.com/win/2004/08/events">
  <data name="param1" inType="win:UnicodeString" outType="xs:string"/>
</template>
]]></Template>
            </Event>
            <Event>
                <Id>3221361349</Id>
                <Version>0</Version>
                <Message><![CDATA[
The system failed to create the CRM Compensator because the system is out of memory. %1]]></Message>
                <Template><![CDATA[
<template xmlns="http://schemas.microsoft.com/win/2004/08/events">
  <data name="param1" inType="win:UnicodeString" outType="xs:string"/>
</template>
]]></Template>
            </Event>
            <Event>
                <Id>3221361350</Id>
                <Version>0</Version>
                <Message><![CDATA[
The Queued Components Listener received an improperly formatted message.%1]]></Message>
                <Template><![CDATA[
<template xmlns="http://schemas.microsoft.com/win/2004/08/events">
  <data name="param1" inType="win:UnicodeString" outType="xs:string"/>
</template>
]]></Template>
            </Event>
            <Event>
                <Id>3221361352</Id>
                <Version>0</Version>
                <Message><![CDATA[
An unexpected error was returned by the Message Queuing API %1]]></Message>
                <Template><![CDATA[
<template xmlns="http://schemas.microsoft.com/win/2004/08/events">
  <data name="param1" inType="win:UnicodeString" outType="xs:string"/>
</template>
]]></Template>
            </Event>
            <Event>
                <Id>3221361354</Id>
                <Version>0</Version>
                <Message><![CDATA[
The server was unable to determine if a queued message was sent by a trusted partner due to an unexpected failure in a COM+ catalog component. The sender is assumed to be untrusted. The failed catalog API and corresponding error code are shown below.%1]]></Message>
                <Template><![CDATA[
<template xmlns="http://schemas.microsoft.com/win/2004/08/events">
  <data name="param1" inType="win:UnicodeString" outType="xs:string"/>
</template>
]]></Template>
            </Event>
            <Event>
                <Id>3221361355</Id>
                <Version>0</Version>
                <Message><![CDATA[
An unexpected error was returned by Message Queuing API indicated. Unable to retrieve the associated error message text. Message Queuing API return values are defined in Platform SDK file MQ.H.%1]]></Message>
                <Template><![CDATA[
<template xmlns="http://schemas.microsoft.com/win/2004/08/events">
  <data name="param1" inType="win:UnicodeString" outType="xs:string"/>
</template>
]]></Template>
            </Event>
            <Event>
                <Id>3221361360</Id>
                <Version>0</Version>
                <Message><![CDATA[
The Synchronization property is required for the Transaction property. Activation failed for object: %1]]></Message>
                <Template><![CDATA[
<template xmlns="http://schemas.microsoft.com/win/2004/08/events">
  <data name="param1" inType="win:UnicodeString" outType="xs:string"/>
</template>
]]></Template>
            </Event>
            <Event>
                <Id>3221361361</Id>
                <Version>0</Version>
                <Message><![CDATA[
The Synchronization property is required for the JIT property. Activation failed for object: %1]]></Message>
                <Template><![CDATA[
<template xmlns="http://schemas.microsoft.com/win/2004/08/events">
  <data name="param1" inType="win:UnicodeString" outType="xs:string"/>
</template>
]]></Template>
            </Event>
            <Event>
                <Id>3221361362</Id>
                <Version>0</Version>
                <Message><![CDATA[
The following component is configured for Construction, and either the IObjectConstruct::Construct() method failed, or the component does not support IObjectConstruct. Activation failed for object: %1]]></Message>
                <Template><![CDATA[
<template xmlns="http://schemas.microsoft.com/win/2004/08/events">
  <data name="param1" inType="win:UnicodeString" outType="xs:string"/>
</template>
]]></Template>
            </Event>
            <Event>
                <Id>3221230291</Id>
                <Version>0</Version>
                <Message><![CDATA[
Error creating security descriptor.]]></Message>
                <Template><![CDATA[
<template xmlns="http://schemas.microsoft.com/win/2004/08/events">
</template>
]]></Template>
            </Event>
            <Event>
                <Id>3221230292</Id>
                <Version>0</Version>
                <Message><![CDATA[
Failed to initialize registration database server.]]></Message>
                <Template><![CDATA[
<template xmlns="http://schemas.microsoft.com/win/2004/08/events">
</template>
]]></Template>
            </Event>
            <Event>
                <Id>3221230293</Id>
                <Version>0</Version>
                <Message><![CDATA[
Failed to initialize registration database API.]]></Message>
                <Template><![CDATA[
<template xmlns="http://schemas.microsoft.com/win/2004/08/events">
</template>
]]></Template>
            </Event>
            <Event>
                <Id>3221361366</Id>
                <Version>0</Version>
                <Message><![CDATA[
A condition has occurred that indicates this COM+ application is in an unstable state or is not functioning correctly. Assertion Failure: %1]]></Message>
                <Template><![CDATA[
<template xmlns="http://schemas.microsoft.com/win/2004/08/events">
  <data name="param1" inType="win:UnicodeString" outType="xs:string"/>
</template>
]]></Template>
            </Event>
            <Event>
                <Id>3221230295</Id>
                <Version>0</Version>
                <Message><![CDATA[
COM Replication: An unexpected error occurred.  The failing function is listed below. %1]]></Message>
                <Template><![CDATA[
<template xmlns="http://schemas.microsoft.com/win/2004/08/events">
  <data name="param1" inType="win:UnicodeString" outType="xs:string"/>
</template>
]]></Template>
            </Event>
            <Event>
                <Id>3221361369</Id>
                <Version>0</Version>
                <Message><![CDATA[
Output arguments are not supported by queued methods. The data section contains the IID and method number.%1]]></Message>
                <Template><![CDATA[
<template xmlns="http://schemas.microsoft.com/win/2004/08/events">
  <data name="param1" inType="win:UnicodeString" outType="xs:string"/>
</template>
]]></Template>
            </Event>
            <Event>
                <Id>3221361370</Id>
                <Version>0</Version>
                <Message><![CDATA[
A COM+ service (such as Queued Components or Compensating Resource Manager) failed an ApplicationLaunch event.  If this problem continues, try disabling CRM and/or QC on your application. If you are using QC, make sure that Message Queuing is installed. The service GUID and HRESULT are: %1]]></Message>
                <Template><![CDATA[
<template xmlns="http://schemas.microsoft.com/win/2004/08/events">
  <data name="param1" inType="win:UnicodeString" outType="xs:string"/>
</template>
]]></Template>
            </Event>
            <Event>
                <Id>2147619547</Id>
                <Version>0</Version>
                <Message><![CDATA[
A COM+ service (such as Queued Components or Compensating Resource Manager) failed an ApplicationFree event.  This is not a normal occurrence, but it is considered a non-critical error. The service GUID and HRESULT are: %1]]></Message>
                <Template><![CDATA[
<template xmlns="http://schemas.microsoft.com/win/2004/08/events">
  <data name="param1" inType="win:UnicodeString" outType="xs:string"/>
</template>
]]></Template>
            </Event>
            <Event>
                <Id>2147619548</Id>
                <Version>0</Version>
                <Message><![CDATA[
A COM+ service (such as Queued Components or Compensating Resource Manager) failed an ApplicationShutdown event.  This is not a normal occurrence, but it is considered a non-critical error. The service GUID and HRESULT are: %1]]></Message>
                <Template><![CDATA[
<template xmlns="http://schemas.microsoft.com/win/2004/08/events">
  <data name="param1" inType="win:UnicodeString" outType="xs:string"/>
</template>
]]></Template>
            </Event>
            <Event>
                <Id>3221361373</Id>
                <Version>0</Version>
                <Message><![CDATA[
A COM+ service (such as Queued Components or Compensating Resource Manager) failed to start. The service GUID and HRESULT are: %1]]></Message>
                <Template><![CDATA[
<template xmlns="http://schemas.microsoft.com/win/2004/08/events">
  <data name="param1" inType="win:UnicodeString" outType="xs:string"/>
</template>
]]></Template>
            </Event>
            <Event>
                <Id>2147619550</Id>
                <Version>0</Version>
                <Message><![CDATA[
COM+ has determined that your machine is running very low on available memory.  In order to ensure proper system behavior, the activation of the component has been refused.  If this problem continues, either install more memory or increase the size of your paging file.  Memory statistics are: %1]]></Message>
                <Template><![CDATA[
<template xmlns="http://schemas.microsoft.com/win/2004/08/events">
  <data name="param1" inType="win:UnicodeString" outType="xs:string"/>
</template>
]]></Template>
            </Event>
            <Event>
                <Id>2147619551</Id>
                <Version>0</Version>
                <Message><![CDATA[
COM+ failed an activation because the creation of a context property returned E_OUTOFMEMORY %1]]></Message>
                <Template><![CDATA[
<template xmlns="http://schemas.microsoft.com/win/2004/08/events">
  <data name="param1" inType="win:UnicodeString" outType="xs:string"/>
</template>
]]></Template>
            </Event>
            <Event>
                <Id>3221361376</Id>
                <Version>0</Version>
                <Message><![CDATA[
A request for a callback on a MTA thread failed. This should happen only if the system is in an extremely unstable state. It is possible that custom components running in this COM+ application caused the instability that led to this failure. %1]]></Message>
                <Template><![CDATA[
<template xmlns="http://schemas.microsoft.com/win/2004/08/events">
  <data name="param1" inType="win:UnicodeString" outType="xs:string"/>
</template>
]]></Template>
            </Event>
            <Event>
                <Id>3221361377</Id>
                <Version>0</Version>
                <Message><![CDATA[
The initialization of the COM+ surrogate failed -- the CApplication object failed to initialize.%1]]></Message>
                <Template><![CDATA[
<template xmlns="http://schemas.microsoft.com/win/2004/08/events">
  <data name="param1" inType="win:UnicodeString" outType="xs:string"/>
</template>
]]></Template>
            </Event>
            <Event>
                <Id>2147619554</Id>
                <Version>0</Version>
                <Message><![CDATA[
The shutdown process of COM+ surrogate failed because of an unknown ApplId. This is an unexpected error, but is ignored because the application is in the process of shutting down.%1]]></Message>
                <Template><![CDATA[
<template xmlns="http://schemas.microsoft.com/win/2004/08/events">
  <data name="param1" inType="win:UnicodeString" outType="xs:string"/>
</template>
]]></Template>
            </Event>
            <Event>
                <Id>3221361379</Id>
                <Version>0</Version>
                <Message><![CDATA[
The BYOT Gateway failed to import the transaction using TIP. Make sure that the installed MS-DTC supports the TIP protocol. %1]]></Message>
                <Template><![CDATA[
<template xmlns="http://schemas.microsoft.com/win/2004/08/events">
  <data name="param1" inType="win:UnicodeString" outType="xs:string"/>
</template>
]]></Template>
            </Event>
            <Event>
                <Id>3221361380</Id>
                <Version>0</Version>
                <Message><![CDATA[
The BYOT Gateway failed to create the component.%1]]></Message>
                <Template><![CDATA[
<template xmlns="http://schemas.microsoft.com/win/2004/08/events">
  <data name="param1" inType="win:UnicodeString" outType="xs:string"/>
</template>
]]></Template>
            </Event>
            <Event>
                <Id>3221361381</Id>
                <Version>0</Version>
                <Message><![CDATA[
The BYOT Gateway could not set transactional property in new object context.%1]]></Message>
                <Template><![CDATA[
<template xmlns="http://schemas.microsoft.com/win/2004/08/events">
  <data name="param1" inType="win:UnicodeString" outType="xs:string"/>
</template>
]]></Template>
            </Event>
            <Event>
                <Id>3221361382</Id>
                <Version>0</Version>
                <Message><![CDATA[
The BYOT Gateway could not delegate the activation. The component being created may be incorrectly configured. %1]]></Message>
                <Template><![CDATA[
<template xmlns="http://schemas.microsoft.com/win/2004/08/events">
  <data name="param1" inType="win:UnicodeString" outType="xs:string"/>
</template>
]]></Template>
            </Event>
            <Event>
                <Id>3221361383</Id>
                <Version>0</Version>
                <Message><![CDATA[
The BYOT Gateway component is incorrectly configured. %1]]></Message>
                <Template><![CDATA[
<template xmlns="http://schemas.microsoft.com/win/2004/08/events">
  <data name="param1" inType="win:UnicodeString" outType="xs:string"/>
</template>
]]></Template>
            </Event>
            <Event>
                <Id>3221361384</Id>
                <Version>0</Version>
                <Message><![CDATA[
The IObjectControl::Activate() method failed.  The CLSID of the object is: %1]]></Message>
                <Template><![CDATA[
<template xmlns="http://schemas.microsoft.com/win/2004/08/events">
  <data name="param1" inType="win:UnicodeString" outType="xs:string"/>
</template>
]]></Template>
            </Event>
            <Event>
                <Id>3221361385</Id>
                <Version>0</Version>
                <Message><![CDATA[
Queued Components has detected an invalid Marshaled object.%1]]></Message>
                <Template><![CDATA[
<template xmlns="http://schemas.microsoft.com/win/2004/08/events">
  <data name="param1" inType="win:UnicodeString" outType="xs:string"/>
</template>
]]></Template>
            </Event>
            <Event>
                <Id>3221361386</Id>
                <Version>0</Version>
                <Message><![CDATA[
Object reference passed as a method parameter to a Queued Component does not implement IPersistStream.%1]]></Message>
                <Template><![CDATA[
<template xmlns="http://schemas.microsoft.com/win/2004/08/events">
  <data name="param1" inType="win:UnicodeString" outType="xs:string"/>
</template>
]]></Template>
            </Event>
            <Event>
                <Id>3221361387</Id>
                <Version>0</Version>
                <Message><![CDATA[
The CRM has lost its connection with MS-DTC. This is expected if MS-DTC has stopped, or if MS-DTC failover has occurred on a cluster.%1]]></Message>
                <Template><![CDATA[
<template xmlns="http://schemas.microsoft.com/win/2004/08/events">
  <data name="param1" inType="win:UnicodeString" outType="xs:string"/>
</template>
]]></Template>
            </Event>
            <Event>
                <Id>3221361388</Id>
                <Version>0</Version>
                <Message><![CDATA[
COM+ Services was unable to initialize security infrastructure due to a failure in the system API shown below. This is often caused by a shortage of system resources on the local machine. No components requiring security infrastructure services will be created in this process. %1]]></Message>
                <Template><![CDATA[
<template xmlns="http://schemas.microsoft.com/win/2004/08/events">
  <data name="param1" inType="win:UnicodeString" outType="xs:string"/>
</template>
]]></Template>
            </Event>
            <Event>
                <Id>3221361392</Id>
                <Version>0</Version>
                <Message><![CDATA[
A non-empty queue could not be deleted.  Purge messages and try again.%1]]></Message>
                <Template><![CDATA[
<template xmlns="http://schemas.microsoft.com/win/2004/08/events">
  <data name="param1" inType="win:UnicodeString" outType="xs:string"/>
</template>
]]></Template>
            </Event>
            <Event>
                <Id>3221361393</Id>
                <Version>0</Version>
                <Message><![CDATA[
Queued Application has an invalid catalog entry. Uncheck and check the Application's Queue property.%1]]></Message>
                <Template><![CDATA[
<template xmlns="http://schemas.microsoft.com/win/2004/08/events">
  <data name="param1" inType="win:UnicodeString" outType="xs:string"/>
</template>
]]></Template>
            </Event>
            <Event>
                <Id>3221361394</Id>
                <Version>0</Version>
                <Message><![CDATA[
Queued Application has an invalid catalog entry. Uncheck and check the Application's Queue property.%1]]></Message>
                <Template><![CDATA[
<template xmlns="http://schemas.microsoft.com/win/2004/08/events">
  <data name="param1" inType="win:UnicodeString" outType="xs:string"/>
</template>
]]></Template>
            </Event>
            <Event>
                <Id>3221361395</Id>
                <Version>0</Version>
                <Message><![CDATA[
Queued Components requires Message Queuing. Message Queuing is not installed.%1]]></Message>
                <Template><![CDATA[
<template xmlns="http://schemas.microsoft.com/win/2004/08/events">
  <data name="param1" inType="win:UnicodeString" outType="xs:string"/>
</template>
]]></Template>
            </Event>
            <Event>
                <Id>3221361396</Id>
                <Version>0</Version>
                <Message><![CDATA[
GetProcAddress for a Message Queuing API failed.  Message Queuing may not be installed correctly.%1]]></Message>
                <Template><![CDATA[
<template xmlns="http://schemas.microsoft.com/win/2004/08/events">
  <data name="param1" inType="win:UnicodeString" outType="xs:string"/>
</template>
]]></Template>
            </Event>
            <Event>
                <Id>3221361397</Id>
                <Version>0</Version>
                <Message><![CDATA[
Unknown event ID. Please check the event log for any other errors from the EventSystem.%1]]></Message>
                <Template><![CDATA[
<template xmlns="http://schemas.microsoft.com/win/2004/08/events">
  <data name="param1" inType="win:UnicodeString" outType="xs:string"/>
</template>
]]></Template>
            </Event>
            <Event>
                <Id>3221361398</Id>
                <Version>0</Version>
                <Message><![CDATA[
Unable to instantiate Exception Class.%1]]></Message>
                <Template><![CDATA[
<template xmlns="http://schemas.microsoft.com/win/2004/08/events">
  <data name="param1" inType="win:UnicodeString" outType="xs:string"/>
</template>
]]></Template>
            </Event>
            <Event>
                <Id>3221361399</Id>
                <Version>0</Version>
                <Message><![CDATA[
COM+ requires that ODBC version 2.0 or greater be installed on your machine.  The version of ODBC that ships with Windows 2000 is sufficient.  Please reinstall ODBC from your distribution media.%1]]></Message>
                <Template><![CDATA[
<template xmlns="http://schemas.microsoft.com/win/2004/08/events">
  <data name="param1" inType="win:UnicodeString" outType="xs:string"/>
</template>
]]></Template>
            </Event>
            <Event>
                <Id>3221361400</Id>
                <Version>0</Version>
                <Message><![CDATA[
COM+ was unable to set up the ODBC shared environment, which means that automatic transaction enlistment will not work.%1]]></Message>
                <Template><![CDATA[
<template xmlns="http://schemas.microsoft.com/win/2004/08/events">
  <data name="param1" inType="win:UnicodeString" outType="xs:string"/>
</template>
]]></Template>
            </Event>
            <Event>
                <Id>3221361401</Id>
                <Version>0</Version>
                <Message><![CDATA[
A CRM checkpoint has failed. Most likely this application is not configured correctly for use on the cluster. See the COM+ Compensating Resource Manager (CRM) documentation for details on how to fix this problem.%1]]></Message>
                <Template><![CDATA[
<template xmlns="http://schemas.microsoft.com/win/2004/08/events">
  <data name="param1" inType="win:UnicodeString" outType="xs:string"/>
</template>
]]></Template>
            </Event>
            <Event>
                <Id>3221361402</Id>
                <Version>0</Version>
                <Message><![CDATA[
The threading model of the component specified in the registry is inconsistent with the registration database. The faulty component is: %1]]></Message>
                <Template><![CDATA[
<template xmlns="http://schemas.microsoft.com/win/2004/08/events">
  <data name="param1" inType="win:UnicodeString" outType="xs:string"/>
</template>
]]></Template>
            </Event>
            <Event>
                <Id>3221361403</Id>
                <Version>0</Version>
                <Message><![CDATA[
CRM recovery has failed because MS-DTC thinks that the previous instance of this application is still connected. This is a temporary condition that can occur if the system is too busy. Please attempt the CRM recovery again by restarting this application.%1]]></Message>
                <Template><![CDATA[
<template xmlns="http://schemas.microsoft.com/win/2004/08/events">
  <data name="param1" inType="win:UnicodeString" outType="xs:string"/>
</template>
]]></Template>
            </Event>
            <Event>
                <Id>3221361404</Id>
                <Version>0</Version>
                <Message><![CDATA[
The CRM Compensator custom component has timed out out waiting for the CRM Worker custom component to complete. See the COM+ Compensating Resource Manager (CRM) documentation for further explanation of this error.%1]]></Message>
                <Template><![CDATA[
<template xmlns="http://schemas.microsoft.com/win/2004/08/events">
  <data name="param1" inType="win:UnicodeString" outType="xs:string"/>
</template>
]]></Template>
            </Event>
            <Event>
                <Id>3221361405</Id>
                <Version>0</Version>
                <Message><![CDATA[
CRM recovery has failed because the device is not ready. This is a temporary condition which can occur during cluster failover. Please attempt the CRM recovery again by restarting this application.%1]]></Message>
                <Template><![CDATA[
<template xmlns="http://schemas.microsoft.com/win/2004/08/events">
  <data name="param1" inType="win:UnicodeString" outType="xs:string"/>
</template>
]]></Template>
            </Event>
            <Event>
                <Id>3221361406</Id>
                <Version>0</Version>
                <Message><![CDATA[
You have attempted to use COM+ Conversation support, and an error was generated accessing the database.  You must specify a valid DSN in the construct string of the COMSvcs.Conversation component. For information on what a valid DSN is, see the documentation for the SQLDriverConnect API in MSDN or the Platform SDK. An example of a valid DSN is "DSN=Conversation".]]></Message>
                <Template><![CDATA[
<template xmlns="http://schemas.microsoft.com/win/2004/08/events">
</template>
]]></Template>
            </Event>
            <Event>
                <Id>3221361407</Id>
                <Version>0</Version>
                <Message><![CDATA[
TransactionManager->GetWhereabouts failed. If Distributed Transaction Coordinator is configured to use remote host to coordinate transactions, it is likely that remote host cannot be contacted. You can configure MSDTC to use local coordinator by clicking MSDTC toolbar button in Component Services MMC snap-in. Since further execution is impossible at this time, server process has been terminated.%1]]></Message>
                <Template><![CDATA[
<template xmlns="http://schemas.microsoft.com/win/2004/08/events">
  <data name="param1" inType="win:UnicodeString" outType="xs:string"/>
</template>
]]></Template>
            </Event>
            <Event>
                <Id>3221230336</Id>
                <Version>0</Version>
                <Message><![CDATA[
You have attempted to install an application which contains one or more imported components into a non-base partition. Imported components are only supported in the base partition.%1]]></Message>
                <Template><![CDATA[
<template xmlns="http://schemas.microsoft.com/win/2004/08/events">
  <data name="param1" inType="win:UnicodeString" outType="xs:string"/>
</template>
]]></Template>
            </Event>
            <Event>
                <Id>3221361409</Id>
                <Version>0</Version>
                <Message><![CDATA[
A COM+ service (such as Queued Components or Compensating Resource Manager) failed in its PauseProcess method. The service GUID and HRESULT are: %1]]></Message>
                <Template><![CDATA[
<template xmlns="http://schemas.microsoft.com/win/2004/08/events">
  <data name="param1" inType="win:UnicodeString" outType="xs:string"/>
</template>
]]></Template>
            </Event>
            <Event>
                <Id>3221361410</Id>
                <Version>0</Version>
                <Message><![CDATA[
A COM+ service (such as Queued Components or Compensating Resource Manager) failed in its ResumeProcess method. The service GUID and HRESULT are: %1]]></Message>
                <Template><![CDATA[
<template xmlns="http://schemas.microsoft.com/win/2004/08/events">
  <data name="param1" inType="win:UnicodeString" outType="xs:string"/>
</template>
]]></Template>
            </Event>
            <Event>
                <Id>3221361411</Id>
                <Version>0</Version>
                <Message><![CDATA[
The COM+ tracing GUIDs couldn't be registered. Tracing will be disabled.%1]]></Message>
                <Template><![CDATA[
<template xmlns="http://schemas.microsoft.com/win/2004/08/events">
  <data name="param1" inType="win:UnicodeString" outType="xs:string"/>
</template>
]]></Template>
            </Event>
            <Event>
                <Id>3221361412</Id>
                <Version>0</Version>
                <Message><![CDATA[
The COM+ tracing session failed to initialize. %1]]></Message>
                <Template><![CDATA[
<template xmlns="http://schemas.microsoft.com/win/2004/08/events">
  <data name="param1" inType="win:UnicodeString" outType="xs:string"/>
</template>
]]></Template>
            </Event>
            <Event>
                <Id>3221361413</Id>
                <Version>0</Version>
                <Message><![CDATA[
The COM+ event filter encountered an unexpected error. The system event will not be fired. %1]]></Message>
                <Template><![CDATA[
<template xmlns="http://schemas.microsoft.com/win/2004/08/events">
  <data name="param1" inType="win:UnicodeString" outType="xs:string"/>
</template>
]]></Template>
            </Event>
            <Event>
                <Id>3221361920</Id>
                <Version>0</Version>
                <Message><![CDATA[
This is the first external error message in this file. It is a marker only, never issued.%1]]></Message>
                <Template><![CDATA[
<template xmlns="http://schemas.microsoft.com/win/2004/08/events">
  <data name="param1" inType="win:UnicodeString" outType="xs:string"/>
</template>
]]></Template>
            </Event>
            <Event>
                <Id>3221361921</Id>
                <Version>0</Version>
                <Message><![CDATA[
An external error has been reported to COM+ services.%1]]></Message>
                <Template><![CDATA[
<template xmlns="http://schemas.microsoft.com/win/2004/08/events">
  <data name="param1" inType="win:UnicodeString" outType="xs:string"/>
</template>
]]></Template>
            </Event>
            <Event>
                <Id>2147620098</Id>
                <Version>0</Version>
                <Message><![CDATA[
An external error has been reported to COM+ services.%1]]></Message>
                <Template><![CDATA[
<template xmlns="http://schemas.microsoft.com/win/2004/08/events">
  <data name="param1" inType="win:UnicodeString" outType="xs:string"/>
</template>
]]></Template>
            </Event>
            <Event>
                <Id>2147620099</Id>
                <Version>0</Version>
                <Message><![CDATA[
The server process has lost its connection with MS-DTC. This is expected if MS-DTC has stopped, or if MS-DTC failover has occurred on a cluster.%1]]></Message>
                <Template><![CDATA[
<template xmlns="http://schemas.microsoft.com/win/2004/08/events">
  <data name="param1" inType="win:UnicodeString" outType="xs:string"/>
</template>
]]></Template>
            </Event>
            <Event>
                <Id>3221361924</Id>
                <Version>0</Version>
                <Message><![CDATA[
COM+ could not create a new thread due to a low memory situation.%1]]></Message>
                <Template><![CDATA[
<template xmlns="http://schemas.microsoft.com/win/2004/08/events">
  <data name="param1" inType="win:UnicodeString" outType="xs:string"/>
</template>
]]></Template>
            </Event>
            <Event>
                <Id>3221361925</Id>
                <Version>0</Version>
                <Message><![CDATA[
This is the last external error message in this file. It is a marker only, never issued.%1]]></Message>
                <Template><![CDATA[
<template xmlns="http://schemas.microsoft.com/win/2004/08/events">
  <data name="param1" inType="win:UnicodeString" outType="xs:string"/>
</template>
]]></Template>
            </Event>
            <Event>
                <Id>2147489133</Id>
                <Version>0</Version>
                <Message><![CDATA[
COM+ failed to find the correct partition for the admin SDK. The admin SDK will use the base partition. Check that users are configured into partitions correctly. See your documentation for details.%1]]></Message>
                <Template><![CDATA[
<template xmlns="http://schemas.microsoft.com/win/2004/08/events">
  <data name="param1" inType="win:UnicodeString" outType="xs:string"/>
</template>
]]></Template>
            </Event>
            <Event>
                <Id>2147489134</Id>
                <Version>0</Version>
                <Message><![CDATA[
Unable to load file %1 during component registration. File does not exist.]]></Message>
                <Template><![CDATA[
<template xmlns="http://schemas.microsoft.com/win/2004/08/events">
  <data name="param1" inType="win:UnicodeString" outType="xs:string"/>
</template>
]]></Template>
            </Event>
            <Event>
                <Id>2147489136</Id>
                <Version>0</Version>
                <Message><![CDATA[
Unable to load DLL %1 during component registration. Unable to validate DLL entry points.]]></Message>
                <Template><![CDATA[
<template xmlns="http://schemas.microsoft.com/win/2004/08/events">
  <data name="param1" inType="win:UnicodeString" outType="xs:string"/>
</template>
]]></Template>
            </Event>
        </EventMetadata>
    </Provider>
</Providers>
