<Providers>
    <Provider>
        <Name>Microsoft-Windows-DeviceManagement-Pushrouter</Name>
        <Metadata>
            <Guid>{F1201B5A-E170-42B6-8D20-B57AC57E6416}</Guid>
            <ResourceFilePath>%systemroot%\system32\dmpushroutercore.dll</ResourceFilePath>
            <ParameterFilePath></ParameterFilePath>
            <MessageFilePath>%systemroot%\system32\dmpushroutercore.dll</MessageFilePath>
            <HelpLink></HelpLink>
            <PublisherMessage>Microsoft-Windows-DeviceManagement-Pushrouter</PublisherMessage>
            <Channels>
                <Channel>
                    <Message></Message>
                    <Path>Microsoft-Windows-DeviceManagement-Enterprise-Diagnostics-Provider/Operational</Path>
                    <Index>0</Index>
                    <Id>16</Id>
                    <Imported>true</Imported>
                </Channel>
            </Channels>
            <Levels>
                <Level>
                    <Message>Error</Message>
                    <Name>win:Error</Name>
                    <Value>2</Value>
                </Level>
                <Level>
                    <Message>Information</Message>
                    <Name>win:Informational</Name>
                    <Value>4</Value>
                </Level>
            </Levels>
            <Tasks>
            </Tasks>
            <Opcodes>
            </Opcodes>
            <Keywords>
            </Keywords>
        </Metadata>
        <EventMetadata>
            <Event>
                <Id>100</Id>
                <Version>0</Version>
                <Channel>Microsoft-Windows-DeviceManagement-Enterprise-Diagnostics-Provider/Operational</Channel>
                <Level>Error</Level>
                <Message><![CDATA[
MDM PushRouter Service: Failed to create ConfigManager lock service binding. Result: (%1).]]></Message>
                <Template><![CDATA[
<template xmlns="http://schemas.microsoft.com/win/2004/08/events">
  <data name="HRESULT" inType="win:HexInt32" outType="win:Win32Error"/>
</template>
]]></Template>
            </Event>
            <Event>
                <Id>101</Id>
                <Version>0</Version>
                <Channel>Microsoft-Windows-DeviceManagement-Enterprise-Diagnostics-Provider/Operational</Channel>
                <Level>Information</Level>
                <Message><![CDATA[
MDM PushRouter Service: Successfully created RPC Server Interface group. Result: (%1).]]></Message>
                <Template><![CDATA[
<template xmlns="http://schemas.microsoft.com/win/2004/08/events">
  <data name="HRESULT" inType="win:HexInt32" outType="win:Win32Error"/>
</template>
]]></Template>
            </Event>
            <Event>
                <Id>102</Id>
                <Version>0</Version>
                <Channel>Microsoft-Windows-DeviceManagement-Enterprise-Diagnostics-Provider/Operational</Channel>
                <Level>Error</Level>
                <Message><![CDATA[
MDM PushRouter Service: Failed to create RPC Server Interface group. Result: (%1).]]></Message>
                <Template><![CDATA[
<template xmlns="http://schemas.microsoft.com/win/2004/08/events">
  <data name="HRESULT" inType="win:HexInt32" outType="win:Win32Error"/>
</template>
]]></Template>
            </Event>
            <Event>
                <Id>103</Id>
                <Version>0</Version>
                <Channel>Microsoft-Windows-DeviceManagement-Enterprise-Diagnostics-Provider/Operational</Channel>
                <Level>Error</Level>
                <Message><![CDATA[
MDM PushRouter Service: Failed to activate RPC Server Interface group because a duplicate end point exists. Result: (%1).]]></Message>
                <Template><![CDATA[
<template xmlns="http://schemas.microsoft.com/win/2004/08/events">
  <data name="HRESULT" inType="win:HexInt32" outType="win:Win32Error"/>
</template>
]]></Template>
            </Event>
            <Event>
                <Id>104</Id>
                <Version>0</Version>
                <Channel>Microsoft-Windows-DeviceManagement-Enterprise-Diagnostics-Provider/Operational</Channel>
                <Level>Information</Level>
                <Message><![CDATA[
MDM PushRouter Service: Successfully activated RPC Server Interface group. Result: (%1).]]></Message>
                <Template><![CDATA[
<template xmlns="http://schemas.microsoft.com/win/2004/08/events">
  <data name="HRESULT" inType="win:HexInt32" outType="win:Win32Error"/>
</template>
]]></Template>
            </Event>
            <Event>
                <Id>105</Id>
                <Version>0</Version>
                <Channel>Microsoft-Windows-DeviceManagement-Enterprise-Diagnostics-Provider/Operational</Channel>
                <Level>Error</Level>
                <Message><![CDATA[
MDM PushRouter Service: Failed to activate RPC Server Interface group. Result: (%1).]]></Message>
                <Template><![CDATA[
<template xmlns="http://schemas.microsoft.com/win/2004/08/events">
  <data name="HRESULT" inType="win:HexInt32" outType="win:Win32Error"/>
</template>
]]></Template>
            </Event>
            <Event>
                <Id>106</Id>
                <Version>0</Version>
                <Channel>Microsoft-Windows-DeviceManagement-Enterprise-Diagnostics-Provider/Operational</Channel>
                <Level>Information</Level>
                <Message><![CDATA[
MDM PushRouter Service: Successfully deactivated RPC Server Interface group. Result: (%1).]]></Message>
                <Template><![CDATA[
<template xmlns="http://schemas.microsoft.com/win/2004/08/events">
  <data name="HRESULT" inType="win:HexInt32" outType="win:Win32Error"/>
</template>
]]></Template>
            </Event>
            <Event>
                <Id>107</Id>
                <Version>0</Version>
                <Channel>Microsoft-Windows-DeviceManagement-Enterprise-Diagnostics-Provider/Operational</Channel>
                <Level>Error</Level>
                <Message><![CDATA[
MDM PushRouter Service: Failed to deactivate RPC Server Interface group. Result: (%1).]]></Message>
                <Template><![CDATA[
<template xmlns="http://schemas.microsoft.com/win/2004/08/events">
  <data name="HRESULT" inType="win:HexInt32" outType="win:Win32Error"/>
</template>
]]></Template>
            </Event>
            <Event>
                <Id>108</Id>
                <Version>0</Version>
                <Channel>Microsoft-Windows-DeviceManagement-Enterprise-Diagnostics-Provider/Operational</Channel>
                <Level>Information</Level>
                <Message><![CDATA[
MDM PushRouter Service: Successfully closed RPC Server Interface group. Result: (%1).]]></Message>
                <Template><![CDATA[
<template xmlns="http://schemas.microsoft.com/win/2004/08/events">
  <data name="HRESULT" inType="win:HexInt32" outType="win:Win32Error"/>
</template>
]]></Template>
            </Event>
            <Event>
                <Id>109</Id>
                <Version>0</Version>
                <Channel>Microsoft-Windows-DeviceManagement-Enterprise-Diagnostics-Provider/Operational</Channel>
                <Level>Error</Level>
                <Message><![CDATA[
MDM PushRouter Service: Failed to close RPC Server Interface group. Result: (%1).]]></Message>
                <Template><![CDATA[
<template xmlns="http://schemas.microsoft.com/win/2004/08/events">
  <data name="HRESULT" inType="win:HexInt32" outType="win:Win32Error"/>
</template>
]]></Template>
            </Event>
            <Event>
                <Id>110</Id>
                <Version>0</Version>
                <Channel>Microsoft-Windows-DeviceManagement-Enterprise-Diagnostics-Provider/Operational</Channel>
                <Level>Information</Level>
                <Message><![CDATA[
MDM PushRouter Service: PushRouter RPC interface Idle status changed. Is group idle: (%1).]]></Message>
                <Template><![CDATA[
<template xmlns="http://schemas.microsoft.com/win/2004/08/events">
  <data name="HexInt1" inType="win:HexInt32" outType="win:HexInt32"/>
</template>
]]></Template>
            </Event>
            <Event>
                <Id>111</Id>
                <Version>0</Version>
                <Channel>Microsoft-Windows-DeviceManagement-Enterprise-Diagnostics-Provider/Operational</Channel>
                <Level>Information</Level>
                <Message><![CDATA[
MDM PushRouter Service: Number of PushRouter clients remaining: (%2). Operation: (%1).]]></Message>
                <Template><![CDATA[
<template xmlns="http://schemas.microsoft.com/win/2004/08/events">
  <data name="Message1" inType="win:UnicodeString" outType="xs:string"/>
  <data name="HRESULT" inType="win:HexInt32" outType="win:HexInt32"/>
</template>
]]></Template>
            </Event>
            <Event>
                <Id>112</Id>
                <Version>0</Version>
                <Channel>Microsoft-Windows-DeviceManagement-Enterprise-Diagnostics-Provider/Operational</Channel>
                <Level>Information</Level>
                <Message><![CDATA[
MDM PushRouter Service: All clients handled. Number of PushRouter clients remaining: (%1).]]></Message>
                <Template><![CDATA[
<template xmlns="http://schemas.microsoft.com/win/2004/08/events">
  <data name="HexInt1" inType="win:HexInt32" outType="win:HexInt32"/>
</template>
]]></Template>
            </Event>
            <Event>
                <Id>113</Id>
                <Version>0</Version>
                <Channel>Microsoft-Windows-DeviceManagement-Enterprise-Diagnostics-Provider/Operational</Channel>
                <Level>Information</Level>
                <Message><![CDATA[
MDM PushRouter Service: Number of active client count rolled over. Number of PushRouter clients remaining: (%1).]]></Message>
                <Template><![CDATA[
<template xmlns="http://schemas.microsoft.com/win/2004/08/events">
  <data name="HexInt1" inType="win:HexInt32" outType="win:HexInt32"/>
</template>
]]></Template>
            </Event>
            <Event>
                <Id>114</Id>
                <Version>0</Version>
                <Channel>Microsoft-Windows-DeviceManagement-Enterprise-Diagnostics-Provider/Operational</Channel>
                <Level>Information</Level>
                <Message><![CDATA[
MDM PushRouter Service: PushRouter RPC run down occured.]]></Message>
                <Template><![CDATA[
<template xmlns="http://schemas.microsoft.com/win/2004/08/events">
</template>
]]></Template>
            </Event>
            <Event>
                <Id>115</Id>
                <Version>0</Version>
                <Channel>Microsoft-Windows-DeviceManagement-Enterprise-Diagnostics-Provider/Operational</Channel>
                <Level>Information</Level>
                <Message><![CDATA[
MDM PushRouter Service: PushRouter::Open called by a client needing a handle to PushRouter.]]></Message>
                <Template><![CDATA[
<template xmlns="http://schemas.microsoft.com/win/2004/08/events">
</template>
]]></Template>
            </Event>
            <Event>
                <Id>116</Id>
                <Version>0</Version>
                <Channel>Microsoft-Windows-DeviceManagement-Enterprise-Diagnostics-Provider/Operational</Channel>
                <Level>Information</Level>
                <Message><![CDATA[
MDM PushRouter Service: PushRouter::Open called by a client needing to interact with PushRouter succeeded. Client id: (%1), Content Type: (%2):, App Id: (%3), Result: (%4).]]></Message>
                <Template><![CDATA[
<template xmlns="http://schemas.microsoft.com/win/2004/08/events">
  <data name="Message1" inType="win:UnicodeString" outType="xs:string"/>
  <data name="Message2" inType="win:UnicodeString" outType="xs:string"/>
  <data name="Message3" inType="win:UnicodeString" outType="xs:string"/>
  <data name="HRESULT" inType="win:HexInt32" outType="win:Win32Error"/>
</template>
]]></Template>
            </Event>
            <Event>
                <Id>117</Id>
                <Version>0</Version>
                <Channel>Microsoft-Windows-DeviceManagement-Enterprise-Diagnostics-Provider/Operational</Channel>
                <Level>Error</Level>
                <Message><![CDATA[
MDM PushRouter Service: PushRouter::Open called by a client needing to interact with PushRouter failed. Content Type: (%1):, App Id: (%2), Result: (%3).]]></Message>
                <Template><![CDATA[
<template xmlns="http://schemas.microsoft.com/win/2004/08/events">
  <data name="Message1" inType="win:UnicodeString" outType="xs:string"/>
  <data name="Message2" inType="win:UnicodeString" outType="xs:string"/>
  <data name="HRESULT" inType="win:HexInt32" outType="win:Win32Error"/>
</template>
]]></Template>
            </Event>
            <Event>
                <Id>118</Id>
                <Version>0</Version>
                <Channel>Microsoft-Windows-DeviceManagement-Enterprise-Diagnostics-Provider/Operational</Channel>
                <Level>Information</Level>
                <Message><![CDATA[
MDM PushRouter Service: PushRouter was submitted a message from the same service PushRouter is running in. Message origin: (%1).]]></Message>
                <Template><![CDATA[
<template xmlns="http://schemas.microsoft.com/win/2004/08/events">
  <data name="HexInt1" inType="win:HexInt32" outType="win:HexInt32"/>
</template>
]]></Template>
            </Event>
            <Event>
                <Id>119</Id>
                <Version>0</Version>
                <Channel>Microsoft-Windows-DeviceManagement-Enterprise-Diagnostics-Provider/Operational</Channel>
                <Level>Information</Level>
                <Message><![CDATA[
MDM PushRouter Service: PushRouter was submitted a message from the same service PushRouter is running in. Message submission succeeded. Sender Address: (%1), Content Type: (%2), App Id: (%3), Result: (%4).]]></Message>
                <Template><![CDATA[
<template xmlns="http://schemas.microsoft.com/win/2004/08/events">
  <data name="Message1" inType="win:UnicodeString" outType="xs:string"/>
  <data name="Message2" inType="win:UnicodeString" outType="xs:string"/>
  <data name="Message3" inType="win:UnicodeString" outType="xs:string"/>
  <data name="HRESULT" inType="win:HexInt32" outType="win:Win32Error"/>
</template>
]]></Template>
            </Event>
            <Event>
                <Id>120</Id>
                <Version>0</Version>
                <Channel>Microsoft-Windows-DeviceManagement-Enterprise-Diagnostics-Provider/Operational</Channel>
                <Level>Error</Level>
                <Message><![CDATA[
MDM PushRouter Service: PushRouter was submitted a message from the same service PushRouter is running in. Message submission failed. Sender Address: (%1):, Content Type: (%2),App Id: (%3), Result: (%4).]]></Message>
                <Template><![CDATA[
<template xmlns="http://schemas.microsoft.com/win/2004/08/events">
  <data name="Message1" inType="win:UnicodeString" outType="xs:string"/>
  <data name="Message2" inType="win:UnicodeString" outType="xs:string"/>
  <data name="Message3" inType="win:UnicodeString" outType="xs:string"/>
  <data name="HRESULT" inType="win:HexInt32" outType="win:Win32Error"/>
</template>
]]></Template>
            </Event>
            <Event>
                <Id>121</Id>
                <Version>0</Version>
                <Channel>Microsoft-Windows-DeviceManagement-Enterprise-Diagnostics-Provider/Operational</Channel>
                <Level>Information</Level>
                <Message><![CDATA[
MDM PushRouter Service: PushRouter was submitted a message by a RPC client. Message submission succeeded. Message origin: (%1), Result: (%2).]]></Message>
                <Template><![CDATA[
<template xmlns="http://schemas.microsoft.com/win/2004/08/events">
  <data name="HexInt1" inType="win:HexInt32" outType="win:HexInt32"/>
  <data name="HRESULT" inType="win:HexInt32" outType="win:Win32Error"/>
</template>
]]></Template>
            </Event>
            <Event>
                <Id>122</Id>
                <Version>0</Version>
                <Channel>Microsoft-Windows-DeviceManagement-Enterprise-Diagnostics-Provider/Operational</Channel>
                <Level>Error</Level>
                <Message><![CDATA[
MDM PushRouter Service: PushRouter was submitted a message by a RPC client. Message submission failed. Message origin: (%1), Result: (%2).]]></Message>
                <Template><![CDATA[
<template xmlns="http://schemas.microsoft.com/win/2004/08/events">
  <data name="HexInt1" inType="win:HexInt32" outType="win:HexInt32"/>
  <data name="HRESULT" inType="win:HexInt32" outType="win:Win32Error"/>
</template>
]]></Template>
            </Event>
            <Event>
                <Id>123</Id>
                <Version>0</Version>
                <Channel>Microsoft-Windows-DeviceManagement-Enterprise-Diagnostics-Provider/Operational</Channel>
                <Level>Information</Level>
                <Message><![CDATA[
MDM PushRouter Service: PushRouter was created successfully. Result: (%1).]]></Message>
                <Template><![CDATA[
<template xmlns="http://schemas.microsoft.com/win/2004/08/events">
  <data name="HRESULT" inType="win:HexInt32" outType="win:Win32Error"/>
</template>
]]></Template>
            </Event>
            <Event>
                <Id>124</Id>
                <Version>0</Version>
                <Channel>Microsoft-Windows-DeviceManagement-Enterprise-Diagnostics-Provider/Operational</Channel>
                <Level>Error</Level>
                <Message><![CDATA[
MDM PushRouter Service: PushRouter could not be created successfully. Result: (%1).]]></Message>
                <Template><![CDATA[
<template xmlns="http://schemas.microsoft.com/win/2004/08/events">
  <data name="HRESULT" inType="win:HexInt32" outType="win:Win32Error"/>
</template>
]]></Template>
            </Event>
            <Event>
                <Id>127</Id>
                <Version>0</Version>
                <Channel>Microsoft-Windows-DeviceManagement-Enterprise-Diagnostics-Provider/Operational</Channel>
                <Level>Error</Level>
                <Message><![CDATA[
MDM PushRouter Service: Changing PushRouter start up type to auto start failed. Result: (%1).]]></Message>
                <Template><![CDATA[
<template xmlns="http://schemas.microsoft.com/win/2004/08/events">
  <data name="HRESULT" inType="win:HexInt32" outType="win:Win32Error"/>
</template>
]]></Template>
            </Event>
            <Event>
                <Id>128</Id>
                <Version>0</Version>
                <Channel>Microsoft-Windows-DeviceManagement-Enterprise-Diagnostics-Provider/Operational</Channel>
                <Level>Error</Level>
                <Message><![CDATA[
MDM PushRouter Service: Changing PushRouter start up type to delayed auto start failed. Result: (%1).]]></Message>
                <Template><![CDATA[
<template xmlns="http://schemas.microsoft.com/win/2004/08/events">
  <data name="HRESULT" inType="win:HexInt32" outType="win:Win32Error"/>
</template>
]]></Template>
            </Event>
            <Event>
                <Id>129</Id>
                <Version>0</Version>
                <Channel>Microsoft-Windows-DeviceManagement-Enterprise-Diagnostics-Provider/Operational</Channel>
                <Level>Information</Level>
                <Message><![CDATA[
MDM PushRouter Service: PushRouter close called by a client interacting with it succeeded. Client id: (%1), Result: (%2).]]></Message>
                <Template><![CDATA[
<template xmlns="http://schemas.microsoft.com/win/2004/08/events">
  <data name="Message1" inType="win:UnicodeString" outType="xs:string"/>
  <data name="HRESULT" inType="win:HexInt32" outType="win:Win32Error"/>
</template>
]]></Template>
            </Event>
            <Event>
                <Id>130</Id>
                <Version>0</Version>
                <Channel>Microsoft-Windows-DeviceManagement-Enterprise-Diagnostics-Provider/Operational</Channel>
                <Level>Error</Level>
                <Message><![CDATA[
MDM PushRouter Service: PushRouter close called by a client interacting with it failed. Client id: (%1), Result: (%2).]]></Message>
                <Template><![CDATA[
<template xmlns="http://schemas.microsoft.com/win/2004/08/events">
  <data name="Message1" inType="win:UnicodeString" outType="xs:string"/>
  <data name="HRESULT" inType="win:HexInt32" outType="win:Win32Error"/>
</template>
]]></Template>
            </Event>
            <Event>
                <Id>131</Id>
                <Version>0</Version>
                <Channel>Microsoft-Windows-DeviceManagement-Enterprise-Diagnostics-Provider/Operational</Channel>
                <Level>Information</Level>
                <Message><![CDATA[
MDM PushRouter Service: A client initiated a get message operation from PushRouter.]]></Message>
                <Template><![CDATA[
<template xmlns="http://schemas.microsoft.com/win/2004/08/events">
</template>
]]></Template>
            </Event>
            <Event>
                <Id>132</Id>
                <Version>0</Version>
                <Channel>Microsoft-Windows-DeviceManagement-Enterprise-Diagnostics-Provider/Operational</Channel>
                <Level>Information</Level>
                <Message><![CDATA[
MDM PushRouter Service: A client was able to successfully get a message from PushRouter. Content Type: (%1), App Id: (%2), Source Address: (%3), Client ID: (%4), Security Account: (%5), Message origin: (%6), Result: (%7).]]></Message>
                <Template><![CDATA[
<template xmlns="http://schemas.microsoft.com/win/2004/08/events">
  <data name="Message1" inType="win:UnicodeString" outType="xs:string"/>
  <data name="Message2" inType="win:UnicodeString" outType="xs:string"/>
  <data name="Message3" inType="win:UnicodeString" outType="xs:string"/>
  <data name="Message4" inType="win:UnicodeString" outType="xs:string"/>
  <data name="Message5" inType="win:UnicodeString" outType="xs:string"/>
  <data name="HexInt1" inType="win:HexInt32" outType="win:HexInt32"/>
  <data name="HexInt3" inType="win:HexInt32" outType="win:Win32Error"/>
</template>
]]></Template>
            </Event>
            <Event>
                <Id>133</Id>
                <Version>0</Version>
                <Channel>Microsoft-Windows-DeviceManagement-Enterprise-Diagnostics-Provider/Operational</Channel>
                <Level>Information</Level>
                <Message><![CDATA[
MDM PushRouter Service: A client failed to get a message from PushRouter. Content Type: (%1), App Id: (%2), Source Address: (%3), Client ID: (%4), Message origin: (%5), Result: (%6).]]></Message>
                <Template><![CDATA[
<template xmlns="http://schemas.microsoft.com/win/2004/08/events">
  <data name="Message1" inType="win:UnicodeString" outType="xs:string"/>
  <data name="Message2" inType="win:UnicodeString" outType="xs:string"/>
  <data name="Message3" inType="win:UnicodeString" outType="xs:string"/>
  <data name="Message4" inType="win:UnicodeString" outType="xs:string"/>
  <data name="HexInt1" inType="win:HexInt32" outType="win:HexInt32"/>
  <data name="HexInt3" inType="win:HexInt32" outType="win:Win32Error"/>
</template>
]]></Template>
            </Event>
            <Event>
                <Id>134</Id>
                <Version>0</Version>
                <Channel>Microsoft-Windows-DeviceManagement-Enterprise-Diagnostics-Provider/Operational</Channel>
                <Level>Information</Level>
                <Message><![CDATA[
MDM PushRouter Service: PushRouter was instantiated.]]></Message>
                <Template><![CDATA[
<template xmlns="http://schemas.microsoft.com/win/2004/08/events">
</template>
]]></Template>
            </Event>
            <Event>
                <Id>135</Id>
                <Version>0</Version>
                <Channel>Microsoft-Windows-DeviceManagement-Enterprise-Diagnostics-Provider/Operational</Channel>
                <Level>Information</Level>
                <Message><![CDATA[
MDM Message Persistence: Persisted message found. Location: (%1).]]></Message>
                <Template><![CDATA[
<template xmlns="http://schemas.microsoft.com/win/2004/08/events">
  <data name="Message1" inType="win:UnicodeString" outType="xs:string"/>
</template>
]]></Template>
            </Event>
            <Event>
                <Id>136</Id>
                <Version>0</Version>
                <Channel>Microsoft-Windows-DeviceManagement-Enterprise-Diagnostics-Provider/Operational</Channel>
                <Level>Error</Level>
                <Message><![CDATA[
MDM Message Persistence: Failed to load persisted message file. Location: (%1), Result: (%2).]]></Message>
                <Template><![CDATA[
<template xmlns="http://schemas.microsoft.com/win/2004/08/events">
  <data name="Message1" inType="win:UnicodeString" outType="xs:string"/>
  <data name="HRESULT" inType="win:HexInt32" outType="win:Win32Error"/>
</template>
]]></Template>
            </Event>
            <Event>
                <Id>137</Id>
                <Version>0</Version>
                <Channel>Microsoft-Windows-DeviceManagement-Enterprise-Diagnostics-Provider/Operational</Channel>
                <Level>Information</Level>
                <Message><![CDATA[
MDM Message Persistence: Queue Id found for persisted message. Location: (%1), Queue Id: (%2).]]></Message>
                <Template><![CDATA[
<template xmlns="http://schemas.microsoft.com/win/2004/08/events">
  <data name="Message1" inType="win:UnicodeString" outType="xs:string"/>
  <data name="HRESULT" inType="win:HexInt32" outType="win:HexInt32"/>
</template>
]]></Template>
            </Event>
            <Event>
                <Id>138</Id>
                <Version>0</Version>
                <Channel>Microsoft-Windows-DeviceManagement-Enterprise-Diagnostics-Provider/Operational</Channel>
                <Level>Error</Level>
                <Message><![CDATA[
MDM Message Persistence: No client found for queue Id for persisted message. Location: (%1), Queue Id: (%2), Result: (%3).]]></Message>
                <Template><![CDATA[
<template xmlns="http://schemas.microsoft.com/win/2004/08/events">
  <data name="Message1" inType="win:UnicodeString" outType="xs:string"/>
  <data name="HexInt1" inType="win:HexInt32" outType="win:HexInt32"/>
  <data name="HRESULT" inType="win:HexInt32" outType="win:Win32Error"/>
</template>
]]></Template>
            </Event>
            <Event>
                <Id>139</Id>
                <Version>0</Version>
                <Channel>Microsoft-Windows-DeviceManagement-Enterprise-Diagnostics-Provider/Operational</Channel>
                <Level>Error</Level>
                <Message><![CDATA[
MDM Message Persistence: Client found for queue Id for persisted message. Location: (%1), Queue Id: (%2), Result: (%3).]]></Message>
                <Template><![CDATA[
<template xmlns="http://schemas.microsoft.com/win/2004/08/events">
  <data name="Message1" inType="win:UnicodeString" outType="xs:string"/>
  <data name="Message2" inType="win:UnicodeString" outType="xs:string"/>
  <data name="HexInt3" inType="win:HexInt32" outType="win:HexInt32"/>
  <data name="HRESULT" inType="win:HexInt32" outType="win:Win32Error"/>
</template>
]]></Template>
            </Event>
            <Event>
                <Id>140</Id>
                <Version>0</Version>
                <Channel>Microsoft-Windows-DeviceManagement-Enterprise-Diagnostics-Provider/Operational</Channel>
                <Level>Error</Level>
                <Message><![CDATA[
MDM Message Persistence: Client failed to launch for queue Id for persisted message. Location: (%1), Client: (%2), Queue Id: (%3), Result: (%4).]]></Message>
                <Template><![CDATA[
<template xmlns="http://schemas.microsoft.com/win/2004/08/events">
  <data name="Message1" inType="win:UnicodeString" outType="xs:string"/>
  <data name="Message2" inType="win:UnicodeString" outType="xs:string"/>
  <data name="HexInt3" inType="win:HexInt32" outType="win:HexInt32"/>
  <data name="HRESULT" inType="win:HexInt32" outType="win:Win32Error"/>
</template>
]]></Template>
            </Event>
            <Event>
                <Id>141</Id>
                <Version>0</Version>
                <Channel>Microsoft-Windows-DeviceManagement-Enterprise-Diagnostics-Provider/Operational</Channel>
                <Level>Information</Level>
                <Message><![CDATA[
MDM Message Persistence: No persisted message found.Location: (%1).]]></Message>
                <Template><![CDATA[
<template xmlns="http://schemas.microsoft.com/win/2004/08/events">
  <data name="Message1" inType="win:UnicodeString" outType="xs:string"/>
</template>
]]></Template>
            </Event>
            <Event>
                <Id>142</Id>
                <Version>0</Version>
                <Channel>Microsoft-Windows-DeviceManagement-Enterprise-Diagnostics-Provider/Operational</Channel>
                <Level>Error</Level>
                <Message><![CDATA[
MDM Message Persistence: Failed to delete messages file. Queue name: (%1), Result: (%2).]]></Message>
                <Template><![CDATA[
<template xmlns="http://schemas.microsoft.com/win/2004/08/events">
  <data name="Message1" inType="win:UnicodeString" outType="xs:string"/>
  <data name="HRESULT" inType="win:HexInt32" outType="win:Win32Error"/>
</template>
]]></Template>
            </Event>
            <Event>
                <Id>143</Id>
                <Version>0</Version>
                <Channel>Microsoft-Windows-DeviceManagement-Enterprise-Diagnostics-Provider/Operational</Channel>
                <Level>Error</Level>
                <Message><![CDATA[
MDM Message Persistence: Failed to process persisted messages. Result: (%1).]]></Message>
                <Template><![CDATA[
<template xmlns="http://schemas.microsoft.com/win/2004/08/events">
  <data name="HRESULT" inType="win:HexInt32" outType="win:Win32Error"/>
</template>
]]></Template>
            </Event>
            <Event>
                <Id>144</Id>
                <Version>0</Version>
                <Channel>Microsoft-Windows-DeviceManagement-Enterprise-Diagnostics-Provider/Operational</Channel>
                <Level>Information</Level>
                <Message><![CDATA[
MDM Message Persistence: Successfully processed persisted messages. Result: (%1).]]></Message>
                <Template><![CDATA[
<template xmlns="http://schemas.microsoft.com/win/2004/08/events">
  <data name="HRESULT" inType="win:HexInt32" outType="win:Win32Error"/>
</template>
]]></Template>
            </Event>
            <Event>
                <Id>145</Id>
                <Version>0</Version>
                <Channel>Microsoft-Windows-DeviceManagement-Enterprise-Diagnostics-Provider/Operational</Channel>
                <Level>Information</Level>
                <Message><![CDATA[
MDM PushRouter Service: PushRouter started routing a message.]]></Message>
                <Template><![CDATA[
<template xmlns="http://schemas.microsoft.com/win/2004/08/events">
</template>
]]></Template>
            </Event>
            <Event>
                <Id>146</Id>
                <Version>0</Version>
                <Channel>Microsoft-Windows-DeviceManagement-Enterprise-Diagnostics-Provider/Operational</Channel>
                <Level>Error</Level>
                <Message><![CDATA[
MDM PushRouter Service: Routing a message failed. Content: (%1), Application: (%2), Sender: (%3), Client: (%4), Queue Id: (%5), Result: (%6).]]></Message>
                <Template><![CDATA[
<template xmlns="http://schemas.microsoft.com/win/2004/08/events">
  <data name="Message1" inType="win:UnicodeString" outType="xs:string"/>
  <data name="Message2" inType="win:UnicodeString" outType="xs:string"/>
  <data name="Message3" inType="win:UnicodeString" outType="xs:string"/>
  <data name="Message4" inType="win:UnicodeString" outType="xs:string"/>
  <data name="Message5" inType="win:UnicodeString" outType="xs:string"/>
  <data name="HexInt1" inType="win:HexInt32" outType="win:Win32Error"/>
</template>
]]></Template>
            </Event>
            <Event>
                <Id>147</Id>
                <Version>0</Version>
                <Channel>Microsoft-Windows-DeviceManagement-Enterprise-Diagnostics-Provider/Operational</Channel>
                <Level>Information</Level>
                <Message><![CDATA[
MDM PushRouter Service: Message routed successfully. Content: (%1), Application: (%2), Sender: (%3), Client: (%4), Queue Id: (%5), Result: (%6).]]></Message>
                <Template><![CDATA[
<template xmlns="http://schemas.microsoft.com/win/2004/08/events">
  <data name="Message1" inType="win:UnicodeString" outType="xs:string"/>
  <data name="Message2" inType="win:UnicodeString" outType="xs:string"/>
  <data name="Message3" inType="win:UnicodeString" outType="xs:string"/>
  <data name="Message4" inType="win:UnicodeString" outType="xs:string"/>
  <data name="Message5" inType="win:UnicodeString" outType="xs:string"/>
  <data name="HexInt1" inType="win:HexInt32" outType="win:Win32Error"/>
</template>
]]></Template>
            </Event>
            <Event>
                <Id>148</Id>
                <Version>0</Version>
                <Channel>Microsoft-Windows-DeviceManagement-Enterprise-Diagnostics-Provider/Operational</Channel>
                <Level>Information</Level>
                <Message><![CDATA[
MDM PushRouter Service: PushRouter started routing a new message.]]></Message>
                <Template><![CDATA[
<template xmlns="http://schemas.microsoft.com/win/2004/08/events">
</template>
]]></Template>
            </Event>
            <Event>
                <Id>149</Id>
                <Version>0</Version>
                <Channel>Microsoft-Windows-DeviceManagement-Enterprise-Diagnostics-Provider/Operational</Channel>
                <Level>Error</Level>
                <Message><![CDATA[
MDM PushRouter Service: Failed to route a new message. Result: (%1).]]></Message>
                <Template><![CDATA[
<template xmlns="http://schemas.microsoft.com/win/2004/08/events">
  <data name="HRESULT" inType="win:HexInt32" outType="win:Win32Error"/>
</template>
]]></Template>
            </Event>
            <Event>
                <Id>150</Id>
                <Version>0</Version>
                <Channel>Microsoft-Windows-DeviceManagement-Enterprise-Diagnostics-Provider/Operational</Channel>
                <Level>Information</Level>
                <Message><![CDATA[
MDM PushRouter Service: Successfully routed a new message. Result: (%1).]]></Message>
                <Template><![CDATA[
<template xmlns="http://schemas.microsoft.com/win/2004/08/events">
  <data name="HRESULT" inType="win:HexInt32" outType="win:Win32Error"/>
</template>
]]></Template>
            </Event>
            <Event>
                <Id>151</Id>
                <Version>0</Version>
                <Channel>Microsoft-Windows-DeviceManagement-Enterprise-Diagnostics-Provider/Operational</Channel>
                <Level>Error</Level>
                <Message><![CDATA[
MDM Message Persistence: Failed to load unauthenticated messages file.Queue name: (%1), Result: (%2).]]></Message>
                <Template><![CDATA[
<template xmlns="http://schemas.microsoft.com/win/2004/08/events">
  <data name="Message1" inType="win:UnicodeString" outType="xs:string"/>
  <data name="HRESULT" inType="win:HexInt32" outType="win:Win32Error"/>
</template>
]]></Template>
            </Event>
            <Event>
                <Id>152</Id>
                <Version>0</Version>
                <Channel>Microsoft-Windows-DeviceManagement-Enterprise-Diagnostics-Provider/Operational</Channel>
                <Level>Information</Level>
                <Message><![CDATA[
MDM PushRouter Authentication: Loaded an authentication provider. Name: (%1).]]></Message>
                <Template><![CDATA[
<template xmlns="http://schemas.microsoft.com/win/2004/08/events">
  <data name="Message1" inType="win:UnicodeString" outType="xs:string"/>
</template>
]]></Template>
            </Event>
            <Event>
                <Id>153</Id>
                <Version>0</Version>
                <Channel>Microsoft-Windows-DeviceManagement-Enterprise-Diagnostics-Provider/Operational</Channel>
                <Level>Error</Level>
                <Message><![CDATA[
MDM PushRouter Authentication: Getting authentication provider failed. Name: (%1), Result: (%2).]]></Message>
                <Template><![CDATA[
<template xmlns="http://schemas.microsoft.com/win/2004/08/events">
  <data name="Message1" inType="win:UnicodeString" outType="xs:string"/>
  <data name="HRESULT" inType="win:HexInt32" outType="win:Win32Error"/>
</template>
]]></Template>
            </Event>
            <Event>
                <Id>154</Id>
                <Version>0</Version>
                <Channel>Microsoft-Windows-DeviceManagement-Enterprise-Diagnostics-Provider/Operational</Channel>
                <Level>Error</Level>
                <Message><![CDATA[
MDM PushRouter Authentication: Loaded authentication provider failed to authenticate message. Name: (%1), Result: (%2).]]></Message>
                <Template><![CDATA[
<template xmlns="http://schemas.microsoft.com/win/2004/08/events">
  <data name="Message1" inType="win:UnicodeString" outType="xs:string"/>
  <data name="HRESULT" inType="win:HexInt32" outType="win:Win32Error"/>
</template>
]]></Template>
            </Event>
            <Event>
                <Id>155</Id>
                <Version>0</Version>
                <Channel>Microsoft-Windows-DeviceManagement-Enterprise-Diagnostics-Provider/Operational</Channel>
                <Level>Information</Level>
                <Message><![CDATA[
MDM PushRouter Authentication: Message authenticated successfully. Name: (%1), Security account name: (%2), Message headers: (%3), Sender address: (%4), Role: (%5), Result: (%6).]]></Message>
                <Template><![CDATA[
<template xmlns="http://schemas.microsoft.com/win/2004/08/events">
  <data name="Message1" inType="win:UnicodeString" outType="xs:string"/>
  <data name="Message2" inType="win:UnicodeString" outType="xs:string"/>
  <data name="Message3" inType="win:UnicodeString" outType="xs:string"/>
  <data name="Message4" inType="win:UnicodeString" outType="xs:string"/>
  <data name="HexInt1" inType="win:HexInt32" outType="win:HexInt32"/>
  <data name="HexInt3" inType="win:HexInt32" outType="win:Win32Error"/>
</template>
]]></Template>
            </Event>
            <Event>
                <Id>156</Id>
                <Version>0</Version>
                <Channel>Microsoft-Windows-DeviceManagement-Enterprise-Diagnostics-Provider/Operational</Channel>
                <Level>Error</Level>
                <Message><![CDATA[
MDM PushRouter Authentication: Message could not be authenticated. Result: (%1).]]></Message>
                <Template><![CDATA[
<template xmlns="http://schemas.microsoft.com/win/2004/08/events">
  <data name="HRESULT" inType="win:HexInt32" outType="win:Win32Error"/>
</template>
]]></Template>
            </Event>
            <Event>
                <Id>157</Id>
                <Version>0</Version>
                <Channel>Microsoft-Windows-DeviceManagement-Enterprise-Diagnostics-Provider/Operational</Channel>
                <Level>Error</Level>
                <Message><![CDATA[
MDM PushRouter Proxy: RPC call to get a message from PushRouter failed. Result: (%1).]]></Message>
                <Template><![CDATA[
<template xmlns="http://schemas.microsoft.com/win/2004/08/events">
  <data name="HRESULT" inType="win:HexInt32" outType="win:Win32Error"/>
</template>
]]></Template>
            </Event>
            <Event>
                <Id>158</Id>
                <Version>0</Version>
                <Channel>Microsoft-Windows-DeviceManagement-Enterprise-Diagnostics-Provider/Operational</Channel>
                <Level>Information</Level>
                <Message><![CDATA[
MDM PushRouter Proxy: RPC call to get a message from PushRouter succeeded. Result: (%1).]]></Message>
                <Template><![CDATA[
<template xmlns="http://schemas.microsoft.com/win/2004/08/events">
  <data name="HRESULT" inType="win:HexInt32" outType="win:Win32Error"/>
</template>
]]></Template>
            </Event>
            <Event>
                <Id>159</Id>
                <Version>0</Version>
                <Channel>Microsoft-Windows-DeviceManagement-Enterprise-Diagnostics-Provider/Operational</Channel>
                <Level>Error</Level>
                <Message><![CDATA[
MDM PushRouter Proxy: RPC call to submit a message from PushRouter failed. Result: (%1).]]></Message>
                <Template><![CDATA[
<template xmlns="http://schemas.microsoft.com/win/2004/08/events">
  <data name="HRESULT" inType="win:HexInt32" outType="win:Win32Error"/>
</template>
]]></Template>
            </Event>
            <Event>
                <Id>160</Id>
                <Version>0</Version>
                <Channel>Microsoft-Windows-DeviceManagement-Enterprise-Diagnostics-Provider/Operational</Channel>
                <Level>Information</Level>
                <Message><![CDATA[
MDM PushRouter Proxy: RPC call to submit a message from PushRouter succeeded. Result: (%1).]]></Message>
                <Template><![CDATA[
<template xmlns="http://schemas.microsoft.com/win/2004/08/events">
  <data name="HRESULT" inType="win:HexInt32" outType="win:Win32Error"/>
</template>
]]></Template>
            </Event>
            <Event>
                <Id>161</Id>
                <Version>0</Version>
                <Channel>Microsoft-Windows-DeviceManagement-Enterprise-Diagnostics-Provider/Operational</Channel>
                <Level>Error</Level>
                <Message><![CDATA[
MDM PushRouter Authentication: Failed to get network shared secret because ICCID is null.]]></Message>
                <Template><![CDATA[
<template xmlns="http://schemas.microsoft.com/win/2004/08/events">
</template>
]]></Template>
            </Event>
            <Event>
                <Id>162</Id>
                <Version>0</Version>
                <Channel>Microsoft-Windows-DeviceManagement-Enterprise-Diagnostics-Provider/Operational</Channel>
                <Level>Information</Level>
                <Message><![CDATA[
MDM PushRouter Authentication: WAP Verification succeeded. Security param: (%1), Security role assigned: (%2), Result: (%3).]]></Message>
                <Template><![CDATA[
<template xmlns="http://schemas.microsoft.com/win/2004/08/events">
  <data name="HexInt1" inType="win:HexInt32" outType="win:HexInt32"/>
  <data name="HexInt2" inType="win:HexInt32" outType="win:HexInt32"/>
  <data name="HRESULT" inType="win:HexInt32" outType="win:Win32Error"/>
</template>
]]></Template>
            </Event>
            <Event>
                <Id>163</Id>
                <Version>0</Version>
                <Channel>Microsoft-Windows-DeviceManagement-Enterprise-Diagnostics-Provider/Operational</Channel>
                <Level>Error</Level>
                <Message><![CDATA[
MDM PushRouter Authentication: WAP Verification failed. Security param: (%1), Security role assigned: (%2), Result: (%3).]]></Message>
                <Template><![CDATA[
<template xmlns="http://schemas.microsoft.com/win/2004/08/events">
  <data name="HexInt1" inType="win:HexInt32" outType="win:HexInt32"/>
  <data name="HexInt2" inType="win:HexInt32" outType="win:HexInt32"/>
  <data name="HRESULT" inType="win:HexInt32" outType="win:Win32Error"/>
</template>
]]></Template>
            </Event>
            <Event>
                <Id>164</Id>
                <Version>0</Version>
                <Channel>Microsoft-Windows-DeviceManagement-Enterprise-Diagnostics-Provider/Operational</Channel>
                <Level>Error</Level>
                <Message><![CDATA[
MDM PushRouter Authentication: WAP Authentication failed. Security param: (%1), Policy Value: (%2), Security role assigned: (%3), Result: (%4).]]></Message>
                <Template><![CDATA[
<template xmlns="http://schemas.microsoft.com/win/2004/08/events">
  <data name="HexInt1" inType="win:HexInt32" outType="win:HexInt32"/>
  <data name="HexInt2" inType="win:HexInt32" outType="win:HexInt32"/>
  <data name="HexInt3" inType="win:HexInt32" outType="win:HexInt32"/>
  <data name="HRESULT" inType="win:HexInt32" outType="win:Win32Error"/>
</template>
]]></Template>
            </Event>
            <Event>
                <Id>165</Id>
                <Version>0</Version>
                <Channel>Microsoft-Windows-DeviceManagement-Enterprise-Diagnostics-Provider/Operational</Channel>
                <Level>Information</Level>
                <Message><![CDATA[
MDM PushRouter Authentication: WAP Authentication succeeded. Security param: (%1), Policy Value: (%2), Security role assigned: (%3), Result: (%4).]]></Message>
                <Template><![CDATA[
<template xmlns="http://schemas.microsoft.com/win/2004/08/events">
  <data name="HexInt1" inType="win:HexInt32" outType="win:HexInt32"/>
  <data name="HexInt2" inType="win:HexInt32" outType="win:HexInt32"/>
  <data name="HexInt3" inType="win:HexInt32" outType="win:HexInt32"/>
  <data name="HRESULT" inType="win:HexInt32" outType="win:Win32Error"/>
</template>
]]></Template>
            </Event>
            <Event>
                <Id>166</Id>
                <Version>0</Version>
                <Channel>Microsoft-Windows-DeviceManagement-Enterprise-Diagnostics-Provider/Operational</Channel>
                <Level>Error</Level>
                <Message><![CDATA[
MDM PushRouter Authentication: SyncMl Authentication failed. Headers: (%1), Message Body size: (%2), Result: (%3).]]></Message>
                <Template><![CDATA[
<template xmlns="http://schemas.microsoft.com/win/2004/08/events">
  <data name="Message1" inType="win:UnicodeString" outType="xs:string"/>
  <data name="HexInt1" inType="win:HexInt32" outType="win:HexInt32"/>
  <data name="HRESULT" inType="win:HexInt32" outType="win:Win32Error"/>
</template>
]]></Template>
            </Event>
            <Event>
                <Id>167</Id>
                <Version>0</Version>
                <Channel>Microsoft-Windows-DeviceManagement-Enterprise-Diagnostics-Provider/Operational</Channel>
                <Level>Information</Level>
                <Message><![CDATA[
MDM PushRouter Authentication: SyncMl Authentication succeeded. Headers: (%1), Message Body size: (%2), Result: (%3).]]></Message>
                <Template><![CDATA[
<template xmlns="http://schemas.microsoft.com/win/2004/08/events">
  <data name="Message1" inType="win:UnicodeString" outType="xs:string"/>
  <data name="HexInt1" inType="win:HexInt32" outType="win:HexInt32"/>
  <data name="HRESULT" inType="win:HexInt32" outType="win:Win32Error"/>
</template>
]]></Template>
            </Event>
            <Event>
                <Id>168</Id>
                <Version>0</Version>
                <Channel>Microsoft-Windows-DeviceManagement-Enterprise-Diagnostics-Provider/Operational</Channel>
                <Level>Error</Level>
                <Message><![CDATA[
MDM PushRouter Authentication: Getting ServerID from the trigger failed. Result: (%1).]]></Message>
                <Template><![CDATA[
<template xmlns="http://schemas.microsoft.com/win/2004/08/events">
  <data name="HRESULT" inType="win:HexInt32" outType="win:Win32Error"/>
</template>
]]></Template>
            </Event>
            <Event>
                <Id>169</Id>
                <Version>0</Version>
                <Channel>Microsoft-Windows-DeviceManagement-Enterprise-Diagnostics-Provider/Operational</Channel>
                <Level>Information</Level>
                <Message><![CDATA[
MDM PushRouter Authentication: Getting ServerID from the trigger succeeded. Result: (%1).]]></Message>
                <Template><![CDATA[
<template xmlns="http://schemas.microsoft.com/win/2004/08/events">
  <data name="HRESULT" inType="win:HexInt32" outType="win:Win32Error"/>
</template>
]]></Template>
            </Event>
            <Event>
                <Id>170</Id>
                <Version>0</Version>
                <Channel>Microsoft-Windows-DeviceManagement-Enterprise-Diagnostics-Provider/Operational</Channel>
                <Level>Error</Level>
                <Message><![CDATA[
MDM PushRouter Authentication: Validating trigger failed. Result: (%1).]]></Message>
                <Template><![CDATA[
<template xmlns="http://schemas.microsoft.com/win/2004/08/events">
  <data name="HRESULT" inType="win:HexInt32" outType="win:Win32Error"/>
</template>
]]></Template>
            </Event>
            <Event>
                <Id>171</Id>
                <Version>0</Version>
                <Channel>Microsoft-Windows-DeviceManagement-Enterprise-Diagnostics-Provider/Operational</Channel>
                <Level>Information</Level>
                <Message><![CDATA[
MDM PushRouter Authentication: Validating trigger succeeded. Result: (%1).]]></Message>
                <Template><![CDATA[
<template xmlns="http://schemas.microsoft.com/win/2004/08/events">
  <data name="HRESULT" inType="win:HexInt32" outType="win:Win32Error"/>
</template>
]]></Template>
            </Event>
            <Event>
                <Id>172</Id>
                <Version>0</Version>
                <Channel>Microsoft-Windows-DeviceManagement-Enterprise-Diagnostics-Provider/Operational</Channel>
                <Level>Error</Level>
                <Message><![CDATA[
MDM PushRouter Authentication: Validating nonce failed. Type of nonce: (%1), Result: (%2).]]></Message>
                <Template><![CDATA[
<template xmlns="http://schemas.microsoft.com/win/2004/08/events">
  <data name="Message1" inType="win:UnicodeString" outType="xs:string"/>
  <data name="HRESULT" inType="win:HexInt32" outType="win:Win32Error"/>
</template>
]]></Template>
            </Event>
            <Event>
                <Id>173</Id>
                <Version>0</Version>
                <Channel>Microsoft-Windows-DeviceManagement-Enterprise-Diagnostics-Provider/Operational</Channel>
                <Level>Information</Level>
                <Message><![CDATA[
MDM PushRouter Authentication: Validating nonce succeeded. Type of nonce: (%1), Result: (%2).]]></Message>
                <Template><![CDATA[
<template xmlns="http://schemas.microsoft.com/win/2004/08/events">
  <data name="Message1" inType="win:UnicodeString" outType="xs:string"/>
  <data name="HRESULT" inType="win:HexInt32" outType="win:Win32Error"/>
</template>
]]></Template>
            </Event>
            <Event>
                <Id>174</Id>
                <Version>0</Version>
                <Channel>Microsoft-Windows-DeviceManagement-Enterprise-Diagnostics-Provider/Operational</Channel>
                <Level>Information</Level>
                <Message><![CDATA[
MDM PushRouter Authentication: Using default nonce resync is set to false.]]></Message>
                <Template><![CDATA[
<template xmlns="http://schemas.microsoft.com/win/2004/08/events">
</template>
]]></Template>
            </Event>
            <Event>
                <Id>175</Id>
                <Version>0</Version>
                <Channel>Microsoft-Windows-DeviceManagement-Enterprise-Diagnostics-Provider/Operational</Channel>
                <Level>Information</Level>
                <Message><![CDATA[
MDM PushRouter Authentication: Default nonce not found.]]></Message>
                <Template><![CDATA[
<template xmlns="http://schemas.microsoft.com/win/2004/08/events">
</template>
]]></Template>
            </Event>
            <Event>
                <Id>176</Id>
                <Version>0</Version>
                <Channel>Microsoft-Windows-DeviceManagement-Enterprise-Diagnostics-Provider/Operational</Channel>
                <Level>Information</Level>
                <Message><![CDATA[
MDM PushRouter: Changing dmwappushservice startup type to demand started. Result: (%1).]]></Message>
                <Template><![CDATA[
<template xmlns="http://schemas.microsoft.com/win/2004/08/events">
  <data name="HRESULT" inType="win:HexInt32" outType="win:Win32Error"/>
</template>
]]></Template>
            </Event>
            <Event>
                <Id>177</Id>
                <Version>0</Version>
                <Channel>Microsoft-Windows-DeviceManagement-Enterprise-Diagnostics-Provider/Operational</Channel>
                <Level>Error</Level>
                <Message><![CDATA[
MDM PushRouter: Changing dmwappushservice startup type to demand started failed. Result: (%1).]]></Message>
                <Template><![CDATA[
<template xmlns="http://schemas.microsoft.com/win/2004/08/events">
  <data name="HRESULT" inType="win:HexInt32" outType="win:Win32Error"/>
</template>
]]></Template>
            </Event>
            <Event>
                <Id>300</Id>
                <Version>0</Version>
                <Channel>Microsoft-Windows-DeviceManagement-Enterprise-Diagnostics-Provider/Operational</Channel>
                <Level>Information</Level>
                <Message><![CDATA[
MDM Common Utility for Policies: Policy query. Policy ID: (%1), Policy Value: (%2), Result: (%3).]]></Message>
                <Template><![CDATA[
<template xmlns="http://schemas.microsoft.com/win/2004/08/events">
  <data name="HexInt1" inType="win:HexInt32" outType="win:HexInt32"/>
  <data name="HexInt2" inType="win:HexInt32" outType="win:HexInt32"/>
  <data name="HRESULT" inType="win:HexInt32" outType="win:Win32Error"/>
</template>
]]></Template>
            </Event>
            <Event>
                <Id>301</Id>
                <Version>0</Version>
                <Channel>Microsoft-Windows-DeviceManagement-Enterprise-Diagnostics-Provider/Operational</Channel>
                <Level>Information</Level>
                <Message><![CDATA[
MDM Common Utility for Policies: Policy set. Policy ID: (%1), Policy Value: (%2), Result: (%3).]]></Message>
                <Template><![CDATA[
<template xmlns="http://schemas.microsoft.com/win/2004/08/events">
  <data name="HexInt1" inType="win:HexInt32" outType="win:HexInt32"/>
  <data name="HexInt2" inType="win:HexInt32" outType="win:HexInt32"/>
  <data name="HRESULT" inType="win:HexInt32" outType="win:Win32Error"/>
</template>
]]></Template>
            </Event>
            <Event>
                <Id>500</Id>
                <Version>0</Version>
                <Channel>Microsoft-Windows-DeviceManagement-Enterprise-Diagnostics-Provider/Operational</Channel>
                <Level>Error</Level>
                <Message><![CDATA[
DmWapPushService: Failed to retrieve ICCID of the SIM on which the message was received. Result: (%1).]]></Message>
                <Template><![CDATA[
<template xmlns="http://schemas.microsoft.com/win/2004/08/events">
  <data name="HRESULT" inType="win:HexInt32" outType="win:Win32Error"/>
</template>
]]></Template>
            </Event>
            <Event>
                <Id>501</Id>
                <Version>0</Version>
                <Channel>Microsoft-Windows-DeviceManagement-Enterprise-Diagnostics-Provider/Operational</Channel>
                <Level>Error</Level>
                <Message><![CDATA[
DmWapPushService: Failed to copy WAP message into a format that PushRouter understands.ICCID: (%1), Result: (%2).]]></Message>
                <Template><![CDATA[
<template xmlns="http://schemas.microsoft.com/win/2004/08/events">
  <data name="Message1" inType="win:UnicodeString" outType="xs:string"/>
  <data name="HRESULT" inType="win:HexInt32" outType="win:Win32Error"/>
</template>
]]></Template>
            </Event>
            <Event>
                <Id>502</Id>
                <Version>0</Version>
                <Channel>Microsoft-Windows-DeviceManagement-Enterprise-Diagnostics-Provider/Operational</Channel>
                <Level>Information</Level>
                <Message><![CDATA[
DmWapPushService: Successfully copied WAP message into a format that PushRouter understands.ICCID: (%1), Result: (%2).]]></Message>
                <Template><![CDATA[
<template xmlns="http://schemas.microsoft.com/win/2004/08/events">
  <data name="Message1" inType="win:UnicodeString" outType="xs:string"/>
  <data name="HRESULT" inType="win:HexInt32" outType="win:Win32Error"/>
</template>
]]></Template>
            </Event>
            <Event>
                <Id>503</Id>
                <Version>0</Version>
                <Channel>Microsoft-Windows-DeviceManagement-Enterprise-Diagnostics-Provider/Operational</Channel>
                <Level>Error</Level>
                <Message><![CDATA[
DmWapPushService: Failed to retrieve body of WAP message. Result: (%1).]]></Message>
                <Template><![CDATA[
<template xmlns="http://schemas.microsoft.com/win/2004/08/events">
  <data name="HRESULT" inType="win:HexInt32" outType="win:Win32Error"/>
</template>
]]></Template>
            </Event>
            <Event>
                <Id>504</Id>
                <Version>0</Version>
                <Channel>Microsoft-Windows-DeviceManagement-Enterprise-Diagnostics-Provider/Operational</Channel>
                <Level>Information</Level>
                <Message><![CDATA[
DmWapPushService: Successfully retrieved body of WAP message. Result: (%1).]]></Message>
                <Template><![CDATA[
<template xmlns="http://schemas.microsoft.com/win/2004/08/events">
  <data name="HRESULT" inType="win:HexInt32" outType="win:Win32Error"/>
</template>
]]></Template>
            </Event>
            <Event>
                <Id>505</Id>
                <Version>0</Version>
                <Channel>Microsoft-Windows-DeviceManagement-Enterprise-Diagnostics-Provider/Operational</Channel>
                <Level>Information</Level>
                <Message><![CDATA[
DmWapPushService: The current value of SECPOLICY_WSPNOTIFICATIONS is: (%1).]]></Message>
                <Template><![CDATA[
<template xmlns="http://schemas.microsoft.com/win/2004/08/events">
  <data name="HexInt1" inType="win:HexInt32" outType="win:HexInt32"/>
</template>
]]></Template>
            </Event>
            <Event>
                <Id>506</Id>
                <Version>0</Version>
                <Channel>Microsoft-Windows-DeviceManagement-Enterprise-Diagnostics-Provider/Operational</Channel>
                <Level>Error</Level>
                <Message><![CDATA[
DmWapPushService: Failed to register WNF with EventAggregator for WAP messages received by SMS Router. Result: (%1).]]></Message>
                <Template><![CDATA[
<template xmlns="http://schemas.microsoft.com/win/2004/08/events">
  <data name="HexInt1" inType="win:HexInt32" outType="win:HexInt32"/>
</template>
]]></Template>
            </Event>
            <Event>
                <Id>507</Id>
                <Version>0</Version>
                <Channel>Microsoft-Windows-DeviceManagement-Enterprise-Diagnostics-Provider/Operational</Channel>
                <Level>Information</Level>
                <Message><![CDATA[
DmWapPushService: Successfully registered WNF with EventAggregator for WAP messages received by SMS Router. Result: (%1).]]></Message>
                <Template><![CDATA[
<template xmlns="http://schemas.microsoft.com/win/2004/08/events">
  <data name="HexInt1" inType="win:HexInt32" outType="win:HexInt32"/>
</template>
]]></Template>
            </Event>
            <Event>
                <Id>508</Id>
                <Version>0</Version>
                <Channel>Microsoft-Windows-DeviceManagement-Enterprise-Diagnostics-Provider/Operational</Channel>
                <Level>Information</Level>
                <Message><![CDATA[
DmWapPushService: Callback to handle a new WAP message received.]]></Message>
                <Template><![CDATA[
<template xmlns="http://schemas.microsoft.com/win/2004/08/events">
</template>
]]></Template>
            </Event>
            <Event>
                <Id>509</Id>
                <Version>0</Version>
                <Channel>Microsoft-Windows-DeviceManagement-Enterprise-Diagnostics-Provider/Operational</Channel>
                <Level>Information</Level>
                <Message><![CDATA[
DmWapPushService: There are pending RPC clients currently.]]></Message>
                <Template><![CDATA[
<template xmlns="http://schemas.microsoft.com/win/2004/08/events">
</template>
]]></Template>
            </Event>
            <Event>
                <Id>510</Id>
                <Version>0</Version>
                <Channel>Microsoft-Windows-DeviceManagement-Enterprise-Diagnostics-Provider/Operational</Channel>
                <Level>Information</Level>
                <Message><![CDATA[
DmWapPushService: No pending RPC clients remain.]]></Message>
                <Template><![CDATA[
<template xmlns="http://schemas.microsoft.com/win/2004/08/events">
</template>
]]></Template>
            </Event>
            <Event>
                <Id>511</Id>
                <Version>0</Version>
                <Channel>Microsoft-Windows-DeviceManagement-Enterprise-Diagnostics-Provider/Operational</Channel>
                <Level>Information</Level>
                <Message><![CDATA[
DmWapPushService: Setting the timer to check if all RPC clients are handled to fire after (%1) seconds.]]></Message>
                <Template><![CDATA[
<template xmlns="http://schemas.microsoft.com/win/2004/08/events">
  <data name="HexInt1" inType="win:HexInt32" outType="win:HexInt32"/>
</template>
]]></Template>
            </Event>
            <Event>
                <Id>512</Id>
                <Version>0</Version>
                <Channel>Microsoft-Windows-DeviceManagement-Enterprise-Diagnostics-Provider/Operational</Channel>
                <Level>Information</Level>
                <Message><![CDATA[
DmWapPushService: Idle timeout of DmWapPushService is currently set to (%1) seconds.]]></Message>
                <Template><![CDATA[
<template xmlns="http://schemas.microsoft.com/win/2004/08/events">
  <data name="HexInt1" inType="win:HexInt32" outType="win:HexInt32"/>
</template>
]]></Template>
            </Event>
            <Event>
                <Id>513</Id>
                <Version>0</Version>
                <Channel>Microsoft-Windows-DeviceManagement-Enterprise-Diagnostics-Provider/Operational</Channel>
                <Level>Information</Level>
                <Message><![CDATA[
DmWapPushService: Initialized idle stop-start for DmWapPushService.]]></Message>
                <Template><![CDATA[
<template xmlns="http://schemas.microsoft.com/win/2004/08/events">
</template>
]]></Template>
            </Event>
            <Event>
                <Id>514</Id>
                <Version>0</Version>
                <Channel>Microsoft-Windows-DeviceManagement-Enterprise-Diagnostics-Provider/Operational</Channel>
                <Level>Information</Level>
                <Message><![CDATA[
DmWapPushService: Service status updated. Current state: (%1), Exit code: (%2), Wait hint: (%3).]]></Message>
                <Template><![CDATA[
<template xmlns="http://schemas.microsoft.com/win/2004/08/events">
  <data name="HexInt1" inType="win:HexInt32" outType="win:HexInt32"/>
  <data name="HexInt2" inType="win:HexInt32" outType="win:HexInt32"/>
  <data name="HexInt3" inType="win:HexInt32" outType="win:HexInt32"/>
</template>
]]></Template>
            </Event>
            <Event>
                <Id>515</Id>
                <Version>0</Version>
                <Channel>Microsoft-Windows-DeviceManagement-Enterprise-Diagnostics-Provider/Operational</Channel>
                <Level>Error</Level>
                <Message><![CDATA[
DmWapPushService: Failed to initialize service. Result: (%1).]]></Message>
                <Template><![CDATA[
<template xmlns="http://schemas.microsoft.com/win/2004/08/events">
  <data name="HRESULT" inType="win:HexInt32" outType="win:Win32Error"/>
</template>
]]></Template>
            </Event>
            <Event>
                <Id>516</Id>
                <Version>0</Version>
                <Channel>Microsoft-Windows-DeviceManagement-Enterprise-Diagnostics-Provider/Operational</Channel>
                <Level>Information</Level>
                <Message><![CDATA[
DmWapPushService: Successfully initialized service. Result: (%1).]]></Message>
                <Template><![CDATA[
<template xmlns="http://schemas.microsoft.com/win/2004/08/events">
  <data name="HRESULT" inType="win:HexInt32" outType="win:Win32Error"/>
</template>
]]></Template>
            </Event>
            <Event>
                <Id>517</Id>
                <Version>0</Version>
                <Channel>Microsoft-Windows-DeviceManagement-Enterprise-Diagnostics-Provider/Operational</Channel>
                <Level>Error</Level>
                <Message><![CDATA[
DmWapPushService: Failed to register service's RPC interface. Result: (%1).]]></Message>
                <Template><![CDATA[
<template xmlns="http://schemas.microsoft.com/win/2004/08/events">
  <data name="HRESULT" inType="win:HexInt32" outType="win:Win32Error"/>
</template>
]]></Template>
            </Event>
            <Event>
                <Id>518</Id>
                <Version>0</Version>
                <Channel>Microsoft-Windows-DeviceManagement-Enterprise-Diagnostics-Provider/Operational</Channel>
                <Level>Information</Level>
                <Message><![CDATA[
DmWapPushService: Successfully registered service's RPC interface. Result: (%1).]]></Message>
                <Template><![CDATA[
<template xmlns="http://schemas.microsoft.com/win/2004/08/events">
  <data name="HRESULT" inType="win:HexInt32" outType="win:Win32Error"/>
</template>
]]></Template>
            </Event>
            <Event>
                <Id>519</Id>
                <Version>0</Version>
                <Channel>Microsoft-Windows-DeviceManagement-Enterprise-Diagnostics-Provider/Operational</Channel>
                <Level>Error</Level>
                <Message><![CDATA[
DmWapPushService: Failed to uninitialize service. Result: (%1).]]></Message>
                <Template><![CDATA[
<template xmlns="http://schemas.microsoft.com/win/2004/08/events">
  <data name="HRESULT" inType="win:HexInt32" outType="win:Win32Error"/>
</template>
]]></Template>
            </Event>
            <Event>
                <Id>520</Id>
                <Version>0</Version>
                <Channel>Microsoft-Windows-DeviceManagement-Enterprise-Diagnostics-Provider/Operational</Channel>
                <Level>Information</Level>
                <Message><![CDATA[
DmWapPushService: Successfully uninitialized service. Result: (%1).]]></Message>
                <Template><![CDATA[
<template xmlns="http://schemas.microsoft.com/win/2004/08/events">
  <data name="HRESULT" inType="win:HexInt32" outType="win:Win32Error"/>
</template>
]]></Template>
            </Event>
            <Event>
                <Id>521</Id>
                <Version>0</Version>
                <Channel>Microsoft-Windows-DeviceManagement-Enterprise-Diagnostics-Provider/Operational</Channel>
                <Level>Error</Level>
                <Message><![CDATA[
DmWapPushService: Failed to unregister service's RPC interface. Result: (%1).]]></Message>
                <Template><![CDATA[
<template xmlns="http://schemas.microsoft.com/win/2004/08/events">
  <data name="HRESULT" inType="win:HexInt32" outType="win:Win32Error"/>
</template>
]]></Template>
            </Event>
            <Event>
                <Id>522</Id>
                <Version>0</Version>
                <Channel>Microsoft-Windows-DeviceManagement-Enterprise-Diagnostics-Provider/Operational</Channel>
                <Level>Information</Level>
                <Message><![CDATA[
DmWapPushService: Successfully unregistered service's RPC interface. Result: (%1).]]></Message>
                <Template><![CDATA[
<template xmlns="http://schemas.microsoft.com/win/2004/08/events">
  <data name="HRESULT" inType="win:HexInt32" outType="win:Win32Error"/>
</template>
]]></Template>
            </Event>
            <Event>
                <Id>523</Id>
                <Version>0</Version>
                <Channel>Microsoft-Windows-DeviceManagement-Enterprise-Diagnostics-Provider/Operational</Channel>
                <Level>Information</Level>
                <Message><![CDATA[
DmWapPushService: Service handler invoked. Opcode: (%1), Current state: (%2).]]></Message>
                <Template><![CDATA[
<template xmlns="http://schemas.microsoft.com/win/2004/08/events">
  <data name="HexInt1" inType="win:HexInt32" outType="win:HexInt32"/>
  <data name="HexInt2" inType="win:HexInt32" outType="win:HexInt32"/>
</template>
]]></Template>
            </Event>
            <Event>
                <Id>524</Id>
                <Version>0</Version>
                <Channel>Microsoft-Windows-DeviceManagement-Enterprise-Diagnostics-Provider/Operational</Channel>
                <Level>Information</Level>
                <Message><![CDATA[
DmWapPushService: DmWapPushService is being initialized.]]></Message>
                <Template><![CDATA[
<template xmlns="http://schemas.microsoft.com/win/2004/08/events">
</template>
]]></Template>
            </Event>
            <Event>
                <Id>525</Id>
                <Version>0</Version>
                <Channel>Microsoft-Windows-DeviceManagement-Enterprise-Diagnostics-Provider/Operational</Channel>
                <Level>Information</Level>
                <Message><![CDATA[
DmWapPushService: Stop Service handler registered. Status: (%1), Result: (%2).]]></Message>
                <Template><![CDATA[
<template xmlns="http://schemas.microsoft.com/win/2004/08/events">
  <data name="HexInt1" inType="win:HexInt32" outType="win:HexInt32"/>
  <data name="HRESULT" inType="win:HexInt32" outType="win:Win32Error"/>
</template>
]]></Template>
            </Event>
        </EventMetadata>
    </Provider>
</Providers>
