<Providers>
    <Provider>
        <Name>Microsoft-Windows-CredUI</Name>
        <Metadata>
            <Guid>{5A24FCDB-1CF3-477B-B422-EF4909D51223}</Guid>
            <ResourceFilePath>%SystemRoot%\system32\wincredui.dll</ResourceFilePath>
            <ParameterFilePath></ParameterFilePath>
            <MessageFilePath>%SystemRoot%\system32\wincredui.dll</MessageFilePath>
            <HelpLink></HelpLink>
            <PublisherMessage></PublisherMessage>
            <Channels>
                <Channel>
                    <Message></Message>
                    <Path>Microsoft-Windows-CredUI/Diagnostic</Path>
                    <Index>0</Index>
                    <Id>16</Id>
                    <Imported>false</Imported>
                </Channel>
            </Channels>
            <Levels>
                <Level>
                    <Message>Information</Message>
                    <Name>win:Informational</Name>
                    <Value>4</Value>
                </Level>
            </Levels>
            <Tasks>
                <Task>
                    <Message></Message>
                    <Name>CredUIPromptForWindowsCredentials</Name>
                    <Value>11001</Value>
                </Task>
                <Task>
                    <Message></Message>
                    <Name>CredUIPromptForCredentials</Name>
                    <Value>11002</Value>
                </Task>
            </Tasks>
            <Opcodes>
                <Opcode>
                    <Message>Start</Message>
                    <Name>win:Start</Name>
                    <Value>1</Value>
                    <Task>0</Task>
                </Opcode>
                <Opcode>
                    <Message>Stop</Message>
                    <Name>win:Stop</Name>
                    <Value>2</Value>
                    <Task>0</Task>
                </Opcode>
            </Opcodes>
            <Keywords>
            </Keywords>
        </Metadata>
        <EventMetadata>
            <Event>
                <Id>12001</Id>
                <Version>0</Version>
                <Channel>Microsoft-Windows-CredUI/Diagnostic</Channel>
                <Level>Information</Level>
                <Task>CredUIPromptForWindowsCredentials</Task>
                <Opcode>Start</Opcode>
                <Template><![CDATA[
]]></Template>
            </Event>
            <Event>
                <Id>12002</Id>
                <Version>0</Version>
                <Channel>Microsoft-Windows-CredUI/Diagnostic</Channel>
                <Level>Information</Level>
                <Task>CredUIPromptForWindowsCredentials</Task>
                <Opcode>Stop</Opcode>
                <Template><![CDATA[
]]></Template>
            </Event>
            <Event>
                <Id>12003</Id>
                <Version>0</Version>
                <Channel>Microsoft-Windows-CredUI/Diagnostic</Channel>
                <Level>Information</Level>
                <Task>CredUIPromptForCredentials</Task>
                <Opcode>Start</Opcode>
                <Template><![CDATA[
]]></Template>
            </Event>
            <Event>
                <Id>12004</Id>
                <Version>0</Version>
                <Channel>Microsoft-Windows-CredUI/Diagnostic</Channel>
                <Level>Information</Level>
                <Task>CredUIPromptForCredentials</Task>
                <Opcode>Stop</Opcode>
                <Template><![CDATA[
]]></Template>
            </Event>
        </EventMetadata>
    </Provider>
</Providers>
