<Providers>
    <Provider>
        <Name>Microsoft-Windows-Guest-Network-Service</Name>
        <Metadata>
            <Guid>{0BACF1D2-FB51-549A-6119-04DAA7180DC8}</Guid>
            <ResourceFilePath>%systemroot%\system32\gns.dll</ResourceFilePath>
            <ParameterFilePath>%systemroot%\system32\ntdll.dll</ParameterFilePath>
            <MessageFilePath>%systemroot%\system32\gns.dll</MessageFilePath>
            <HelpLink></HelpLink>
            <PublisherMessage>Microsoft-Windows-Guest-Network-Service</PublisherMessage>
            <Channels>
                <Channel>
                    <Message></Message>
                    <Path>Microsoft-Windows-Guest-Network-Service-Admin</Path>
                    <Index>0</Index>
                    <Id>16</Id>
                    <Imported>false</Imported>
                </Channel>
                <Channel>
                    <Message></Message>
                    <Path>Microsoft-Windows-Guest-Network-Service-Operational</Path>
                    <Index>1</Index>
                    <Id>17</Id>
                    <Imported>false</Imported>
                </Channel>
            </Channels>
            <Levels>
                <Level>
                    <Message>Error</Message>
                    <Name>win:Error</Name>
                    <Value>2</Value>
                </Level>
                <Level>
                    <Message>Information</Message>
                    <Name>win:Informational</Name>
                    <Value>4</Value>
                </Level>
            </Levels>
            <Tasks>
            </Tasks>
            <Opcodes>
            </Opcodes>
            <Keywords>
            </Keywords>
        </Metadata>
        <EventMetadata>
            <Event>
                <Id>1000</Id>
                <Version>0</Version>
                <Channel>Microsoft-Windows-Guest-Network-Service-Operational</Channel>
                <Level>Information</Level>
                <Message><![CDATA[
Received a modify endpoint interface request. Id: '%1', Type: '%2', Settings: '%3']]></Message>
                <Template><![CDATA[
<template xmlns="http://schemas.microsoft.com/win/2004/08/events">
  <data name="EndpointId" inType="win:GUID" outType="xs:GUID"/>
  <data name="RequestType" inType="win:UInt32" outType="xs:unsignedInt"/>
  <data name="Settings" inType="win:UnicodeString" outType="xs:string"/>
</template>
]]></Template>
            </Event>
            <Event>
                <Id>1001</Id>
                <Version>0</Version>
                <Channel>Microsoft-Windows-Guest-Network-Service-Operational</Channel>
                <Level>Information</Level>
                <Message><![CDATA[
Received a modify endpoint IP address request. Id: '%1', Type: '%2', Settings: '%3']]></Message>
                <Template><![CDATA[
<template xmlns="http://schemas.microsoft.com/win/2004/08/events">
  <data name="EndpointId" inType="win:GUID" outType="xs:GUID"/>
  <data name="RequestType" inType="win:UInt32" outType="xs:unsignedInt"/>
  <data name="Settings" inType="win:UnicodeString" outType="xs:string"/>
</template>
]]></Template>
            </Event>
            <Event>
                <Id>1002</Id>
                <Version>0</Version>
                <Channel>Microsoft-Windows-Guest-Network-Service-Operational</Channel>
                <Level>Information</Level>
                <Message><![CDATA[
Received a modify endpoint route request. Id: '%1', Type: '%2', Settings: '%3']]></Message>
                <Template><![CDATA[
<template xmlns="http://schemas.microsoft.com/win/2004/08/events">
  <data name="EndpointId" inType="win:GUID" outType="xs:GUID"/>
  <data name="RequestType" inType="win:UInt32" outType="xs:unsignedInt"/>
  <data name="Settings" inType="win:UnicodeString" outType="xs:string"/>
</template>
]]></Template>
            </Event>
            <Event>
                <Id>1003</Id>
                <Version>0</Version>
                <Channel>Microsoft-Windows-Guest-Network-Service-Operational</Channel>
                <Level>Information</Level>
                <Message><![CDATA[
Received a modify endpoint encryption request. Id: '%1', Type: '%2', Settings: '%3']]></Message>
                <Template><![CDATA[
<template xmlns="http://schemas.microsoft.com/win/2004/08/events">
  <data name="EndpointId" inType="win:GUID" outType="xs:GUID"/>
  <data name="RequestType" inType="win:UInt32" outType="xs:unsignedInt"/>
  <data name="Settings" inType="win:UnicodeString" outType="xs:string"/>
</template>
]]></Template>
            </Event>
            <Event>
                <Id>1004</Id>
                <Version>0</Version>
                <Channel>Microsoft-Windows-Guest-Network-Service-Operational</Channel>
                <Level>Information</Level>
                <Message><![CDATA[
Received a modify endpoint DNS request. Id: '%1', Type: '%2', Settings: '%3']]></Message>
                <Template><![CDATA[
<template xmlns="http://schemas.microsoft.com/win/2004/08/events">
  <data name="EndpointId" inType="win:GUID" outType="xs:GUID"/>
  <data name="RequestType" inType="win:UInt32" outType="xs:unsignedInt"/>
  <data name="Settings" inType="win:UnicodeString" outType="xs:string"/>
</template>
]]></Template>
            </Event>
            <Event>
                <Id>1005</Id>
                <Version>0</Version>
                <Channel>Microsoft-Windows-Guest-Network-Service-Operational</Channel>
                <Level>Information</Level>
                <Message><![CDATA[
Received a modify endpoint DNSCache request. Id: '%1', Type: '%2', Settings: '%3']]></Message>
                <Template><![CDATA[
<template xmlns="http://schemas.microsoft.com/win/2004/08/events">
  <data name="EndpointId" inType="win:GUID" outType="xs:GUID"/>
  <data name="RequestType" inType="win:UInt32" outType="xs:unsignedInt"/>
  <data name="Settings" inType="win:UnicodeString" outType="xs:string"/>
</template>
]]></Template>
            </Event>
            <Event>
                <Id>1006</Id>
                <Version>0</Version>
                <Channel>Microsoft-Windows-Guest-Network-Service-Operational</Channel>
                <Level>Information</Level>
                <Message><![CDATA[
Received a modify endpoint proxy request. Id: '%1', Type: '%2', Settings: '%3']]></Message>
                <Template><![CDATA[
<template xmlns="http://schemas.microsoft.com/win/2004/08/events">
  <data name="EndpointId" inType="win:GUID" outType="xs:GUID"/>
  <data name="RequestType" inType="win:UInt32" outType="xs:unsignedInt"/>
  <data name="Settings" inType="win:UnicodeString" outType="xs:string"/>
</template>
]]></Template>
            </Event>
            <Event>
                <Id>1007</Id>
                <Version>0</Version>
                <Channel>Microsoft-Windows-Guest-Network-Service-Operational</Channel>
                <Level>Information</Level>
                <Message><![CDATA[
Received a modify endpoint PhysicalAddress request. Id: '%1', Type: '%2', Settings: '%3']]></Message>
                <Template><![CDATA[
<template xmlns="http://schemas.microsoft.com/win/2004/08/events">
  <data name="EndpointId" inType="win:GUID" outType="xs:GUID"/>
  <data name="RequestType" inType="win:UInt32" outType="xs:unsignedInt"/>
  <data name="Settings" inType="win:UnicodeString" outType="xs:string"/>
</template>
]]></Template>
            </Event>
            <Event>
                <Id>1008</Id>
                <Version>0</Version>
                <Channel>Microsoft-Windows-Guest-Network-Service-Operational</Channel>
                <Level>Information</Level>
                <Message><![CDATA[
Received a modify endpoint neighbor request. Id: '%1', Type: '%2', Settings: '%3']]></Message>
                <Template><![CDATA[
<template xmlns="http://schemas.microsoft.com/win/2004/08/events">
  <data name="EndpointId" inType="win:GUID" outType="xs:GUID"/>
  <data name="RequestType" inType="win:UInt32" outType="xs:unsignedInt"/>
  <data name="Settings" inType="win:UnicodeString" outType="xs:string"/>
</template>
]]></Template>
            </Event>
            <Event>
                <Id>1009</Id>
                <Version>0</Version>
                <Channel>Microsoft-Windows-Guest-Network-Service-Operational</Channel>
                <Level>Information</Level>
                <Message><![CDATA[
Received a modify endpoint XLAT request. Id: '%1', Type: '%2', Settings: '%3']]></Message>
                <Template><![CDATA[
<template xmlns="http://schemas.microsoft.com/win/2004/08/events">
  <data name="EndpointId" inType="win:GUID" outType="xs:GUID"/>
  <data name="RequestType" inType="win:UInt32" outType="xs:unsignedInt"/>
  <data name="Settings" inType="win:UnicodeString" outType="xs:string"/>
</template>
]]></Template>
            </Event>
            <Event>
                <Id>1050</Id>
                <Version>0</Version>
                <Channel>Microsoft-Windows-Guest-Network-Service-Operational</Channel>
                <Level>Error</Level>
                <Message><![CDATA[
A request failed with error '%1'. Method: '%2', Path: '%3', Settings: '%4']]></Message>
                <Template><![CDATA[
<template xmlns="http://schemas.microsoft.com/win/2004/08/events">
  <data name="ErrorCode" inType="win:HexInt32" outType="win:HexInt32"/>
  <data name="Method" inType="win:UnicodeString" outType="xs:string"/>
  <data name="Path" inType="win:UnicodeString" outType="xs:string"/>
  <data name="Settings" inType="win:UnicodeString" outType="xs:string"/>
</template>
]]></Template>
            </Event>
            <Event>
                <Id>1060</Id>
                <Version>0</Version>
                <Channel>Microsoft-Windows-Guest-Network-Service-Operational</Channel>
                <Level>Information</Level>
                <Message><![CDATA[
Received a modify endpoint routes request. Id: '%1', Type: '%2', Count: '%4' Settings: '%3']]></Message>
                <Template><![CDATA[
<template xmlns="http://schemas.microsoft.com/win/2004/08/events">
  <data name="EndpointId" inType="win:GUID" outType="xs:GUID"/>
  <data name="RequestType" inType="win:UInt32" outType="xs:unsignedInt"/>
  <data name="Settings" inType="win:UnicodeString" outType="xs:string"/>
  <data name="Count" inType="win:UInt32" outType="xs:unsignedInt"/>
</template>
]]></Template>
            </Event>
        </EventMetadata>
    </Provider>
</Providers>
