<Providers>
    <Provider>
        <Name>Microsoft-Windows-Input-HIDCLASS</Name>
        <Metadata>
            <Guid>{6465DA78-E7A0-4F39-B084-8F53C7C30DC6}</Guid>
            <ResourceFilePath>%SystemRoot%\system32\drivers\hidclass.sys</ResourceFilePath>
            <ParameterFilePath></ParameterFilePath>
            <MessageFilePath>%SystemRoot%\system32\drivers\hidclass.sys</MessageFilePath>
            <HelpLink></HelpLink>
            <PublisherMessage></PublisherMessage>
            <Channels>
                <Channel>
                    <Message>This is the Analytic channel to which internal Analytic events from the HIDCLASS driver are sent.</Message>
                    <Path>Microsoft-Windows-Input-HIDCLASS-Analytic</Path>
                    <Index>0</Index>
                    <Id>16</Id>
                    <Imported>false</Imported>
                </Channel>
            </Channels>
            <Levels>
                <Level>
                    <Message>Information</Message>
                    <Name>win:Informational</Name>
                    <Value>4</Value>
                </Level>
            </Levels>
            <Tasks>
                <Task>
                    <Message>HIDCLASS Rundown</Message>
                    <Name>HIDCLASS_RUNDOWN</Name>
                    <Value>1</Value>
                </Task>
            </Tasks>
            <Opcodes>
                <Opcode>
                    <Message>Start</Message>
                    <Name>win:Start</Name>
                    <Value>1</Value>
                    <Task>0</Task>
                </Opcode>
                <Opcode>
                    <Message>Stop</Message>
                    <Name>win:Stop</Name>
                    <Value>2</Value>
                    <Task>0</Task>
                </Opcode>
                <Opcode>
                    <Message>Information</Message>
                    <Name>INFORMATION</Name>
                    <Value>10</Value>
                    <Task>0</Task>
                </Opcode>
            </Opcodes>
            <Keywords>
                <Keyword>
                    <Message></Message>
                    <Name>Default</Name>
                    <Value>1</Value>
                </Keyword>
            </Keywords>
        </Metadata>
        <EventMetadata>
            <Event>
                <Id>1</Id>
                <Version>0</Version>
                <Channel>This is the Analytic channel to which internal Analytic events from the HIDCLASS driver are sent.</Channel>
                <Level>Information</Level>
                <Task>HIDCLASS Rundown</Task>
                <Opcode>Start</Opcode>
                <Keyword>Default</Keyword>
                <Message><![CDATA[
Start Rundown]]></Message>
                <Template><![CDATA[
]]></Template>
            </Event>
            <Event>
                <Id>2</Id>
                <Version>0</Version>
                <Channel>This is the Analytic channel to which internal Analytic events from the HIDCLASS driver are sent.</Channel>
                <Level>Information</Level>
                <Task>HIDCLASS Rundown</Task>
                <Opcode>Stop</Opcode>
                <Keyword>Default</Keyword>
                <Message><![CDATA[
Complete Rundown]]></Message>
                <Template><![CDATA[
]]></Template>
            </Event>
            <Event>
                <Id>3</Id>
                <Version>0</Version>
                <Channel>This is the Analytic channel to which internal Analytic events from the HIDCLASS driver are sent.</Channel>
                <Level>Information</Level>
                <Opcode>Information</Opcode>
                <Keyword>Default</Keyword>
                <Message><![CDATA[
HIDCLASS device information]]></Message>
                <Template><![CDATA[
<template xmlns="http://schemas.microsoft.com/win/2004/08/events">
  <data name="DeviceObject" inType="win:Pointer" outType="win:HexInt64"/>
  <data name="VendorID" inType="win:UInt16" outType="win:HexInt16"/>
  <data name="ProductID" inType="win:UInt16" outType="win:HexInt16"/>
  <data name="VersionNumber" inType="win:UInt16" outType="win:HexInt16"/>
  <data name="ReportDescriptorLength" inType="win:UInt32" outType="win:HexInt32"/>
  <data name="ReportDescriptor" inType="win:Binary" outType="xs:hexBinary" length="ReportDescriptorLength"/>
</template>
]]></Template>
            </Event>
            <Event>
                <Id>3</Id>
                <Version>1</Version>
                <Channel>This is the Analytic channel to which internal Analytic events from the HIDCLASS driver are sent.</Channel>
                <Level>Information</Level>
                <Opcode>Information</Opcode>
                <Keyword>Default</Keyword>
                <Message><![CDATA[
HIDCLASS device information]]></Message>
                <Template><![CDATA[
<template xmlns="http://schemas.microsoft.com/win/2004/08/events">
  <data name="DeviceObject" inType="win:Pointer" outType="win:HexInt64"/>
  <data name="PhysicalDeviceObject" inType="win:Pointer" outType="win:HexInt64"/>
  <data name="VendorID" inType="win:UInt16" outType="win:HexInt16"/>
  <data name="ProductID" inType="win:UInt16" outType="win:HexInt16"/>
  <data name="VersionNumber" inType="win:UInt16" outType="win:HexInt16"/>
  <data name="DeviceInstancePath" inType="win:UnicodeString" outType="xs:string"/>
  <data name="DeviceDescription" inType="win:UnicodeString" outType="xs:string"/>
  <data name="DeviceServiceName" inType="win:UnicodeString" outType="xs:string"/>
  <data name="DeviceUpperFilters" inType="win:UnicodeString" outType="xs:string"/>
  <data name="DeviceLowerFilters" inType="win:UnicodeString" outType="xs:string"/>
  <data name="CollectionCount" inType="win:UInt32" outType="xs:unsignedInt"/>
  <data name="ReportDescriptorLength" inType="win:UInt32" outType="win:HexInt32"/>
  <data name="ReportDescriptor" inType="win:Binary" outType="xs:hexBinary" length="ReportDescriptorLength"/>
  <data name="DevicePowerState" inType="win:UInt32" outType="xs:unsignedInt"/>
  <data name="StateMachineCurrentState" inType="win:UInt32" outType="xs:unsignedInt"/>
  <data name="OpenCount" inType="win:UInt32" outType="xs:unsignedInt"/>
  <data name="LastReadReportSuccessTime" inType="win:UInt64" outType="win:HexInt64"/>
  <data name="NumReadReports" inType="win:UInt64" outType="xs:unsignedLong"/>
  <data name="NumReadReportsSinceStart" inType="win:UInt64" outType="xs:unsignedLong"/>
  <data name="NumReadReportsSincePresence" inType="win:UInt64" outType="xs:unsignedLong"/>
  <data name="NumReadReportsSinceD0" inType="win:UInt64" outType="xs:unsignedLong"/>
  <data name="NumReadReportsSinceCaptureState" inType="win:UInt64" outType="xs:unsignedLong"/>
  <struct name="Collections" count="CollectionCount">
    <data name="CollectionNumber" inType="win:UInt32" outType="xs:unsignedInt"/>
    <data name="UsagePage" inType="win:UInt16" outType="xs:unsignedShort"/>
    <data name="Usage" inType="win:UInt16" outType="xs:unsignedShort"/>
    <data name="OpenCount" inType="win:UInt32" outType="xs:unsignedInt"/>
    <data name="LastReadReportTime" inType="win:UInt64" outType="win:HexInt64"/>
    <data name="NumReadReports" inType="win:UInt64" outType="xs:unsignedLong"/>
    <data name="NumReadReportsSinceStart" inType="win:UInt64" outType="xs:unsignedLong"/>
    <data name="NumReadReportsSincePresence" inType="win:UInt64" outType="xs:unsignedLong"/>
    <data name="NumReadReportsSinceD0" inType="win:UInt64" outType="xs:unsignedLong"/>
    <data name="NumReadReportsSinceOpenForRead" inType="win:UInt64" outType="xs:unsignedLong"/>
    <data name="NumReadReportsSinceCaptureState" inType="win:UInt64" outType="xs:unsignedLong"/>
  </struct>
</template>
]]></Template>
            </Event>
        </EventMetadata>
    </Provider>
</Providers>
