<Providers>
    <Provider>
        <Name>Microsoft-Windows-Direct3D11</Name>
        <Metadata>
            <Guid>{DB6F6DDB-AC77-4E88-8253-819DF9BBF140}</Guid>
            <ResourceFilePath>%SystemRoot%\system32\d3d11.dll</ResourceFilePath>
            <ParameterFilePath></ParameterFilePath>
            <MessageFilePath>%SystemRoot%\system32\d3d11.dll</MessageFilePath>
            <HelpLink></HelpLink>
            <PublisherMessage></PublisherMessage>
            <Channels>
                <Channel>
                    <Message></Message>
                    <Path>Microsoft-Windows-Direct3D11/Analytic</Path>
                    <Index>0</Index>
                    <Id>16</Id>
                    <Imported>false</Imported>
                </Channel>
                <Channel>
                    <Message></Message>
                    <Path>Microsoft-Windows-Direct3D11/Logging</Path>
                    <Index>1</Index>
                    <Id>17</Id>
                    <Imported>false</Imported>
                </Channel>
                <Channel>
                    <Message></Message>
                    <Path>Microsoft-Windows-Direct3D11/PerfTiming</Path>
                    <Index>2</Index>
                    <Id>18</Id>
                    <Imported>false</Imported>
                </Channel>
            </Channels>
            <Levels>
                <Level>
                    <Message>Log Always</Message>
                    <Name>win:LogAlways</Name>
                    <Value>0</Value>
                </Level>
            </Levels>
            <Tasks>
                <Task>
                    <Message></Message>
                    <Name>Name</Name>
                    <Value>1</Value>
                </Task>
                <Task>
                    <Message></Message>
                    <Name>Device</Name>
                    <Value>2</Value>
                </Task>
                <Task>
                    <Message></Message>
                    <Name>Buffer</Name>
                    <Value>4</Value>
                </Task>
                <Task>
                    <Message></Message>
                    <Name>Texture1D</Name>
                    <Value>5</Value>
                </Task>
                <Task>
                    <Message></Message>
                    <Name>Texture2D</Name>
                    <Value>6</Value>
                </Task>
                <Task>
                    <Message></Message>
                    <Name>Texture3D</Name>
                    <Value>7</Value>
                </Task>
                <Task>
                    <Message></Message>
                    <Name>D3D11CoreCreateDevice</Name>
                    <Value>8</Value>
                </Task>
                <Task>
                    <Message></Message>
                    <Name>KMDDeviceCreate</Name>
                    <Value>9</Value>
                </Task>
                <Task>
                    <Message></Message>
                    <Name>UMDDeviceCreate</Name>
                    <Value>10</Value>
                </Task>
                <Task>
                    <Message></Message>
                    <Name>D3DSupplemental</Name>
                    <Value>11</Value>
                </Task>
                <Task>
                    <Message></Message>
                    <Name>QueryInterface</Name>
                    <Value>12</Value>
                </Task>
                <Task>
                    <Message></Message>
                    <Name>AddRef</Name>
                    <Value>13</Value>
                </Task>
                <Task>
                    <Message></Message>
                    <Name>Release</Name>
                    <Value>14</Value>
                </Task>
                <Task>
                    <Message></Message>
                    <Name>Destruction</Name>
                    <Value>15</Value>
                </Task>
                <Task>
                    <Message></Message>
                    <Name>UMD10CreateDevice</Name>
                    <Value>16</Value>
                </Task>
                <Task>
                    <Message></Message>
                    <Name>UMDOpenAdapter</Name>
                    <Value>17</Value>
                </Task>
                <Task>
                    <Message></Message>
                    <Name>Context</Name>
                    <Value>18</Value>
                </Task>
                <Task>
                    <Message></Message>
                    <Name>CommandList</Name>
                    <Value>19</Value>
                </Task>
                <Task>
                    <Message></Message>
                    <Name>Marker</Name>
                    <Value>20</Value>
                </Task>
                <Task>
                    <Message></Message>
                    <Name>RuntimeMarker</Name>
                    <Value>21</Value>
                </Task>
                <Task>
                    <Message></Message>
                    <Name>RuntimeDroppedCall</Name>
                    <Value>22</Value>
                </Task>
                <Task>
                    <Message></Message>
                    <Name>CustomDriverMarker</Name>
                    <Value>23</Value>
                </Task>
                <Task>
                    <Message></Message>
                    <Name>IDXGIDevice2_OfferResources</Name>
                    <Value>907</Value>
                </Task>
                <Task>
                    <Message></Message>
                    <Name>IDXGIDevice2_ReclaimResources</Name>
                    <Value>908</Value>
                </Task>
                <Task>
                    <Message></Message>
                    <Name>ID3D11VideoDevice_CreateVideoProcessor</Name>
                    <Value>910</Value>
                </Task>
                <Task>
                    <Message></Message>
                    <Name>ID3D11VideoDevice_CreateVideoDecoder</Name>
                    <Value>911</Value>
                </Task>
                <Task>
                    <Message></Message>
                    <Name>ID3D11VideoProcessor_Release</Name>
                    <Value>914</Value>
                </Task>
                <Task>
                    <Message></Message>
                    <Name>ID3D11VideoDecoder_Release</Name>
                    <Value>917</Value>
                </Task>
                <Task>
                    <Message></Message>
                    <Name>ID3D11VideoContext_VideoProcessorBlt</Name>
                    <Value>939</Value>
                </Task>
                <Task>
                    <Message></Message>
                    <Name>ID3D11VideoContext_GetDecoderBuffer</Name>
                    <Value>940</Value>
                </Task>
                <Task>
                    <Message></Message>
                    <Name>ID3D11VideoContext_DecoderBeginFrame</Name>
                    <Value>942</Value>
                </Task>
                <Task>
                    <Message></Message>
                    <Name>ID3D11VideoContext_DecoderEndFrame</Name>
                    <Value>943</Value>
                </Task>
                <Task>
                    <Message></Message>
                    <Name>ID3D11VideoContext_SubmitDecoderBuffers</Name>
                    <Value>944</Value>
                </Task>
                <Task>
                    <Message></Message>
                    <Name>ID3D11VideoContext_SubmitDecoderBuffers1</Name>
                    <Value>945</Value>
                </Task>
                <Task>
                    <Message></Message>
                    <Name>IDXGIDevice3_Trim</Name>
                    <Value>952</Value>
                </Task>
                <Task>
                    <Message></Message>
                    <Name>ID3D11VideoDevice_CreateCryptoSession</Name>
                    <Value>953</Value>
                </Task>
                <Task>
                    <Message></Message>
                    <Name>ID3D11VideoContext_NegotiateCryptoSessionKeyExchange</Name>
                    <Value>954</Value>
                </Task>
                <Task>
                    <Message></Message>
                    <Name>ID3D11VideoContext_VideoProcessorGetBehaviorHints</Name>
                    <Value>955</Value>
                </Task>
                <Task>
                    <Message></Message>
                    <Name>CryptoSessionTeardownCount</Name>
                    <Value>956</Value>
                </Task>
                <Task>
                    <Message></Message>
                    <Name>RecoverTeardown</Name>
                    <Value>957</Value>
                </Task>
                <Task>
                    <Message></Message>
                    <Name>ID3D11VideoContext_VideoProcessorBltParameters</Name>
                    <Value>958</Value>
                </Task>
                <Task>
                    <Message></Message>
                    <Name>ID3D11VideoDevice_DestroyCryptoSession</Name>
                    <Value>959</Value>
                </Task>
                <Task>
                    <Message></Message>
                    <Name>ID3D11VideoContext_GetDataForNewHardwareKey</Name>
                    <Value>960</Value>
                </Task>
                <Task>
                    <Message></Message>
                    <Name>JournalEntry</Name>
                    <Value>961</Value>
                </Task>
                <Task>
                    <Message></Message>
                    <Name>IDXGIResource_CreateSharedHandle</Name>
                    <Value>962</Value>
                </Task>
                <Task>
                    <Message></Message>
                    <Name>ID3D11VideoDevice_NegotiateCryptoSessionKeyExchangeMT</Name>
                    <Value>963</Value>
                </Task>
                <Task>
                    <Message></Message>
                    <Name>ID3D11TrackedWorkload_Processed</Name>
                    <Value>964</Value>
                </Task>
                <Task>
                    <Message></Message>
                    <Name>ID3D11TrackedWorkload_Completed</Name>
                    <Value>965</Value>
                </Task>
                <Task>
                    <Message></Message>
                    <Name>CheckPresentDurationSupport</Name>
                    <Value>966</Value>
                </Task>
            </Tasks>
            <Opcodes>
                <Opcode>
                    <Message>Info</Message>
                    <Name>win:Info</Name>
                    <Value>0</Value>
                    <Task>0</Task>
                </Opcode>
                <Opcode>
                    <Message>Start</Message>
                    <Name>win:Start</Name>
                    <Value>1</Value>
                    <Task>0</Task>
                </Opcode>
                <Opcode>
                    <Message>Stop</Message>
                    <Name>win:Stop</Name>
                    <Value>2</Value>
                    <Task>0</Task>
                </Opcode>
                <Opcode>
                    <Message>DCStart</Message>
                    <Name>win:DC_Start</Name>
                    <Value>3</Value>
                    <Task>0</Task>
                </Opcode>
            </Opcodes>
            <Keywords>
                <Keyword>
                    <Message></Message>
                    <Name>Names</Name>
                    <Value>1</Value>
                </Keyword>
                <Keyword>
                    <Message></Message>
                    <Name>Devices</Name>
                    <Value>2</Value>
                </Keyword>
                <Keyword>
                    <Message></Message>
                    <Name>Resources</Name>
                    <Value>4</Value>
                </Keyword>
                <Keyword>
                    <Message></Message>
                    <Name>Timing</Name>
                    <Value>8</Value>
                </Keyword>
                <Keyword>
                    <Message></Message>
                    <Name>Contexts</Name>
                    <Value>16</Value>
                </Keyword>
                <Keyword>
                    <Message></Message>
                    <Name>CommandLists</Name>
                    <Value>32</Value>
                </Keyword>
                <Keyword>
                    <Message></Message>
                    <Name>Markers</Name>
                    <Value>256</Value>
                </Keyword>
                <Keyword>
                    <Message></Message>
                    <Name>RenderOperationMarkers</Name>
                    <Value>512</Value>
                </Keyword>
                <Keyword>
                    <Message></Message>
                    <Name>DriverCustomMarkers</Name>
                    <Value>1024</Value>
                </Keyword>
                <Keyword>
                    <Message></Message>
                    <Name>JournalEntries</Name>
                    <Value>2048</Value>
                </Keyword>
            </Keywords>
        </Metadata>
        <EventMetadata>
            <Event>
                <Id>1</Id>
                <Version>0</Version>
                <Channel>Microsoft-Windows-Direct3D11/Analytic</Channel>
                <Task>Name</Task>
                <Keyword>Names</Keyword>
                <Template><![CDATA[
<template xmlns="http://schemas.microsoft.com/win/2004/08/events">
  <data name="pObject" inType="win:Pointer" outType="win:HexInt64"/>
  <data name="CchOldDebugObjectName" inType="win:UInt32" outType="xs:unsignedInt"/>
  <data name="OldDebugObjectName" inType="win:AnsiString" outType="xs:string" length="CchOldDebugObjectName"/>
  <data name="CchNewDebugObjectName" inType="win:UInt32" outType="xs:unsignedInt"/>
  <data name="NewDebugObjectName" inType="win:AnsiString" outType="xs:string" length="CchNewDebugObjectName"/>
</template>
]]></Template>
            </Event>
            <Event>
                <Id>2</Id>
                <Version>0</Version>
                <Channel>Microsoft-Windows-Direct3D11/Analytic</Channel>
                <Task>Name</Task>
                <Opcode>DCStart</Opcode>
                <Keyword>Names</Keyword>
                <Template><![CDATA[
<template xmlns="http://schemas.microsoft.com/win/2004/08/events">
  <data name="pObject" inType="win:Pointer" outType="win:HexInt64"/>
  <data name="CchDebugObjectName" inType="win:UInt32" outType="xs:unsignedInt"/>
  <data name="DebugObjectName" inType="win:AnsiString" outType="xs:string" length="CchDebugObjectName"/>
</template>
]]></Template>
            </Event>
            <Event>
                <Id>3</Id>
                <Version>0</Version>
                <Channel>Microsoft-Windows-Direct3D11/Analytic</Channel>
                <Task>Device</Task>
                <Opcode>Start</Opcode>
                <Keyword>Devices</Keyword>
                <Template><![CDATA[
<template xmlns="http://schemas.microsoft.com/win/2004/08/events">
  <data name="pID3D11Device" inType="win:Pointer" outType="win:HexInt64"/>
  <data name="pIDXGIDevice" inType="win:Pointer" outType="win:HexInt64"/>
  <data name="pIDXGIAdapter" inType="win:Pointer" outType="win:HexInt64"/>
  <data name="CreationFlags" inType="win:UInt32" outType="xs:unsignedInt"/>
  <data name="FeatureLevel" inType="win:UInt32" outType="xs:unsignedInt"/>
  <data name="FeatureSupport" inType="win:UInt32" outType="xs:unsignedInt"/>
  <data name="hKMAdapter" inType="win:UInt32" outType="win:HexInt32"/>
  <data name="hUMAdapter" inType="win:Pointer" outType="win:HexInt64"/>
  <data name="UMAdapterVersion" inType="win:UInt64" outType="win:HexInt64"/>
  <data name="hKMDevice" inType="win:UInt32" outType="win:HexInt32"/>
  <data name="hUMDevice" inType="win:Pointer" outType="win:HexInt64"/>
  <data name="UMDeviceVersion" inType="win:UInt64" outType="win:HexInt64"/>
  <data name="UMDeviceFlags" inType="win:UInt32" outType="xs:unsignedInt"/>
</template>
]]></Template>
            </Event>
            <Event>
                <Id>4</Id>
                <Version>0</Version>
                <Channel>Microsoft-Windows-Direct3D11/Analytic</Channel>
                <Task>Device</Task>
                <Opcode>Stop</Opcode>
                <Keyword>Devices</Keyword>
                <Template><![CDATA[
<template xmlns="http://schemas.microsoft.com/win/2004/08/events">
  <data name="pID3D11Device" inType="win:Pointer" outType="win:HexInt64"/>
  <data name="pIDXGIDevice" inType="win:Pointer" outType="win:HexInt64"/>
  <data name="pIDXGIAdapter" inType="win:Pointer" outType="win:HexInt64"/>
  <data name="CreationFlags" inType="win:UInt32" outType="xs:unsignedInt"/>
  <data name="FeatureLevel" inType="win:UInt32" outType="xs:unsignedInt"/>
  <data name="FeatureSupport" inType="win:UInt32" outType="xs:unsignedInt"/>
  <data name="hKMAdapter" inType="win:UInt32" outType="win:HexInt32"/>
  <data name="hUMAdapter" inType="win:Pointer" outType="win:HexInt64"/>
  <data name="UMAdapterVersion" inType="win:UInt64" outType="win:HexInt64"/>
  <data name="hKMDevice" inType="win:UInt32" outType="win:HexInt32"/>
  <data name="hUMDevice" inType="win:Pointer" outType="win:HexInt64"/>
  <data name="UMDeviceVersion" inType="win:UInt64" outType="win:HexInt64"/>
  <data name="UMDeviceFlags" inType="win:UInt32" outType="xs:unsignedInt"/>
</template>
]]></Template>
            </Event>
            <Event>
                <Id>5</Id>
                <Version>0</Version>
                <Channel>Microsoft-Windows-Direct3D11/Analytic</Channel>
                <Task>Device</Task>
                <Opcode>DCStart</Opcode>
                <Keyword>Devices</Keyword>
                <Template><![CDATA[
<template xmlns="http://schemas.microsoft.com/win/2004/08/events">
  <data name="pID3D11Device" inType="win:Pointer" outType="win:HexInt64"/>
  <data name="pIDXGIDevice" inType="win:Pointer" outType="win:HexInt64"/>
  <data name="pIDXGIAdapter" inType="win:Pointer" outType="win:HexInt64"/>
  <data name="CreationFlags" inType="win:UInt32" outType="xs:unsignedInt"/>
  <data name="FeatureLevel" inType="win:UInt32" outType="xs:unsignedInt"/>
  <data name="FeatureSupport" inType="win:UInt32" outType="xs:unsignedInt"/>
  <data name="hKMAdapter" inType="win:UInt32" outType="win:HexInt32"/>
  <data name="hUMAdapter" inType="win:Pointer" outType="win:HexInt64"/>
  <data name="UMAdapterVersion" inType="win:UInt64" outType="win:HexInt64"/>
  <data name="hKMDevice" inType="win:UInt32" outType="win:HexInt32"/>
  <data name="hUMDevice" inType="win:Pointer" outType="win:HexInt64"/>
  <data name="UMDeviceVersion" inType="win:UInt64" outType="win:HexInt64"/>
  <data name="UMDeviceFlags" inType="win:UInt32" outType="xs:unsignedInt"/>
</template>
]]></Template>
            </Event>
            <Event>
                <Id>6</Id>
                <Version>0</Version>
                <Channel>Microsoft-Windows-Direct3D11/Analytic</Channel>
                <Task>Buffer</Task>
                <Opcode>Start</Opcode>
                <Keyword>Resources</Keyword>
                <Template><![CDATA[
<template xmlns="http://schemas.microsoft.com/win/2004/08/events">
  <data name="pID3D11Resource" inType="win:Pointer" outType="win:HexInt64"/>
  <data name="pIDXGISurface" inType="win:Pointer" outType="win:HexInt64"/>
  <data name="pID3D11Device" inType="win:Pointer" outType="win:HexInt64"/>
  <data name="Dimension" inType="win:UInt32" outType="xs:unsignedInt"/>
  <data name="Usage" inType="win:UInt32" outType="xs:unsignedInt"/>
  <data name="Width" inType="win:UInt32" outType="xs:unsignedInt"/>
  <data name="Height" inType="win:UInt32" outType="xs:unsignedInt"/>
  <data name="Depth" inType="win:UInt32" outType="xs:unsignedInt"/>
  <data name="MipLevels" inType="win:UInt32" outType="xs:unsignedInt"/>
  <data name="ArraySize" inType="win:UInt32" outType="xs:unsignedInt"/>
  <data name="Format" inType="win:UInt32" outType="xs:unsignedInt"/>
  <data name="SampleCount" inType="win:UInt32" outType="xs:unsignedInt"/>
  <data name="SampleQuality" inType="win:UInt32" outType="xs:unsignedInt"/>
  <data name="BindFlags" inType="win:UInt32" outType="xs:unsignedInt"/>
  <data name="CPUAccessFlags" inType="win:UInt32" outType="xs:unsignedInt"/>
  <data name="MiscFlags" inType="win:UInt32" outType="xs:unsignedInt"/>
  <data name="StructureByteStride" inType="win:UInt32" outType="xs:unsignedInt"/>
  <data name="hKMResource" inType="win:UInt32" outType="win:HexInt32"/>
  <data name="hUMResource" inType="win:Pointer" outType="win:HexInt64"/>
  <data name="UMResourceMiscFlags" inType="win:UInt32" outType="xs:unsignedInt"/>
</template>
]]></Template>
            </Event>
            <Event>
                <Id>7</Id>
                <Version>0</Version>
                <Channel>Microsoft-Windows-Direct3D11/Analytic</Channel>
                <Task>Buffer</Task>
                <Opcode>Stop</Opcode>
                <Keyword>Resources</Keyword>
                <Template><![CDATA[
<template xmlns="http://schemas.microsoft.com/win/2004/08/events">
  <data name="pID3D11Resource" inType="win:Pointer" outType="win:HexInt64"/>
  <data name="pIDXGISurface" inType="win:Pointer" outType="win:HexInt64"/>
  <data name="pID3D11Device" inType="win:Pointer" outType="win:HexInt64"/>
  <data name="Dimension" inType="win:UInt32" outType="xs:unsignedInt"/>
  <data name="Usage" inType="win:UInt32" outType="xs:unsignedInt"/>
  <data name="Width" inType="win:UInt32" outType="xs:unsignedInt"/>
  <data name="Height" inType="win:UInt32" outType="xs:unsignedInt"/>
  <data name="Depth" inType="win:UInt32" outType="xs:unsignedInt"/>
  <data name="MipLevels" inType="win:UInt32" outType="xs:unsignedInt"/>
  <data name="ArraySize" inType="win:UInt32" outType="xs:unsignedInt"/>
  <data name="Format" inType="win:UInt32" outType="xs:unsignedInt"/>
  <data name="SampleCount" inType="win:UInt32" outType="xs:unsignedInt"/>
  <data name="SampleQuality" inType="win:UInt32" outType="xs:unsignedInt"/>
  <data name="BindFlags" inType="win:UInt32" outType="xs:unsignedInt"/>
  <data name="CPUAccessFlags" inType="win:UInt32" outType="xs:unsignedInt"/>
  <data name="MiscFlags" inType="win:UInt32" outType="xs:unsignedInt"/>
  <data name="StructureByteStride" inType="win:UInt32" outType="xs:unsignedInt"/>
  <data name="hKMResource" inType="win:UInt32" outType="win:HexInt32"/>
  <data name="hUMResource" inType="win:Pointer" outType="win:HexInt64"/>
  <data name="UMResourceMiscFlags" inType="win:UInt32" outType="xs:unsignedInt"/>
</template>
]]></Template>
            </Event>
            <Event>
                <Id>8</Id>
                <Version>0</Version>
                <Channel>Microsoft-Windows-Direct3D11/Analytic</Channel>
                <Task>Buffer</Task>
                <Opcode>DCStart</Opcode>
                <Keyword>Resources</Keyword>
                <Template><![CDATA[
<template xmlns="http://schemas.microsoft.com/win/2004/08/events">
  <data name="pID3D11Resource" inType="win:Pointer" outType="win:HexInt64"/>
  <data name="pIDXGISurface" inType="win:Pointer" outType="win:HexInt64"/>
  <data name="pID3D11Device" inType="win:Pointer" outType="win:HexInt64"/>
  <data name="Dimension" inType="win:UInt32" outType="xs:unsignedInt"/>
  <data name="Usage" inType="win:UInt32" outType="xs:unsignedInt"/>
  <data name="Width" inType="win:UInt32" outType="xs:unsignedInt"/>
  <data name="Height" inType="win:UInt32" outType="xs:unsignedInt"/>
  <data name="Depth" inType="win:UInt32" outType="xs:unsignedInt"/>
  <data name="MipLevels" inType="win:UInt32" outType="xs:unsignedInt"/>
  <data name="ArraySize" inType="win:UInt32" outType="xs:unsignedInt"/>
  <data name="Format" inType="win:UInt32" outType="xs:unsignedInt"/>
  <data name="SampleCount" inType="win:UInt32" outType="xs:unsignedInt"/>
  <data name="SampleQuality" inType="win:UInt32" outType="xs:unsignedInt"/>
  <data name="BindFlags" inType="win:UInt32" outType="xs:unsignedInt"/>
  <data name="CPUAccessFlags" inType="win:UInt32" outType="xs:unsignedInt"/>
  <data name="MiscFlags" inType="win:UInt32" outType="xs:unsignedInt"/>
  <data name="StructureByteStride" inType="win:UInt32" outType="xs:unsignedInt"/>
  <data name="hKMResource" inType="win:UInt32" outType="win:HexInt32"/>
  <data name="hUMResource" inType="win:Pointer" outType="win:HexInt64"/>
  <data name="UMResourceMiscFlags" inType="win:UInt32" outType="xs:unsignedInt"/>
</template>
]]></Template>
            </Event>
            <Event>
                <Id>9</Id>
                <Version>0</Version>
                <Channel>Microsoft-Windows-Direct3D11/Analytic</Channel>
                <Task>Texture1D</Task>
                <Opcode>Start</Opcode>
                <Keyword>Resources</Keyword>
                <Template><![CDATA[
<template xmlns="http://schemas.microsoft.com/win/2004/08/events">
  <data name="pID3D11Resource" inType="win:Pointer" outType="win:HexInt64"/>
  <data name="pIDXGISurface" inType="win:Pointer" outType="win:HexInt64"/>
  <data name="pID3D11Device" inType="win:Pointer" outType="win:HexInt64"/>
  <data name="Dimension" inType="win:UInt32" outType="xs:unsignedInt"/>
  <data name="Usage" inType="win:UInt32" outType="xs:unsignedInt"/>
  <data name="Width" inType="win:UInt32" outType="xs:unsignedInt"/>
  <data name="Height" inType="win:UInt32" outType="xs:unsignedInt"/>
  <data name="Depth" inType="win:UInt32" outType="xs:unsignedInt"/>
  <data name="MipLevels" inType="win:UInt32" outType="xs:unsignedInt"/>
  <data name="ArraySize" inType="win:UInt32" outType="xs:unsignedInt"/>
  <data name="Format" inType="win:UInt32" outType="xs:unsignedInt"/>
  <data name="SampleCount" inType="win:UInt32" outType="xs:unsignedInt"/>
  <data name="SampleQuality" inType="win:UInt32" outType="xs:unsignedInt"/>
  <data name="BindFlags" inType="win:UInt32" outType="xs:unsignedInt"/>
  <data name="CPUAccessFlags" inType="win:UInt32" outType="xs:unsignedInt"/>
  <data name="MiscFlags" inType="win:UInt32" outType="xs:unsignedInt"/>
  <data name="StructureByteStride" inType="win:UInt32" outType="xs:unsignedInt"/>
  <data name="hKMResource" inType="win:UInt32" outType="win:HexInt32"/>
  <data name="hUMResource" inType="win:Pointer" outType="win:HexInt64"/>
  <data name="UMResourceMiscFlags" inType="win:UInt32" outType="xs:unsignedInt"/>
</template>
]]></Template>
            </Event>
            <Event>
                <Id>10</Id>
                <Version>0</Version>
                <Channel>Microsoft-Windows-Direct3D11/Analytic</Channel>
                <Task>Texture1D</Task>
                <Opcode>Stop</Opcode>
                <Keyword>Resources</Keyword>
                <Template><![CDATA[
<template xmlns="http://schemas.microsoft.com/win/2004/08/events">
  <data name="pID3D11Resource" inType="win:Pointer" outType="win:HexInt64"/>
  <data name="pIDXGISurface" inType="win:Pointer" outType="win:HexInt64"/>
  <data name="pID3D11Device" inType="win:Pointer" outType="win:HexInt64"/>
  <data name="Dimension" inType="win:UInt32" outType="xs:unsignedInt"/>
  <data name="Usage" inType="win:UInt32" outType="xs:unsignedInt"/>
  <data name="Width" inType="win:UInt32" outType="xs:unsignedInt"/>
  <data name="Height" inType="win:UInt32" outType="xs:unsignedInt"/>
  <data name="Depth" inType="win:UInt32" outType="xs:unsignedInt"/>
  <data name="MipLevels" inType="win:UInt32" outType="xs:unsignedInt"/>
  <data name="ArraySize" inType="win:UInt32" outType="xs:unsignedInt"/>
  <data name="Format" inType="win:UInt32" outType="xs:unsignedInt"/>
  <data name="SampleCount" inType="win:UInt32" outType="xs:unsignedInt"/>
  <data name="SampleQuality" inType="win:UInt32" outType="xs:unsignedInt"/>
  <data name="BindFlags" inType="win:UInt32" outType="xs:unsignedInt"/>
  <data name="CPUAccessFlags" inType="win:UInt32" outType="xs:unsignedInt"/>
  <data name="MiscFlags" inType="win:UInt32" outType="xs:unsignedInt"/>
  <data name="StructureByteStride" inType="win:UInt32" outType="xs:unsignedInt"/>
  <data name="hKMResource" inType="win:UInt32" outType="win:HexInt32"/>
  <data name="hUMResource" inType="win:Pointer" outType="win:HexInt64"/>
  <data name="UMResourceMiscFlags" inType="win:UInt32" outType="xs:unsignedInt"/>
</template>
]]></Template>
            </Event>
            <Event>
                <Id>11</Id>
                <Version>0</Version>
                <Channel>Microsoft-Windows-Direct3D11/Analytic</Channel>
                <Task>Texture1D</Task>
                <Opcode>DCStart</Opcode>
                <Keyword>Resources</Keyword>
                <Template><![CDATA[
<template xmlns="http://schemas.microsoft.com/win/2004/08/events">
  <data name="pID3D11Resource" inType="win:Pointer" outType="win:HexInt64"/>
  <data name="pIDXGISurface" inType="win:Pointer" outType="win:HexInt64"/>
  <data name="pID3D11Device" inType="win:Pointer" outType="win:HexInt64"/>
  <data name="Dimension" inType="win:UInt32" outType="xs:unsignedInt"/>
  <data name="Usage" inType="win:UInt32" outType="xs:unsignedInt"/>
  <data name="Width" inType="win:UInt32" outType="xs:unsignedInt"/>
  <data name="Height" inType="win:UInt32" outType="xs:unsignedInt"/>
  <data name="Depth" inType="win:UInt32" outType="xs:unsignedInt"/>
  <data name="MipLevels" inType="win:UInt32" outType="xs:unsignedInt"/>
  <data name="ArraySize" inType="win:UInt32" outType="xs:unsignedInt"/>
  <data name="Format" inType="win:UInt32" outType="xs:unsignedInt"/>
  <data name="SampleCount" inType="win:UInt32" outType="xs:unsignedInt"/>
  <data name="SampleQuality" inType="win:UInt32" outType="xs:unsignedInt"/>
  <data name="BindFlags" inType="win:UInt32" outType="xs:unsignedInt"/>
  <data name="CPUAccessFlags" inType="win:UInt32" outType="xs:unsignedInt"/>
  <data name="MiscFlags" inType="win:UInt32" outType="xs:unsignedInt"/>
  <data name="StructureByteStride" inType="win:UInt32" outType="xs:unsignedInt"/>
  <data name="hKMResource" inType="win:UInt32" outType="win:HexInt32"/>
  <data name="hUMResource" inType="win:Pointer" outType="win:HexInt64"/>
  <data name="UMResourceMiscFlags" inType="win:UInt32" outType="xs:unsignedInt"/>
</template>
]]></Template>
            </Event>
            <Event>
                <Id>12</Id>
                <Version>0</Version>
                <Channel>Microsoft-Windows-Direct3D11/Analytic</Channel>
                <Task>Texture2D</Task>
                <Opcode>Start</Opcode>
                <Keyword>Resources</Keyword>
                <Message><![CDATA[
CreateTexture2D]]></Message>
                <Template><![CDATA[
<template xmlns="http://schemas.microsoft.com/win/2004/08/events">
  <data name="pID3D11Resource" inType="win:Pointer" outType="win:HexInt64"/>
  <data name="pIDXGISurface" inType="win:Pointer" outType="win:HexInt64"/>
  <data name="pID3D11Device" inType="win:Pointer" outType="win:HexInt64"/>
  <data name="Dimension" inType="win:UInt32" outType="xs:unsignedInt"/>
  <data name="Usage" inType="win:UInt32" outType="xs:unsignedInt"/>
  <data name="Width" inType="win:UInt32" outType="xs:unsignedInt"/>
  <data name="Height" inType="win:UInt32" outType="xs:unsignedInt"/>
  <data name="Depth" inType="win:UInt32" outType="xs:unsignedInt"/>
  <data name="MipLevels" inType="win:UInt32" outType="xs:unsignedInt"/>
  <data name="ArraySize" inType="win:UInt32" outType="xs:unsignedInt"/>
  <data name="Format" inType="win:UInt32" outType="xs:unsignedInt"/>
  <data name="SampleCount" inType="win:UInt32" outType="xs:unsignedInt"/>
  <data name="SampleQuality" inType="win:UInt32" outType="xs:unsignedInt"/>
  <data name="BindFlags" inType="win:UInt32" outType="xs:unsignedInt"/>
  <data name="CPUAccessFlags" inType="win:UInt32" outType="xs:unsignedInt"/>
  <data name="MiscFlags" inType="win:UInt32" outType="xs:unsignedInt"/>
  <data name="StructureByteStride" inType="win:UInt32" outType="xs:unsignedInt"/>
  <data name="hKMResource" inType="win:UInt32" outType="win:HexInt32"/>
  <data name="hUMResource" inType="win:Pointer" outType="win:HexInt64"/>
  <data name="UMResourceMiscFlags" inType="win:UInt32" outType="xs:unsignedInt"/>
</template>
]]></Template>
            </Event>
            <Event>
                <Id>13</Id>
                <Version>0</Version>
                <Channel>Microsoft-Windows-Direct3D11/Analytic</Channel>
                <Task>Texture2D</Task>
                <Opcode>Stop</Opcode>
                <Keyword>Resources</Keyword>
                <Message><![CDATA[
DestroyTexture2D]]></Message>
                <Template><![CDATA[
<template xmlns="http://schemas.microsoft.com/win/2004/08/events">
  <data name="pID3D11Resource" inType="win:Pointer" outType="win:HexInt64"/>
  <data name="pIDXGISurface" inType="win:Pointer" outType="win:HexInt64"/>
  <data name="pID3D11Device" inType="win:Pointer" outType="win:HexInt64"/>
  <data name="Dimension" inType="win:UInt32" outType="xs:unsignedInt"/>
  <data name="Usage" inType="win:UInt32" outType="xs:unsignedInt"/>
  <data name="Width" inType="win:UInt32" outType="xs:unsignedInt"/>
  <data name="Height" inType="win:UInt32" outType="xs:unsignedInt"/>
  <data name="Depth" inType="win:UInt32" outType="xs:unsignedInt"/>
  <data name="MipLevels" inType="win:UInt32" outType="xs:unsignedInt"/>
  <data name="ArraySize" inType="win:UInt32" outType="xs:unsignedInt"/>
  <data name="Format" inType="win:UInt32" outType="xs:unsignedInt"/>
  <data name="SampleCount" inType="win:UInt32" outType="xs:unsignedInt"/>
  <data name="SampleQuality" inType="win:UInt32" outType="xs:unsignedInt"/>
  <data name="BindFlags" inType="win:UInt32" outType="xs:unsignedInt"/>
  <data name="CPUAccessFlags" inType="win:UInt32" outType="xs:unsignedInt"/>
  <data name="MiscFlags" inType="win:UInt32" outType="xs:unsignedInt"/>
  <data name="StructureByteStride" inType="win:UInt32" outType="xs:unsignedInt"/>
  <data name="hKMResource" inType="win:UInt32" outType="win:HexInt32"/>
  <data name="hUMResource" inType="win:Pointer" outType="win:HexInt64"/>
  <data name="UMResourceMiscFlags" inType="win:UInt32" outType="xs:unsignedInt"/>
</template>
]]></Template>
            </Event>
            <Event>
                <Id>14</Id>
                <Version>0</Version>
                <Channel>Microsoft-Windows-Direct3D11/Analytic</Channel>
                <Task>Texture2D</Task>
                <Opcode>DCStart</Opcode>
                <Keyword>Resources</Keyword>
                <Message><![CDATA[
ReportTexture2D]]></Message>
                <Template><![CDATA[
<template xmlns="http://schemas.microsoft.com/win/2004/08/events">
  <data name="pID3D11Resource" inType="win:Pointer" outType="win:HexInt64"/>
  <data name="pIDXGISurface" inType="win:Pointer" outType="win:HexInt64"/>
  <data name="pID3D11Device" inType="win:Pointer" outType="win:HexInt64"/>
  <data name="Dimension" inType="win:UInt32" outType="xs:unsignedInt"/>
  <data name="Usage" inType="win:UInt32" outType="xs:unsignedInt"/>
  <data name="Width" inType="win:UInt32" outType="xs:unsignedInt"/>
  <data name="Height" inType="win:UInt32" outType="xs:unsignedInt"/>
  <data name="Depth" inType="win:UInt32" outType="xs:unsignedInt"/>
  <data name="MipLevels" inType="win:UInt32" outType="xs:unsignedInt"/>
  <data name="ArraySize" inType="win:UInt32" outType="xs:unsignedInt"/>
  <data name="Format" inType="win:UInt32" outType="xs:unsignedInt"/>
  <data name="SampleCount" inType="win:UInt32" outType="xs:unsignedInt"/>
  <data name="SampleQuality" inType="win:UInt32" outType="xs:unsignedInt"/>
  <data name="BindFlags" inType="win:UInt32" outType="xs:unsignedInt"/>
  <data name="CPUAccessFlags" inType="win:UInt32" outType="xs:unsignedInt"/>
  <data name="MiscFlags" inType="win:UInt32" outType="xs:unsignedInt"/>
  <data name="StructureByteStride" inType="win:UInt32" outType="xs:unsignedInt"/>
  <data name="hKMResource" inType="win:UInt32" outType="win:HexInt32"/>
  <data name="hUMResource" inType="win:Pointer" outType="win:HexInt64"/>
  <data name="UMResourceMiscFlags" inType="win:UInt32" outType="xs:unsignedInt"/>
</template>
]]></Template>
            </Event>
            <Event>
                <Id>15</Id>
                <Version>0</Version>
                <Channel>Microsoft-Windows-Direct3D11/Analytic</Channel>
                <Task>Texture3D</Task>
                <Opcode>Start</Opcode>
                <Keyword>Resources</Keyword>
                <Template><![CDATA[
<template xmlns="http://schemas.microsoft.com/win/2004/08/events">
  <data name="pID3D11Resource" inType="win:Pointer" outType="win:HexInt64"/>
  <data name="pIDXGISurface" inType="win:Pointer" outType="win:HexInt64"/>
  <data name="pID3D11Device" inType="win:Pointer" outType="win:HexInt64"/>
  <data name="Dimension" inType="win:UInt32" outType="xs:unsignedInt"/>
  <data name="Usage" inType="win:UInt32" outType="xs:unsignedInt"/>
  <data name="Width" inType="win:UInt32" outType="xs:unsignedInt"/>
  <data name="Height" inType="win:UInt32" outType="xs:unsignedInt"/>
  <data name="Depth" inType="win:UInt32" outType="xs:unsignedInt"/>
  <data name="MipLevels" inType="win:UInt32" outType="xs:unsignedInt"/>
  <data name="ArraySize" inType="win:UInt32" outType="xs:unsignedInt"/>
  <data name="Format" inType="win:UInt32" outType="xs:unsignedInt"/>
  <data name="SampleCount" inType="win:UInt32" outType="xs:unsignedInt"/>
  <data name="SampleQuality" inType="win:UInt32" outType="xs:unsignedInt"/>
  <data name="BindFlags" inType="win:UInt32" outType="xs:unsignedInt"/>
  <data name="CPUAccessFlags" inType="win:UInt32" outType="xs:unsignedInt"/>
  <data name="MiscFlags" inType="win:UInt32" outType="xs:unsignedInt"/>
  <data name="StructureByteStride" inType="win:UInt32" outType="xs:unsignedInt"/>
  <data name="hKMResource" inType="win:UInt32" outType="win:HexInt32"/>
  <data name="hUMResource" inType="win:Pointer" outType="win:HexInt64"/>
  <data name="UMResourceMiscFlags" inType="win:UInt32" outType="xs:unsignedInt"/>
</template>
]]></Template>
            </Event>
            <Event>
                <Id>16</Id>
                <Version>0</Version>
                <Channel>Microsoft-Windows-Direct3D11/Analytic</Channel>
                <Task>Texture3D</Task>
                <Opcode>Stop</Opcode>
                <Keyword>Resources</Keyword>
                <Template><![CDATA[
<template xmlns="http://schemas.microsoft.com/win/2004/08/events">
  <data name="pID3D11Resource" inType="win:Pointer" outType="win:HexInt64"/>
  <data name="pIDXGISurface" inType="win:Pointer" outType="win:HexInt64"/>
  <data name="pID3D11Device" inType="win:Pointer" outType="win:HexInt64"/>
  <data name="Dimension" inType="win:UInt32" outType="xs:unsignedInt"/>
  <data name="Usage" inType="win:UInt32" outType="xs:unsignedInt"/>
  <data name="Width" inType="win:UInt32" outType="xs:unsignedInt"/>
  <data name="Height" inType="win:UInt32" outType="xs:unsignedInt"/>
  <data name="Depth" inType="win:UInt32" outType="xs:unsignedInt"/>
  <data name="MipLevels" inType="win:UInt32" outType="xs:unsignedInt"/>
  <data name="ArraySize" inType="win:UInt32" outType="xs:unsignedInt"/>
  <data name="Format" inType="win:UInt32" outType="xs:unsignedInt"/>
  <data name="SampleCount" inType="win:UInt32" outType="xs:unsignedInt"/>
  <data name="SampleQuality" inType="win:UInt32" outType="xs:unsignedInt"/>
  <data name="BindFlags" inType="win:UInt32" outType="xs:unsignedInt"/>
  <data name="CPUAccessFlags" inType="win:UInt32" outType="xs:unsignedInt"/>
  <data name="MiscFlags" inType="win:UInt32" outType="xs:unsignedInt"/>
  <data name="StructureByteStride" inType="win:UInt32" outType="xs:unsignedInt"/>
  <data name="hKMResource" inType="win:UInt32" outType="win:HexInt32"/>
  <data name="hUMResource" inType="win:Pointer" outType="win:HexInt64"/>
  <data name="UMResourceMiscFlags" inType="win:UInt32" outType="xs:unsignedInt"/>
</template>
]]></Template>
            </Event>
            <Event>
                <Id>17</Id>
                <Version>0</Version>
                <Channel>Microsoft-Windows-Direct3D11/Analytic</Channel>
                <Task>Texture3D</Task>
                <Opcode>DCStart</Opcode>
                <Keyword>Resources</Keyword>
                <Template><![CDATA[
<template xmlns="http://schemas.microsoft.com/win/2004/08/events">
  <data name="pID3D11Resource" inType="win:Pointer" outType="win:HexInt64"/>
  <data name="pIDXGISurface" inType="win:Pointer" outType="win:HexInt64"/>
  <data name="pID3D11Device" inType="win:Pointer" outType="win:HexInt64"/>
  <data name="Dimension" inType="win:UInt32" outType="xs:unsignedInt"/>
  <data name="Usage" inType="win:UInt32" outType="xs:unsignedInt"/>
  <data name="Width" inType="win:UInt32" outType="xs:unsignedInt"/>
  <data name="Height" inType="win:UInt32" outType="xs:unsignedInt"/>
  <data name="Depth" inType="win:UInt32" outType="xs:unsignedInt"/>
  <data name="MipLevels" inType="win:UInt32" outType="xs:unsignedInt"/>
  <data name="ArraySize" inType="win:UInt32" outType="xs:unsignedInt"/>
  <data name="Format" inType="win:UInt32" outType="xs:unsignedInt"/>
  <data name="SampleCount" inType="win:UInt32" outType="xs:unsignedInt"/>
  <data name="SampleQuality" inType="win:UInt32" outType="xs:unsignedInt"/>
  <data name="BindFlags" inType="win:UInt32" outType="xs:unsignedInt"/>
  <data name="CPUAccessFlags" inType="win:UInt32" outType="xs:unsignedInt"/>
  <data name="MiscFlags" inType="win:UInt32" outType="xs:unsignedInt"/>
  <data name="StructureByteStride" inType="win:UInt32" outType="xs:unsignedInt"/>
  <data name="hKMResource" inType="win:UInt32" outType="win:HexInt32"/>
  <data name="hUMResource" inType="win:Pointer" outType="win:HexInt64"/>
  <data name="UMResourceMiscFlags" inType="win:UInt32" outType="xs:unsignedInt"/>
</template>
]]></Template>
            </Event>
            <Event>
                <Id>18</Id>
                <Version>0</Version>
                <Channel>Microsoft-Windows-Direct3D11/Analytic</Channel>
                <Task>Texture2D</Task>
                <Keyword>Resources</Keyword>
                <Message><![CDATA[
RotateTexture2DIdentities]]></Message>
                <Template><![CDATA[
<template xmlns="http://schemas.microsoft.com/win/2004/08/events">
  <data name="Resources" inType="win:UInt32" outType="xs:unsignedInt"/>
  <data name="pIDXGISurfaces" inType="win:Pointer" outType="win:HexInt64" count="Resources"/>
  <data name="hNewKMResources" inType="win:UInt32" outType="win:HexInt32" count="Resources"/>
</template>
]]></Template>
            </Event>
            <Event>
                <Id>19</Id>
                <Version>0</Version>
                <Channel>Microsoft-Windows-Direct3D11/Analytic</Channel>
                <Task>Device</Task>
                <Keyword>Devices</Keyword>
                <Template><![CDATA[
<template xmlns="http://schemas.microsoft.com/win/2004/08/events">
  <data name="SemaphoreHandle" inType="win:Pointer" outType="win:HexInt64"/>
  <data name="AdjustValue" inType="win:UInt32" outType="xs:unsignedInt"/>
  <data name="PresentCount" inType="win:UInt32" outType="xs:unsignedInt"/>
</template>
]]></Template>
            </Event>
            <Event>
                <Id>20</Id>
                <Version>0</Version>
                <Channel>Microsoft-Windows-Direct3D11/PerfTiming</Channel>
                <Task>D3D11CoreCreateDevice</Task>
                <Opcode>Start</Opcode>
                <Keyword>Devices</Keyword>
                <Template><![CDATA[
]]></Template>
            </Event>
            <Event>
                <Id>21</Id>
                <Version>0</Version>
                <Channel>Microsoft-Windows-Direct3D11/PerfTiming</Channel>
                <Task>D3D11CoreCreateDevice</Task>
                <Opcode>Stop</Opcode>
                <Keyword>Devices</Keyword>
                <Template><![CDATA[
]]></Template>
            </Event>
            <Event>
                <Id>22</Id>
                <Version>0</Version>
                <Channel>Microsoft-Windows-Direct3D11/PerfTiming</Channel>
                <Task>KMDDeviceCreate</Task>
                <Opcode>Start</Opcode>
                <Keyword>Devices</Keyword>
                <Template><![CDATA[
]]></Template>
            </Event>
            <Event>
                <Id>23</Id>
                <Version>0</Version>
                <Channel>Microsoft-Windows-Direct3D11/PerfTiming</Channel>
                <Task>KMDDeviceCreate</Task>
                <Opcode>Stop</Opcode>
                <Keyword>Devices</Keyword>
                <Template><![CDATA[
]]></Template>
            </Event>
            <Event>
                <Id>24</Id>
                <Version>0</Version>
                <Channel>Microsoft-Windows-Direct3D11/PerfTiming</Channel>
                <Task>UMDDeviceCreate</Task>
                <Opcode>Start</Opcode>
                <Keyword>Devices</Keyword>
                <Template><![CDATA[
]]></Template>
            </Event>
            <Event>
                <Id>25</Id>
                <Version>0</Version>
                <Channel>Microsoft-Windows-Direct3D11/PerfTiming</Channel>
                <Task>UMDDeviceCreate</Task>
                <Opcode>Stop</Opcode>
                <Keyword>Devices</Keyword>
                <Template><![CDATA[
]]></Template>
            </Event>
            <Event>
                <Id>26</Id>
                <Version>0</Version>
                <Channel>Microsoft-Windows-Direct3D11/Logging</Channel>
                <Task>D3DSupplemental</Task>
                <Template><![CDATA[
<template xmlns="http://schemas.microsoft.com/win/2004/08/events">
  <data name="BufferSize" inType="win:UInt32" outType="xs:unsignedInt"/>
  <data name="Buffer" inType="win:Binary" outType="xs:hexBinary" length="BufferSize"/>
</template>
]]></Template>
            </Event>
            <Event>
                <Id>27</Id>
                <Version>0</Version>
                <Channel>Microsoft-Windows-Direct3D11/Logging</Channel>
                <Task>QueryInterface</Task>
                <Template><![CDATA[
<template xmlns="http://schemas.microsoft.com/win/2004/08/events">
  <data name="pThis" inType="win:Pointer" outType="win:HexInt64"/>
  <data name="riid" inType="win:GUID" outType="xs:GUID"/>
  <data name="m_Ret" inType="win:UInt32" outType="xs:unsignedInt"/>
  <data name="ppvObject" inType="win:Pointer" outType="win:HexInt64"/>
</template>
]]></Template>
            </Event>
            <Event>
                <Id>28</Id>
                <Version>0</Version>
                <Channel>Microsoft-Windows-Direct3D11/Logging</Channel>
                <Task>AddRef</Task>
                <Template><![CDATA[
<template xmlns="http://schemas.microsoft.com/win/2004/08/events">
  <data name="pThis" inType="win:Pointer" outType="win:HexInt64"/>
  <data name="ReturnValue" inType="win:UInt32" outType="xs:unsignedInt"/>
</template>
]]></Template>
            </Event>
            <Event>
                <Id>29</Id>
                <Version>0</Version>
                <Channel>Microsoft-Windows-Direct3D11/Logging</Channel>
                <Task>Release</Task>
                <Template><![CDATA[
<template xmlns="http://schemas.microsoft.com/win/2004/08/events">
  <data name="pThis" inType="win:Pointer" outType="win:HexInt64"/>
  <data name="ReturnValue" inType="win:UInt32" outType="xs:unsignedInt"/>
</template>
]]></Template>
            </Event>
            <Event>
                <Id>30</Id>
                <Version>0</Version>
                <Channel>Microsoft-Windows-Direct3D11/Logging</Channel>
                <Task>Destruction</Task>
                <Template><![CDATA[
<template xmlns="http://schemas.microsoft.com/win/2004/08/events">
  <data name="pThis" inType="win:Pointer" outType="win:HexInt64"/>
</template>
]]></Template>
            </Event>
            <Event>
                <Id>31</Id>
                <Version>0</Version>
                <Channel>Microsoft-Windows-Direct3D11/PerfTiming</Channel>
                <Task>UMD10CreateDevice</Task>
                <Opcode>Start</Opcode>
                <Keyword>Devices</Keyword>
                <Template><![CDATA[
]]></Template>
            </Event>
            <Event>
                <Id>32</Id>
                <Version>0</Version>
                <Channel>Microsoft-Windows-Direct3D11/PerfTiming</Channel>
                <Task>UMD10CreateDevice</Task>
                <Opcode>Stop</Opcode>
                <Keyword>Devices</Keyword>
                <Template><![CDATA[
]]></Template>
            </Event>
            <Event>
                <Id>33</Id>
                <Version>0</Version>
                <Channel>Microsoft-Windows-Direct3D11/PerfTiming</Channel>
                <Task>UMDOpenAdapter</Task>
                <Opcode>Start</Opcode>
                <Keyword>Devices</Keyword>
                <Template><![CDATA[
]]></Template>
            </Event>
            <Event>
                <Id>34</Id>
                <Version>0</Version>
                <Channel>Microsoft-Windows-Direct3D11/PerfTiming</Channel>
                <Task>UMDOpenAdapter</Task>
                <Opcode>Stop</Opcode>
                <Keyword>Devices</Keyword>
                <Template><![CDATA[
]]></Template>
            </Event>
            <Event>
                <Id>35</Id>
                <Version>0</Version>
                <Channel>Microsoft-Windows-Direct3D11/Analytic</Channel>
                <Task>Context</Task>
                <Opcode>Start</Opcode>
                <Keyword>Contexts</Keyword>
                <Template><![CDATA[
<template xmlns="http://schemas.microsoft.com/win/2004/08/events">
  <data name="pID3D11Device" inType="win:Pointer" outType="win:HexInt64"/>
  <data name="pID3D11DeviceContext" inType="win:Pointer" outType="win:HexInt64"/>
  <data name="ContextType" inType="win:UInt32" outType="xs:unsignedInt"/>
  <data name="ContextFlags" inType="win:UInt32" outType="xs:unsignedInt"/>
</template>
]]></Template>
            </Event>
            <Event>
                <Id>36</Id>
                <Version>0</Version>
                <Channel>Microsoft-Windows-Direct3D11/Analytic</Channel>
                <Task>Context</Task>
                <Opcode>Stop</Opcode>
                <Keyword>Contexts</Keyword>
                <Template><![CDATA[
<template xmlns="http://schemas.microsoft.com/win/2004/08/events">
  <data name="pID3D11Device" inType="win:Pointer" outType="win:HexInt64"/>
  <data name="pID3D11DeviceContext" inType="win:Pointer" outType="win:HexInt64"/>
  <data name="ContextType" inType="win:UInt32" outType="xs:unsignedInt"/>
  <data name="ContextFlags" inType="win:UInt32" outType="xs:unsignedInt"/>
</template>
]]></Template>
            </Event>
            <Event>
                <Id>37</Id>
                <Version>0</Version>
                <Channel>Microsoft-Windows-Direct3D11/Analytic</Channel>
                <Task>Context</Task>
                <Opcode>DCStart</Opcode>
                <Keyword>Contexts</Keyword>
                <Template><![CDATA[
<template xmlns="http://schemas.microsoft.com/win/2004/08/events">
  <data name="pID3D11Device" inType="win:Pointer" outType="win:HexInt64"/>
  <data name="pID3D11DeviceContext" inType="win:Pointer" outType="win:HexInt64"/>
  <data name="ContextType" inType="win:UInt32" outType="xs:unsignedInt"/>
  <data name="ContextFlags" inType="win:UInt32" outType="xs:unsignedInt"/>
</template>
]]></Template>
            </Event>
            <Event>
                <Id>38</Id>
                <Version>0</Version>
                <Channel>Microsoft-Windows-Direct3D11/Analytic</Channel>
                <Task>Marker</Task>
                <Keyword>Markers</Keyword>
                <Template><![CDATA[
<template xmlns="http://schemas.microsoft.com/win/2004/08/events">
  <data name="pID3D11DeviceContext" inType="win:Pointer" outType="win:HexInt64"/>
  <data name="APISequenceNumber" inType="win:UInt64" outType="xs:unsignedLong"/>
  <data name="Label" inType="win:UnicodeString" outType="xs:string"/>
  <data name="Data" inType="win:Int32" outType="xs:int"/>
</template>
]]></Template>
            </Event>
            <Event>
                <Id>39</Id>
                <Version>0</Version>
                <Channel>Microsoft-Windows-Direct3D11/Analytic</Channel>
                <Task>RuntimeMarker</Task>
                <Template><![CDATA[
<template xmlns="http://schemas.microsoft.com/win/2004/08/events">
  <data name="CPUFrequency" inType="win:UInt64" outType="xs:unsignedLong"/>
  <data name="FirstAPISequenceNumber" inType="win:UInt64" outType="xs:unsignedLong"/>
  <data name="pID3D11DeviceContext" inType="win:Pointer" outType="win:HexInt64"/>
  <data name="CPUTimeHigh" inType="win:UInt32" outType="xs:unsignedInt"/>
  <data name="ThreadIDs" inType="win:UInt8" outType="xs:unsignedByte"/>
  <data name="ThreadID" inType="win:UInt32" outType="xs:unsignedInt" count="ThreadIDs"/>
  <data name="DataSize" inType="win:UInt32" outType="xs:unsignedInt"/>
  <data name="Data" inType="win:UInt8" outType="xs:unsignedByte" count="DataSize"/>
</template>
]]></Template>
            </Event>
            <Event>
                <Id>40</Id>
                <Version>0</Version>
                <Channel>Microsoft-Windows-Direct3D11/Analytic</Channel>
                <Task>RuntimeDroppedCall</Task>
                <Template><![CDATA[
<template xmlns="http://schemas.microsoft.com/win/2004/08/events">
  <data name="pID3D11DeviceContext" inType="win:Pointer" outType="win:HexInt64"/>
  <data name="Type" inType="win:UInt32" outType="xs:unsignedInt"/>
</template>
]]></Template>
            </Event>
            <Event>
                <Id>41</Id>
                <Version>0</Version>
                <Channel>Microsoft-Windows-Direct3D11/Analytic</Channel>
                <Task>RuntimeMarker</Task>
                <Template><![CDATA[
<template xmlns="http://schemas.microsoft.com/win/2004/08/events">
  <data name="pIDXGIDevice" inType="win:Pointer" outType="win:HexInt64"/>
  <data name="hContext" inType="win:UInt32" outType="xs:unsignedInt"/>
  <data name="BroadcastContexts" inType="win:UInt8" outType="xs:unsignedByte"/>
  <data name="hBroadcastContexts" inType="win:UInt32" outType="xs:unsignedInt" count="BroadcastContexts"/>
  <data name="MarkerLogType" inType="win:UInt32" outType="xs:unsignedInt"/>
  <data name="RenderCBSequenceNumber" inType="win:UInt32" outType="xs:unsignedInt"/>
  <data name="FirstAPISequenceNumberHigh" inType="win:UInt32" outType="xs:unsignedInt"/>
  <data name="CompletedAPISequenceNumberLow0Size" inType="win:UInt32" outType="xs:unsignedInt"/>
  <data name="CompletedAPISequenceNumberLow1Size" inType="win:UInt32" outType="xs:unsignedInt"/>
  <data name="BegunAPISequenceNumberLow0Size" inType="win:UInt32" outType="xs:unsignedInt"/>
  <data name="BegunAPISequenceNumberLow1Size" inType="win:UInt32" outType="xs:unsignedInt"/>
  <data name="CompletedAPISequenceNumberLow0" inType="win:UInt32" outType="xs:unsignedInt" count="CompletedAPISequenceNumberLow0Size"/>
  <data name="CompletedAPISequenceNumberLow1" inType="win:UInt32" outType="xs:unsignedInt" count="CompletedAPISequenceNumberLow1Size"/>
  <data name="BegunAPISequenceNumberLow0" inType="win:UInt32" outType="xs:unsignedInt" count="BegunAPISequenceNumberLow0Size"/>
  <data name="BegunAPISequenceNumberLow1" inType="win:UInt32" outType="xs:unsignedInt" count="BegunAPISequenceNumberLow1Size"/>
</template>
]]></Template>
            </Event>
            <Event>
                <Id>42</Id>
                <Version>0</Version>
                <Channel>Microsoft-Windows-Direct3D11/Analytic</Channel>
                <Task>CommandList</Task>
                <Opcode>Start</Opcode>
                <Keyword>CommandLists</Keyword>
                <Template><![CDATA[
<template xmlns="http://schemas.microsoft.com/win/2004/08/events">
  <data name="pID3D11DeviceContext" inType="win:Pointer" outType="win:HexInt64"/>
  <data name="pID3D11CommandList" inType="win:Pointer" outType="win:HexInt64"/>
</template>
]]></Template>
            </Event>
            <Event>
                <Id>43</Id>
                <Version>0</Version>
                <Channel>Microsoft-Windows-Direct3D11/Analytic</Channel>
                <Task>CommandList</Task>
                <Opcode>Stop</Opcode>
                <Keyword>CommandLists</Keyword>
                <Template><![CDATA[
<template xmlns="http://schemas.microsoft.com/win/2004/08/events">
  <data name="pID3D11DeviceContext" inType="win:Pointer" outType="win:HexInt64"/>
  <data name="pID3D11CommandList" inType="win:Pointer" outType="win:HexInt64"/>
</template>
]]></Template>
            </Event>
            <Event>
                <Id>44</Id>
                <Version>0</Version>
                <Channel>Microsoft-Windows-Direct3D11/Analytic</Channel>
                <Task>CommandList</Task>
                <Opcode>DCStart</Opcode>
                <Keyword>CommandLists</Keyword>
                <Template><![CDATA[
<template xmlns="http://schemas.microsoft.com/win/2004/08/events">
  <data name="pID3D11DeviceContext" inType="win:Pointer" outType="win:HexInt64"/>
  <data name="pID3D11CommandList" inType="win:Pointer" outType="win:HexInt64"/>
</template>
]]></Template>
            </Event>
            <Event>
                <Id>45</Id>
                <Version>0</Version>
                <Channel>Microsoft-Windows-Direct3D11/Analytic</Channel>
                <Task>CustomDriverMarker</Task>
                <Keyword>DriverCustomMarkers</Keyword>
                <Template><![CDATA[
<template xmlns="http://schemas.microsoft.com/win/2004/08/events">
  <data name="InsertionAPISequenceNumber" inType="win:UInt64" outType="xs:unsignedLong"/>
  <data name="pID3D11DeviceContext" inType="win:Pointer" outType="win:HexInt64"/>
  <data name="hContext" inType="win:UInt32" outType="xs:unsignedInt"/>
  <data name="Index" inType="win:Int32" outType="xs:int"/>
  <data name="StringIndex" inType="win:Int32" outType="xs:int"/>
  <data name="MarkerDescription" inType="win:UnicodeString" outType="xs:string"/>
</template>
]]></Template>
            </Event>
            <Event>
                <Id>46</Id>
                <Version>0</Version>
                <Channel>Microsoft-Windows-Direct3D11/Analytic</Channel>
                <Task>CustomDriverMarker</Task>
                <Keyword>DriverCustomMarkers</Keyword>
                <Template><![CDATA[
<template xmlns="http://schemas.microsoft.com/win/2004/08/events">
  <data name="pID3D11Device" inType="win:Pointer" outType="win:HexInt64"/>
  <data name="StringIndex" inType="win:Int32" outType="xs:int"/>
  <data name="Description" inType="win:UnicodeString" outType="xs:string"/>
</template>
]]></Template>
            </Event>
            <Event>
                <Id>1714</Id>
                <Version>0</Version>
                <Channel>Microsoft-Windows-Direct3D11/Logging</Channel>
                <Task>IDXGIDevice2_OfferResources</Task>
                <Opcode>Start</Opcode>
                <Template><![CDATA[
<template xmlns="http://schemas.microsoft.com/win/2004/08/events">
  <data name="pThis" inType="win:Pointer" outType="win:HexInt64"/>
  <data name="NumResources" inType="win:UInt32" outType="xs:unsignedInt"/>
  <data name="ppResources" inType="win:Pointer" outType="win:HexInt64" count="NumResources"/>
  <data name="Priority" inType="win:UInt32" outType="xs:unsignedInt"/>
</template>
]]></Template>
            </Event>
            <Event>
                <Id>1715</Id>
                <Version>0</Version>
                <Channel>Microsoft-Windows-Direct3D11/Logging</Channel>
                <Task>IDXGIDevice2_OfferResources</Task>
                <Opcode>Stop</Opcode>
                <Template><![CDATA[
<template xmlns="http://schemas.microsoft.com/win/2004/08/events">
  <data name="m_Ret" inType="win:UInt32" outType="xs:unsignedInt"/>
</template>
]]></Template>
            </Event>
            <Event>
                <Id>1716</Id>
                <Version>0</Version>
                <Channel>Microsoft-Windows-Direct3D11/Logging</Channel>
                <Task>IDXGIDevice2_ReclaimResources</Task>
                <Opcode>Start</Opcode>
                <Template><![CDATA[
<template xmlns="http://schemas.microsoft.com/win/2004/08/events">
  <data name="pThis" inType="win:Pointer" outType="win:HexInt64"/>
  <data name="NumResources" inType="win:UInt32" outType="xs:unsignedInt"/>
  <data name="ppResources" inType="win:Pointer" outType="win:HexInt64" count="NumResources"/>
  <data name="NumDiscardedResources" inType="win:UInt32" outType="xs:unsignedInt"/>
  <data name="pDiscarded" inType="win:UInt32" outType="xs:unsignedInt" count="NumDiscardedResources"/>
</template>
]]></Template>
            </Event>
            <Event>
                <Id>1717</Id>
                <Version>0</Version>
                <Channel>Microsoft-Windows-Direct3D11/Logging</Channel>
                <Task>IDXGIDevice2_ReclaimResources</Task>
                <Opcode>Stop</Opcode>
                <Template><![CDATA[
<template xmlns="http://schemas.microsoft.com/win/2004/08/events">
  <data name="m_Ret" inType="win:UInt32" outType="xs:unsignedInt"/>
  <data name="pDiscarded" inType="win:UInt32" outType="xs:unsignedInt"/>
</template>
]]></Template>
            </Event>
            <Event>
                <Id>1720</Id>
                <Version>0</Version>
                <Channel>Microsoft-Windows-Direct3D11/Logging</Channel>
                <Task>ID3D11VideoDevice_CreateVideoProcessor</Task>
                <Opcode>Start</Opcode>
                <Template><![CDATA[
<template xmlns="http://schemas.microsoft.com/win/2004/08/events">
  <data name="pThis" inType="win:Pointer" outType="win:HexInt64"/>
  <data name="pEnum" inType="win:Pointer" outType="win:HexInt64"/>
  <data name="RateConversionIndex" inType="win:UInt32" outType="xs:unsignedInt"/>
  <data name="ppVideoProcessor" inType="win:Pointer" outType="win:HexInt64"/>
</template>
]]></Template>
            </Event>
            <Event>
                <Id>1721</Id>
                <Version>0</Version>
                <Channel>Microsoft-Windows-Direct3D11/Logging</Channel>
                <Task>ID3D11VideoDevice_CreateVideoProcessor</Task>
                <Opcode>Stop</Opcode>
                <Template><![CDATA[
<template xmlns="http://schemas.microsoft.com/win/2004/08/events">
  <data name="m_Ret" inType="win:UInt32" outType="xs:unsignedInt"/>
  <data name="ppVideoProcessor" inType="win:Pointer" outType="win:HexInt64"/>
</template>
]]></Template>
            </Event>
            <Event>
                <Id>1722</Id>
                <Version>0</Version>
                <Channel>Microsoft-Windows-Direct3D11/Logging</Channel>
                <Task>ID3D11VideoDevice_CreateVideoDecoder</Task>
                <Opcode>Start</Opcode>
                <Template><![CDATA[
<template xmlns="http://schemas.microsoft.com/win/2004/08/events">
  <data name="pThis" inType="win:Pointer" outType="win:HexInt64"/>
  <struct name="pVideoDesc-&gt;TID_D3D11_VIDEO_DECODER_DESC">
    <data name="Guid" inType="win:GUID" outType="xs:GUID"/>
    <data name="SampleWidth" inType="win:UInt32" outType="xs:unsignedInt"/>
    <data name="SampleHeight" inType="win:UInt32" outType="xs:unsignedInt"/>
    <data name="OutputFormat" inType="win:UInt32" outType="xs:unsignedInt"/>
  </struct>
  <struct name="pConfig-&gt;TID_D3D11_VIDEO_DECODER_CONFIG">
    <data name="guidConfigBitstreamEncryption" inType="win:GUID" outType="xs:GUID"/>
    <data name="guidConfigMBcontrolEncryption" inType="win:GUID" outType="xs:GUID"/>
    <data name="guidConfigResidDiffEncryption" inType="win:GUID" outType="xs:GUID"/>
    <data name="ConfigBitstreamRaw" inType="win:UInt32" outType="xs:unsignedInt"/>
    <data name="ConfigMBcontrolRasterOrder" inType="win:UInt32" outType="xs:unsignedInt"/>
    <data name="ConfigResidDiffHost" inType="win:UInt32" outType="xs:unsignedInt"/>
    <data name="ConfigSpatialResid8" inType="win:UInt32" outType="xs:unsignedInt"/>
    <data name="ConfigResid8Subtraction" inType="win:UInt32" outType="xs:unsignedInt"/>
    <data name="ConfigSpatialHost8or9Clipping" inType="win:UInt32" outType="xs:unsignedInt"/>
    <data name="ConfigSpatialResidInterleaved" inType="win:UInt32" outType="xs:unsignedInt"/>
    <data name="ConfigIntraResidUnsigned" inType="win:UInt32" outType="xs:unsignedInt"/>
    <data name="ConfigResidDiffAccelerator" inType="win:UInt32" outType="xs:unsignedInt"/>
    <data name="ConfigHostInverseScan" inType="win:UInt32" outType="xs:unsignedInt"/>
    <data name="ConfigSpecificIDCT" inType="win:UInt32" outType="xs:unsignedInt"/>
    <data name="Config4GroupedCoefs" inType="win:UInt32" outType="xs:unsignedInt"/>
    <data name="ConfigMinRenderTargetBuffCount" inType="win:Binary" outType="xs:hexBinary" length="2"/>
    <data name="ConfigDecoderSpecific" inType="win:Binary" outType="xs:hexBinary" length="2"/>
  </struct>
  <data name="ppDecoder" inType="win:Pointer" outType="win:HexInt64"/>
</template>
]]></Template>
            </Event>
            <Event>
                <Id>1723</Id>
                <Version>0</Version>
                <Channel>Microsoft-Windows-Direct3D11/Logging</Channel>
                <Task>ID3D11VideoDevice_CreateVideoDecoder</Task>
                <Opcode>Stop</Opcode>
                <Template><![CDATA[
<template xmlns="http://schemas.microsoft.com/win/2004/08/events">
  <data name="m_Ret" inType="win:UInt32" outType="xs:unsignedInt"/>
  <data name="ppDecoder" inType="win:Pointer" outType="win:HexInt64"/>
</template>
]]></Template>
            </Event>
            <Event>
                <Id>1728</Id>
                <Version>0</Version>
                <Channel>Microsoft-Windows-Direct3D11/Logging</Channel>
                <Task>ID3D11VideoProcessor_Release</Task>
                <Opcode>Start</Opcode>
                <Template><![CDATA[
<template xmlns="http://schemas.microsoft.com/win/2004/08/events">
  <data name="pThis" inType="win:Pointer" outType="win:HexInt64"/>
</template>
]]></Template>
            </Event>
            <Event>
                <Id>1729</Id>
                <Version>0</Version>
                <Channel>Microsoft-Windows-Direct3D11/Logging</Channel>
                <Task>ID3D11VideoProcessor_Release</Task>
                <Opcode>Stop</Opcode>
                <Template><![CDATA[
<template xmlns="http://schemas.microsoft.com/win/2004/08/events">
  <data name="m_Ret" inType="win:UInt32" outType="xs:unsignedInt"/>
</template>
]]></Template>
            </Event>
            <Event>
                <Id>1734</Id>
                <Version>0</Version>
                <Channel>Microsoft-Windows-Direct3D11/Logging</Channel>
                <Task>ID3D11VideoDecoder_Release</Task>
                <Opcode>Start</Opcode>
                <Template><![CDATA[
<template xmlns="http://schemas.microsoft.com/win/2004/08/events">
  <data name="pThis" inType="win:Pointer" outType="win:HexInt64"/>
</template>
]]></Template>
            </Event>
            <Event>
                <Id>1735</Id>
                <Version>0</Version>
                <Channel>Microsoft-Windows-Direct3D11/Logging</Channel>
                <Task>ID3D11VideoDecoder_Release</Task>
                <Opcode>Stop</Opcode>
                <Template><![CDATA[
<template xmlns="http://schemas.microsoft.com/win/2004/08/events">
  <data name="m_Ret" inType="win:UInt32" outType="xs:unsignedInt"/>
</template>
]]></Template>
            </Event>
            <Event>
                <Id>1778</Id>
                <Version>0</Version>
                <Channel>Microsoft-Windows-Direct3D11/Logging</Channel>
                <Task>ID3D11VideoContext_VideoProcessorBlt</Task>
                <Opcode>Start</Opcode>
                <Template><![CDATA[
<template xmlns="http://schemas.microsoft.com/win/2004/08/events">
  <data name="pThis" inType="win:Pointer" outType="win:HexInt64"/>
  <data name="pVideoProcessor" inType="win:Pointer" outType="win:HexInt64"/>
  <data name="pView" inType="win:Pointer" outType="win:HexInt64"/>
  <data name="OutputFrame" inType="win:UInt32" outType="xs:unsignedInt"/>
  <data name="StreamCount" inType="win:UInt32" outType="xs:unsignedInt"/>
  <struct name="pStreams-&gt;TID_D3D11_VIDEO_PROCESSOR_STREAM" count="StreamCount">
    <data name="Enable" inType="win:UInt32" outType="xs:unsignedInt"/>
    <data name="OutputIndex" inType="win:UInt32" outType="xs:unsignedInt"/>
    <data name="InputFrameOrField" inType="win:UInt32" outType="xs:unsignedInt"/>
    <data name="PastFrames" inType="win:UInt32" outType="xs:unsignedInt"/>
    <data name="FutureFrames" inType="win:UInt32" outType="xs:unsignedInt"/>
    <data name="ppPastSurfaces" inType="win:Pointer" outType="win:HexInt64"/>
    <data name="pInputSurface" inType="win:Pointer" outType="win:HexInt64"/>
    <data name="ppFutureSurfaces" inType="win:Pointer" outType="win:HexInt64"/>
    <data name="ppPastSurfacesRight" inType="win:Pointer" outType="win:HexInt64"/>
    <data name="pInputSurfaceRight" inType="win:Pointer" outType="win:HexInt64"/>
    <data name="ppFutureSurfacesRight" inType="win:Pointer" outType="win:HexInt64"/>
  </struct>
</template>
]]></Template>
            </Event>
            <Event>
                <Id>1779</Id>
                <Version>0</Version>
                <Channel>Microsoft-Windows-Direct3D11/Logging</Channel>
                <Task>ID3D11VideoContext_VideoProcessorBlt</Task>
                <Opcode>Stop</Opcode>
                <Template><![CDATA[
<template xmlns="http://schemas.microsoft.com/win/2004/08/events">
  <data name="m_Ret" inType="win:UInt32" outType="xs:unsignedInt"/>
</template>
]]></Template>
            </Event>
            <Event>
                <Id>1780</Id>
                <Version>0</Version>
                <Channel>Microsoft-Windows-Direct3D11/Logging</Channel>
                <Task>ID3D11VideoContext_GetDecoderBuffer</Task>
                <Opcode>Start</Opcode>
                <Template><![CDATA[
<template xmlns="http://schemas.microsoft.com/win/2004/08/events">
  <data name="pThis" inType="win:Pointer" outType="win:HexInt64"/>
  <data name="pDecoder" inType="win:Pointer" outType="win:HexInt64"/>
  <data name="Type" inType="win:UInt32" outType="xs:unsignedInt"/>
  <data name="pBufferSize" inType="win:UInt32" outType="xs:unsignedInt"/>
  <data name="ppBuffer" inType="win:Pointer" outType="win:HexInt64"/>
</template>
]]></Template>
            </Event>
            <Event>
                <Id>1781</Id>
                <Version>0</Version>
                <Channel>Microsoft-Windows-Direct3D11/Logging</Channel>
                <Task>ID3D11VideoContext_GetDecoderBuffer</Task>
                <Opcode>Stop</Opcode>
                <Template><![CDATA[
<template xmlns="http://schemas.microsoft.com/win/2004/08/events">
  <data name="m_Ret" inType="win:UInt32" outType="xs:unsignedInt"/>
  <data name="pBufferSize" inType="win:UInt32" outType="xs:unsignedInt"/>
  <data name="ppBuffer" inType="win:Pointer" outType="win:HexInt64"/>
</template>
]]></Template>
            </Event>
            <Event>
                <Id>1784</Id>
                <Version>0</Version>
                <Channel>Microsoft-Windows-Direct3D11/Logging</Channel>
                <Task>ID3D11VideoContext_DecoderBeginFrame</Task>
                <Opcode>Start</Opcode>
                <Template><![CDATA[
<template xmlns="http://schemas.microsoft.com/win/2004/08/events">
  <data name="pThis" inType="win:Pointer" outType="win:HexInt64"/>
  <data name="pDecoder" inType="win:Pointer" outType="win:HexInt64"/>
  <data name="View" inType="win:Pointer" outType="win:HexInt64"/>
  <data name="ContentKeySize" inType="win:UInt32" outType="xs:unsignedInt"/>
  <data name="pContentKey" inType="win:Pointer" outType="win:HexInt64"/>
</template>
]]></Template>
            </Event>
            <Event>
                <Id>1785</Id>
                <Version>0</Version>
                <Channel>Microsoft-Windows-Direct3D11/Logging</Channel>
                <Task>ID3D11VideoContext_DecoderBeginFrame</Task>
                <Opcode>Stop</Opcode>
                <Template><![CDATA[
<template xmlns="http://schemas.microsoft.com/win/2004/08/events">
  <data name="m_Ret" inType="win:UInt32" outType="xs:unsignedInt"/>
</template>
]]></Template>
            </Event>
            <Event>
                <Id>1786</Id>
                <Version>0</Version>
                <Channel>Microsoft-Windows-Direct3D11/Logging</Channel>
                <Task>ID3D11VideoContext_DecoderEndFrame</Task>
                <Opcode>Start</Opcode>
                <Template><![CDATA[
<template xmlns="http://schemas.microsoft.com/win/2004/08/events">
  <data name="pThis" inType="win:Pointer" outType="win:HexInt64"/>
  <data name="pDecoder" inType="win:Pointer" outType="win:HexInt64"/>
</template>
]]></Template>
            </Event>
            <Event>
                <Id>1787</Id>
                <Version>0</Version>
                <Channel>Microsoft-Windows-Direct3D11/Logging</Channel>
                <Task>ID3D11VideoContext_DecoderEndFrame</Task>
                <Opcode>Stop</Opcode>
                <Template><![CDATA[
<template xmlns="http://schemas.microsoft.com/win/2004/08/events">
  <data name="m_Ret" inType="win:UInt32" outType="xs:unsignedInt"/>
</template>
]]></Template>
            </Event>
            <Event>
                <Id>1788</Id>
                <Version>0</Version>
                <Channel>Microsoft-Windows-Direct3D11/Logging</Channel>
                <Task>ID3D11VideoContext_SubmitDecoderBuffers</Task>
                <Opcode>Start</Opcode>
                <Template><![CDATA[
<template xmlns="http://schemas.microsoft.com/win/2004/08/events">
  <data name="pThis" inType="win:Pointer" outType="win:HexInt64"/>
  <data name="pDecoder" inType="win:Pointer" outType="win:HexInt64"/>
  <data name="NumBuffers" inType="win:UInt32" outType="xs:unsignedInt"/>
  <struct name="pBufferDesc-&gt;TID_D3D11_VIDEO_DECODER_BUFFER_DESC" count="NumBuffers">
    <data name="BufferType" inType="win:UInt32" outType="xs:unsignedInt"/>
    <data name="BufferIndex" inType="win:UInt32" outType="xs:unsignedInt"/>
    <data name="DataOffset" inType="win:UInt32" outType="xs:unsignedInt"/>
    <data name="DataSize" inType="win:UInt32" outType="xs:unsignedInt"/>
    <data name="FirstMBaddress" inType="win:UInt32" outType="xs:unsignedInt"/>
    <data name="NumMBsInBuffer" inType="win:UInt32" outType="xs:unsignedInt"/>
    <data name="Width" inType="win:UInt32" outType="xs:unsignedInt"/>
    <data name="Height" inType="win:UInt32" outType="xs:unsignedInt"/>
    <data name="Stride" inType="win:UInt32" outType="xs:unsignedInt"/>
    <data name="ReservedBits" inType="win:UInt32" outType="xs:unsignedInt"/>
    <data name="pIV" inType="win:Pointer" outType="win:HexInt64"/>
    <data name="IVSize" inType="win:UInt32" outType="xs:unsignedInt"/>
    <data name="PartialEncryption" inType="win:UInt32" outType="xs:unsignedInt"/>
    <data name="EncryptedBlockInfo.NumEncryptedBytesAtBeginning" inType="win:UInt32" outType="xs:unsignedInt"/>
    <data name="EncryptedBlockInfo.NumBytesInSkipPattern" inType="win:UInt32" outType="xs:unsignedInt"/>
    <data name="EncryptedBlockInfo.NumBytesInEncryptPattern" inType="win:UInt32" outType="xs:unsignedInt"/>
  </struct>
</template>
]]></Template>
            </Event>
            <Event>
                <Id>1789</Id>
                <Version>0</Version>
                <Channel>Microsoft-Windows-Direct3D11/Logging</Channel>
                <Task>ID3D11VideoContext_SubmitDecoderBuffers</Task>
                <Opcode>Stop</Opcode>
                <Template><![CDATA[
<template xmlns="http://schemas.microsoft.com/win/2004/08/events">
  <data name="m_Ret" inType="win:UInt32" outType="xs:unsignedInt"/>
</template>
]]></Template>
            </Event>
            <Event>
                <Id>1804</Id>
                <Version>0</Version>
                <Channel>Microsoft-Windows-Direct3D11/Analytic</Channel>
                <Task>IDXGIDevice3_Trim</Task>
                <Opcode>Start</Opcode>
                <Keyword>Devices</Keyword>
                <Template><![CDATA[
<template xmlns="http://schemas.microsoft.com/win/2004/08/events">
  <data name="pDXGIDevice" inType="win:Pointer" outType="win:HexInt64"/>
</template>
]]></Template>
            </Event>
            <Event>
                <Id>1805</Id>
                <Version>0</Version>
                <Channel>Microsoft-Windows-Direct3D11/Analytic</Channel>
                <Task>IDXGIDevice3_Trim</Task>
                <Opcode>Stop</Opcode>
                <Keyword>Devices</Keyword>
                <Template><![CDATA[
]]></Template>
            </Event>
            <Event>
                <Id>1806</Id>
                <Version>0</Version>
                <Channel>Microsoft-Windows-Direct3D11/Logging</Channel>
                <Task>ID3D11VideoDevice_CreateCryptoSession</Task>
                <Opcode>Start</Opcode>
                <Template><![CDATA[
<template xmlns="http://schemas.microsoft.com/win/2004/08/events">
  <data name="pThis" inType="win:Pointer" outType="win:HexInt64"/>
  <data name="CryptoType" inType="win:GUID" outType="xs:GUID"/>
  <data name="KeyExhangeType" inType="win:GUID" outType="xs:GUID"/>
  <data name="ppCryptoSession" inType="win:Pointer" outType="win:HexInt64"/>
</template>
]]></Template>
            </Event>
            <Event>
                <Id>1807</Id>
                <Version>0</Version>
                <Channel>Microsoft-Windows-Direct3D11/Logging</Channel>
                <Task>ID3D11VideoDevice_CreateCryptoSession</Task>
                <Opcode>Stop</Opcode>
                <Template><![CDATA[
<template xmlns="http://schemas.microsoft.com/win/2004/08/events">
  <data name="m_Ret" inType="win:UInt32" outType="xs:unsignedInt"/>
  <data name="ppCryptoSession" inType="win:Pointer" outType="win:HexInt64"/>
</template>
]]></Template>
            </Event>
            <Event>
                <Id>1808</Id>
                <Version>0</Version>
                <Channel>Microsoft-Windows-Direct3D11/Logging</Channel>
                <Task>ID3D11VideoContext_NegotiateCryptoSessionKeyExchange</Task>
                <Opcode>Start</Opcode>
                <Template><![CDATA[
<template xmlns="http://schemas.microsoft.com/win/2004/08/events">
  <data name="pThis" inType="win:Pointer" outType="win:HexInt64"/>
  <data name="pCryptoSession" inType="win:Pointer" outType="win:HexInt64"/>
</template>
]]></Template>
            </Event>
            <Event>
                <Id>1809</Id>
                <Version>0</Version>
                <Channel>Microsoft-Windows-Direct3D11/Logging</Channel>
                <Task>ID3D11VideoContext_NegotiateCryptoSessionKeyExchange</Task>
                <Opcode>Stop</Opcode>
                <Template><![CDATA[
<template xmlns="http://schemas.microsoft.com/win/2004/08/events">
  <data name="m_Ret" inType="win:UInt32" outType="xs:unsignedInt"/>
</template>
]]></Template>
            </Event>
            <Event>
                <Id>1810</Id>
                <Version>0</Version>
                <Channel>Microsoft-Windows-Direct3D11/Logging</Channel>
                <Task>ID3D11VideoContext_VideoProcessorGetBehaviorHints</Task>
                <Opcode>Start</Opcode>
                <Template><![CDATA[
<template xmlns="http://schemas.microsoft.com/win/2004/08/events">
  <data name="pThis" inType="win:Pointer" outType="win:HexInt64"/>
  <data name="pVideoProcessor" inType="win:Pointer" outType="win:HexInt64"/>
  <data name="OutputWidth" inType="win:UInt32" outType="xs:unsignedInt"/>
  <data name="OutputHeight" inType="win:UInt32" outType="xs:unsignedInt"/>
  <data name="OutputFormat" inType="win:UInt32" outType="xs:unsignedInt"/>
  <data name="StreamCount" inType="win:UInt32" outType="xs:unsignedInt"/>
</template>
]]></Template>
            </Event>
            <Event>
                <Id>1811</Id>
                <Version>0</Version>
                <Channel>Microsoft-Windows-Direct3D11/Logging</Channel>
                <Task>ID3D11VideoContext_VideoProcessorGetBehaviorHints</Task>
                <Opcode>Stop</Opcode>
                <Template><![CDATA[
<template xmlns="http://schemas.microsoft.com/win/2004/08/events">
  <data name="BehaviorHints" inType="win:UInt32" outType="xs:unsignedInt"/>
  <data name="m_Ret" inType="win:UInt32" outType="xs:unsignedInt"/>
</template>
]]></Template>
            </Event>
            <Event>
                <Id>1812</Id>
                <Version>0</Version>
                <Channel>Microsoft-Windows-Direct3D11/Logging</Channel>
                <Task>CryptoSessionTeardownCount</Task>
                <Template><![CDATA[
<template xmlns="http://schemas.microsoft.com/win/2004/08/events">
  <data name="pThis" inType="win:Pointer" outType="win:HexInt64"/>
  <data name="pCryptoSession" inType="win:Pointer" outType="win:HexInt64"/>
  <data name="TeardownCount" inType="win:UInt32" outType="xs:unsignedInt"/>
</template>
]]></Template>
            </Event>
            <Event>
                <Id>1813</Id>
                <Version>0</Version>
                <Channel>Microsoft-Windows-Direct3D11/Logging</Channel>
                <Task>RecoverTeardown</Task>
                <Template><![CDATA[
<template xmlns="http://schemas.microsoft.com/win/2004/08/events">
  <data name="pThis" inType="win:Pointer" outType="win:HexInt64"/>
  <data name="TeardownCount" inType="win:UInt32" outType="xs:unsignedInt"/>
  <data name="Recover" inType="win:UInt32" outType="xs:unsignedInt"/>
</template>
]]></Template>
            </Event>
            <Event>
                <Id>1814</Id>
                <Version>0</Version>
                <Channel>Microsoft-Windows-Direct3D11/Logging</Channel>
                <Task>ID3D11VideoContext_VideoProcessorBltParameters</Task>
                <Template><![CDATA[
<template xmlns="http://schemas.microsoft.com/win/2004/08/events">
  <data name="pThis" inType="win:Pointer" outType="win:HexInt64"/>
  <data name="SourceWidth" inType="win:UInt32" outType="xs:unsignedInt"/>
  <data name="SourceHeight" inType="win:UInt32" outType="xs:unsignedInt"/>
  <data name="SourceFormat" inType="win:UInt32" outType="xs:unsignedInt"/>
  <data name="SourceColorspace" inType="win:UInt32" outType="xs:unsignedInt"/>
  <data name="DestWidth" inType="win:UInt32" outType="xs:unsignedInt"/>
  <data name="DestHeight" inType="win:UInt32" outType="xs:unsignedInt"/>
  <data name="DestFormat" inType="win:UInt32" outType="xs:unsignedInt"/>
  <data name="DestColorspace" inType="win:UInt32" outType="xs:unsignedInt"/>
  <data name="Rotation" inType="win:UInt32" outType="xs:unsignedInt"/>
</template>
]]></Template>
            </Event>
            <Event>
                <Id>1815</Id>
                <Version>0</Version>
                <Channel>Microsoft-Windows-Direct3D11/Logging</Channel>
                <Task>ID3D11VideoDevice_DestroyCryptoSession</Task>
                <Opcode>Start</Opcode>
                <Template><![CDATA[
<template xmlns="http://schemas.microsoft.com/win/2004/08/events">
  <data name="pCryptoSession" inType="win:Pointer" outType="win:HexInt64"/>
</template>
]]></Template>
            </Event>
            <Event>
                <Id>1816</Id>
                <Version>0</Version>
                <Channel>Microsoft-Windows-Direct3D11/Logging</Channel>
                <Task>ID3D11VideoDevice_DestroyCryptoSession</Task>
                <Opcode>Stop</Opcode>
                <Template><![CDATA[
<template xmlns="http://schemas.microsoft.com/win/2004/08/events">
  <data name="pCryptoSession" inType="win:Pointer" outType="win:HexInt64"/>
</template>
]]></Template>
            </Event>
            <Event>
                <Id>1817</Id>
                <Version>0</Version>
                <Channel>Microsoft-Windows-Direct3D11/Logging</Channel>
                <Task>ID3D11VideoContext_GetDataForNewHardwareKey</Task>
                <Template><![CDATA[
<template xmlns="http://schemas.microsoft.com/win/2004/08/events">
  <data name="pThis" inType="win:Pointer" outType="win:HexInt64"/>
  <data name="TeardownCount" inType="win:UInt32" outType="xs:unsignedInt"/>
  <data name="Result" inType="win:UInt32" outType="xs:unsignedInt"/>
</template>
]]></Template>
            </Event>
            <Event>
                <Id>1818</Id>
                <Version>0</Version>
                <Channel>Microsoft-Windows-Direct3D11/Logging</Channel>
                <Task>ID3D11VideoContext_SubmitDecoderBuffers1</Task>
                <Opcode>Start</Opcode>
                <Template><![CDATA[
<template xmlns="http://schemas.microsoft.com/win/2004/08/events">
  <data name="pThis" inType="win:Pointer" outType="win:HexInt64"/>
  <data name="pDecoder" inType="win:Pointer" outType="win:HexInt64"/>
  <data name="NumBuffers" inType="win:UInt32" outType="xs:unsignedInt"/>
  <struct name="pBufferDesc-&gt;TID_D3D11_VIDEO_DECODER_BUFFER_DESC1" count="NumBuffers">
    <data name="BufferType" inType="win:UInt32" outType="xs:unsignedInt"/>
    <data name="DataOffset" inType="win:UInt32" outType="xs:unsignedInt"/>
    <data name="DataSize" inType="win:UInt32" outType="xs:unsignedInt"/>
    <data name="pIV" inType="win:Pointer" outType="win:HexInt64"/>
    <data name="IVSize" inType="win:UInt32" outType="xs:unsignedInt"/>
    <data name="pSubSampleMappingBlock" inType="win:Pointer" outType="win:HexInt64"/>
    <data name="SubSampleMappingCount" inType="win:UInt32" outType="xs:unsignedInt"/>
  </struct>
</template>
]]></Template>
            </Event>
            <Event>
                <Id>1819</Id>
                <Version>0</Version>
                <Channel>Microsoft-Windows-Direct3D11/Logging</Channel>
                <Task>ID3D11VideoContext_SubmitDecoderBuffers1</Task>
                <Opcode>Stop</Opcode>
                <Template><![CDATA[
<template xmlns="http://schemas.microsoft.com/win/2004/08/events">
  <data name="m_Ret" inType="win:UInt32" outType="xs:unsignedInt"/>
</template>
]]></Template>
            </Event>
            <Event>
                <Id>1820</Id>
                <Version>0</Version>
                <Channel>Microsoft-Windows-Direct3D11/Logging</Channel>
                <Task>JournalEntry</Task>
                <Keyword>Devices JournalEntries</Keyword>
                <Template><![CDATA[
<template xmlns="http://schemas.microsoft.com/win/2004/08/events">
  <data name="Index" inType="win:UInt32" outType="xs:unsignedInt"/>
  <data name="Code" inType="win:HexInt32" outType="win:HexInt32"/>
  <data name="ThreadId" inType="win:UInt32" outType="xs:unsignedInt"/>
  <data name="Message" inType="win:AnsiString" outType="xs:string"/>
</template>
]]></Template>
            </Event>
            <Event>
                <Id>1821</Id>
                <Version>0</Version>
                <Channel>Microsoft-Windows-Direct3D11/Logging</Channel>
                <Task>IDXGIResource_CreateSharedHandle</Task>
                <Keyword>Resources</Keyword>
                <Template><![CDATA[
<template xmlns="http://schemas.microsoft.com/win/2004/08/events">
  <data name="hKMResource" inType="win:UInt32" outType="win:HexInt32"/>
  <data name="hUMSharedResource" inType="win:Pointer" outType="win:HexInt64"/>
  <data name="Name" inType="win:UnicodeString" outType="xs:string"/>
</template>
]]></Template>
            </Event>
            <Event>
                <Id>1822</Id>
                <Version>0</Version>
                <Channel>Microsoft-Windows-Direct3D11/Logging</Channel>
                <Task>ID3D11VideoDevice_NegotiateCryptoSessionKeyExchangeMT</Task>
                <Opcode>Start</Opcode>
                <Template><![CDATA[
<template xmlns="http://schemas.microsoft.com/win/2004/08/events">
  <data name="pThis" inType="win:Pointer" outType="win:HexInt64"/>
  <data name="pCryptoSession" inType="win:Pointer" outType="win:HexInt64"/>
</template>
]]></Template>
            </Event>
            <Event>
                <Id>1823</Id>
                <Version>0</Version>
                <Channel>Microsoft-Windows-Direct3D11/Logging</Channel>
                <Task>ID3D11VideoDevice_NegotiateCryptoSessionKeyExchangeMT</Task>
                <Opcode>Stop</Opcode>
                <Template><![CDATA[
<template xmlns="http://schemas.microsoft.com/win/2004/08/events">
  <data name="m_Ret" inType="win:UInt32" outType="xs:unsignedInt"/>
</template>
]]></Template>
            </Event>
            <Event>
                <Id>1824</Id>
                <Version>0</Version>
                <Channel>Microsoft-Windows-Direct3D11/Logging</Channel>
                <Task>ID3D11TrackedWorkload_Processed</Task>
                <Template><![CDATA[
<template xmlns="http://schemas.microsoft.com/win/2004/08/events">
  <data name="pThis" inType="win:Pointer" outType="win:HexInt64"/>
  <data name="beginIndex" inType="win:UInt32" outType="xs:unsignedInt"/>
  <data name="endIndex" inType="win:UInt32" outType="xs:unsignedInt"/>
  <data name="gpuDuration" inType="win:UInt32" outType="xs:unsignedInt"/>
</template>
]]></Template>
            </Event>
            <Event>
                <Id>1825</Id>
                <Version>0</Version>
                <Channel>Microsoft-Windows-Direct3D11/Logging</Channel>
                <Task>ID3D11TrackedWorkload_Completed</Task>
                <Template><![CDATA[
<template xmlns="http://schemas.microsoft.com/win/2004/08/events">
  <data name="pThis" inType="win:Pointer" outType="win:HexInt64"/>
  <data name="Index" inType="win:UInt32" outType="xs:unsignedInt"/>
  <data name="Timestamp" inType="win:UInt64" outType="win:HexInt64"/>
</template>
]]></Template>
            </Event>
            <Event>
                <Id>1826</Id>
                <Version>0</Version>
                <Channel>Microsoft-Windows-Direct3D11/Logging</Channel>
                <Task>CheckPresentDurationSupport</Task>
                <Keyword>Devices</Keyword>
                <Template><![CDATA[
<template xmlns="http://schemas.microsoft.com/win/2004/08/events">
  <data name="DesiredPresentDuration" inType="win:UInt32" outType="xs:unsignedInt"/>
  <data name="ClosestSmallerDuration" inType="win:UInt32" outType="xs:unsignedInt"/>
  <data name="ClosestLargerDuration" inType="win:UInt32" outType="xs:unsignedInt"/>
</template>
]]></Template>
            </Event>
        </EventMetadata>
    </Provider>
</Providers>
