<Providers>
    <Provider>
        <Name>Microsoft-Gaming-Services</Name>
        <Metadata>
            <Guid>{BC1BDB57-71A2-581A-147B-E0B49474A2D4}</Guid>
            <ResourceFilePath>%SystemRoot%\System32\InstallServiceTasks.dll</ResourceFilePath>
            <ParameterFilePath></ParameterFilePath>
            <MessageFilePath>%SystemRoot%\System32\InstallServiceTasks.dll</MessageFilePath>
            <HelpLink></HelpLink>
            <PublisherMessage>Microsoft-Gaming-Services</PublisherMessage>
            <Channels>
                <Channel>
                    <Message></Message>
                    <Path>Microsoft-Windows-Store/Operational</Path>
                    <Index>0</Index>
                    <Id>16</Id>
                    <Imported>true</Imported>
                </Channel>
            </Channels>
            <Levels>
                <Level>
                    <Message>Error</Message>
                    <Name>win:Error</Name>
                    <Value>2</Value>
                </Level>
                <Level>
                    <Message>Warning</Message>
                    <Name>win:Warning</Name>
                    <Value>3</Value>
                </Level>
                <Level>
                    <Message>Information</Message>
                    <Name>win:Informational</Name>
                    <Value>4</Value>
                </Level>
                <Level>
                    <Message>Verbose</Message>
                    <Name>win:Verbose</Name>
                    <Value>5</Value>
                </Level>
            </Levels>
            <Tasks>
                <Task>
                    <Message>Gaming Services</Message>
                    <Name>GamingServicesMessage</Name>
                    <Value>9001</Value>
                </Task>
                <Task>
                    <Message>Gaming Services</Message>
                    <Name>GameFltMessage</Name>
                    <Value>9005</Value>
                </Task>
                <Task>
                    <Message>Gaming Services</Message>
                    <Name>XvddMessage</Name>
                    <Value>9009</Value>
                </Task>
            </Tasks>
            <Opcodes>
                <Opcode>
                    <Message>Error</Message>
                    <Name>Error</Name>
                    <Value>12</Value>
                    <Task>9001</Task>
                </Opcode>
                <Opcode>
                    <Message>Error</Message>
                    <Name>Error</Name>
                    <Value>12</Value>
                    <Task>9005</Task>
                </Opcode>
                <Opcode>
                    <Message>Error</Message>
                    <Name>Error</Name>
                    <Value>12</Value>
                    <Task>9009</Task>
                </Opcode>
                <Opcode>
                    <Message>Warning</Message>
                    <Name>Warning</Name>
                    <Value>13</Value>
                    <Task>9001</Task>
                </Opcode>
                <Opcode>
                    <Message>Warning</Message>
                    <Name>Warning</Name>
                    <Value>13</Value>
                    <Task>9005</Task>
                </Opcode>
                <Opcode>
                    <Message>Warning</Message>
                    <Name>Warning</Name>
                    <Value>13</Value>
                    <Task>9009</Task>
                </Opcode>
                <Opcode>
                    <Message>Info</Message>
                    <Name>Info</Name>
                    <Value>14</Value>
                    <Task>9001</Task>
                </Opcode>
                <Opcode>
                    <Message>Info</Message>
                    <Name>Info</Name>
                    <Value>14</Value>
                    <Task>9005</Task>
                </Opcode>
                <Opcode>
                    <Message>Info</Message>
                    <Name>Info</Name>
                    <Value>14</Value>
                    <Task>9009</Task>
                </Opcode>
                <Opcode>
                    <Message>Verbose</Message>
                    <Name>Verbose</Name>
                    <Value>15</Value>
                    <Task>9001</Task>
                </Opcode>
                <Opcode>
                    <Message>Verbose</Message>
                    <Name>Verbose</Name>
                    <Value>15</Value>
                    <Task>9005</Task>
                </Opcode>
                <Opcode>
                    <Message>Verbose</Message>
                    <Name>Verbose</Name>
                    <Value>15</Value>
                    <Task>9009</Task>
                </Opcode>
            </Opcodes>
            <Keywords>
                <Keyword>
                    <Message></Message>
                    <Name>GamingServices</Name>
                    <Value>1073741824</Value>
                </Keyword>
            </Keywords>
        </Metadata>
        <EventMetadata>
            <Event>
                <Id>9001</Id>
                <Version>0</Version>
                <Channel>Microsoft-Windows-Store/Operational</Channel>
                <Level>Error</Level>
                <Task>Gaming Services</Task>
                <Opcode>Error</Opcode>
                <Keyword>GamingServices</Keyword>
                <Message><![CDATA[
%1
Error: %3
Function: %2
Source: %4 (%5)]]></Message>
                <Template><![CDATA[
<template xmlns="http://schemas.microsoft.com/win/2004/08/events">
  <data name="Message" inType="win:UnicodeString" outType="xs:string"/>
  <data name="Function" inType="win:AnsiString" outType="xs:string"/>
  <data name="Error Code" inType="win:Int32" outType="win:Hresult"/>
  <data name="Source" inType="win:AnsiString" outType="xs:string"/>
  <data name="Line Number" inType="win:UInt32" outType="xs:unsignedInt"/>
</template>
]]></Template>
            </Event>
            <Event>
                <Id>9002</Id>
                <Version>0</Version>
                <Channel>Microsoft-Windows-Store/Operational</Channel>
                <Level>Warning</Level>
                <Task>Gaming Services</Task>
                <Opcode>Warning</Opcode>
                <Keyword>GamingServices</Keyword>
                <Message><![CDATA[
%1
Error: %3
Function: %2
Source: %4 (%5)]]></Message>
                <Template><![CDATA[
<template xmlns="http://schemas.microsoft.com/win/2004/08/events">
  <data name="Message" inType="win:UnicodeString" outType="xs:string"/>
  <data name="Function" inType="win:AnsiString" outType="xs:string"/>
  <data name="Error Code" inType="win:Int32" outType="win:Hresult"/>
  <data name="Source" inType="win:AnsiString" outType="xs:string"/>
  <data name="Line Number" inType="win:UInt32" outType="xs:unsignedInt"/>
</template>
]]></Template>
            </Event>
            <Event>
                <Id>9003</Id>
                <Version>0</Version>
                <Channel>Microsoft-Windows-Store/Operational</Channel>
                <Level>Information</Level>
                <Task>Gaming Services</Task>
                <Opcode>Info</Opcode>
                <Keyword>GamingServices</Keyword>
                <Message><![CDATA[
%1
Error: %3
Function: %2
Source: %4 (%5)]]></Message>
                <Template><![CDATA[
<template xmlns="http://schemas.microsoft.com/win/2004/08/events">
  <data name="Message" inType="win:UnicodeString" outType="xs:string"/>
  <data name="Function" inType="win:AnsiString" outType="xs:string"/>
  <data name="Error Code" inType="win:Int32" outType="win:Hresult"/>
  <data name="Source" inType="win:AnsiString" outType="xs:string"/>
  <data name="Line Number" inType="win:UInt32" outType="xs:unsignedInt"/>
</template>
]]></Template>
            </Event>
            <Event>
                <Id>9004</Id>
                <Version>0</Version>
                <Channel>Microsoft-Windows-Store/Operational</Channel>
                <Level>Verbose</Level>
                <Task>Gaming Services</Task>
                <Opcode>Verbose</Opcode>
                <Keyword>GamingServices</Keyword>
                <Message><![CDATA[
%1
Error: %3
Function: %2
Source: %4 (%5)]]></Message>
                <Template><![CDATA[
<template xmlns="http://schemas.microsoft.com/win/2004/08/events">
  <data name="Message" inType="win:UnicodeString" outType="xs:string"/>
  <data name="Function" inType="win:AnsiString" outType="xs:string"/>
  <data name="Error Code" inType="win:Int32" outType="win:Hresult"/>
  <data name="Source" inType="win:AnsiString" outType="xs:string"/>
  <data name="Line Number" inType="win:UInt32" outType="xs:unsignedInt"/>
</template>
]]></Template>
            </Event>
            <Event>
                <Id>9005</Id>
                <Version>0</Version>
                <Channel>Microsoft-Windows-Store/Operational</Channel>
                <Level>Error</Level>
                <Task>Gaming Services</Task>
                <Opcode>Error</Opcode>
                <Keyword>GamingServices</Keyword>
                <Message><![CDATA[
%1
Status: %2]]></Message>
                <Template><![CDATA[
<template xmlns="http://schemas.microsoft.com/win/2004/08/events">
  <data name="Message" inType="win:UnicodeString" outType="xs:string"/>
  <data name="Error Code" inType="win:HexInt32" outType="win:NTStatus"/>
</template>
]]></Template>
            </Event>
            <Event>
                <Id>9006</Id>
                <Version>0</Version>
                <Channel>Microsoft-Windows-Store/Operational</Channel>
                <Level>Warning</Level>
                <Task>Gaming Services</Task>
                <Opcode>Warning</Opcode>
                <Keyword>GamingServices</Keyword>
                <Message><![CDATA[
%1
Status: %2]]></Message>
                <Template><![CDATA[
<template xmlns="http://schemas.microsoft.com/win/2004/08/events">
  <data name="Message" inType="win:UnicodeString" outType="xs:string"/>
  <data name="Error Code" inType="win:HexInt32" outType="win:NTStatus"/>
</template>
]]></Template>
            </Event>
            <Event>
                <Id>9007</Id>
                <Version>0</Version>
                <Channel>Microsoft-Windows-Store/Operational</Channel>
                <Level>Information</Level>
                <Task>Gaming Services</Task>
                <Opcode>Info</Opcode>
                <Keyword>GamingServices</Keyword>
                <Message><![CDATA[
%1
Status: %2]]></Message>
                <Template><![CDATA[
<template xmlns="http://schemas.microsoft.com/win/2004/08/events">
  <data name="Message" inType="win:UnicodeString" outType="xs:string"/>
  <data name="Error Code" inType="win:HexInt32" outType="win:NTStatus"/>
</template>
]]></Template>
            </Event>
            <Event>
                <Id>9008</Id>
                <Version>0</Version>
                <Channel>Microsoft-Windows-Store/Operational</Channel>
                <Level>Verbose</Level>
                <Task>Gaming Services</Task>
                <Opcode>Verbose</Opcode>
                <Keyword>GamingServices</Keyword>
                <Message><![CDATA[
%1
Status: %2]]></Message>
                <Template><![CDATA[
<template xmlns="http://schemas.microsoft.com/win/2004/08/events">
  <data name="Message" inType="win:UnicodeString" outType="xs:string"/>
  <data name="Error Code" inType="win:HexInt32" outType="win:NTStatus"/>
</template>
]]></Template>
            </Event>
            <Event>
                <Id>9009</Id>
                <Version>0</Version>
                <Channel>Microsoft-Windows-Store/Operational</Channel>
                <Level>Error</Level>
                <Task>Gaming Services</Task>
                <Opcode>Error</Opcode>
                <Keyword>GamingServices</Keyword>
                <Message><![CDATA[
%1
Status: %2]]></Message>
                <Template><![CDATA[
<template xmlns="http://schemas.microsoft.com/win/2004/08/events">
  <data name="Message" inType="win:UnicodeString" outType="xs:string"/>
  <data name="Error Code" inType="win:HexInt32" outType="win:NTStatus"/>
</template>
]]></Template>
            </Event>
            <Event>
                <Id>9010</Id>
                <Version>0</Version>
                <Channel>Microsoft-Windows-Store/Operational</Channel>
                <Level>Warning</Level>
                <Task>Gaming Services</Task>
                <Opcode>Warning</Opcode>
                <Keyword>GamingServices</Keyword>
                <Message><![CDATA[
%1
Status: %2]]></Message>
                <Template><![CDATA[
<template xmlns="http://schemas.microsoft.com/win/2004/08/events">
  <data name="Message" inType="win:UnicodeString" outType="xs:string"/>
  <data name="Error Code" inType="win:HexInt32" outType="win:NTStatus"/>
</template>
]]></Template>
            </Event>
            <Event>
                <Id>9011</Id>
                <Version>0</Version>
                <Channel>Microsoft-Windows-Store/Operational</Channel>
                <Level>Information</Level>
                <Task>Gaming Services</Task>
                <Opcode>Info</Opcode>
                <Keyword>GamingServices</Keyword>
                <Message><![CDATA[
%1
Status: %2]]></Message>
                <Template><![CDATA[
<template xmlns="http://schemas.microsoft.com/win/2004/08/events">
  <data name="Message" inType="win:UnicodeString" outType="xs:string"/>
  <data name="Error Code" inType="win:HexInt32" outType="win:NTStatus"/>
</template>
]]></Template>
            </Event>
            <Event>
                <Id>9012</Id>
                <Version>0</Version>
                <Channel>Microsoft-Windows-Store/Operational</Channel>
                <Level>Verbose</Level>
                <Task>Gaming Services</Task>
                <Opcode>Verbose</Opcode>
                <Keyword>GamingServices</Keyword>
                <Message><![CDATA[
%1
Status: %2]]></Message>
                <Template><![CDATA[
<template xmlns="http://schemas.microsoft.com/win/2004/08/events">
  <data name="Message" inType="win:UnicodeString" outType="xs:string"/>
  <data name="Error Code" inType="win:HexInt32" outType="win:NTStatus"/>
</template>
]]></Template>
            </Event>
        </EventMetadata>
    </Provider>
</Providers>
