<Providers>
    <Provider>
        <Name>Microsoft-Windows-Kernel-Licensing-StartServiceTrigger</Name>
        <Metadata>
            <Guid>{F5528ADA-BE5F-4F14-8AEF-A95DE7281161}</Guid>
            <ResourceFilePath>%systemroot%\system32\Microsoft-Windows-System-Events.dll</ResourceFilePath>
            <ParameterFilePath></ParameterFilePath>
            <MessageFilePath>%systemroot%\system32\Microsoft-Windows-System-Events.dll</MessageFilePath>
            <HelpLink></HelpLink>
            <PublisherMessage>Microsoft-Windows-LicensingStartServiceTrigger</PublisherMessage>
            <Channels>
            </Channels>
            <Levels>
                <Level>
                    <Message>Information</Message>
                    <Name>win:Informational</Name>
                    <Value>4</Value>
                </Level>
            </Levels>
            <Tasks>
            </Tasks>
            <Opcodes>
            </Opcodes>
            <Keywords>
            </Keywords>
        </Metadata>
        <EventMetadata>
            <Event>
                <Id>1</Id>
                <Version>0</Version>
                <Level>Information</Level>
                <Template><![CDATA[
]]></Template>
            </Event>
        </EventMetadata>
    </Provider>
</Providers>
