<Providers>
    <Provider>
        <Name>Microsoft-Windows-EDP-AppLearning</Name>
        <Metadata>
            <Guid>{9803DAA0-81BA-483A-986C-F0E395B9F8D1}</Guid>
            <ResourceFilePath>%SystemRoot%\System32\edpauditapi.dll</ResourceFilePath>
            <ParameterFilePath></ParameterFilePath>
            <MessageFilePath>%SystemRoot%\System32\edpauditapi.dll</MessageFilePath>
            <HelpLink></HelpLink>
            <PublisherMessage>Microsoft Windows Information Protection Application Learning Events Provider</PublisherMessage>
            <Channels>
                <Channel>
                    <Message>Microsoft Windows Information Protection Application Learning Log Channel</Message>
                    <Path>Microsoft-Windows-EDP-Application-Learning/Admin</Path>
                    <Index>0</Index>
                    <Id>16</Id>
                    <Imported>false</Imported>
                </Channel>
            </Channels>
            <Levels>
                <Level>
                    <Message>Information</Message>
                    <Name>win:Informational</Name>
                    <Value>4</Value>
                </Level>
            </Levels>
            <Tasks>
            </Tasks>
            <Opcodes>
            </Opcodes>
            <Keywords>
                <Keyword>
                    <Message>Windows Information Protection Audit Application Learning Log Keyword</Message>
                    <Name>EDP-Audit-Keyword-AppLearning</Name>
                    <Value>16</Value>
                </Keyword>
                <Keyword>
                    <Message>Windows Information Protection Audit Sites Learning Log Keyword</Message>
                    <Name>EDP-Audit-Keyword-SitesLearning</Name>
                    <Value>32</Value>
                </Keyword>
            </Keywords>
        </Metadata>
        <EventMetadata>
            <Event>
                <Id>401</Id>
                <Version>0</Version>
                <Channel>Microsoft Windows Information Protection Application Learning Log Channel</Channel>
                <Level>Information</Level>
                <Keyword>Windows Information Protection Audit Application Learning Log Keyword</Keyword>
                <Message><![CDATA[
An application tried to access enterprise resources]]></Message>
                <Template><![CDATA[
<template xmlns="http://schemas.microsoft.com/win/2004/08/events">
  <data name="ApplicationName" inType="win:UnicodeString" outType="xs:string"/>
  <data name="Action" inType="win:UInt32" outType="xs:unsignedInt"/>
  <data name="IdType" inType="win:UInt32" outType="xs:unsignedInt"/>
</template>
]]></Template>
            </Event>
            <Event>
                <Id>402</Id>
                <Version>0</Version>
                <Channel>Microsoft Windows Information Protection Application Learning Log Channel</Channel>
                <Level>Information</Level>
                <Keyword>Windows Information Protection Audit Sites Learning Log Keyword</Keyword>
                <Message><![CDATA[
An enterprise resource was shared to a website]]></Message>
                <Template><![CDATA[
<template xmlns="http://schemas.microsoft.com/win/2004/08/events">
  <data name="WebSite" inType="win:UnicodeString" outType="xs:string"/>
</template>
]]></Template>
            </Event>
        </EventMetadata>
    </Provider>
</Providers>
