<Providers>
    <Provider>
        <Name>Microsoft-Windows-DataCollectionService</Name>
        <Metadata>
            <Guid>{3B416199-2C3B-4C28-98B8-F7165F5936F0}</Guid>
            <ResourceFilePath>%SystemRoot%\system32\dcpsvc.dll</ResourceFilePath>
            <ParameterFilePath></ParameterFilePath>
            <MessageFilePath>%SystemRoot%\system32\dcpsvc.dll</MessageFilePath>
            <HelpLink></HelpLink>
        </Metadata>
        <EventMetadata>
        </EventMetadata>
    </Provider>
</Providers>
