<Providers>
    <Provider>
        <Name>Microsoft-Windows-FunctionDiscoveryHost</Name>
        <Metadata>
            <Guid>{538CBBAD-4877-4EB2-B26E-7CAEE8F0F8CB}</Guid>
            <ResourceFilePath>%SystemRoot%\system32\fdphost.dll</ResourceFilePath>
            <ParameterFilePath>%SystemRoot%\system32\fdphost.dll</ParameterFilePath>
            <MessageFilePath>%SystemRoot%\system32\fdphost.dll</MessageFilePath>
            <HelpLink></HelpLink>
            <PublisherMessage>Microsoft-Windows-FunctionDiscoveryHost</PublisherMessage>
            <Channels>
                <Channel>
                    <Message>System</Message>
                    <Path>System</Path>
                    <Index>0</Index>
                    <Id>8</Id>
                    <Imported>true</Imported>
                </Channel>
            </Channels>
            <Levels>
                <Level>
                    <Message>Error</Message>
                    <Name>win:Error</Name>
                    <Value>2</Value>
                </Level>
            </Levels>
            <Tasks>
            </Tasks>
            <Opcodes>
                <Opcode>
                    <Message>Info</Message>
                    <Name>win:Info</Name>
                    <Value>0</Value>
                    <Task>0</Task>
                </Opcode>
            </Opcodes>
            <Keywords>
                <Keyword>
                    <Message>Event originating from the fdphost service</Message>
                    <Name>core</Name>
                    <Value>64</Value>
                </Keyword>
            </Keywords>
        </Metadata>
        <EventMetadata>
            <Event>
                <Id>1000</Id>
                <Version>0</Version>
                <Channel>System</Channel>
                <Level>Error</Level>
                <Keyword>Event originating from the fdphost service</Keyword>
                <Message><![CDATA[
Registration of the provider %1 failed with the following error: %2.]]></Message>
                <Template><![CDATA[
<template xmlns="http://schemas.microsoft.com/win/2004/08/events">
  <data name="String" inType="win:UnicodeString" outType="xs:string"/>
  <data name="HRESULT" inType="win:UInt32" outType="xs:unsignedInt"/>
  <data name="Line" inType="win:UInt32" outType="xs:unsignedInt"/>
  <data name="Filename" inType="win:AnsiString" outType="xs:string"/>
</template>
]]></Template>
            </Event>
        </EventMetadata>
    </Provider>
</Providers>
