<Providers>
    <Provider>
        <Name>Microsoft-Windows-Host-Network-Management</Name>
        <Metadata>
            <Guid>{93F693DC-9163-4DEE-AF64-D855218AF242}</Guid>
            <ResourceFilePath>%systemroot%\system32\NetMgmtIF.dll</ResourceFilePath>
            <ParameterFilePath>%systemroot%\system32\ntdll.dll</ParameterFilePath>
            <MessageFilePath>%systemroot%\system32\NetMgmtIF.dll</MessageFilePath>
            <HelpLink></HelpLink>
            <PublisherMessage>Microsoft-Windows-Host-Network-Management</PublisherMessage>
            <Channels>
                <Channel>
                    <Message></Message>
                    <Path>Microsoft-Windows-Host-Network-Service-Admin</Path>
                    <Index>0</Index>
                    <Id>16</Id>
                    <Imported>true</Imported>
                </Channel>
                <Channel>
                    <Message></Message>
                    <Path>Microsoft-Windows-Host-Network-Service-Operational</Path>
                    <Index>1</Index>
                    <Id>17</Id>
                    <Imported>true</Imported>
                </Channel>
                <Channel>
                    <Message></Message>
                    <Path>Microsoft-Windows-Host-Network-Service-Analytic</Path>
                    <Index>2</Index>
                    <Id>18</Id>
                    <Imported>true</Imported>
                </Channel>
            </Channels>
            <Levels>
                <Level>
                    <Message>Warning</Message>
                    <Name>win:Warning</Name>
                    <Value>3</Value>
                </Level>
                <Level>
                    <Message>Information</Message>
                    <Name>win:Informational</Name>
                    <Value>4</Value>
                </Level>
            </Levels>
            <Tasks>
            </Tasks>
            <Opcodes>
            </Opcodes>
            <Keywords>
            </Keywords>
        </Metadata>
        <EventMetadata>
            <Event>
                <Id>1000</Id>
                <Version>0</Version>
                <Channel>Microsoft-Windows-Host-Network-Service-Admin</Channel>
                <Level>Warning</Level>
                <Message><![CDATA[
A reboot is required to complete switch creation. The data path will not be active until reboot. name = '%1', friendly name = '%2'.]]></Message>
                <Template><![CDATA[
<template xmlns="http://schemas.microsoft.com/win/2004/08/events">
  <data name="Parameter0" inType="win:UnicodeString" outType="xs:string"/>
  <data name="Parameter1" inType="win:UnicodeString" outType="xs:string"/>
</template>
]]></Template>
            </Event>
            <Event>
                <Id>1001</Id>
                <Version>0</Version>
                <Channel>Microsoft-Windows-Host-Network-Service-Admin</Channel>
                <Level>Information</Level>
                <Message><![CDATA[
Virtual Switch Extension could not be deleted, name='%3', friendly name='%4': %1 (%2).]]></Message>
                <Template><![CDATA[
<template xmlns="http://schemas.microsoft.com/win/2004/08/events">
  <data name="ErrorMessage" inType="win:UnicodeString" outType="xs:string"/>
  <data name="ErrorCode" inType="win:UnicodeString" outType="xs:string"/>
  <data name="Parameter0" inType="win:UnicodeString" outType="xs:string"/>
  <data name="Parameter1" inType="win:UnicodeString" outType="xs:string"/>
</template>
]]></Template>
            </Event>
            <Event>
                <Id>1002</Id>
                <Version>0</Version>
                <Channel>Microsoft-Windows-Host-Network-Service-Admin</Channel>
                <Level>Information</Level>
                <Message><![CDATA[
Internal miniport deleted, name = '%1', friendly name = '%2'.]]></Message>
                <Template><![CDATA[
<template xmlns="http://schemas.microsoft.com/win/2004/08/events">
  <data name="Parameter0" inType="win:UnicodeString" outType="xs:string"/>
  <data name="Parameter1" inType="win:UnicodeString" outType="xs:string"/>
</template>
]]></Template>
            </Event>
            <Event>
                <Id>1003</Id>
                <Version>0</Version>
                <Channel>Microsoft-Windows-Host-Network-Service-Admin</Channel>
                <Level>Information</Level>
                <Message><![CDATA[
Ethernet switch port disconnected (switch name = '%1', port name = '%2').]]></Message>
                <Template><![CDATA[
<template xmlns="http://schemas.microsoft.com/win/2004/08/events">
  <data name="Parameter0" inType="win:UnicodeString" outType="xs:string"/>
  <data name="Parameter1" inType="win:UnicodeString" outType="xs:string"/>
</template>
]]></Template>
            </Event>
            <Event>
                <Id>1004</Id>
                <Version>0</Version>
                <Channel>Microsoft-Windows-Host-Network-Service-Admin</Channel>
                <Level>Warning</Level>
                <Message><![CDATA[
A reboot is required before the internal ethernet port '%1' will be usable.]]></Message>
                <Template><![CDATA[
<template xmlns="http://schemas.microsoft.com/win/2004/08/events">
  <data name="Parameter0" inType="win:UnicodeString" outType="xs:string"/>
  <data name="Parameter1" inType="win:UnicodeString" outType="xs:string"/>
</template>
]]></Template>
            </Event>
            <Event>
                <Id>1005</Id>
                <Version>0</Version>
                <Channel>Microsoft-Windows-Host-Network-Service-Admin</Channel>
                <Level>Warning</Level>
                <Message><![CDATA[
Action taken to remove orphaned component: '%1' '%2' ('%3'), result='%4']]></Message>
                <Template><![CDATA[
<template xmlns="http://schemas.microsoft.com/win/2004/08/events">
  <data name="Action" inType="win:UnicodeString" outType="xs:string"/>
  <data name="Name" inType="win:UnicodeString" outType="xs:string"/>
  <data name="Detail" inType="win:UnicodeString" outType="xs:string"/>
  <data name="Result" inType="win:HexInt32" outType="win:HexInt32"/>
</template>
]]></Template>
            </Event>
        </EventMetadata>
    </Provider>
</Providers>
