<Providers>
    <Provider>
        <Name>Microsoft-Windows-IIS-W3SVC-WP</Name>
        <Metadata>
            <Guid>{670080D9-742A-4187-8D16-41143D1290BD}</Guid>
            <ResourceFilePath>%windir%\system32\inetsrv\iisres.dll</ResourceFilePath>
            <ParameterFilePath></ParameterFilePath>
            <MessageFilePath>%windir%\system32\inetsrv\iisres.dll</MessageFilePath>
            <HelpLink></HelpLink>
            <PublisherMessage>Microsoft-Windows-IIS-W3SVC-WP</PublisherMessage>
            <Channels>
                <Channel>
                    <Message></Message>
                    <Path>Application</Path>
                    <Index>4294967295</Index>
                    <Id>9</Id>
                    <Imported>true</Imported>
                </Channel>
            </Channels>
            <Levels>
            </Levels>
            <Tasks>
            </Tasks>
            <Opcodes>
            </Opcodes>
            <Keywords>
                <Keyword>
                    <Message>Classic</Message>
                    <Name>win:EventlogClassic</Name>
                    <Value>36028797018963968</Value>
                </Keyword>
            </Keywords>
        </Metadata>
        <EventMetadata>
            <Event>
                <Id>3221227673</Id>
                <Version>0</Version>
                <Message><![CDATA[
HTTP Server could not initialize its security.  The data is the error.]]></Message>
                <Template><![CDATA[
<template xmlns="http://schemas.microsoft.com/win/2004/08/events">
  <data name="__binLength" inType="win:UInt32" outType="xs:unsignedInt"/>
  <data name="binary" inType="win:Binary" outType="xs:hexBinary" length="__binLength"/>
</template>
]]></Template>
            </Event>
            <Event>
                <Id>3221227675</Id>
                <Version>0</Version>
                <Message><![CDATA[
HTTP Server could not initialize the socket library.  The data is the error.]]></Message>
                <Template><![CDATA[
<template xmlns="http://schemas.microsoft.com/win/2004/08/events">
  <data name="__binLength" inType="win:UInt32" outType="xs:unsignedInt"/>
  <data name="binary" inType="win:Binary" outType="xs:hexBinary" length="__binLength"/>
</template>
]]></Template>
            </Event>
            <Event>
                <Id>3221227676</Id>
                <Version>0</Version>
                <Message><![CDATA[
HTTP Server was unable to initialize due to a shortage of available memory.  The data is the error.]]></Message>
                <Template><![CDATA[
<template xmlns="http://schemas.microsoft.com/win/2004/08/events">
  <data name="__binLength" inType="win:UInt32" outType="xs:unsignedInt"/>
  <data name="binary" inType="win:Binary" outType="xs:hexBinary" length="__binLength"/>
</template>
]]></Template>
            </Event>
            <Event>
                <Id>3221227678</Id>
                <Version>0</Version>
                <Message><![CDATA[
HTTP Server could not create the main connection socket.  The data is the error.]]></Message>
                <Template><![CDATA[
<template xmlns="http://schemas.microsoft.com/win/2004/08/events">
  <data name="__binLength" inType="win:UInt32" outType="xs:unsignedInt"/>
  <data name="binary" inType="win:Binary" outType="xs:hexBinary" length="__binLength"/>
</template>
]]></Template>
            </Event>
            <Event>
                <Id>3221227680</Id>
                <Version>0</Version>
                <Message><![CDATA[
HTTP Server could not create a client connection object for user at host %1.  The connection to this user is terminated.  The data is the error.]]></Message>
                <Template><![CDATA[
<template xmlns="http://schemas.microsoft.com/win/2004/08/events">
  <data name="HostAddress" inType="win:UnicodeString" outType="xs:string"/>
  <data name="__binLength" inType="win:UInt32" outType="xs:unsignedInt"/>
  <data name="binary" inType="win:Binary" outType="xs:hexBinary" length="__binLength"/>
</template>
]]></Template>
            </Event>
            <Event>
                <Id>3221227686</Id>
                <Version>0</Version>
                <Message><![CDATA[
The HTTP Filter DLL %1 failed to load.  The data is the error.]]></Message>
                <Template><![CDATA[
<template xmlns="http://schemas.microsoft.com/win/2004/08/events">
  <data name="IsapiFilter" inType="win:UnicodeString" outType="xs:string"/>
  <data name="__binLength" inType="win:UInt32" outType="xs:unsignedInt"/>
  <data name="binary" inType="win:Binary" outType="xs:hexBinary" length="__binLength"/>
</template>
]]></Template>
            </Event>
            <Event>
                <Id>3221227688</Id>
                <Version>0</Version>
                <Message><![CDATA[
The script started from the URL '%1' has not responded within the configured timeout period.  The HTTP server is terminating the script.]]></Message>
                <Template><![CDATA[
<template xmlns="http://schemas.microsoft.com/win/2004/08/events">
  <data name="Url" inType="win:UnicodeString" outType="xs:string"/>
  <data name="__binLength" inType="win:UInt32" outType="xs:unsignedInt"/>
  <data name="binary" inType="win:Binary" outType="xs:hexBinary" length="__binLength"/>
</template>
]]></Template>
            </Event>
            <Event>
                <Id>3221227690</Id>
                <Version>0</Version>
                <Message><![CDATA[
The HTTP server encountered an error processing the server side include file '%1'.<BR>The error was '%2'.<BR>]]></Message>
                <Template><![CDATA[
<template xmlns="http://schemas.microsoft.com/win/2004/08/events">
  <data name="File" inType="win:UnicodeString" outType="xs:string"/>
  <data name="Error" inType="win:UnicodeString" outType="xs:string"/>
  <data name="__binLength" inType="win:UInt32" outType="xs:unsignedInt"/>
  <data name="binary" inType="win:Binary" outType="xs:hexBinary" length="__binLength"/>
</template>
]]></Template>
            </Event>
            <Event>
                <Id>3221227691</Id>
                <Version>0</Version>
                <Message><![CDATA[
The HTTP server encountered an unhandled exception while processing the ISAPI Application '%1'.]]></Message>
                <Template><![CDATA[
<template xmlns="http://schemas.microsoft.com/win/2004/08/events">
  <data name="IsapiExtension" inType="win:UnicodeString" outType="xs:string"/>
  <data name="__binLength" inType="win:UInt32" outType="xs:unsignedInt"/>
  <data name="binary" inType="win:Binary" outType="xs:hexBinary" length="__binLength"/>
</template>
]]></Template>
            </Event>
            <Event>
                <Id>3221227692</Id>
                <Version>0</Version>
                <Message><![CDATA[
The HTTP server was unable to load the ISAPI Application '%1'. The data is the error.]]></Message>
                <Template><![CDATA[
<template xmlns="http://schemas.microsoft.com/win/2004/08/events">
  <data name="IsapiExtension" inType="win:UnicodeString" outType="xs:string"/>
  <data name="__binLength" inType="win:UInt32" outType="xs:unsignedInt"/>
  <data name="binary" inType="win:Binary" outType="xs:hexBinary" length="__binLength"/>
</template>
]]></Template>
            </Event>
            <Event>
                <Id>3221227693</Id>
                <Version>0</Version>
                <Message><![CDATA[
A server side include file has included itself or the maximum depth of server side includes has been exceeded.]]></Message>
                <Template><![CDATA[
]]></Template>
            </Event>
            <Event>
                <Id>1073744047</Id>
                <Version>0</Version>
                <Message><![CDATA[
For compatibility with previous versions of IIS, the filter '%1' was loaded as a global filter from the registry. To control the filter with the Internet Service Manager, remove the filter from the registry and add it as a global filter with Internet Service Manager.  Filters in the registry are stored at "HKLM\System\CurrentControlSet\Services\W3Svc\Parameters\Filter DLLs".]]></Message>
                <Template><![CDATA[
<template xmlns="http://schemas.microsoft.com/win/2004/08/events">
  <data name="IsapiFilter" inType="win:UnicodeString" outType="xs:string"/>
  <data name="__binLength" inType="win:UInt32" outType="xs:unsignedInt"/>
  <data name="binary" inType="win:Binary" outType="xs:hexBinary" length="__binLength"/>
</template>
]]></Template>
            </Event>
            <Event>
                <Id>2147485874</Id>
                <Version>0</Version>
                <Message><![CDATA[
The server was unable to read the file %1 due to a lack of access permissions.]]></Message>
                <Template><![CDATA[
<template xmlns="http://schemas.microsoft.com/win/2004/08/events">
  <data name="File" inType="win:UnicodeString" outType="xs:string"/>
  <data name="__binLength" inType="win:UInt32" outType="xs:unsignedInt"/>
  <data name="binary" inType="win:Binary" outType="xs:hexBinary" length="__binLength"/>
</template>
]]></Template>
            </Event>
            <Event>
                <Id>3221227699</Id>
                <Version>0</Version>
                <Message><![CDATA[
The server was unable to acquire a license for a SSL connection.]]></Message>
                <Template><![CDATA[
]]></Template>
            </Event>
            <Event>
                <Id>2147485876</Id>
                <Version>0</Version>
                <Message><![CDATA[
The server stop serving requests for application '%1' because the number of Out of Process component crashes exceed a limit.]]></Message>
                <Template><![CDATA[
<template xmlns="http://schemas.microsoft.com/win/2004/08/events">
  <data name="Application" inType="win:UnicodeString" outType="xs:string"/>
  <data name="__binLength" inType="win:UInt32" outType="xs:unsignedInt"/>
  <data name="binary" inType="win:Binary" outType="xs:hexBinary" length="__binLength"/>
</template>
]]></Template>
            </Event>
            <Event>
                <Id>2147485877</Id>
                <Version>0</Version>
                <Message><![CDATA[
The server failed to shut down application '%1'.  The error was '%2'.]]></Message>
                <Template><![CDATA[
<template xmlns="http://schemas.microsoft.com/win/2004/08/events">
  <data name="Application" inType="win:UnicodeString" outType="xs:string"/>
  <data name="Error" inType="win:UnicodeString" outType="xs:string"/>
  <data name="__binLength" inType="win:UInt32" outType="xs:unsignedInt"/>
  <data name="binary" inType="win:Binary" outType="xs:hexBinary" length="__binLength"/>
</template>
]]></Template>
            </Event>
            <Event>
                <Id>2147485878</Id>
                <Version>0</Version>
                <Message><![CDATA[
The server was unable to read the file %1. The file does not exist.]]></Message>
                <Template><![CDATA[
<template xmlns="http://schemas.microsoft.com/win/2004/08/events">
  <data name="File" inType="win:UnicodeString" outType="xs:string"/>
  <data name="__binLength" inType="win:UInt32" outType="xs:unsignedInt"/>
  <data name="binary" inType="win:Binary" outType="xs:hexBinary" length="__binLength"/>
</template>
]]></Template>
            </Event>
            <Event>
                <Id>2147485879</Id>
                <Version>0</Version>
                <Message><![CDATA[
The server was unable to read the file %1. The Windows 32 error returned from the attempt is %2.]]></Message>
                <Template><![CDATA[
<template xmlns="http://schemas.microsoft.com/win/2004/08/events">
  <data name="File" inType="win:UnicodeString" outType="xs:string"/>
  <data name="Win32Error" inType="win:UnicodeString" outType="xs:string"/>
  <data name="__binLength" inType="win:UInt32" outType="xs:unsignedInt"/>
  <data name="binary" inType="win:Binary" outType="xs:hexBinary" length="__binLength"/>
</template>
]]></Template>
            </Event>
            <Event>
                <Id>2147485880</Id>
                <Version>0</Version>
                <Message><![CDATA[
The server was unable to read the file %1. The file exceeds the maximum allowable size of %2.]]></Message>
                <Template><![CDATA[
<template xmlns="http://schemas.microsoft.com/win/2004/08/events">
  <data name="File" inType="win:UnicodeString" outType="xs:string"/>
  <data name="MaxSize" inType="win:UnicodeString" outType="xs:string"/>
  <data name="__binLength" inType="win:UInt32" outType="xs:unsignedInt"/>
  <data name="binary" inType="win:Binary" outType="xs:hexBinary" length="__binLength"/>
</template>
]]></Template>
            </Event>
            <Event>
                <Id>2147485881</Id>
                <Version>0</Version>
                <Message><![CDATA[
The server was unable to allocate a buffer to read the file %1.]]></Message>
                <Template><![CDATA[
<template xmlns="http://schemas.microsoft.com/win/2004/08/events">
  <data name="File" inType="win:UnicodeString" outType="xs:string"/>
  <data name="__binLength" inType="win:UInt32" outType="xs:unsignedInt"/>
  <data name="binary" inType="win:Binary" outType="xs:hexBinary" length="__binLength"/>
</template>
]]></Template>
            </Event>
            <Event>
                <Id>2147485884</Id>
                <Version>0</Version>
                <Message><![CDATA[
The server failed to load application '%1'.  The error was '%2'.]]></Message>
                <Template><![CDATA[
<template xmlns="http://schemas.microsoft.com/win/2004/08/events">
  <data name="Application" inType="win:UnicodeString" outType="xs:string"/>
  <data name="Error" inType="win:UnicodeString" outType="xs:string"/>
  <data name="__binLength" inType="win:UInt32" outType="xs:unsignedInt"/>
  <data name="binary" inType="win:Binary" outType="xs:hexBinary" length="__binLength"/>
</template>
]]></Template>
            </Event>
            <Event>
                <Id>2147485885</Id>
                <Version>0</Version>
                <Message><![CDATA[
Out of process application '%1' terminated unexpectedly.]]></Message>
                <Template><![CDATA[
<template xmlns="http://schemas.microsoft.com/win/2004/08/events">
  <data name="Application" inType="win:UnicodeString" outType="xs:string"/>
  <data name="__binLength" inType="win:UInt32" outType="xs:unsignedInt"/>
  <data name="binary" inType="win:Binary" outType="xs:hexBinary" length="__binLength"/>
</template>
]]></Template>
            </Event>
            <Event>
                <Id>3221227710</Id>
                <Version>0</Version>
                <Message><![CDATA[
Job object query failed. The data is the error.]]></Message>
                <Template><![CDATA[
]]></Template>
            </Event>
            <Event>
                <Id>3221227711</Id>
                <Version>0</Version>
                <Message><![CDATA[
Job object set limit failed. The data is the error.]]></Message>
                <Template><![CDATA[
]]></Template>
            </Event>
            <Event>
                <Id>3221227712</Id>
                <Version>0</Version>
                <Message><![CDATA[
Schedule a work item for CPU Accounting or Limits failed. The data is the error.]]></Message>
                <Template><![CDATA[
]]></Template>
            </Event>
            <Event>
                <Id>2147485889</Id>
                <Version>0</Version>
                <Message><![CDATA[
Site '%1' hit its CPU Limit. No action was taken.]]></Message>
                <Template><![CDATA[
<template xmlns="http://schemas.microsoft.com/win/2004/08/events">
  <data name="Site" inType="win:UnicodeString" outType="xs:string"/>
  <data name="__binLength" inType="win:UInt32" outType="xs:unsignedInt"/>
  <data name="binary" inType="win:Binary" outType="xs:hexBinary" length="__binLength"/>
</template>
]]></Template>
            </Event>
            <Event>
                <Id>2147485890</Id>
                <Version>0</Version>
                <Message><![CDATA[
Site '%1' hit its CPU Limit. The priority of all process on that site has been lowered to idle class.]]></Message>
                <Template><![CDATA[
<template xmlns="http://schemas.microsoft.com/win/2004/08/events">
  <data name="Site" inType="win:UnicodeString" outType="xs:string"/>
  <data name="__binLength" inType="win:UInt32" outType="xs:unsignedInt"/>
  <data name="binary" inType="win:Binary" outType="xs:hexBinary" length="__binLength"/>
</template>
]]></Template>
            </Event>
            <Event>
                <Id>2147485891</Id>
                <Version>0</Version>
                <Message><![CDATA[
Site '%1' hit its CPU Limit. All processes on that site have been terminated.]]></Message>
                <Template><![CDATA[
<template xmlns="http://schemas.microsoft.com/win/2004/08/events">
  <data name="Site" inType="win:UnicodeString" outType="xs:string"/>
  <data name="__binLength" inType="win:UInt32" outType="xs:unsignedInt"/>
  <data name="binary" inType="win:Binary" outType="xs:hexBinary" length="__binLength"/>
</template>
]]></Template>
            </Event>
            <Event>
                <Id>2147485892</Id>
                <Version>0</Version>
                <Message><![CDATA[
Site '%1' hit its CPU Limit. The site has been paused.]]></Message>
                <Template><![CDATA[
<template xmlns="http://schemas.microsoft.com/win/2004/08/events">
  <data name="Site" inType="win:UnicodeString" outType="xs:string"/>
  <data name="__binLength" inType="win:UInt32" outType="xs:unsignedInt"/>
  <data name="binary" inType="win:Binary" outType="xs:hexBinary" length="__binLength"/>
</template>
]]></Template>
            </Event>
            <Event>
                <Id>2147485893</Id>
                <Version>0</Version>
                <Message><![CDATA[
The server certificate for instance '%1' has expired or is not yet valid.]]></Message>
                <Template><![CDATA[
<template xmlns="http://schemas.microsoft.com/win/2004/08/events">
  <data name="Instance" inType="win:UnicodeString" outType="xs:string"/>
  <data name="__binLength" inType="win:UInt32" outType="xs:unsignedInt"/>
  <data name="binary" inType="win:Binary" outType="xs:hexBinary" length="__binLength"/>
</template>
]]></Template>
            </Event>
            <Event>
                <Id>2147485894</Id>
                <Version>0</Version>
                <Message><![CDATA[
The server certificate for instance '%1' has been revoked.]]></Message>
                <Template><![CDATA[
<template xmlns="http://schemas.microsoft.com/win/2004/08/events">
  <data name="Instance" inType="win:UnicodeString" outType="xs:string"/>
  <data name="__binLength" inType="win:UInt32" outType="xs:unsignedInt"/>
  <data name="binary" inType="win:Binary" outType="xs:hexBinary" length="__binLength"/>
</template>
]]></Template>
            </Event>
            <Event>
                <Id>2147485895</Id>
                <Version>0</Version>
                <Message><![CDATA[
The server certificate chain does not include a trusted root certificate.]]></Message>
                <Template><![CDATA[
<template xmlns="http://schemas.microsoft.com/win/2004/08/events">
  <data name="Instance" inType="win:UnicodeString" outType="xs:string"/>
  <data name="__binLength" inType="win:UInt32" outType="xs:unsignedInt"/>
  <data name="binary" inType="win:Binary" outType="xs:hexBinary" length="__binLength"/>
</template>
]]></Template>
            </Event>
            <Event>
                <Id>2147485896</Id>
                <Version>0</Version>
                <Message><![CDATA[
A certificate in the server certificate chain has an invalid signature.]]></Message>
                <Template><![CDATA[
<template xmlns="http://schemas.microsoft.com/win/2004/08/events">
  <data name="Instance" inType="win:UnicodeString" outType="xs:string"/>
  <data name="__binLength" inType="win:UInt32" outType="xs:unsignedInt"/>
  <data name="binary" inType="win:Binary" outType="xs:hexBinary" length="__binLength"/>
</template>
]]></Template>
            </Event>
            <Event>
                <Id>2147485897</Id>
                <Version>0</Version>
                <Message><![CDATA[
CPU Limits/Accounting failed to queue work item. The data is the error.]]></Message>
                <Template><![CDATA[
<template xmlns="http://schemas.microsoft.com/win/2004/08/events">
  <data name="__binLength" inType="win:UInt32" outType="xs:unsignedInt"/>
  <data name="binary" inType="win:Binary" outType="xs:hexBinary" length="__binLength"/>
</template>
]]></Template>
            </Event>
            <Event>
                <Id>2147485898</Id>
                <Version>0</Version>
                <Message><![CDATA[
The World Wide Web Publishing Service (WWW Service) could not retrieve the server certificate for instance '%1' because the associated IIS configuration store data is invalid. The error is '%2'.]]></Message>
                <Template><![CDATA[
<template xmlns="http://schemas.microsoft.com/win/2004/08/events">
  <data name="Instance" inType="win:UnicodeString" outType="xs:string"/>
  <data name="Error" inType="win:UnicodeString" outType="xs:string"/>
  <data name="__binLength" inType="win:UInt32" outType="xs:unsignedInt"/>
  <data name="binary" inType="win:Binary" outType="xs:hexBinary" length="__binLength"/>
</template>
]]></Template>
            </Event>
            <Event>
                <Id>2147485899</Id>
                <Version>0</Version>
                <Message><![CDATA[
The World Wide Web Publishing Service (WWW Service) did not retrieve the server certificate for instance '%1' because of a CryptoAPI error. The error is '%2'.]]></Message>
                <Template><![CDATA[
<template xmlns="http://schemas.microsoft.com/win/2004/08/events">
  <data name="Instance" inType="win:UnicodeString" outType="xs:string"/>
  <data name="Error" inType="win:UnicodeString" outType="xs:string"/>
  <data name="__binLength" inType="win:UInt32" outType="xs:unsignedInt"/>
  <data name="binary" inType="win:Binary" outType="xs:hexBinary" length="__binLength"/>
</template>
]]></Template>
            </Event>
            <Event>
                <Id>2147485900</Id>
                <Version>0</Version>
                <Message><![CDATA[
The World Wide Web Publishing Service (WWW Service) did not retrieve the server certificate for instance '%1' because the certificate could not be found in a certificate store. The error is '%2'.]]></Message>
                <Template><![CDATA[
<template xmlns="http://schemas.microsoft.com/win/2004/08/events">
  <data name="Instance" inType="win:UnicodeString" outType="xs:string"/>
  <data name="Error" inType="win:UnicodeString" outType="xs:string"/>
  <data name="__binLength" inType="win:UInt32" outType="xs:unsignedInt"/>
  <data name="binary" inType="win:Binary" outType="xs:hexBinary" length="__binLength"/>
</template>
]]></Template>
            </Event>
            <Event>
                <Id>2147485901</Id>
                <Version>0</Version>
                <Message><![CDATA[
The World Wide Web Publishing Service (WWW Service) did not retrieve the server certificate for instance '%1' because of an internal error. The error is '%2'.]]></Message>
                <Template><![CDATA[
<template xmlns="http://schemas.microsoft.com/win/2004/08/events">
  <data name="Instance" inType="win:UnicodeString" outType="xs:string"/>
  <data name="Error" inType="win:UnicodeString" outType="xs:string"/>
  <data name="__binLength" inType="win:UInt32" outType="xs:unsignedInt"/>
  <data name="binary" inType="win:Binary" outType="xs:hexBinary" length="__binLength"/>
</template>
]]></Template>
            </Event>
            <Event>
                <Id>2147485902</Id>
                <Version>0</Version>
                <Message><![CDATA[
The server Certificate Trust List for instance '%1' had invalid IIS configuration store data associated with it and could not be retrieved; the error encountered was '%2'.]]></Message>
                <Template><![CDATA[
<template xmlns="http://schemas.microsoft.com/win/2004/08/events">
  <data name="Instance" inType="win:UnicodeString" outType="xs:string"/>
  <data name="Error" inType="win:UnicodeString" outType="xs:string"/>
  <data name="__binLength" inType="win:UInt32" outType="xs:unsignedInt"/>
  <data name="binary" inType="win:Binary" outType="xs:hexBinary" length="__binLength"/>
</template>
]]></Template>
            </Event>
            <Event>
                <Id>2147485903</Id>
                <Version>0</Version>
                <Message><![CDATA[
The World Wide Web Publishing Service (WWW Service) failed to retrieve the server Certificate Trust List for instance '%1' because of a CryptoAPI error. The error is '%2'.]]></Message>
                <Template><![CDATA[
<template xmlns="http://schemas.microsoft.com/win/2004/08/events">
  <data name="Instance" inType="win:UnicodeString" outType="xs:string"/>
  <data name="Error" inType="win:UnicodeString" outType="xs:string"/>
  <data name="__binLength" inType="win:UInt32" outType="xs:unsignedInt"/>
  <data name="binary" inType="win:Binary" outType="xs:hexBinary" length="__binLength"/>
</template>
]]></Template>
            </Event>
            <Event>
                <Id>2147485904</Id>
                <Version>0</Version>
                <Message><![CDATA[
The World Wide Web Publishing Service (WWW Service) did not retrieve the server Certificate Trust List for instance '%1' because it could not be found in the certificate store. The error is '%2'.]]></Message>
                <Template><![CDATA[
<template xmlns="http://schemas.microsoft.com/win/2004/08/events">
  <data name="Instance" inType="win:UnicodeString" outType="xs:string"/>
  <data name="Error" inType="win:UnicodeString" outType="xs:string"/>
  <data name="__binLength" inType="win:UInt32" outType="xs:unsignedInt"/>
  <data name="binary" inType="win:Binary" outType="xs:hexBinary" length="__binLength"/>
</template>
]]></Template>
            </Event>
            <Event>
                <Id>2147485905</Id>
                <Version>0</Version>
                <Message><![CDATA[
The World Wide Web Publishing Service (WWW Service) did not retrieve the server certificate for instance '%1' because of an internal error. The error is %2.]]></Message>
                <Template><![CDATA[
<template xmlns="http://schemas.microsoft.com/win/2004/08/events">
  <data name="Instance" inType="win:UnicodeString" outType="xs:string"/>
  <data name="Error" inType="win:UnicodeString" outType="xs:string"/>
  <data name="__binLength" inType="win:UInt32" outType="xs:unsignedInt"/>
  <data name="binary" inType="win:Binary" outType="xs:hexBinary" length="__binLength"/>
</template>
]]></Template>
            </Event>
            <Event>
                <Id>2147485906</Id>
                <Version>0</Version>
                <Message><![CDATA[
The server failed to close client connections to the following URLs during shutdown:  '%1'.]]></Message>
                <Template><![CDATA[
<template xmlns="http://schemas.microsoft.com/win/2004/08/events">
  <data name="UrlList" inType="win:UnicodeString" outType="xs:string"/>
  <data name="__binLength" inType="win:UInt32" outType="xs:unsignedInt"/>
  <data name="binary" inType="win:Binary" outType="xs:hexBinary" length="__binLength"/>
</template>
]]></Template>
            </Event>
            <Event>
                <Id>3221227731</Id>
                <Version>0</Version>
                <Message><![CDATA[
The COM Application '%1' at '%2' failed to activate out of process.]]></Message>
                <Template><![CDATA[
<template xmlns="http://schemas.microsoft.com/win/2004/08/events">
  <data name="ComPlusApplication" inType="win:UnicodeString" outType="xs:string"/>
  <data name="Path" inType="win:UnicodeString" outType="xs:string"/>
  <data name="__binLength" inType="win:UInt32" outType="xs:unsignedInt"/>
  <data name="binary" inType="win:Binary" outType="xs:hexBinary" length="__binLength"/>
</template>
]]></Template>
            </Event>
            <Event>
                <Id>3221227733</Id>
                <Version>0</Version>
                <Message><![CDATA[
An attempt was made to load filter '%1' but it requires the SF_NOTIFY_READ_RAW_DATA filter notification and this notification is not supported in this IIS version.]]></Message>
                <Template><![CDATA[
<template xmlns="http://schemas.microsoft.com/win/2004/08/events">
  <data name="IsapiFilter" inType="win:UnicodeString" outType="xs:string"/>
  <data name="__binLength" inType="win:UInt32" outType="xs:unsignedInt"/>
  <data name="binary" inType="win:Binary" outType="xs:hexBinary" length="__binLength"/>
</template>
]]></Template>
            </Event>
            <Event>
                <Id>2147485910</Id>
                <Version>0</Version>
                <Message><![CDATA[
ISAPI '%1' reported itself as unhealthy for the following reason: '%2'.]]></Message>
                <Template><![CDATA[
<template xmlns="http://schemas.microsoft.com/win/2004/08/events">
  <data name="IsapiExtension" inType="win:UnicodeString" outType="xs:string"/>
  <data name="UnhealthyReason" inType="win:UnicodeString" outType="xs:string"/>
  <data name="__binLength" inType="win:UInt32" outType="xs:unsignedInt"/>
  <data name="binary" inType="win:Binary" outType="xs:hexBinary" length="__binLength"/>
</template>
]]></Template>
            </Event>
            <Event>
                <Id>2147485911</Id>
                <Version>0</Version>
                <Message><![CDATA[
ISAPI '%1' reported itself as unhealthy.  No reason was given by the ISAPI.]]></Message>
                <Template><![CDATA[
<template xmlns="http://schemas.microsoft.com/win/2004/08/events">
  <data name="IsapiExtension" inType="win:UnicodeString" outType="xs:string"/>
  <data name="__binLength" inType="win:UInt32" outType="xs:unsignedInt"/>
  <data name="binary" inType="win:Binary" outType="xs:hexBinary" length="__binLength"/>
</template>
]]></Template>
            </Event>
            <Event>
                <Id>2147485912</Id>
                <Version>0</Version>
                <Message><![CDATA[
The directory specified for caching compressed content %1 is invalid.  Static compression is being disabled.]]></Message>
                <Template><![CDATA[
<template xmlns="http://schemas.microsoft.com/win/2004/08/events">
  <data name="Directory" inType="win:UnicodeString" outType="xs:string"/>
  <data name="__binLength" inType="win:UInt32" outType="xs:unsignedInt"/>
  <data name="binary" inType="win:Binary" outType="xs:hexBinary" length="__binLength"/>
</template>
]]></Template>
            </Event>
            <Event>
                <Id>2147485913</Id>
                <Version>0</Version>
                <Message><![CDATA[
The registry key for IIS subauthenticator is not configured correctly on local machine, the anonymous password sync feature is disabled.]]></Message>
                <Template><![CDATA[
]]></Template>
            </Event>
            <Event>
                <Id>2147485914</Id>
                <Version>0</Version>
                <Message><![CDATA[
The account that the current worker process is running under does not have SeTcbPrivilege privilege, the anonymous password sync feature and the Digest authentication feature are disabled.]]></Message>
                <Template><![CDATA[
]]></Template>
            </Event>
            <Event>
                <Id>3221227740</Id>
                <Version>0</Version>
                <Message><![CDATA[
Could not load all ISAPI filters for site '%1'.  Therefore site startup aborted.]]></Message>
                <Template><![CDATA[
<template xmlns="http://schemas.microsoft.com/win/2004/08/events">
  <data name="SiteName" inType="win:UnicodeString" outType="xs:string"/>
  <data name="__binLength" inType="win:UInt32" outType="xs:unsignedInt"/>
  <data name="binary" inType="win:Binary" outType="xs:hexBinary" length="__binLength"/>
</template>
]]></Template>
            </Event>
            <Event>
                <Id>3221227741</Id>
                <Version>0</Version>
                <Message><![CDATA[
The worker process for app pool '%1', PID='%2', failed to initialize the http.sys communication when asked to start processing http requests and therefore will be considered ill by W3SVC and terminated.  The data field contains the error number.]]></Message>
                <Template><![CDATA[
<template xmlns="http://schemas.microsoft.com/win/2004/08/events">
  <data name="ApplicationPool" inType="win:UnicodeString" outType="xs:string"/>
  <data name="PID" inType="win:UnicodeString" outType="xs:string"/>
  <data name="__binLength" inType="win:UInt32" outType="xs:unsignedInt"/>
  <data name="binary" inType="win:Binary" outType="xs:hexBinary" length="__binLength"/>
</template>
]]></Template>
            </Event>
            <Event>
                <Id>3221227742</Id>
                <Version>0</Version>
                <Message><![CDATA[
IIS Client certificate mapping configuration for site %1 failed to be loaded. The data field contains the error number.]]></Message>
                <Template><![CDATA[
<template xmlns="http://schemas.microsoft.com/win/2004/08/events">
  <data name="Site" inType="win:UnicodeString" outType="xs:string"/>
  <data name="__binLength" inType="win:UInt32" outType="xs:unsignedInt"/>
  <data name="binary" inType="win:Binary" outType="xs:hexBinary" length="__binLength"/>
</template>
]]></Template>
            </Event>
            <Event>
                <Id>3221227743</Id>
                <Version>0</Version>
                <Message><![CDATA[
Could not initialize the logging module for site %1.  The site will therefore be non-functional.]]></Message>
                <Template><![CDATA[
<template xmlns="http://schemas.microsoft.com/win/2004/08/events">
  <data name="Site" inType="win:UnicodeString" outType="xs:string"/>
  <data name="__binLength" inType="win:UInt32" outType="xs:unsignedInt"/>
  <data name="binary" inType="win:Binary" outType="xs:hexBinary" length="__binLength"/>
</template>
]]></Template>
            </Event>
            <Event>
                <Id>2147485920</Id>
                <Version>0</Version>
                <Message><![CDATA[
The registry key for IIS subauthenticator is not configured correctly on domain controller, the Digest feature is disabled.]]></Message>
                <Template><![CDATA[
]]></Template>
            </Event>
            <Event>
                <Id>2147485921</Id>
                <Version>0</Version>
                <Message><![CDATA[
Worker process could not access IIS configuration store due to disconnection error.  Marking process as unhealthy.]]></Message>
                <Template><![CDATA[
]]></Template>
            </Event>
            <Event>
                <Id>3221227746</Id>
                <Version>0</Version>
                <Message><![CDATA[
ISAPI Filter '%1' could not be loaded due to a configuration problem. The current configuration only supports loading images built for a %2 processor architecture. The data field contains the error number. To learn more about this issue, including how to troubleshooting this kind of processor architecture mismatch error, see http://go.microsoft.com/fwlink/?LinkId=29349.]]></Message>
                <Template><![CDATA[
<template xmlns="http://schemas.microsoft.com/win/2004/08/events">
  <data name="IsapiFilter" inType="win:UnicodeString" outType="xs:string"/>
  <data name="ProcessorArchitecture" inType="win:UnicodeString" outType="xs:string"/>
  <data name="__binLength" inType="win:UInt32" outType="xs:unsignedInt"/>
  <data name="binary" inType="win:Binary" outType="xs:hexBinary" length="__binLength"/>
</template>
]]></Template>
            </Event>
            <Event>
                <Id>2147485923</Id>
                <Version>0</Version>
                <Message><![CDATA[
ETW Tracing support failed to intialize. Execution of IIS will continue although ETW Tracing support (or parts of it) will not be available. The data is the error.]]></Message>
                <Template><![CDATA[
<template xmlns="http://schemas.microsoft.com/win/2004/08/events">
  <data name="__binLength" inType="win:UInt32" outType="xs:unsignedInt"/>
  <data name="binary" inType="win:Binary" outType="xs:hexBinary" length="__binLength"/>
</template>
]]></Template>
            </Event>
            <Event>
                <Id>3221227748</Id>
                <Version>0</Version>
                <Message><![CDATA[
The worker process failed to initialize correctly and therefore could not be started.  The data is the error.]]></Message>
                <Template><![CDATA[
]]></Template>
            </Event>
            <Event>
                <Id>3221227752</Id>
                <Version>0</Version>
                <Message><![CDATA[
The Module DLL %1 failed to load.  The data is the error.]]></Message>
                <Template><![CDATA[
<template xmlns="http://schemas.microsoft.com/win/2004/08/events">
  <data name="ModuleDll" inType="win:UnicodeString" outType="xs:string"/>
  <data name="__binLength" inType="win:UInt32" outType="xs:unsignedInt"/>
  <data name="binary" inType="win:Binary" outType="xs:hexBinary" length="__binLength"/>
</template>
]]></Template>
            </Event>
            <Event>
                <Id>3221227753</Id>
                <Version>0</Version>
                <Message><![CDATA[
The worker process failed to initialize communication with the W3SVC and therefore could not be started.  The data is the error.]]></Message>
                <Template><![CDATA[
]]></Template>
            </Event>
            <Event>
                <Id>3221227754</Id>
                <Version>0</Version>
                <Message><![CDATA[
The Module DLL '%1' could not be loaded due to a configuration problem. The current configuration only supports loading images built for a %2 processor architecture. The data field contains the error number. To learn more about this issue, including how to troubleshooting this kind of processor architecture mismatch error, see http://go.microsoft.com/fwlink/?LinkId=29349.]]></Message>
                <Template><![CDATA[
<template xmlns="http://schemas.microsoft.com/win/2004/08/events">
  <data name="ModuleDll" inType="win:UnicodeString" outType="xs:string"/>
  <data name="ProcessorArchitecture" inType="win:UnicodeString" outType="xs:string"/>
  <data name="__binLength" inType="win:UInt32" outType="xs:unsignedInt"/>
  <data name="binary" inType="win:Binary" outType="xs:hexBinary" length="__binLength"/>
</template>
]]></Template>
            </Event>
            <Event>
                <Id>2147485931</Id>
                <Version>0</Version>
                <Message><![CDATA[
FailedRequestTracing module failed to create directory '%3'. No logs will be generated until this condition is corrected. The problem happened at least %1 times in the last %2 minutes. The data is the error.]]></Message>
                <Template><![CDATA[
<template xmlns="http://schemas.microsoft.com/win/2004/08/events">
  <data name="FailureCount" inType="win:UnicodeString" outType="xs:string"/>
  <data name="Minutes" inType="win:UnicodeString" outType="xs:string"/>
  <data name="Directory" inType="win:UnicodeString" outType="xs:string"/>
  <data name="__binLength" inType="win:UInt32" outType="xs:unsignedInt"/>
  <data name="binary" inType="win:Binary" outType="xs:hexBinary" length="__binLength"/>
</template>
]]></Template>
            </Event>
            <Event>
                <Id>2147485932</Id>
                <Version>0</Version>
                <Message><![CDATA[
FailedRequestTracing module failed to write buffered events to log file for the request that matched failure definition. No logs will be generated until this condition is corrected. The problem happened at least %1 times in the last %2 minutes. The data is the error.]]></Message>
                <Template><![CDATA[
<template xmlns="http://schemas.microsoft.com/win/2004/08/events">
  <data name="FailureCount" inType="win:UnicodeString" outType="xs:string"/>
  <data name="Minutes" inType="win:UnicodeString" outType="xs:string"/>
  <data name="__binLength" inType="win:UInt32" outType="xs:unsignedInt"/>
  <data name="binary" inType="win:Binary" outType="xs:hexBinary" length="__binLength"/>
</template>
]]></Template>
            </Event>
            <Event>
                <Id>2147485933</Id>
                <Version>0</Version>
                <Message><![CDATA[
FailedRequestTracing module detected invalid configuration on path '%4'. Trace provider or tracing area name '%3' is not recognized. Check the <traceProviderDefinitions> section for currently supported list or providers and areas. No logs will be generated until this condition is corrected. The problem happened at least %1 times in the last %2 minutes. The data is the error.]]></Message>
                <Template><![CDATA[
<template xmlns="http://schemas.microsoft.com/win/2004/08/events">
  <data name="FailureCount" inType="win:UnicodeString" outType="xs:string"/>
  <data name="Minutes" inType="win:UnicodeString" outType="xs:string"/>
  <data name="InvalidConfig" inType="win:UnicodeString" outType="xs:string"/>
  <data name="Path" inType="win:UnicodeString" outType="xs:string"/>
  <data name="__binLength" inType="win:UInt32" outType="xs:unsignedInt"/>
  <data name="binary" inType="win:Binary" outType="xs:hexBinary" length="__binLength"/>
</template>
]]></Template>
            </Event>
            <Event>
                <Id>2147485934</Id>
                <Version>0</Version>
                <Message><![CDATA[
FailedRequestTracing module detected invalid configuration on path '%4'. Attribute "statusCode" contains invalid value '%3'. Examples of valid status are '404' or '403.1'. No logs will be generated until this condition is corrected. The problem happened at least %1 times in the last %2 minutes. The data is the error.]]></Message>
                <Template><![CDATA[
<template xmlns="http://schemas.microsoft.com/win/2004/08/events">
  <data name="FailureCount" inType="win:UnicodeString" outType="xs:string"/>
  <data name="Minutes" inType="win:UnicodeString" outType="xs:string"/>
  <data name="InvalidConfig" inType="win:UnicodeString" outType="xs:string"/>
  <data name="Path" inType="win:UnicodeString" outType="xs:string"/>
  <data name="__binLength" inType="win:UInt32" outType="xs:unsignedInt"/>
  <data name="binary" inType="win:Binary" outType="xs:hexBinary" length="__binLength"/>
</template>
]]></Template>
            </Event>
            <Event>
                <Id>2147485935</Id>
                <Version>0</Version>
                <Message><![CDATA[
FailedRequestTracing module encountered problem while reading configuration. Configuration system returned exception '%3' in file %4 on line %5. No logs will be generated until this condition is corrected. The problem happened at least %1 times in the last %2 minutes. The data is the error.]]></Message>
                <Template><![CDATA[
<template xmlns="http://schemas.microsoft.com/win/2004/08/events">
  <data name="FailureCount" inType="win:UnicodeString" outType="xs:string"/>
  <data name="Minutes" inType="win:UnicodeString" outType="xs:string"/>
  <data name="ConfigException" inType="win:UnicodeString" outType="xs:string"/>
  <data name="File" inType="win:UnicodeString" outType="xs:string"/>
  <data name="LineNumber" inType="win:UnicodeString" outType="xs:string"/>
  <data name="__binLength" inType="win:UInt32" outType="xs:unsignedInt"/>
  <data name="binary" inType="win:Binary" outType="xs:hexBinary" length="__binLength"/>
</template>
]]></Template>
            </Event>
            <Event>
                <Id>2147485936</Id>
                <Version>0</Version>
                <Message><![CDATA[
FailedRequestTracing module encountered problem while reading configuration. No logs will be generated until this condition is corrected. The problem happened at least %1 times in the last %2 minutes. The data is the error.]]></Message>
                <Template><![CDATA[
<template xmlns="http://schemas.microsoft.com/win/2004/08/events">
  <data name="FailureCount" inType="win:UnicodeString" outType="xs:string"/>
  <data name="Minutes" inType="win:UnicodeString" outType="xs:string"/>
  <data name="__binLength" inType="win:UInt32" outType="xs:unsignedInt"/>
  <data name="binary" inType="win:Binary" outType="xs:hexBinary" length="__binLength"/>
</template>
]]></Template>
            </Event>
            <Event>
                <Id>2147485937</Id>
                <Version>0</Version>
                <Message><![CDATA[
FailedRequestTracing Module failed to delete at least one log file from the directory '%3'. The problem happened at least %1 times in the last %2 minutes. The data is the error.]]></Message>
                <Template><![CDATA[
<template xmlns="http://schemas.microsoft.com/win/2004/08/events">
  <data name="FailureCount" inType="win:UnicodeString" outType="xs:string"/>
  <data name="Minutes" inType="win:UnicodeString" outType="xs:string"/>
  <data name="Directory" inType="win:UnicodeString" outType="xs:string"/>
  <data name="__binLength" inType="win:UInt32" outType="xs:unsignedInt"/>
  <data name="binary" inType="win:Binary" outType="xs:hexBinary" length="__binLength"/>
</template>
]]></Template>
            </Event>
            <Event>
                <Id>2147485938</Id>
                <Version>0</Version>
                <Message><![CDATA[
FailedRequestTracing module encountered runtime error. The problem happened at least %1 times in the last %2 minutes. The data is the error.]]></Message>
                <Template><![CDATA[
<template xmlns="http://schemas.microsoft.com/win/2004/08/events">
  <data name="FailureCount" inType="win:UnicodeString" outType="xs:string"/>
  <data name="Minutes" inType="win:UnicodeString" outType="xs:string"/>
  <data name="__binLength" inType="win:UInt32" outType="xs:unsignedInt"/>
  <data name="binary" inType="win:Binary" outType="xs:hexBinary" length="__binLength"/>
</template>
]]></Template>
            </Event>
            <Event>
                <Id>2147485939</Id>
                <Version>0</Version>
                <Message><![CDATA[
FailedRequestTracing module detected invalid configuration on path '%4'. Attribute "guid" in <traceProviderDefinitions> section contains invalid value '%3'. No logs will be generated until this condition is corrected. The problem happened at least %1 times in the last %2 minutes. The data is the error.]]></Message>
                <Template><![CDATA[
<template xmlns="http://schemas.microsoft.com/win/2004/08/events">
  <data name="FailureCount" inType="win:UnicodeString" outType="xs:string"/>
  <data name="Minutes" inType="win:UnicodeString" outType="xs:string"/>
  <data name="InvalidConfig" inType="win:UnicodeString" outType="xs:string"/>
  <data name="Path" inType="win:UnicodeString" outType="xs:string"/>
  <data name="__binLength" inType="win:UInt32" outType="xs:unsignedInt"/>
  <data name="binary" inType="win:Binary" outType="xs:hexBinary" length="__binLength"/>
</template>
]]></Template>
            </Event>
            <Event>
                <Id>2147485940</Id>
                <Version>0</Version>
                <Message><![CDATA[
FailedRequestTracing module failed to create XSL file '%3. Friendly rendering of log files will not be available. The problem happened at least %1 times in the last %2 minutes. The data is the error.]]></Message>
                <Template><![CDATA[
<template xmlns="http://schemas.microsoft.com/win/2004/08/events">
  <data name="FailureCount" inType="win:UnicodeString" outType="xs:string"/>
  <data name="Minutes" inType="win:UnicodeString" outType="xs:string"/>
  <data name="XslFile" inType="win:UnicodeString" outType="xs:string"/>
  <data name="__binLength" inType="win:UInt32" outType="xs:unsignedInt"/>
  <data name="binary" inType="win:Binary" outType="xs:hexBinary" length="__binLength"/>
</template>
]]></Template>
            </Event>
            <Event>
                <Id>3221227765</Id>
                <Version>0</Version>
                <Message><![CDATA[
The Module name %1 path %2 returned an error from registration.  The data is the error.]]></Message>
                <Template><![CDATA[
<template xmlns="http://schemas.microsoft.com/win/2004/08/events">
  <data name="ModuleDll" inType="win:UnicodeString" outType="xs:string"/>
  <data name="Path" inType="win:UnicodeString" outType="xs:string"/>
  <data name="__binLength" inType="win:UInt32" outType="xs:unsignedInt"/>
  <data name="binary" inType="win:Binary" outType="xs:hexBinary" length="__binLength"/>
</template>
]]></Template>
            </Event>
            <Event>
                <Id>3221227766</Id>
                <Version>0</Version>
                <Message><![CDATA[
The worker process failed to pre-load .Net Runtime version %1.]]></Message>
                <Template><![CDATA[
<template xmlns="http://schemas.microsoft.com/win/2004/08/events">
  <data name="CLRRunTimeVersion" inType="win:UnicodeString" outType="xs:string"/>
  <data name="__binLength" inType="win:UInt32" outType="xs:unsignedInt"/>
  <data name="binary" inType="win:Binary" outType="xs:hexBinary" length="__binLength"/>
</template>
]]></Template>
            </Event>
            <Event>
                <Id>3221227767</Id>
                <Version>0</Version>
                <Message><![CDATA[
Failed to find the RegisterModule entrypoint in the module DLL %1.  The data is the error.]]></Message>
                <Template><![CDATA[
<template xmlns="http://schemas.microsoft.com/win/2004/08/events">
  <data name="ModuleDll" inType="win:UnicodeString" outType="xs:string"/>
  <data name="__binLength" inType="win:UInt32" outType="xs:unsignedInt"/>
  <data name="binary" inType="win:Binary" outType="xs:hexBinary" length="__binLength"/>
</template>
]]></Template>
            </Event>
            <Event>
                <Id>3221227768</Id>
                <Version>0</Version>
                <Message><![CDATA[
The Module name '%1' path '%2' has an invalid precondition '%3'.]]></Message>
                <Template><![CDATA[
<template xmlns="http://schemas.microsoft.com/win/2004/08/events">
  <data name="ModuleName" inType="win:UnicodeString" outType="xs:string"/>
  <data name="ModuleDll" inType="win:UnicodeString" outType="xs:string"/>
  <data name="PreCondition" inType="win:UnicodeString" outType="xs:string"/>
  <data name="__binLength" inType="win:UInt32" outType="xs:unsignedInt"/>
  <data name="binary" inType="win:Binary" outType="xs:hexBinary" length="__binLength"/>
</template>
]]></Template>
            </Event>
            <Event>
                <Id>3221227769</Id>
                <Version>0</Version>
                <Message><![CDATA[
The worker process for application pool '%1' encountered an error '%2' trying to read global module configuration data from file '%3', line number '%4'.  Worker process startup aborted.]]></Message>
                <Template><![CDATA[
<template xmlns="http://schemas.microsoft.com/win/2004/08/events">
  <data name="ApplicationPool" inType="win:UnicodeString" outType="xs:string"/>
  <data name="ConfigException" inType="win:UnicodeString" outType="xs:string"/>
  <data name="FileName" inType="win:UnicodeString" outType="xs:string"/>
  <data name="LineNumber" inType="win:UnicodeString" outType="xs:string"/>
  <data name="__binLength" inType="win:UInt32" outType="xs:unsignedInt"/>
  <data name="binary" inType="win:Binary" outType="xs:hexBinary" length="__binLength"/>
</template>
]]></Template>
            </Event>
            <Event>
                <Id>2147485946</Id>
                <Version>0</Version>
                <Message><![CDATA[
The globalModules list is empty. No requests can be served successfully.]]></Message>
                <Template><![CDATA[
]]></Template>
            </Event>
            <Event>
                <Id>3221227771</Id>
                <Version>0</Version>
                <Message><![CDATA[
An application has reported as being unhealthy. The worker process will now request a recycle. Reason given: %1. The data is the error.]]></Message>
                <Template><![CDATA[
<template xmlns="http://schemas.microsoft.com/win/2004/08/events">
  <data name="Reason" inType="win:UnicodeString" outType="xs:string"/>
  <data name="__binLength" inType="win:UInt32" outType="xs:unsignedInt"/>
  <data name="binary" inType="win:Binary" outType="xs:hexBinary" length="__binLength"/>
</template>
]]></Template>
            </Event>
            <Event>
                <Id>2147485948</Id>
                <Version>0</Version>
                <Message><![CDATA[
The worker process cannot access the CLR configuration file at '%1'.  Verify that the file exists and that the worker process has read access to the file.]]></Message>
                <Template><![CDATA[
<template xmlns="http://schemas.microsoft.com/win/2004/08/events">
  <data name="CLRConfigFileName" inType="win:UnicodeString" outType="xs:string"/>
  <data name="__binLength" inType="win:UInt32" outType="xs:unsignedInt"/>
  <data name="binary" inType="win:Binary" outType="xs:hexBinary" length="__binLength"/>
</template>
]]></Template>
            </Event>
            <Event>
                <Id>2147485949</Id>
                <Version>0</Version>
                <Message><![CDATA[
There was an error during processing of the HTTP Application Preload event.  Modules and/or applications relying upon this event may not have been initialized properly.  The data field contains the error code.]]></Message>
                <Template><![CDATA[
]]></Template>
            </Event>
            <Event>
                <Id>3221227774</Id>
                <Version>0</Version>
                <Message><![CDATA[
There was an error during processing of the managed application service auto-start for configuration path: '%1'. The error message returned is: '%2'.  The worker process will be marked unhealthy and be shutdown.  The data field contains the error code.]]></Message>
                <Template><![CDATA[
<template xmlns="http://schemas.microsoft.com/win/2004/08/events">
  <data name="ConfigPath" inType="win:UnicodeString" outType="xs:string"/>
  <data name="ErrorInfo" inType="win:UnicodeString" outType="xs:string"/>
  <data name="__binLength" inType="win:UInt32" outType="xs:unsignedInt"/>
  <data name="binary" inType="win:Binary" outType="xs:hexBinary" length="__binLength"/>
</template>
]]></Template>
            </Event>
            <Event>
                <Id>2147485951</Id>
                <Version>0</Version>
                <Message><![CDATA[
There was an error during processing of the managed application service auto-start for application pool: '%1'.  Some application services may not have been processed correctly.  Please check the configuration for application service auto-start for the application(s) assigned to this application pool.  The data field contains the error code.]]></Message>
                <Template><![CDATA[
<template xmlns="http://schemas.microsoft.com/win/2004/08/events">
  <data name="ApplicationPool" inType="win:UnicodeString" outType="xs:string"/>
  <data name="__binLength" inType="win:UInt32" outType="xs:unsignedInt"/>
  <data name="binary" inType="win:Binary" outType="xs:hexBinary" length="__binLength"/>
</template>
]]></Template>
            </Event>
            <Event>
                <Id>3221227776</Id>
                <Version>0</Version>
                <Message><![CDATA[
There was an unexpected error during the loading of managed runtime version: '%1'.  The managed runtime loader '%2' was unable to load the managed runtime.  The data field contains the error code.]]></Message>
                <Template><![CDATA[
<template xmlns="http://schemas.microsoft.com/win/2004/08/events">
  <data name="CLRRunTimeVersion" inType="win:UnicodeString" outType="xs:string"/>
  <data name="CLRLoaderDllPath" inType="win:UnicodeString" outType="xs:string"/>
  <data name="__binLength" inType="win:UInt32" outType="xs:unsignedInt"/>
  <data name="binary" inType="win:Binary" outType="xs:hexBinary" length="__binLength"/>
</template>
]]></Template>
            </Event>
            <Event>
                <Id>2147485953</Id>
                <Version>0</Version>
                <Message><![CDATA[
There was an error during processing of the managed application service auto-start for application pool: '%1'.  The configured .Net Framework for this application pool doesn't support managed application services.  As a result, no managed application service auto-start has been completed.  To resolve this issue, please change the .Net Framework version configured for this application pool to one that supports managed application service.  The data field contains the error code.]]></Message>
                <Template><![CDATA[
<template xmlns="http://schemas.microsoft.com/win/2004/08/events">
  <data name="ApplicationPool" inType="win:UnicodeString" outType="xs:string"/>
  <data name="__binLength" inType="win:UInt32" outType="xs:unsignedInt"/>
  <data name="binary" inType="win:Binary" outType="xs:hexBinary" length="__binLength"/>
</template>
]]></Template>
            </Event>
            <Event>
                <Id>2147485954</Id>
                <Version>0</Version>
                <Message><![CDATA[
There was an error during processing of the managed application service auto-start for application pool: '%1'.  The loading of application service provider objects is not supported if the pipeline mode is set to 'Classic' mode.  As a result, no managed application service auto-start has been completed.  To resolve this issue, please change the pipeline mode for this application pool to 'Integrated' mode.  The data field contains the error code.]]></Message>
                <Template><![CDATA[
<template xmlns="http://schemas.microsoft.com/win/2004/08/events">
  <data name="ApplicationPool" inType="win:UnicodeString" outType="xs:string"/>
  <data name="__binLength" inType="win:UInt32" outType="xs:unsignedInt"/>
  <data name="binary" inType="win:Binary" outType="xs:hexBinary" length="__binLength"/>
</template>
]]></Template>
            </Event>
            <Event>
                <Id>3221227779</Id>
                <Version>0</Version>
                <Message><![CDATA[
The worker process for application pool '%1' encountered an error '%2' trying to read configuration data from file '%3', line number '%4'.  The data field contains the error code.]]></Message>
                <Template><![CDATA[
<template xmlns="http://schemas.microsoft.com/win/2004/08/events">
  <data name="ApplicationPool" inType="win:UnicodeString" outType="xs:string"/>
  <data name="ConfigException" inType="win:UnicodeString" outType="xs:string"/>
  <data name="FileName" inType="win:UnicodeString" outType="xs:string"/>
  <data name="LineNumber" inType="win:UnicodeString" outType="xs:string"/>
  <data name="__binLength" inType="win:UInt32" outType="xs:unsignedInt"/>
  <data name="binary" inType="win:Binary" outType="xs:hexBinary" length="__binLength"/>
</template>
]]></Template>
            </Event>
            <Event>
                <Id>3221227780</Id>
                <Version>0</Version>
                <Message><![CDATA[
The loghttp module in the worker process with id '%2' could not obtain custom log data for '%1' requests. The data field contains the error code.]]></Message>
                <Template><![CDATA[
<template xmlns="http://schemas.microsoft.com/win/2004/08/events">
  <data name="RequestCount" inType="win:UnicodeString" outType="xs:string"/>
  <data name="PID" inType="win:UnicodeString" outType="xs:string"/>
  <data name="__binLength" inType="win:UInt32" outType="xs:unsignedInt"/>
  <data name="binary" inType="win:Binary" outType="xs:hexBinary" length="__binLength"/>
</template>
]]></Template>
            </Event>
            <Event>
                <Id>3221227781</Id>
                <Version>0</Version>
                <Message><![CDATA[
The loghttp module in the worker process with id '%2' removed custom log data for '%1' request(s) which was not claimed by the W3C Logging Service.]]></Message>
                <Template><![CDATA[
<template xmlns="http://schemas.microsoft.com/win/2004/08/events">
  <data name="Count" inType="win:UnicodeString" outType="xs:string"/>
  <data name="PID" inType="win:UnicodeString" outType="xs:string"/>
  <data name="__binLength" inType="win:UInt32" outType="xs:unsignedInt"/>
  <data name="binary" inType="win:Binary" outType="xs:hexBinary" length="__binLength"/>
</template>
]]></Template>
            </Event>
            <Event>
                <Id>1073744134</Id>
                <Version>0</Version>
                <Message><![CDATA[
A worker process with process id of '%1' serving application pool '%2' paged out due to inactivity. Application Pool timeout-action configuration was set to %3 minutes. A worker process will resume when needed.]]></Message>
                <Template><![CDATA[
<template xmlns="http://schemas.microsoft.com/win/2004/08/events">
  <data name="ProcessID" inType="win:UnicodeString" outType="xs:string"/>
  <data name="AppPoolID" inType="win:UnicodeString" outType="xs:string"/>
  <data name="Minutes" inType="win:UnicodeString" outType="xs:string"/>
</template>
]]></Template>
            </Event>
            <Event>
                <Id>3221227783</Id>
                <Version>0</Version>
                <Message><![CDATA[
The worker process for application pool '%1', PID='%2', failed to duplicate the request queue handle and therefore will not be able to provide transport-level telemetry data during request processing.  The data field contains the error number.]]></Message>
                <Template><![CDATA[
<template xmlns="http://schemas.microsoft.com/win/2004/08/events">
  <data name="ApplicationPool" inType="win:UnicodeString" outType="xs:string"/>
  <data name="PID" inType="win:UnicodeString" outType="xs:string"/>
  <data name="__binLength" inType="win:UInt32" outType="xs:unsignedInt"/>
  <data name="binary" inType="win:Binary" outType="xs:hexBinary" length="__binLength"/>
</template>
]]></Template>
            </Event>
        </EventMetadata>
    </Provider>
</Providers>
