<Providers>
    <Provider>
        <Name>Microsoft-Windows-Diagnostics-Networking</Name>
        <Metadata>
            <Guid>{36C23E18-0E66-11D9-BBEB-505054503030}</Guid>
            <ResourceFilePath>%windir%\system32\netdiagfx.dll</ResourceFilePath>
            <ParameterFilePath></ParameterFilePath>
            <MessageFilePath>%windir%\system32\netdiagfx.dll</MessageFilePath>
            <HelpLink></HelpLink>
            <PublisherMessage>Microsoft-Windows-Diagnostics-Networking</PublisherMessage>
            <Channels>
                <Channel>
                    <Message>Microsoft-Windows-Diagnostics-Networking/Operational</Message>
                    <Path>Microsoft-Windows-Diagnostics-Networking/Operational</Path>
                    <Index>0</Index>
                    <Id>16</Id>
                    <Imported>false</Imported>
                </Channel>
                <Channel>
                    <Message>System</Message>
                    <Path>System</Path>
                    <Index>1</Index>
                    <Id>8</Id>
                    <Imported>true</Imported>
                </Channel>
                <Channel>
                    <Message>Microsoft-Windows-Diagnostics-Networking/Debug</Message>
                    <Path>Microsoft-Windows-Diagnostics-Networking/Debug</Path>
                    <Index>2</Index>
                    <Id>17</Id>
                    <Imported>false</Imported>
                </Channel>
            </Channels>
            <Levels>
                <Level>
                    <Message>Error</Message>
                    <Name>win:Error</Name>
                    <Value>2</Value>
                </Level>
                <Level>
                    <Message>Information</Message>
                    <Name>win:Informational</Name>
                    <Value>4</Value>
                </Level>
            </Levels>
            <Tasks>
                <Task>
                    <Message>Start</Message>
                    <Name>NDF.Start</Name>
                    <Value>1</Value>
                </Task>
                <Task>
                    <Message>Stop</Message>
                    <Name>NDF.Stop</Name>
                    <Value>2</Value>
                </Task>
                <Task>
                    <Message>Fail</Message>
                    <Name>NDF.Fail</Name>
                    <Value>3</Value>
                </Task>
                <Task>
                    <Message>Diagnosis Success</Message>
                    <Name>NDF.DiagSuccess</Name>
                    <Value>4</Value>
                </Task>
                <Task>
                    <Message>Diagnosis Failure</Message>
                    <Name>NDF.DiagFail</Name>
                    <Value>5</Value>
                </Task>
                <Task>
                    <Message>Validation Success</Message>
                    <Name>NDF.ValidationSuccess</Name>
                    <Value>6</Value>
                </Task>
                <Task>
                    <Message>Validation Failure</Message>
                    <Name>NDF.ValidationFail</Name>
                    <Value>7</Value>
                </Task>
                <Task>
                    <Message>Repair Option Failure</Message>
                    <Name>NDF.RepairOptFail</Name>
                    <Value>9</Value>
                </Task>
                <Task>
                    <Message>Repair Failure</Message>
                    <Name>NDF.RepairFail</Name>
                    <Value>10</Value>
                </Task>
                <Task>
                    <Message>Debug</Message>
                    <Name>NDF.Debug</Name>
                    <Value>11</Value>
                </Task>
                <Task>
                    <Message>Helper Class Info</Message>
                    <Name>NDF.HelperClassInfo</Name>
                    <Value>12</Value>
                </Task>
            </Tasks>
            <Opcodes>
                <Opcode>
                    <Message>Info</Message>
                    <Name>win:Info</Name>
                    <Value>0</Value>
                    <Task>0</Task>
                </Opcode>
                <Opcode>
                    <Message>Start</Message>
                    <Name>win:Start</Name>
                    <Value>1</Value>
                    <Task>0</Task>
                </Opcode>
                <Opcode>
                    <Message>Stop</Message>
                    <Name>win:Stop</Name>
                    <Value>2</Value>
                    <Task>0</Task>
                </Opcode>
                <Opcode>
                    <Message>The failure occurred in the Framework code.</Message>
                    <Name>op_NDFFailInFramework</Name>
                    <Value>20</Value>
                    <Task>0</Task>
                </Opcode>
                <Opcode>
                    <Message>The failure occurred in the Helper class code.</Message>
                    <Name>op_NDFFailInHelper</Name>
                    <Value>21</Value>
                    <Task>0</Task>
                </Opcode>
            </Opcodes>
            <Keywords>
                <Keyword>
                    <Message>Core Events</Message>
                    <Name>ndf:NDFCoreEvents</Name>
                    <Value>1</Value>
                </Keyword>
                <Keyword>
                    <Message>Helper Class Events</Message>
                    <Name>ndf:NDFHelperClassEvents</Name>
                    <Value>2</Value>
                </Keyword>
                <Keyword>
                    <Message>Performance Events</Message>
                    <Name>ndf:Performance</Name>
                    <Value>4</Value>
                </Keyword>
                <Keyword>
                    <Message></Message>
                    <Name>ut:SendPath</Name>
                    <Value>4294967296</Value>
                </Keyword>
                <Keyword>
                    <Message></Message>
                    <Name>ut:ReceivePath</Name>
                    <Value>8589934592</Value>
                </Keyword>
                <Keyword>
                    <Message></Message>
                    <Name>ut:L3ConnectPath</Name>
                    <Value>17179869184</Value>
                </Keyword>
                <Keyword>
                    <Message></Message>
                    <Name>ut:L2ConnectPath</Name>
                    <Value>34359738368</Value>
                </Keyword>
                <Keyword>
                    <Message></Message>
                    <Name>ut:ClosePath</Name>
                    <Value>68719476736</Value>
                </Keyword>
                <Keyword>
                    <Message></Message>
                    <Name>ut:Authentication</Name>
                    <Value>137438953472</Value>
                </Keyword>
                <Keyword>
                    <Message></Message>
                    <Name>ut:Configuration</Name>
                    <Value>274877906944</Value>
                </Keyword>
                <Keyword>
                    <Message></Message>
                    <Name>ut:Global</Name>
                    <Value>549755813888</Value>
                </Keyword>
                <Keyword>
                    <Message></Message>
                    <Name>ut:Dropped</Name>
                    <Value>1099511627776</Value>
                </Keyword>
                <Keyword>
                    <Message></Message>
                    <Name>ut:PiiPresent</Name>
                    <Value>2199023255552</Value>
                </Keyword>
                <Keyword>
                    <Message></Message>
                    <Name>ut:Packet</Name>
                    <Value>4398046511104</Value>
                </Keyword>
                <Keyword>
                    <Message></Message>
                    <Name>ut:Address</Name>
                    <Value>8796093022208</Value>
                </Keyword>
                <Keyword>
                    <Message></Message>
                    <Name>ut:StdTemplateHint</Name>
                    <Value>17592186044416</Value>
                </Keyword>
                <Keyword>
                    <Message></Message>
                    <Name>ut:StateTransition</Name>
                    <Value>35184372088832</Value>
                </Keyword>
                <Keyword>
                    <Message></Message>
                    <Name>ut:Diagnostic</Name>
                    <Value>70368744177664</Value>
                </Keyword>
                <Keyword>
                    <Message>Response Time</Message>
                    <Name>win:ResponseTime</Name>
                    <Value>281474976710656</Value>
                </Keyword>
            </Keywords>
        </Metadata>
        <EventMetadata>
            <Event>
                <Id>1000</Id>
                <Version>0</Version>
                <Channel>Microsoft-Windows-Diagnostics-Networking/Operational</Channel>
                <Level>Information</Level>
                <Task>Start</Task>
                <Opcode>Start</Opcode>
                <Keyword>Core Events</Keyword>
                <Message><![CDATA[
Network Diagnostics Framework started because the user requested a diagnostics session. 

Helper Class Name: %1 

Number of parameters: %2 

Attributes passed to helper class: 
%3]]></Message>
                <Template><![CDATA[
<template xmlns="http://schemas.microsoft.com/win/2004/08/events">
  <data name="HelperClassName" inType="win:UnicodeString" outType="xs:string"/>
  <data name="NumberOfAttributes" inType="win:UInt32" outType="xs:unsignedInt"/>
  <data name="HelperClassAttributes" inType="win:UnicodeString" outType="xs:string"/>
</template>
]]></Template>
            </Event>
            <Event>
                <Id>2000</Id>
                <Version>0</Version>
                <Channel>Microsoft-Windows-Diagnostics-Networking/Operational</Channel>
                <Level>Information</Level>
                <Task>Stop</Task>
                <Opcode>Stop</Opcode>
                <Keyword>Core Events</Keyword>
                <Message><![CDATA[
Network Diagnostics Framework stopped because it completed the user initiated diagnostics session. 

Result: Success, no problems found. [%1]]]></Message>
                <Template><![CDATA[
<template xmlns="http://schemas.microsoft.com/win/2004/08/events">
  <data name="ResultHR" inType="win:UInt32" outType="xs:unsignedInt"/>
</template>
]]></Template>
            </Event>
            <Event>
                <Id>2100</Id>
                <Version>0</Version>
                <Channel>Microsoft-Windows-Diagnostics-Networking/Operational</Channel>
                <Level>Information</Level>
                <Task>Stop</Task>
                <Opcode>Stop</Opcode>
                <Keyword>Core Events</Keyword>
                <Message><![CDATA[
Network Diagnostics Framework stopped because it completed the user initiated diagnostics session. 

Result: Success, problems repaired. [%1]]]></Message>
                <Template><![CDATA[
<template xmlns="http://schemas.microsoft.com/win/2004/08/events">
  <data name="ResultHR" inType="win:UInt32" outType="xs:unsignedInt"/>
</template>
]]></Template>
            </Event>
            <Event>
                <Id>2200</Id>
                <Version>0</Version>
                <Channel>Microsoft-Windows-Diagnostics-Networking/Operational</Channel>
                <Level>Information</Level>
                <Task>Stop</Task>
                <Opcode>Stop</Opcode>
                <Keyword>Core Events</Keyword>
                <Message><![CDATA[
Network Diagnostics Framework stopped because it completed the user initiated diagnostics session. 

Result: Failed during diagnosis. [%1]]]></Message>
                <Template><![CDATA[
<template xmlns="http://schemas.microsoft.com/win/2004/08/events">
  <data name="ResultHR" inType="win:UInt32" outType="xs:unsignedInt"/>
</template>
]]></Template>
            </Event>
            <Event>
                <Id>2300</Id>
                <Version>0</Version>
                <Channel>Microsoft-Windows-Diagnostics-Networking/Operational</Channel>
                <Level>Information</Level>
                <Task>Stop</Task>
                <Opcode>Stop</Opcode>
                <Keyword>Core Events</Keyword>
                <Message><![CDATA[
Network Diagnostics Framework stopped because it completed the user initiated diagnostics session. 

Result: Failed during repair. [%1]]]></Message>
                <Template><![CDATA[
<template xmlns="http://schemas.microsoft.com/win/2004/08/events">
  <data name="ResultHR" inType="win:UInt32" outType="xs:unsignedInt"/>
</template>
]]></Template>
            </Event>
            <Event>
                <Id>2400</Id>
                <Version>0</Version>
                <Channel>Microsoft-Windows-Diagnostics-Networking/Operational</Channel>
                <Level>Information</Level>
                <Task>Stop</Task>
                <Opcode>Stop</Opcode>
                <Keyword>Core Events</Keyword>
                <Message><![CDATA[
Network Diagnostics Framework stopped because it completed the user initiated diagnostics session. 

Result: Cancelled during diagnosis. [%1]]]></Message>
                <Template><![CDATA[
<template xmlns="http://schemas.microsoft.com/win/2004/08/events">
  <data name="ResultHR" inType="win:UInt32" outType="xs:unsignedInt"/>
</template>
]]></Template>
            </Event>
            <Event>
                <Id>2500</Id>
                <Version>0</Version>
                <Channel>Microsoft-Windows-Diagnostics-Networking/Operational</Channel>
                <Level>Information</Level>
                <Task>Stop</Task>
                <Opcode>Stop</Opcode>
                <Keyword>Core Events</Keyword>
                <Message><![CDATA[
Network Diagnostics Framework stopped because it completed the user initiated diagnostics session. 

Result: Cancelled during repair. [%1]]]></Message>
                <Template><![CDATA[
<template xmlns="http://schemas.microsoft.com/win/2004/08/events">
  <data name="ResultHR" inType="win:UInt32" outType="xs:unsignedInt"/>
</template>
]]></Template>
            </Event>
            <Event>
                <Id>3000</Id>
                <Version>0</Version>
                <Channel>Microsoft-Windows-Diagnostics-Networking/Operational</Channel>
                <Level>Error</Level>
                <Task>Fail</Task>
                <Opcode>The failure occurred in the Framework code.</Opcode>
                <Keyword>Core Events</Keyword>
                <Message><![CDATA[
An error occurred. The Network Diagnostics Framework failed to complete operation. A Windows Error Report was generated. [%1].]]></Message>
                <Template><![CDATA[
<template xmlns="http://schemas.microsoft.com/win/2004/08/events">
  <data name="ResultHR" inType="win:UInt32" outType="xs:unsignedInt"/>
</template>
]]></Template>
            </Event>
            <Event>
                <Id>3100</Id>
                <Version>0</Version>
                <Channel>Microsoft-Windows-Diagnostics-Networking/Operational</Channel>
                <Level>Error</Level>
                <Task>Fail</Task>
                <Opcode>The failure occurred in the Helper class code.</Opcode>
                <Keyword>Core Events</Keyword>
                <Message><![CDATA[
An error occurred. The Network Diagnostics Framework failed to complete operation. A Windows Error Report was generated. [%1].]]></Message>
                <Template><![CDATA[
<template xmlns="http://schemas.microsoft.com/win/2004/08/events">
  <data name="ResultHR" inType="win:UInt32" outType="xs:unsignedInt"/>
</template>
]]></Template>
            </Event>
            <Event>
                <Id>4000</Id>
                <Version>0</Version>
                <Channel>System</Channel>
                <Level>Information</Level>
                <Task>Diagnosis Success</Task>
                <Keyword>Core Events</Keyword>
                <Message><![CDATA[
This event is not emitted, it remains manifested for AppCompat]]></Message>
                <Template><![CDATA[
<template xmlns="http://schemas.microsoft.com/win/2004/08/events">
  <data name="RepairOption" inType="win:UnicodeString" outType="xs:string"/>
  <data name="RepairGUID" inType="win:GUID" outType="xs:GUID"/>
  <data name="SecondsRequired" inType="win:UInt32" outType="xs:unsignedInt"/>
  <data name="SIDTypeRequired" inType="win:UInt32" outType="xs:unsignedInt"/>
</template>
]]></Template>
            </Event>
            <Event>
                <Id>4000</Id>
                <Version>1</Version>
                <Channel>System</Channel>
                <Level>Information</Level>
                <Task>Diagnosis Success</Task>
                <Keyword>Core Events</Keyword>
                <Message><![CDATA[
The Network Diagnostics Framework has completed the diagnosis phase of operation. The following repair option was offered: 

Helper Class Name: %7

Root Cause: %1 

Root Cause Guid: %2 

Repair option: %3 

RepairGuid: %4 

Seconds required for repair: %5 

Security context required for repair: %6

Interface: %8 (%9)]]></Message>
                <Template><![CDATA[
<template xmlns="http://schemas.microsoft.com/win/2004/08/events">
  <data name="RootCause" inType="win:UnicodeString" outType="xs:string"/>
  <data name="RootCauseGUID" inType="win:GUID" outType="xs:GUID"/>
  <data name="RepairOption" inType="win:UnicodeString" outType="xs:string"/>
  <data name="RepairGUID" inType="win:GUID" outType="xs:GUID"/>
  <data name="SecondsRequired" inType="win:UInt32" outType="xs:unsignedInt"/>
  <data name="SIDTypeRequired" inType="win:UInt32" outType="xs:unsignedInt"/>
  <data name="HelperClassName" inType="win:UnicodeString" outType="xs:string"/>
  <data name="InterfaceDesc" inType="win:UnicodeString" outType="xs:string"/>
  <data name="InterfaceGUID" inType="win:GUID" outType="xs:GUID"/>
</template>
]]></Template>
            </Event>
            <Event>
                <Id>4100</Id>
                <Version>0</Version>
                <Channel>System</Channel>
                <Level>Information</Level>
                <Task>Diagnosis Success</Task>
                <Keyword>Core Events</Keyword>
                <Message><![CDATA[
The Network Diagnostics Framework has completed the diagnosis phase of operation, but no network problem was identified.]]></Message>
                <Template><![CDATA[
<template xmlns="http://schemas.microsoft.com/win/2004/08/events">
</template>
]]></Template>
            </Event>
            <Event>
                <Id>4200</Id>
                <Version>0</Version>
                <Channel>System</Channel>
                <Level>Error</Level>
                <Task>Diagnosis Failure</Task>
                <Keyword>Core Events</Keyword>
                <Message><![CDATA[
An error occurred. The Network Diagnostics Framework failed to complete the diagnosis phase of operation. A Windows Error Report was generated. [%1]]]></Message>
                <Template><![CDATA[
<template xmlns="http://schemas.microsoft.com/win/2004/08/events">
  <data name="ResultHR" inType="win:UInt32" outType="xs:unsignedInt"/>
</template>
]]></Template>
            </Event>
            <Event>
                <Id>5000</Id>
                <Version>0</Version>
                <Channel>System</Channel>
                <Level>Information</Level>
                <Task>Validation Success</Task>
                <Keyword>Core Events</Keyword>
                <Message><![CDATA[
This event is not emitted, it remains manifested for AppCompat]]></Message>
                <Template><![CDATA[
<template xmlns="http://schemas.microsoft.com/win/2004/08/events">
  <data name="RepairOption" inType="win:UnicodeString" outType="xs:string"/>
  <data name="RepairGUID" inType="win:GUID" outType="xs:GUID"/>
  <data name="SecondsRequired" inType="win:UInt32" outType="xs:unsignedInt"/>
  <data name="SIDTypeRequired" inType="win:UInt32" outType="xs:unsignedInt"/>
  <data name="HelperClassName" inType="win:UnicodeString" outType="xs:string"/>
</template>
]]></Template>
            </Event>
            <Event>
                <Id>5000</Id>
                <Version>1</Version>
                <Channel>System</Channel>
                <Level>Information</Level>
                <Task>Validation Success</Task>
                <Keyword>Core Events</Keyword>
                <Message><![CDATA[
The Network Diagnostics Framework has completed the repair phase of operation. The following repair option or work-around was executed: 

Helper Class Name: %7 

Repair option: %3 

RepairGuid: %4 

The repair option appears to have successfully fixed the diagnosed problem.]]></Message>
                <Template><![CDATA[
<template xmlns="http://schemas.microsoft.com/win/2004/08/events">
  <data name="RootCause" inType="win:UnicodeString" outType="xs:string"/>
  <data name="RootCauseGUID" inType="win:GUID" outType="xs:GUID"/>
  <data name="RepairOption" inType="win:UnicodeString" outType="xs:string"/>
  <data name="RepairGUID" inType="win:GUID" outType="xs:GUID"/>
  <data name="SecondsRequired" inType="win:UInt32" outType="xs:unsignedInt"/>
  <data name="SIDTypeRequired" inType="win:UInt32" outType="xs:unsignedInt"/>
  <data name="HelperClassName" inType="win:UnicodeString" outType="xs:string"/>
  <data name="InterfaceDesc" inType="win:UnicodeString" outType="xs:string"/>
  <data name="InterfaceGUID" inType="win:GUID" outType="xs:GUID"/>
</template>
]]></Template>
            </Event>
            <Event>
                <Id>5100</Id>
                <Version>0</Version>
                <Channel>System</Channel>
                <Level>Information</Level>
                <Task>Validation Failure</Task>
                <Keyword>Core Events</Keyword>
                <Message><![CDATA[
This event is not emitted, it remains manifested for AppCompat]]></Message>
                <Template><![CDATA[
<template xmlns="http://schemas.microsoft.com/win/2004/08/events">
  <data name="RepairOption" inType="win:UnicodeString" outType="xs:string"/>
  <data name="RepairGUID" inType="win:GUID" outType="xs:GUID"/>
  <data name="SecondsRequired" inType="win:UInt32" outType="xs:unsignedInt"/>
  <data name="SIDTypeRequired" inType="win:UInt32" outType="xs:unsignedInt"/>
  <data name="HelperClassName" inType="win:UnicodeString" outType="xs:string"/>
</template>
]]></Template>
            </Event>
            <Event>
                <Id>5100</Id>
                <Version>1</Version>
                <Channel>System</Channel>
                <Level>Information</Level>
                <Task>Validation Failure</Task>
                <Keyword>Core Events</Keyword>
                <Message><![CDATA[
The Network Diagnostics Framework (NDF) has completed the repair phase of operation. The following repair option or work-around was executed: 

Helper Class Name: %7 

Repair option: %3 

RepairGuid: %4 

The repair option appears to have successfully fixed the diagnosed problem. But NDF has detected the existence of other network problems. NDF should be re-run to diagnose these problems.]]></Message>
                <Template><![CDATA[
<template xmlns="http://schemas.microsoft.com/win/2004/08/events">
  <data name="RootCause" inType="win:UnicodeString" outType="xs:string"/>
  <data name="RootCauseGUID" inType="win:GUID" outType="xs:GUID"/>
  <data name="RepairOption" inType="win:UnicodeString" outType="xs:string"/>
  <data name="RepairGUID" inType="win:GUID" outType="xs:GUID"/>
  <data name="SecondsRequired" inType="win:UInt32" outType="xs:unsignedInt"/>
  <data name="SIDTypeRequired" inType="win:UInt32" outType="xs:unsignedInt"/>
  <data name="HelperClassName" inType="win:UnicodeString" outType="xs:string"/>
  <data name="InterfaceDesc" inType="win:UnicodeString" outType="xs:string"/>
  <data name="InterfaceGUID" inType="win:GUID" outType="xs:GUID"/>
</template>
]]></Template>
            </Event>
            <Event>
                <Id>5200</Id>
                <Version>0</Version>
                <Channel>System</Channel>
                <Level>Information</Level>
                <Task>Repair Option Failure</Task>
                <Keyword>Core Events</Keyword>
                <Message><![CDATA[
This event is not emitted, it remains manifested for AppCompat]]></Message>
                <Template><![CDATA[
<template xmlns="http://schemas.microsoft.com/win/2004/08/events">
  <data name="RepairOption" inType="win:UnicodeString" outType="xs:string"/>
  <data name="RepairGUID" inType="win:GUID" outType="xs:GUID"/>
  <data name="SecondsRequired" inType="win:UInt32" outType="xs:unsignedInt"/>
  <data name="SIDTypeRequired" inType="win:UInt32" outType="xs:unsignedInt"/>
</template>
]]></Template>
            </Event>
            <Event>
                <Id>5200</Id>
                <Version>1</Version>
                <Channel>System</Channel>
                <Level>Information</Level>
                <Task>Repair Option Failure</Task>
                <Keyword>Core Events</Keyword>
                <Message><![CDATA[
The Network Diagnostics Framework failed to execute the following repair: 

Repair option: %3 

RepairGuid: %4]]></Message>
                <Template><![CDATA[
<template xmlns="http://schemas.microsoft.com/win/2004/08/events">
  <data name="RootCause" inType="win:UnicodeString" outType="xs:string"/>
  <data name="RootCauseGUID" inType="win:GUID" outType="xs:GUID"/>
  <data name="RepairOption" inType="win:UnicodeString" outType="xs:string"/>
  <data name="RepairGUID" inType="win:GUID" outType="xs:GUID"/>
  <data name="SecondsRequired" inType="win:UInt32" outType="xs:unsignedInt"/>
  <data name="SIDTypeRequired" inType="win:UInt32" outType="xs:unsignedInt"/>
  <data name="HelperClassName" inType="win:UnicodeString" outType="xs:string"/>
  <data name="InterfaceDesc" inType="win:UnicodeString" outType="xs:string"/>
  <data name="InterfaceGUID" inType="win:GUID" outType="xs:GUID"/>
</template>
]]></Template>
            </Event>
            <Event>
                <Id>5300</Id>
                <Version>0</Version>
                <Channel>System</Channel>
                <Level>Error</Level>
                <Task>Repair Failure</Task>
                <Keyword>Core Events</Keyword>
                <Message><![CDATA[
An error occurred. The Network Diagnostics Framework failed to complete the repair phase of operation. A Windows Error Report was generated. [%1]]]></Message>
                <Template><![CDATA[
<template xmlns="http://schemas.microsoft.com/win/2004/08/events">
  <data name="ResultHR" inType="win:UInt32" outType="xs:unsignedInt"/>
</template>
]]></Template>
            </Event>
            <Event>
                <Id>6000</Id>
                <Version>0</Version>
                <Channel>Microsoft-Windows-Diagnostics-Networking/Operational</Channel>
                <Level>Information</Level>
                <Task>Helper Class Info</Task>
                <Keyword>Helper Class Events</Keyword>
                <Message><![CDATA[
Details about %1 diagnosis: 

%2]]></Message>
                <Template><![CDATA[
<template xmlns="http://schemas.microsoft.com/win/2004/08/events">
  <data name="HelperClassName" inType="win:UnicodeString" outType="xs:string"/>
  <data name="EventDescription" inType="win:UnicodeString" outType="xs:string"/>
  <data name="EventVerbosity" inType="win:UInt16" outType="xs:unsignedShort"/>
</template>
]]></Template>
            </Event>
            <Event>
                <Id>6100</Id>
                <Version>0</Version>
                <Channel>System</Channel>
                <Level>Information</Level>
                <Task>Helper Class Info</Task>
                <Keyword>Helper Class Events</Keyword>
                <Message><![CDATA[
Details about %1 diagnosis: 

%2]]></Message>
                <Template><![CDATA[
<template xmlns="http://schemas.microsoft.com/win/2004/08/events">
  <data name="HelperClassName" inType="win:UnicodeString" outType="xs:string"/>
  <data name="EventDescription" inType="win:UnicodeString" outType="xs:string"/>
  <data name="EventVerbosity" inType="win:UInt16" outType="xs:unsignedShort"/>
</template>
]]></Template>
            </Event>
            <Event>
                <Id>6200</Id>
                <Version>0</Version>
                <Channel>Microsoft-Windows-Diagnostics-Networking/Debug</Channel>
                <Level>Information</Level>
                <Task>Helper Class Info</Task>
                <Keyword>Helper Class Events</Keyword>
                <Message><![CDATA[
Details about %1 diagnosis: 

%2]]></Message>
                <Template><![CDATA[
<template xmlns="http://schemas.microsoft.com/win/2004/08/events">
  <data name="HelperClassName" inType="win:UnicodeString" outType="xs:string"/>
  <data name="EventDescription" inType="win:UnicodeString" outType="xs:string"/>
  <data name="EventVerbosity" inType="win:UInt16" outType="xs:unsignedShort"/>
</template>
]]></Template>
            </Event>
            <Event>
                <Id>7000</Id>
                <Version>0</Version>
                <Channel>Microsoft-Windows-Diagnostics-Networking/Debug</Channel>
                <Level>Information</Level>
                <Task>Debug</Task>
                <Keyword>Core Events</Keyword>
                <Message><![CDATA[
%1]]></Message>
                <Template><![CDATA[
<template xmlns="http://schemas.microsoft.com/win/2004/08/events">
  <data name="DebugMessage" inType="win:UnicodeString" outType="xs:string"/>
</template>
]]></Template>
            </Event>
            <Event>
                <Id>7010</Id>
                <Version>0</Version>
                <Channel>Microsoft-Windows-Diagnostics-Networking/Debug</Channel>
                <Level>Information</Level>
                <Task>Debug</Task>
                <Keyword>Core Events</Keyword>
                <Message><![CDATA[
%1]]></Message>
                <Template><![CDATA[
<template xmlns="http://schemas.microsoft.com/win/2004/08/events">
  <data name="DebugMessage" inType="win:UnicodeString" outType="xs:string"/>
</template>
]]></Template>
            </Event>
            <Event>
                <Id>7020</Id>
                <Version>0</Version>
                <Channel>Microsoft-Windows-Diagnostics-Networking/Debug</Channel>
                <Level>Information</Level>
                <Task>Debug</Task>
                <Keyword>Core Events</Keyword>
                <Message><![CDATA[
%1]]></Message>
                <Template><![CDATA[
<template xmlns="http://schemas.microsoft.com/win/2004/08/events">
  <data name="DebugMessage" inType="win:UnicodeString" outType="xs:string"/>
</template>
]]></Template>
            </Event>
            <Event>
                <Id>7030</Id>
                <Version>0</Version>
                <Channel>Microsoft-Windows-Diagnostics-Networking/Debug</Channel>
                <Level>Information</Level>
                <Task>Debug</Task>
                <Keyword>Core Events</Keyword>
                <Message><![CDATA[
%1]]></Message>
                <Template><![CDATA[
<template xmlns="http://schemas.microsoft.com/win/2004/08/events">
  <data name="DebugMessage" inType="win:UnicodeString" outType="xs:string"/>
</template>
]]></Template>
            </Event>
            <Event>
                <Id>7040</Id>
                <Version>0</Version>
                <Channel>Microsoft-Windows-Diagnostics-Networking/Debug</Channel>
                <Level>Information</Level>
                <Task>Debug</Task>
                <Keyword>Core Events</Keyword>
                <Message><![CDATA[
%1]]></Message>
                <Template><![CDATA[
<template xmlns="http://schemas.microsoft.com/win/2004/08/events">
  <data name="DebugMessage" inType="win:UnicodeString" outType="xs:string"/>
</template>
]]></Template>
            </Event>
            <Event>
                <Id>7050</Id>
                <Version>0</Version>
                <Channel>Microsoft-Windows-Diagnostics-Networking/Debug</Channel>
                <Level>Information</Level>
                <Task>Debug</Task>
                <Keyword>Core Events</Keyword>
                <Message><![CDATA[
%1]]></Message>
                <Template><![CDATA[
<template xmlns="http://schemas.microsoft.com/win/2004/08/events">
  <data name="DebugMessage" inType="win:UnicodeString" outType="xs:string"/>
</template>
]]></Template>
            </Event>
            <Event>
                <Id>7100</Id>
                <Version>0</Version>
                <Channel>Microsoft-Windows-Diagnostics-Networking/Debug</Channel>
                <Level>Information</Level>
                <Task>Debug</Task>
                <Keyword>Core Events</Keyword>
                <Message><![CDATA[
%1]]></Message>
                <Template><![CDATA[
<template xmlns="http://schemas.microsoft.com/win/2004/08/events">
  <data name="DebugMessage" inType="win:UnicodeString" outType="xs:string"/>
</template>
]]></Template>
            </Event>
            <Event>
                <Id>8001</Id>
                <Version>0</Version>
                <Channel>Microsoft-Windows-Diagnostics-Networking/Debug</Channel>
                <Level>Information</Level>
                <Task>Start</Task>
                <Opcode>Start</Opcode>
                <Keyword>Performance Events</Keyword>
                <Message><![CDATA[
Start NDF Incident]]></Message>
                <Template><![CDATA[
]]></Template>
            </Event>
            <Event>
                <Id>8002</Id>
                <Version>0</Version>
                <Channel>Microsoft-Windows-Diagnostics-Networking/Debug</Channel>
                <Level>Information</Level>
                <Task>Stop</Task>
                <Opcode>Stop</Opcode>
                <Keyword>Performance Events</Keyword>
                <Message><![CDATA[
Stop NDF Incident]]></Message>
                <Template><![CDATA[
]]></Template>
            </Event>
            <Event>
                <Id>8003</Id>
                <Version>0</Version>
                <Channel>Microsoft-Windows-Diagnostics-Networking/Debug</Channel>
                <Level>Information</Level>
                <Task>Start</Task>
                <Opcode>Start</Opcode>
                <Keyword>Performance Events</Keyword>
                <Message><![CDATA[
Start NDF Diagnose]]></Message>
                <Template><![CDATA[
]]></Template>
            </Event>
            <Event>
                <Id>8004</Id>
                <Version>0</Version>
                <Channel>Microsoft-Windows-Diagnostics-Networking/Debug</Channel>
                <Level>Information</Level>
                <Task>Stop</Task>
                <Opcode>Stop</Opcode>
                <Keyword>Performance Events</Keyword>
                <Message><![CDATA[
Stop NDF Diagnose]]></Message>
                <Template><![CDATA[
]]></Template>
            </Event>
            <Event>
                <Id>8005</Id>
                <Version>0</Version>
                <Channel>Microsoft-Windows-Diagnostics-Networking/Debug</Channel>
                <Level>Information</Level>
                <Task>Start</Task>
                <Opcode>Start</Opcode>
                <Keyword>Performance Events</Keyword>
                <Message><![CDATA[
Start NDF Repair]]></Message>
                <Template><![CDATA[
]]></Template>
            </Event>
            <Event>
                <Id>8006</Id>
                <Version>0</Version>
                <Channel>Microsoft-Windows-Diagnostics-Networking/Debug</Channel>
                <Level>Information</Level>
                <Task>Stop</Task>
                <Opcode>Stop</Opcode>
                <Keyword>Performance Events</Keyword>
                <Message><![CDATA[
Stop NDF Repair]]></Message>
                <Template><![CDATA[
]]></Template>
            </Event>
            <Event>
                <Id>8007</Id>
                <Version>0</Version>
                <Channel>Microsoft-Windows-Diagnostics-Networking/Debug</Channel>
                <Level>Information</Level>
                <Task>Start</Task>
                <Opcode>Start</Opcode>
                <Keyword>Performance Events</Keyword>
                <Message><![CDATA[
Start NDF Validate]]></Message>
                <Template><![CDATA[
]]></Template>
            </Event>
            <Event>
                <Id>8008</Id>
                <Version>0</Version>
                <Channel>Microsoft-Windows-Diagnostics-Networking/Debug</Channel>
                <Level>Information</Level>
                <Task>Stop</Task>
                <Opcode>Stop</Opcode>
                <Keyword>Performance Events</Keyword>
                <Message><![CDATA[
Stop NDF Validate]]></Message>
                <Template><![CDATA[
]]></Template>
            </Event>
            <Event>
                <Id>8009</Id>
                <Version>0</Version>
                <Channel>Microsoft-Windows-Diagnostics-Networking/Debug</Channel>
                <Level>Information</Level>
                <Task>Start</Task>
                <Opcode>Start</Opcode>
                <Keyword>Performance Events</Keyword>
                <Message><![CDATA[
Start NDF Reproduce Failure]]></Message>
                <Template><![CDATA[
]]></Template>
            </Event>
            <Event>
                <Id>8010</Id>
                <Version>0</Version>
                <Channel>Microsoft-Windows-Diagnostics-Networking/Debug</Channel>
                <Level>Information</Level>
                <Task>Stop</Task>
                <Opcode>Stop</Opcode>
                <Keyword>Performance Events</Keyword>
                <Message><![CDATA[
Stop NDF Reproduce Failure]]></Message>
                <Template><![CDATA[
]]></Template>
            </Event>
            <Event>
                <Id>8103</Id>
                <Version>0</Version>
                <Channel>Microsoft-Windows-Diagnostics-Networking/Debug</Channel>
                <Level>Information</Level>
                <Task>Start</Task>
                <Opcode>Start</Opcode>
                <Keyword>Performance Events</Keyword>
                <Message><![CDATA[
Start NDF Helper Class '%1' Diagnose]]></Message>
                <Template><![CDATA[
<template xmlns="http://schemas.microsoft.com/win/2004/08/events">
  <data name="HelperClassName" inType="win:UnicodeString" outType="xs:string"/>
</template>
]]></Template>
            </Event>
            <Event>
                <Id>8104</Id>
                <Version>0</Version>
                <Channel>Microsoft-Windows-Diagnostics-Networking/Debug</Channel>
                <Level>Information</Level>
                <Task>Stop</Task>
                <Opcode>Stop</Opcode>
                <Keyword>Performance Events</Keyword>
                <Message><![CDATA[
Stop NDF Helper Class '%1' Diagnose]]></Message>
                <Template><![CDATA[
<template xmlns="http://schemas.microsoft.com/win/2004/08/events">
  <data name="HelperClassName" inType="win:UnicodeString" outType="xs:string"/>
</template>
]]></Template>
            </Event>
            <Event>
                <Id>8107</Id>
                <Version>0</Version>
                <Channel>Microsoft-Windows-Diagnostics-Networking/Debug</Channel>
                <Level>Information</Level>
                <Task>Start</Task>
                <Opcode>Start</Opcode>
                <Keyword>Performance Events</Keyword>
                <Message><![CDATA[
Start NDF Helper Class '%1' Validate]]></Message>
                <Template><![CDATA[
<template xmlns="http://schemas.microsoft.com/win/2004/08/events">
  <data name="HelperClassName" inType="win:UnicodeString" outType="xs:string"/>
</template>
]]></Template>
            </Event>
            <Event>
                <Id>8108</Id>
                <Version>0</Version>
                <Channel>Microsoft-Windows-Diagnostics-Networking/Debug</Channel>
                <Level>Information</Level>
                <Task>Stop</Task>
                <Opcode>Stop</Opcode>
                <Keyword>Performance Events</Keyword>
                <Message><![CDATA[
Stop NDF Helper Class '%1' Validate]]></Message>
                <Template><![CDATA[
<template xmlns="http://schemas.microsoft.com/win/2004/08/events">
  <data name="HelperClassName" inType="win:UnicodeString" outType="xs:string"/>
</template>
]]></Template>
            </Event>
        </EventMetadata>
    </Provider>
</Providers>
