<Providers>
    <Provider>
        <Name>Microsoft-Windows-COM-RundownInstrumentation</Name>
        <Metadata>
            <Guid>{2957313D-FCAA-5D4A-2F69-32CE5F0AC44E}</Guid>
            <ResourceFilePath>%systemroot%\system32\combase.dll</ResourceFilePath>
            <ParameterFilePath></ParameterFilePath>
            <MessageFilePath>%systemroot%\system32\combase.dll</MessageFilePath>
            <HelpLink></HelpLink>
            <PublisherMessage></PublisherMessage>
            <Channels>
                <Channel>
                    <Message></Message>
                    <Path>Microsoft-Windows-COM/RundownInstrumentation</Path>
                    <Index>0</Index>
                    <Id>16</Id>
                    <Imported>false</Imported>
                </Channel>
            </Channels>
            <Levels>
                <Level>
                    <Message>Information</Message>
                    <Name>win:Informational</Name>
                    <Value>4</Value>
                </Level>
            </Levels>
            <Tasks>
                <Task>
                    <Message></Message>
                    <Name>RundownInstrumentation</Name>
                    <Value>1</Value>
                </Task>
            </Tasks>
            <Opcodes>
                <Opcode>
                    <Message>Info</Message>
                    <Name>win:Info</Name>
                    <Value>0</Value>
                    <Task>0</Task>
                </Opcode>
            </Opcodes>
            <Keywords>
                <Keyword>
                    <Message></Message>
                    <Name>RundownInstrumentation</Name>
                    <Value>1</Value>
                </Keyword>
            </Keywords>
        </Metadata>
        <EventMetadata>
            <Event>
                <Id>1</Id>
                <Version>0</Version>
                <Channel>Microsoft-Windows-COM/RundownInstrumentation</Channel>
                <Level>Information</Level>
                <Task>RundownInstrumentation</Task>
                <Keyword>RundownInstrumentation</Keyword>
                <Template><![CDATA[
<template xmlns="http://schemas.microsoft.com/win/2004/08/events">
  <data name="OID" inType="win:UInt64" outType="xs:unsignedLong"/>
  <data name="IID" inType="win:GUID" outType="xs:GUID"/>
  <data name="IPID" inType="win:GUID" outType="xs:GUID"/>
  <data name="IsFastRundown" inType="win:Boolean" outType="xs:boolean"/>
</template>
]]></Template>
            </Event>
            <Event>
                <Id>2</Id>
                <Version>0</Version>
                <Channel>Microsoft-Windows-COM/RundownInstrumentation</Channel>
                <Level>Information</Level>
                <Task>RundownInstrumentation</Task>
                <Keyword>RundownInstrumentation</Keyword>
                <Template><![CDATA[
<template xmlns="http://schemas.microsoft.com/win/2004/08/events">
  <data name="OID" inType="win:UInt64" outType="xs:unsignedLong"/>
  <data name="IID" inType="win:GUID" outType="xs:GUID"/>
  <data name="IPID" inType="win:GUID" outType="xs:GUID"/>
  <data name="ProxyManagerIUnknown" inType="win:Pointer" outType="win:HexInt64"/>
</template>
]]></Template>
            </Event>
            <Event>
                <Id>3</Id>
                <Version>0</Version>
                <Channel>Microsoft-Windows-COM/RundownInstrumentation</Channel>
                <Level>Information</Level>
                <Task>RundownInstrumentation</Task>
                <Keyword>RundownInstrumentation</Keyword>
                <Template><![CDATA[
<template xmlns="http://schemas.microsoft.com/win/2004/08/events">
  <data name="OID" inType="win:UInt64" outType="xs:unsignedLong"/>
</template>
]]></Template>
            </Event>
            <Event>
                <Id>4</Id>
                <Version>0</Version>
                <Channel>Microsoft-Windows-COM/RundownInstrumentation</Channel>
                <Level>Information</Level>
                <Task>RundownInstrumentation</Task>
                <Keyword>RundownInstrumentation</Keyword>
                <Template><![CDATA[
<template xmlns="http://schemas.microsoft.com/win/2004/08/events">
  <data name="OID" inType="win:UInt64" outType="xs:unsignedLong"/>
</template>
]]></Template>
            </Event>
            <Event>
                <Id>5</Id>
                <Version>0</Version>
                <Channel>Microsoft-Windows-COM/RundownInstrumentation</Channel>
                <Level>Information</Level>
                <Task>RundownInstrumentation</Task>
                <Keyword>RundownInstrumentation</Keyword>
                <Template><![CDATA[
<template xmlns="http://schemas.microsoft.com/win/2004/08/events">
  <data name="OID" inType="win:UInt64" outType="xs:unsignedLong"/>
</template>
]]></Template>
            </Event>
            <Event>
                <Id>6</Id>
                <Version>0</Version>
                <Channel>Microsoft-Windows-COM/RundownInstrumentation</Channel>
                <Level>Information</Level>
                <Task>RundownInstrumentation</Task>
                <Keyword>RundownInstrumentation</Keyword>
                <Template><![CDATA[
<template xmlns="http://schemas.microsoft.com/win/2004/08/events">
  <data name="OID" inType="win:UInt64" outType="xs:unsignedLong"/>
</template>
]]></Template>
            </Event>
            <Event>
                <Id>7</Id>
                <Version>1</Version>
                <Channel>Microsoft-Windows-COM/RundownInstrumentation</Channel>
                <Level>Information</Level>
                <Task>RundownInstrumentation</Task>
                <Keyword>RundownInstrumentation</Keyword>
                <Template><![CDATA[
<template xmlns="http://schemas.microsoft.com/win/2004/08/events">
  <data name="OID" inType="win:UInt64" outType="xs:unsignedLong"/>
  <data name="TargetInterface" inType="win:GUID" outType="xs:GUID"/>
  <data name="TargetMethod" inType="win:UInt32" outType="xs:unsignedInt"/>
  <data name="IPID" inType="win:GUID" outType="xs:GUID"/>
  <data name="ProxyManagerIUnknown" inType="win:Pointer" outType="win:HexInt64"/>
  <data name="ImplementedInterface1" inType="win:GUID" outType="xs:GUID"/>
  <data name="ImplementedInterface2" inType="win:GUID" outType="xs:GUID"/>
  <data name="ImplementedInterface3" inType="win:GUID" outType="xs:GUID"/>
</template>
]]></Template>
            </Event>
            <Event>
                <Id>8</Id>
                <Version>0</Version>
                <Channel>Microsoft-Windows-COM/RundownInstrumentation</Channel>
                <Level>Information</Level>
                <Task>RundownInstrumentation</Task>
                <Keyword>RundownInstrumentation</Keyword>
                <Template><![CDATA[
<template xmlns="http://schemas.microsoft.com/win/2004/08/events">
  <data name="OID" inType="win:UInt64" outType="xs:unsignedLong"/>
  <data name="TargetInterface" inType="win:GUID" outType="xs:GUID"/>
  <data name="TargetMethod" inType="win:UInt32" outType="xs:unsignedInt"/>
  <data name="IPID" inType="win:GUID" outType="xs:GUID"/>
  <data name="ProxyManagerIUnknown" inType="win:Pointer" outType="win:HexInt64"/>
</template>
]]></Template>
            </Event>
            <Event>
                <Id>9</Id>
                <Version>0</Version>
                <Channel>Microsoft-Windows-COM/RundownInstrumentation</Channel>
                <Level>Information</Level>
                <Task>RundownInstrumentation</Task>
                <Keyword>RundownInstrumentation</Keyword>
                <Template><![CDATA[
<template xmlns="http://schemas.microsoft.com/win/2004/08/events">
  <data name="OID" inType="win:UInt64" outType="xs:unsignedLong"/>
  <data name="Flags" inType="win:UInt32" outType="xs:unsignedInt"/>
  <data name="HRESULT" inType="win:Int32" outType="win:Hresult"/>
</template>
]]></Template>
            </Event>
            <Event>
                <Id>10</Id>
                <Version>1</Version>
                <Channel>Microsoft-Windows-COM/RundownInstrumentation</Channel>
                <Level>Information</Level>
                <Task>RundownInstrumentation</Task>
                <Keyword>RundownInstrumentation</Keyword>
                <Template><![CDATA[
<template xmlns="http://schemas.microsoft.com/win/2004/08/events">
  <data name="OID" inType="win:UInt64" outType="xs:unsignedLong"/>
  <data name="ClientProcessId" inType="win:UInt32" outType="win:PID"/>
  <data name="WhereDetected" inType="win:UInt32" outType="xs:unsignedInt"/>
</template>
]]></Template>
            </Event>
            <Event>
                <Id>12</Id>
                <Version>0</Version>
                <Channel>Microsoft-Windows-COM/RundownInstrumentation</Channel>
                <Level>Information</Level>
                <Task>RundownInstrumentation</Task>
                <Keyword>RundownInstrumentation</Keyword>
                <Template><![CDATA[
<template xmlns="http://schemas.microsoft.com/win/2004/08/events">
  <data name="OID" inType="win:UInt64" outType="xs:unsignedLong"/>
  <data name="ClientProcessId" inType="win:UInt32" outType="win:PID"/>
</template>
]]></Template>
            </Event>
            <Event>
                <Id>13</Id>
                <Version>0</Version>
                <Channel>Microsoft-Windows-COM/RundownInstrumentation</Channel>
                <Level>Information</Level>
                <Task>RundownInstrumentation</Task>
                <Keyword>RundownInstrumentation</Keyword>
                <Template><![CDATA[
<template xmlns="http://schemas.microsoft.com/win/2004/08/events">
  <data name="OID" inType="win:UInt64" outType="xs:unsignedLong"/>
  <data name="ClientProcessId" inType="win:UInt32" outType="win:PID"/>
  <data name="Error" inType="win:UInt32" outType="win:Win32Error"/>
</template>
]]></Template>
            </Event>
            <Event>
                <Id>14</Id>
                <Version>0</Version>
                <Channel>Microsoft-Windows-COM/RundownInstrumentation</Channel>
                <Level>Information</Level>
                <Task>RundownInstrumentation</Task>
                <Keyword>RundownInstrumentation</Keyword>
                <Template><![CDATA[
<template xmlns="http://schemas.microsoft.com/win/2004/08/events">
  <data name="OID" inType="win:UInt64" outType="xs:unsignedLong"/>
  <data name="ClientProcessId" inType="win:UInt32" outType="win:PID"/>
</template>
]]></Template>
            </Event>
            <Event>
                <Id>15</Id>
                <Version>0</Version>
                <Channel>Microsoft-Windows-COM/RundownInstrumentation</Channel>
                <Level>Information</Level>
                <Task>RundownInstrumentation</Task>
                <Keyword>RundownInstrumentation</Keyword>
                <Template><![CDATA[
<template xmlns="http://schemas.microsoft.com/win/2004/08/events">
  <data name="OID" inType="win:UInt64" outType="xs:unsignedLong"/>
  <data name="ClientProcessId" inType="win:UInt32" outType="win:PID"/>
</template>
]]></Template>
            </Event>
            <Event>
                <Id>21</Id>
                <Version>0</Version>
                <Channel>Microsoft-Windows-COM/RundownInstrumentation</Channel>
                <Level>Information</Level>
                <Task>RundownInstrumentation</Task>
                <Keyword>RundownInstrumentation</Keyword>
                <Template><![CDATA[
<template xmlns="http://schemas.microsoft.com/win/2004/08/events">
  <data name="OID" inType="win:UInt64" outType="xs:unsignedLong"/>
  <data name="WhereIssued" inType="win:UInt32" outType="xs:unsignedInt"/>
</template>
]]></Template>
            </Event>
            <Event>
                <Id>22</Id>
                <Version>0</Version>
                <Channel>Microsoft-Windows-COM/RundownInstrumentation</Channel>
                <Level>Information</Level>
                <Task>RundownInstrumentation</Task>
                <Keyword>RundownInstrumentation</Keyword>
                <Template><![CDATA[
<template xmlns="http://schemas.microsoft.com/win/2004/08/events">
  <data name="OID" inType="win:UInt64" outType="xs:unsignedLong"/>
  <data name="DisconnectionType" inType="win:UInt32" outType="xs:unsignedInt"/>
</template>
]]></Template>
            </Event>
            <Event>
                <Id>23</Id>
                <Version>0</Version>
                <Channel>Microsoft-Windows-COM/RundownInstrumentation</Channel>
                <Level>Information</Level>
                <Task>RundownInstrumentation</Task>
                <Keyword>RundownInstrumentation</Keyword>
                <Template><![CDATA[
<template xmlns="http://schemas.microsoft.com/win/2004/08/events">
  <data name="OID" inType="win:UInt64" outType="xs:unsignedLong"/>
  <data name="DisconnectionType" inType="win:UInt32" outType="xs:unsignedInt"/>
</template>
]]></Template>
            </Event>
            <Event>
                <Id>24</Id>
                <Version>0</Version>
                <Channel>Microsoft-Windows-COM/RundownInstrumentation</Channel>
                <Level>Information</Level>
                <Task>RundownInstrumentation</Task>
                <Keyword>RundownInstrumentation</Keyword>
                <Template><![CDATA[
<template xmlns="http://schemas.microsoft.com/win/2004/08/events">
  <data name="OID" inType="win:UInt64" outType="xs:unsignedLong"/>
  <data name="ClientProcessId" inType="win:UInt32" outType="win:PID"/>
</template>
]]></Template>
            </Event>
        </EventMetadata>
    </Provider>
</Providers>
