<Providers>
    <Provider>
        <Name>Microsoft-Windows-DisplaySwitch</Name>
        <Metadata>
            <Guid>{192EDE41-9175-4C86-AC02-9D003C9D43AB}</Guid>
            <ResourceFilePath>%SystemRoot%\System32\DisplaySwitch.exe</ResourceFilePath>
            <ParameterFilePath></ParameterFilePath>
            <MessageFilePath>%SystemRoot%\System32\DisplaySwitch.exe</MessageFilePath>
            <HelpLink></HelpLink>
            <PublisherMessage>Microsoft-Windows-DisplaySwitch</PublisherMessage>
            <Channels>
                <Channel>
                    <Message></Message>
                    <Path>Microsoft-Windows-DisplaySwitch/Diagnostic</Path>
                    <Index>0</Index>
                    <Id>16</Id>
                    <Imported>false</Imported>
                </Channel>
            </Channels>
            <Levels>
                <Level>
                    <Message>Information</Message>
                    <Name>win:Informational</Name>
                    <Value>4</Value>
                </Level>
            </Levels>
            <Tasks>
                <Task>
                    <Message></Message>
                    <Name>DisplaySwitch_Application</Name>
                    <Value>1</Value>
                </Task>
                <Task>
                    <Message></Message>
                    <Name>DisplaySwitch_CreateAndShow</Name>
                    <Value>3</Value>
                </Task>
                <Task>
                    <Message></Message>
                    <Name>ProjectionUI_Initialization</Name>
                    <Value>5</Value>
                </Task>
                <Task>
                    <Message></Message>
                    <Name>ProjectionUI_Selector_CreateAndShow</Name>
                    <Value>7</Value>
                </Task>
                <Task>
                    <Message></Message>
                    <Name>ProjectionUI_Confirmation_CreateAndShow</Name>
                    <Value>9</Value>
                </Task>
            </Tasks>
            <Opcodes>
                <Opcode>
                    <Message>Start</Message>
                    <Name>win:Start</Name>
                    <Value>1</Value>
                    <Task>0</Task>
                </Opcode>
                <Opcode>
                    <Message>Stop</Message>
                    <Name>win:Stop</Name>
                    <Value>2</Value>
                    <Task>0</Task>
                </Opcode>
            </Opcodes>
            <Keywords>
                <Keyword>
                    <Message>Response Time</Message>
                    <Name>win:ResponseTime</Name>
                    <Value>281474976710656</Value>
                </Keyword>
            </Keywords>
        </Metadata>
        <EventMetadata>
            <Event>
                <Id>1</Id>
                <Version>0</Version>
                <Channel>Microsoft-Windows-DisplaySwitch/Diagnostic</Channel>
                <Level>Information</Level>
                <Task>DisplaySwitch_Application</Task>
                <Opcode>Start</Opcode>
                <Template><![CDATA[
]]></Template>
            </Event>
            <Event>
                <Id>2</Id>
                <Version>0</Version>
                <Channel>Microsoft-Windows-DisplaySwitch/Diagnostic</Channel>
                <Level>Information</Level>
                <Task>DisplaySwitch_Application</Task>
                <Opcode>Stop</Opcode>
                <Template><![CDATA[
]]></Template>
            </Event>
            <Event>
                <Id>3</Id>
                <Version>0</Version>
                <Channel>Microsoft-Windows-DisplaySwitch/Diagnostic</Channel>
                <Level>Information</Level>
                <Task>DisplaySwitch_CreateAndShow</Task>
                <Opcode>Start</Opcode>
                <Template><![CDATA[
]]></Template>
            </Event>
            <Event>
                <Id>4</Id>
                <Version>0</Version>
                <Channel>Microsoft-Windows-DisplaySwitch/Diagnostic</Channel>
                <Level>Information</Level>
                <Task>DisplaySwitch_CreateAndShow</Task>
                <Opcode>Stop</Opcode>
                <Template><![CDATA[
]]></Template>
            </Event>
            <Event>
                <Id>5</Id>
                <Version>0</Version>
                <Channel>Microsoft-Windows-DisplaySwitch/Diagnostic</Channel>
                <Level>Information</Level>
                <Task>ProjectionUI_Initialization</Task>
                <Opcode>Start</Opcode>
                <Template><![CDATA[
]]></Template>
            </Event>
            <Event>
                <Id>6</Id>
                <Version>0</Version>
                <Channel>Microsoft-Windows-DisplaySwitch/Diagnostic</Channel>
                <Level>Information</Level>
                <Task>ProjectionUI_Initialization</Task>
                <Opcode>Stop</Opcode>
                <Template><![CDATA[
]]></Template>
            </Event>
            <Event>
                <Id>7</Id>
                <Version>0</Version>
                <Channel>Microsoft-Windows-DisplaySwitch/Diagnostic</Channel>
                <Level>Information</Level>
                <Task>ProjectionUI_Selector_CreateAndShow</Task>
                <Opcode>Start</Opcode>
                <Template><![CDATA[
]]></Template>
            </Event>
            <Event>
                <Id>8</Id>
                <Version>0</Version>
                <Channel>Microsoft-Windows-DisplaySwitch/Diagnostic</Channel>
                <Level>Information</Level>
                <Task>ProjectionUI_Selector_CreateAndShow</Task>
                <Opcode>Stop</Opcode>
                <Template><![CDATA[
]]></Template>
            </Event>
            <Event>
                <Id>9</Id>
                <Version>0</Version>
                <Channel>Microsoft-Windows-DisplaySwitch/Diagnostic</Channel>
                <Level>Information</Level>
                <Task>ProjectionUI_Confirmation_CreateAndShow</Task>
                <Opcode>Start</Opcode>
                <Template><![CDATA[
]]></Template>
            </Event>
            <Event>
                <Id>10</Id>
                <Version>0</Version>
                <Channel>Microsoft-Windows-DisplaySwitch/Diagnostic</Channel>
                <Level>Information</Level>
                <Task>ProjectionUI_Confirmation_CreateAndShow</Task>
                <Opcode>Stop</Opcode>
                <Template><![CDATA[
]]></Template>
            </Event>
        </EventMetadata>
    </Provider>
</Providers>
