<Providers>
    <Provider>
        <Name>Microsoft-Windows-IME-TCTIP</Name>
        <Metadata>
            <Guid>{D5268C02-6F51-436F-983B-74F2EFBFAF3A}</Guid>
            <ResourceFilePath>%WINDIR%\system32\IME\IMETC\imTcTip.dll</ResourceFilePath>
            <ParameterFilePath></ParameterFilePath>
            <MessageFilePath>%WINDIR%\system32\IME\IMETC\imTcTip.dll</MessageFilePath>
            <HelpLink></HelpLink>
            <PublisherMessage>Microsoft-Windows-IME-TCTIP</PublisherMessage>
            <Channels>
                <Channel>
                    <Message></Message>
                    <Path>Microsoft-Windows-IME-TCTIP/Analytic</Path>
                    <Index>0</Index>
                    <Id>16</Id>
                    <Imported>false</Imported>
                </Channel>
            </Channels>
            <Levels>
                <Level>
                    <Message>Information</Message>
                    <Name>win:Informational</Name>
                    <Value>4</Value>
                </Level>
            </Levels>
            <Tasks>
                <Task>
                    <Message>Task ID: IME Invoke Command</Message>
                    <Name>IME_InvokeCommand</Name>
                    <Value>104</Value>
                </Task>
                <Task>
                    <Message>Task ID: IME_CHT_HWKBD_CandUIProcess</Message>
                    <Name>PerfTrack_IME_CHT_HWKBD_CandUIProcess</Name>
                    <Value>105</Value>
                </Task>
            </Tasks>
            <Opcodes>
                <Opcode>
                    <Message>Info</Message>
                    <Name>win:Info</Name>
                    <Value>0</Value>
                    <Task>0</Task>
                </Opcode>
                <Opcode>
                    <Message>Start</Message>
                    <Name>win:Start</Name>
                    <Value>1</Value>
                    <Task>0</Task>
                </Opcode>
                <Opcode>
                    <Message>Stop</Message>
                    <Name>win:Stop</Name>
                    <Value>2</Value>
                    <Task>0</Task>
                </Opcode>
            </Opcodes>
            <Keywords>
                <Keyword>
                    <Message>Response Time</Message>
                    <Name>win:ResponseTime</Name>
                    <Value>281474976710656</Value>
                </Keyword>
            </Keywords>
        </Metadata>
        <EventMetadata>
            <Event>
                <Id>23</Id>
                <Version>0</Version>
                <Channel>Microsoft-Windows-IME-TCTIP/Analytic</Channel>
                <Level>Information</Level>
                <Task>Task ID: IME Invoke Command</Task>
                <Opcode>Start</Opcode>
                <Message><![CDATA[
EAIME_UI_InvokeCommandStart]]></Message>
                <Template><![CDATA[
]]></Template>
            </Event>
            <Event>
                <Id>24</Id>
                <Version>0</Version>
                <Channel>Microsoft-Windows-IME-TCTIP/Analytic</Channel>
                <Level>Information</Level>
                <Task>Task ID: IME Invoke Command</Task>
                <Opcode>Stop</Opcode>
                <Message><![CDATA[
EAIME_UI_InvokeCommandEnd]]></Message>
                <Template><![CDATA[
]]></Template>
            </Event>
            <Event>
                <Id>30</Id>
                <Version>0</Version>
                <Channel>Microsoft-Windows-IME-TCTIP/Analytic</Channel>
                <Level>Information</Level>
                <Task>Task ID: IME_CHT_HWKBD_CandUIProcess</Task>
                <Message><![CDATA[
EAIME_IME_CHT_HWKBD_CandUIProcess_Info]]></Message>
                <Template><![CDATA[
<template xmlns="http://schemas.microsoft.com/win/2004/08/events">
  <data name="Duration" inType="win:UInt32" outType="xs:unsignedInt"/>
  <data name="IMEType" inType="win:UInt32" outType="xs:unsignedInt"/>
</template>
]]></Template>
            </Event>
        </EventMetadata>
    </Provider>
</Providers>
