<Providers>
    <Provider>
        <Name>Microsoft-Windows-CertificateServicesClient</Name>
        <Metadata>
            <Guid>{73370BD6-85E5-430B-B60A-FEA1285808A7}</Guid>
            <ResourceFilePath>%SystemRoot%\system32\dimsjob.dll</ResourceFilePath>
            <ParameterFilePath>%SystemRoot%\system32\dimsjob.dll</ParameterFilePath>
            <MessageFilePath>%SystemRoot%\system32\dimsjob.dll</MessageFilePath>
            <HelpLink></HelpLink>
            <PublisherMessage>Microsoft-Windows-CertificateServicesClient</PublisherMessage>
            <Channels>
                <Channel>
                    <Message>Application</Message>
                    <Path>Application</Path>
                    <Index>0</Index>
                    <Id>9</Id>
                    <Imported>true</Imported>
                </Channel>
            </Channels>
            <Levels>
                <Level>
                    <Message>Error</Message>
                    <Name>win:Error</Name>
                    <Value>2</Value>
                </Level>
                <Level>
                    <Message>Warning</Message>
                    <Name>win:Warning</Name>
                    <Value>3</Value>
                </Level>
                <Level>
                    <Message>Information</Message>
                    <Name>win:Informational</Name>
                    <Value>4</Value>
                </Level>
            </Levels>
            <Tasks>
            </Tasks>
            <Opcodes>
            </Opcodes>
            <Keywords>
            </Keywords>
        </Metadata>
        <EventMetadata>
            <Event>
                <Id>1</Id>
                <Version>0</Version>
                <Channel>Application</Channel>
                <Level>Information</Level>
                <Message><![CDATA[
Certificate Services Client has been started successfully.]]></Message>
                <Template><![CDATA[
]]></Template>
            </Event>
            <Event>
                <Id>2</Id>
                <Version>0</Version>
                <Channel>Application</Channel>
                <Level>Information</Level>
                <Message><![CDATA[
Certificate Services Client has been stopped.]]></Message>
                <Template><![CDATA[
]]></Template>
            </Event>
            <Event>
                <Id>3</Id>
                <Version>0</Version>
                <Channel>Application</Channel>
                <Level>Information</Level>
                <Message><![CDATA[
Certificate Services Client has detected network connectivity.]]></Message>
                <Template><![CDATA[
]]></Template>
            </Event>
            <Event>
                <Id>4</Id>
                <Version>0</Version>
                <Channel>Application</Channel>
                <Level>Information</Level>
                <Message><![CDATA[
Certificate Services Client has detected network dis-connectivity.]]></Message>
                <Template><![CDATA[
]]></Template>
            </Event>
            <Event>
                <Id>501</Id>
                <Version>0</Version>
                <Channel>Application</Channel>
                <Level>Warning</Level>
                <Message><![CDATA[
Certificate Services Client is triggered with bad parameters: %1.]]></Message>
                <Template><![CDATA[
<template xmlns="http://schemas.microsoft.com/win/2004/08/events">
  <data name="Parameter" inType="win:UnicodeString" outType="xs:string"/>
</template>
]]></Template>
            </Event>
            <Event>
                <Id>502</Id>
                <Version>0</Version>
                <Channel>Application</Channel>
                <Level>Warning</Level>
                <Message><![CDATA[
Certificate Services Client failed to register Group Policy notifications. Error code: %1.]]></Message>
                <Template><![CDATA[
<template xmlns="http://schemas.microsoft.com/win/2004/08/events">
  <data name="ErrorCode" inType="win:UInt32" outType="xs:unsignedInt"/>
</template>
]]></Template>
            </Event>
            <Event>
                <Id>1001</Id>
                <Version>0</Version>
                <Channel>Application</Channel>
                <Level>Error</Level>
                <Message><![CDATA[
Certificate Services Client failed to load Provider %1. Error code %2.]]></Message>
                <Template><![CDATA[
<template xmlns="http://schemas.microsoft.com/win/2004/08/events">
  <data name="ProviderName" inType="win:UnicodeString" outType="xs:string"/>
  <data name="ErrorCode" inType="win:UInt32" outType="xs:unsignedInt"/>
</template>
]]></Template>
            </Event>
            <Event>
                <Id>1002</Id>
                <Version>0</Version>
                <Channel>Application</Channel>
                <Level>Error</Level>
                <Message><![CDATA[
Certificate Services Client cannot find the required interface in Provider %1. Error code %2.]]></Message>
                <Template><![CDATA[
<template xmlns="http://schemas.microsoft.com/win/2004/08/events">
  <data name="ProviderName" inType="win:UnicodeString" outType="xs:string"/>
  <data name="ErrorCode" inType="win:UInt32" outType="xs:unsignedInt"/>
</template>
]]></Template>
            </Event>
            <Event>
                <Id>1003</Id>
                <Version>0</Version>
                <Channel>Application</Channel>
                <Level>Error</Level>
                <Message><![CDATA[
Certificate Services Client  failed to invoke the Providers in response to event %1. Error code %2.]]></Message>
                <Template><![CDATA[
<template xmlns="http://schemas.microsoft.com/win/2004/08/events">
  <data name="Flags" inType="win:UInt32" outType="xs:unsignedInt"/>
  <data name="ErrorCode" inType="win:UInt32" outType="xs:unsignedInt"/>
</template>
]]></Template>
            </Event>
            <Event>
                <Id>1004</Id>
                <Version>0</Version>
                <Channel>Application</Channel>
                <Level>Error</Level>
                <Message><![CDATA[
Certificate Services Client Provider %1 raised an exception. Exception code %2.]]></Message>
                <Template><![CDATA[
<template xmlns="http://schemas.microsoft.com/win/2004/08/events">
  <data name="ProviderName" inType="win:UnicodeString" outType="xs:string"/>
  <data name="ErrorCode" inType="win:UInt32" outType="xs:unsignedInt"/>
</template>
]]></Template>
            </Event>
        </EventMetadata>
    </Provider>
</Providers>
