<Providers>
    <Provider>
        <Name>Microsoft-Windows-BranchCacheEventProvider</Name>
        <Metadata>
            <Guid>{DD85457F-4E2D-44A5-A7A7-6253362E34DC}</Guid>
            <ResourceFilePath>%windir%\system32\peerdistsvc.dll</ResourceFilePath>
            <ParameterFilePath></ParameterFilePath>
            <MessageFilePath>%windir%\system32\peerdistsvc.dll</MessageFilePath>
            <HelpLink></HelpLink>
            <PublisherMessage>Microsoft-Windows-BranchCacheEventProvider</PublisherMessage>
            <Channels>
                <Channel>
                    <Message>Microsoft-Windows-BranchCacheEventProvider/DiagnosticChannel</Message>
                    <Path>Microsoft-Windows-BranchCacheEventProvider/Diagnostic</Path>
                    <Index>0</Index>
                    <Id>16</Id>
                    <Imported>false</Imported>
                </Channel>
            </Channels>
            <Levels>
                <Level>
                    <Message>Information</Message>
                    <Name>win:Informational</Name>
                    <Value>4</Value>
                </Level>
            </Levels>
            <Tasks>
            </Tasks>
            <Opcodes>
            </Opcodes>
            <Keywords>
            </Keywords>
        </Metadata>
        <EventMetadata>
            <Event>
                <Id>10000</Id>
                <Version>0</Version>
                <Channel>Microsoft-Windows-BranchCacheEventProvider/DiagnosticChannel</Channel>
                <Level>Information</Level>
                <Message><![CDATA[
CreateRequest]]></Message>
                <Template><![CDATA[
<template xmlns="http://schemas.microsoft.com/win/2004/08/events">
</template>
]]></Template>
            </Event>
            <Event>
                <Id>10001</Id>
                <Version>0</Version>
                <Channel>Microsoft-Windows-BranchCacheEventProvider/DiagnosticChannel</Channel>
                <Level>Information</Level>
                <Message><![CDATA[
SendRequest]]></Message>
                <Template><![CDATA[
<template xmlns="http://schemas.microsoft.com/win/2004/08/events">
</template>
]]></Template>
            </Event>
            <Event>
                <Id>10002</Id>
                <Version>0</Version>
                <Channel>Microsoft-Windows-BranchCacheEventProvider/DiagnosticChannel</Channel>
                <Level>Information</Level>
                <Message><![CDATA[
SendResponse]]></Message>
                <Template><![CDATA[
<template xmlns="http://schemas.microsoft.com/win/2004/08/events">
</template>
]]></Template>
            </Event>
            <Event>
                <Id>10003</Id>
                <Version>0</Version>
                <Channel>Microsoft-Windows-BranchCacheEventProvider/DiagnosticChannel</Channel>
                <Level>Information</Level>
                <Message><![CDATA[
CloseRequest]]></Message>
                <Template><![CDATA[
<template xmlns="http://schemas.microsoft.com/win/2004/08/events">
</template>
]]></Template>
            </Event>
        </EventMetadata>
    </Provider>
</Providers>
