<Providers>
    <Provider>
        <Name>Microsoft-Windows-Compat-Appraiser</Name>
        <Metadata>
            <Guid>{442C11C5-304B-45A4-AE73-DC2194C4E876}</Guid>
            <ResourceFilePath>appraiser.dll</ResourceFilePath>
            <ParameterFilePath></ParameterFilePath>
            <MessageFilePath>appraiser.dll</MessageFilePath>
            <HelpLink></HelpLink>
            <PublisherMessage>Microsoft-Windows-Compat-Appraiser</PublisherMessage>
            <Channels>
                <Channel>
                    <Message>Microsoft-Windows-Compat-Appraiser/Analytic</Message>
                    <Path>Microsoft-Windows-Compat-Appraiser/Analytic</Path>
                    <Index>0</Index>
                    <Id>16</Id>
                    <Imported>false</Imported>
                </Channel>
                <Channel>
                    <Message>Microsoft-Windows-Compat-Appraiser/Operational</Message>
                    <Path>Microsoft-Windows-Compat-Appraiser/Operational</Path>
                    <Index>1</Index>
                    <Id>17</Id>
                    <Imported>false</Imported>
                </Channel>
            </Channels>
            <Levels>
                <Level>
                    <Message>Error</Message>
                    <Name>win:Error</Name>
                    <Value>2</Value>
                </Level>
                <Level>
                    <Message>Information</Message>
                    <Name>win:Informational</Name>
                    <Value>4</Value>
                </Level>
            </Levels>
            <Tasks>
            </Tasks>
            <Opcodes>
            </Opcodes>
            <Keywords>
                <Keyword>
                    <Message></Message>
                    <Name>Info</Name>
                    <Value>1</Value>
                </Keyword>
                <Keyword>
                    <Message></Message>
                    <Name>Error</Name>
                    <Value>2</Value>
                </Keyword>
            </Keywords>
        </Metadata>
        <EventMetadata>
            <Event>
                <Id>1</Id>
                <Version>0</Version>
                <Channel>Microsoft-Windows-Compat-Appraiser/Analytic</Channel>
                <Level>Information</Level>
                <Keyword>Info</Keyword>
                <Message><![CDATA[
Information from:
%2:%1
%3

%4]]></Message>
                <Template><![CDATA[
<template xmlns="http://schemas.microsoft.com/win/2004/08/events">
  <data name="SourceLine" inType="win:UInt32" outType="xs:unsignedInt"/>
  <data name="SourceFile" inType="win:AnsiString" outType="xs:string"/>
  <data name="FunctionName" inType="win:AnsiString" outType="xs:string"/>
  <data name="Message" inType="win:AnsiString" outType="xs:string"/>
</template>
]]></Template>
            </Event>
            <Event>
                <Id>2</Id>
                <Version>0</Version>
                <Channel>Microsoft-Windows-Compat-Appraiser/Analytic</Channel>
                <Level>Error</Level>
                <Keyword>Error</Keyword>
                <Message><![CDATA[
Error %4 from:
%2:%1
%3

%5]]></Message>
                <Template><![CDATA[
<template xmlns="http://schemas.microsoft.com/win/2004/08/events">
  <data name="SourceLine" inType="win:UInt32" outType="xs:unsignedInt"/>
  <data name="SourceFile" inType="win:AnsiString" outType="xs:string"/>
  <data name="FunctionName" inType="win:AnsiString" outType="xs:string"/>
  <data name="HResult" inType="win:UInt32" outType="xs:unsignedInt"/>
  <data name="Message" inType="win:AnsiString" outType="xs:string"/>
</template>
]]></Template>
            </Event>
            <Event>
                <Id>3</Id>
                <Version>0</Version>
                <Channel>Microsoft-Windows-Compat-Appraiser/Operational</Channel>
                <Level>Information</Level>
                <Message><![CDATA[
%1]]></Message>
                <Template><![CDATA[
<template xmlns="http://schemas.microsoft.com/win/2004/08/events">
  <data name="Message" inType="win:AnsiString" outType="xs:string"/>
</template>
]]></Template>
            </Event>
        </EventMetadata>
    </Provider>
</Providers>
