<Providers>
    <Provider>
        <Name>Microsoft-Windows-Help</Name>
        <Metadata>
            <Guid>{DE513A55-C345-438B-9A74-E18CAC5C5CC5}</Guid>
            <ResourceFilePath>%SystemRoot%\System32\apds.dll</ResourceFilePath>
            <ParameterFilePath></ParameterFilePath>
            <MessageFilePath>%SystemRoot%\System32\apds.dll</MessageFilePath>
            <HelpLink></HelpLink>
            <PublisherMessage>Microsoft-Windows-Help</PublisherMessage>
            <Channels>
                <Channel>
                    <Message>Microsoft-Windows-Help/Operational</Message>
                    <Path>Microsoft-Windows-Help/Operational</Path>
                    <Index>0</Index>
                    <Id>16</Id>
                    <Imported>false</Imported>
                </Channel>
            </Channels>
            <Levels>
                <Level>
                    <Message>Error</Message>
                    <Name>win:Error</Name>
                    <Value>2</Value>
                </Level>
                <Level>
                    <Message>Warning</Message>
                    <Name>win:Warning</Name>
                    <Value>3</Value>
                </Level>
                <Level>
                    <Message>Information</Message>
                    <Name>win:Informational</Name>
                    <Value>4</Value>
                </Level>
            </Levels>
            <Tasks>
                <Task>
                    <Message></Message>
                    <Name>NavigateBack</Name>
                    <Guid>{49D12B78-68D8-4B47-B7BF-ADF878195506}</Guid>
                    <Value>2</Value>
                </Task>
                <Task>
                    <Message></Message>
                    <Name>DisplaySearch</Name>
                    <Guid>{B0F65B7D-66C3-47D9-A00F-E4716FADED99}</Guid>
                    <Value>3</Value>
                </Task>
                <Task>
                    <Message></Message>
                    <Name>DisplayTOC</Name>
                    <Guid>{3D8CDFC1-EB70-4E2D-AAEF-35E47F042D65}</Guid>
                    <Value>4</Value>
                </Task>
                <Task>
                    <Message></Message>
                    <Name>ApplicationStartup</Name>
                    <Guid>{9D9A6D0D-13D0-47D4-87C3-F104C505A750}</Guid>
                    <Value>5</Value>
                </Task>
                <Task>
                    <Message></Message>
                    <Name>ApplicationShutDown</Name>
                    <Guid>{254690B5-F602-4543-AB17-99E2AD0F1276}</Guid>
                    <Value>6</Value>
                </Task>
                <Task>
                    <Message></Message>
                    <Name>DisplayContent</Name>
                    <Guid>{FC1E9ABF-62B6-44D7-90B3-30CFD1E35F9A}</Guid>
                    <Value>7</Value>
                </Task>
                <Task>
                    <Message></Message>
                    <Name>Navigation</Name>
                    <Guid>{B4C34ACD-DAE1-46F1-80AD-8CE49B398A3C}</Guid>
                    <Value>8</Value>
                </Task>
                <Task>
                    <Message></Message>
                    <Name>Transform</Name>
                    <Guid>{A7667735-5851-4456-A438-5662D5D4513A}</Guid>
                    <Value>10</Value>
                </Task>
                <Task>
                    <Message></Message>
                    <Name>Render</Name>
                    <Guid>{A63A56E4-C2BD-4EFA-9FE2-FFC38F62016B}</Guid>
                    <Value>11</Value>
                </Task>
                <Task>
                    <Message></Message>
                    <Name>ContentFilter</Name>
                    <Guid>{F5A1703A-3AE6-4128-A58C-5325E830F96A}</Guid>
                    <Value>12</Value>
                </Task>
                <Task>
                    <Message></Message>
                    <Name>ReusableText</Name>
                    <Guid>{CDFE774B-F1A0-48B0-89FA-E51AA9AC1091}</Guid>
                    <Value>13</Value>
                </Task>
                <Task>
                    <Message></Message>
                    <Name>KeywordMerge</Name>
                    <Guid>{48FEC9C5-6EF1-42B5-8571-1A31D145B5E2}</Guid>
                    <Value>14</Value>
                </Task>
                <Task>
                    <Message></Message>
                    <Name>TOCMerge</Name>
                    <Guid>{571CE5E4-E82D-41CB-A7C1-F6CA62CA89EB}</Guid>
                    <Value>15</Value>
                </Task>
                <Task>
                    <Message></Message>
                    <Name>FullTextMerge</Name>
                    <Guid>{BBE59C31-32CF-496B-BEE4-06E3B63274B5}</Guid>
                    <Value>16</Value>
                </Task>
                <Task>
                    <Message></Message>
                    <Name>GlobalMerge</Name>
                    <Guid>{9CF7F46C-D03B-4E65-A0D7-9ED169E74C48}</Guid>
                    <Value>17</Value>
                </Task>
                <Task>
                    <Message></Message>
                    <Name>ExpandCollapse</Name>
                    <Guid>{B8CF4AF9-2761-4872-B811-32F4FAAFCA38}</Guid>
                    <Value>18</Value>
                </Task>
                <Task>
                    <Message></Message>
                    <Name>Popup</Name>
                    <Guid>{3EDD2E8F-64BA-46D2-B3E6-987975CADB56}</Guid>
                    <Value>19</Value>
                </Task>
                <Task>
                    <Message></Message>
                    <Name>NonPerfEvents</Name>
                    <Guid>{DA6229F8-6692-4346-BC64-AF221BC10C13}</Guid>
                    <Value>21</Value>
                </Task>
                <Task>
                    <Message></Message>
                    <Name>ContentSessionDataRetrieval</Name>
                    <Guid>{B7A7D439-DC3A-48E1-8110-64E07B94D898}</Guid>
                    <Value>22</Value>
                </Task>
                <Task>
                    <Message></Message>
                    <Name>SearchSessionDataRetrieval</Name>
                    <Guid>{D32B3F61-7626-4EE7-9060-EF97B7E05CB4}</Guid>
                    <Value>23</Value>
                </Task>
                <Task>
                    <Message></Message>
                    <Name>TOCSessionDataRetrieval</Name>
                    <Guid>{067F8C0B-779C-4B34-B18B-E6E319668669}</Guid>
                    <Value>24</Value>
                </Task>
                <Task>
                    <Message></Message>
                    <Name>ContentOnlineDataRetrieval</Name>
                    <Guid>{240C5ACE-C2BE-4350-8FEB-AF60CED16C01}</Guid>
                    <Value>25</Value>
                </Task>
                <Task>
                    <Message></Message>
                    <Name>AsyncSearchDataRetrieval</Name>
                    <Guid>{D9818F56-BAB1-4C9C-85F6-E2A0AF73FE24}</Guid>
                    <Value>26</Value>
                </Task>
                <Task>
                    <Message></Message>
                    <Name>TOCOnlineDataRetrieval</Name>
                    <Guid>{A778DCD1-D2A1-485E-937C-1C49E1794FD5}</Guid>
                    <Value>27</Value>
                </Task>
                <Task>
                    <Message></Message>
                    <Name>Launch</Name>
                    <Guid>{B3424E9B-8A53-4F5D-BDA5-BB1C08098233}</Guid>
                    <Value>28</Value>
                </Task>
                <Task>
                    <Message></Message>
                    <Name>WriteCharMap</Name>
                    <Guid>{DEDE806F-4AFD-457C-96EB-744E238A7040}</Guid>
                    <Value>30</Value>
                </Task>
                <Task>
                    <Message></Message>
                    <Name>LaunchShortcut</Name>
                    <Guid>{E9DF03FB-D5CB-4D44-A734-BA84A2C90079}</Guid>
                    <Value>31</Value>
                </Task>
                <Task>
                    <Message></Message>
                    <Name>PageCustomization</Name>
                    <Guid>{2FA00029-9FBE-4A67-8996-A85A3464B71B}</Guid>
                    <Value>32</Value>
                </Task>
                <Task>
                    <Message></Message>
                    <Name>WOTSSearch</Name>
                    <Guid>{90F60BE9-D9CC-49BF-92E4-CE1A971E3173}</Guid>
                    <Value>33</Value>
                </Task>
                <Task>
                    <Message></Message>
                    <Name>LocalWindowsContentSearch</Name>
                    <Guid>{939C20F6-52C4-417D-8163-5201E25C9FFA}</Guid>
                    <Value>34</Value>
                </Task>
                <Task>
                    <Message></Message>
                    <Name>LocalOEMContentSearch</Name>
                    <Guid>{95AD08F5-E411-41BA-B075-0DA00E322D68}</Guid>
                    <Value>35</Value>
                </Task>
            </Tasks>
            <Opcodes>
                <Opcode>
                    <Message>Info</Message>
                    <Name>win:Info</Name>
                    <Value>0</Value>
                    <Task>0</Task>
                </Opcode>
                <Opcode>
                    <Message>Start</Message>
                    <Name>win:Start</Name>
                    <Value>1</Value>
                    <Task>0</Task>
                </Opcode>
                <Opcode>
                    <Message>Stop</Message>
                    <Name>win:Stop</Name>
                    <Value>2</Value>
                    <Task>0</Task>
                </Opcode>
                <Opcode>
                    <Message>Suspend</Message>
                    <Name>win:Suspend</Name>
                    <Value>8</Value>
                    <Task>0</Task>
                </Opcode>
            </Opcodes>
            <Keywords>
                <Keyword>
                    <Message>Performance Event</Message>
                    <Name>PerfEvent</Name>
                    <Value>65536</Value>
                </Keyword>
                <Keyword>
                    <Message>Non Performance Event</Message>
                    <Name>NonPerfEvent</Name>
                    <Value>131072</Value>
                </Keyword>
                <Keyword>
                    <Message>Response Time</Message>
                    <Name>win:ResponseTime</Name>
                    <Value>281474976710656</Value>
                </Keyword>
            </Keywords>
        </Metadata>
        <EventMetadata>
            <Event>
                <Id>52</Id>
                <Version>0</Version>
                <Level>Information</Level>
                <Task>NavigateBack</Task>
                <Opcode>Start</Opcode>
                <Keyword>Performance Event</Keyword>
                <Template><![CDATA[
<template xmlns="http://schemas.microsoft.com/win/2004/08/events">
  <data name="url" inType="win:UnicodeString" outType="xs:string"/>
</template>
]]></Template>
            </Event>
            <Event>
                <Id>53</Id>
                <Version>0</Version>
                <Level>Information</Level>
                <Task>NavigateBack</Task>
                <Opcode>Stop</Opcode>
                <Keyword>Performance Event</Keyword>
                <Template><![CDATA[
<template xmlns="http://schemas.microsoft.com/win/2004/08/events">
  <data name="url" inType="win:UnicodeString" outType="xs:string"/>
</template>
]]></Template>
            </Event>
            <Event>
                <Id>54</Id>
                <Version>0</Version>
                <Level>Information</Level>
                <Task>DisplaySearch</Task>
                <Opcode>Start</Opcode>
                <Template><![CDATA[
<template xmlns="http://schemas.microsoft.com/win/2004/08/events">
  <data name="url" inType="win:UnicodeString" outType="xs:string"/>
</template>
]]></Template>
            </Event>
            <Event>
                <Id>55</Id>
                <Version>0</Version>
                <Level>Information</Level>
                <Task>DisplaySearch</Task>
                <Opcode>Stop</Opcode>
                <Template><![CDATA[
<template xmlns="http://schemas.microsoft.com/win/2004/08/events">
  <data name="url" inType="win:UnicodeString" outType="xs:string"/>
</template>
]]></Template>
            </Event>
            <Event>
                <Id>56</Id>
                <Version>0</Version>
                <Level>Information</Level>
                <Task>DisplayTOC</Task>
                <Opcode>Start</Opcode>
                <Template><![CDATA[
<template xmlns="http://schemas.microsoft.com/win/2004/08/events">
  <data name="url" inType="win:UnicodeString" outType="xs:string"/>
</template>
]]></Template>
            </Event>
            <Event>
                <Id>57</Id>
                <Version>0</Version>
                <Level>Information</Level>
                <Task>DisplayTOC</Task>
                <Opcode>Stop</Opcode>
                <Template><![CDATA[
<template xmlns="http://schemas.microsoft.com/win/2004/08/events">
  <data name="url" inType="win:UnicodeString" outType="xs:string"/>
</template>
]]></Template>
            </Event>
            <Event>
                <Id>58</Id>
                <Version>0</Version>
                <Level>Information</Level>
                <Task>ApplicationStartup</Task>
                <Opcode>Start</Opcode>
                <Keyword>Performance Event</Keyword>
                <Template><![CDATA[
]]></Template>
            </Event>
            <Event>
                <Id>59</Id>
                <Version>0</Version>
                <Level>Information</Level>
                <Task>ApplicationStartup</Task>
                <Opcode>Stop</Opcode>
                <Keyword>Performance Event</Keyword>
                <Template><![CDATA[
]]></Template>
            </Event>
            <Event>
                <Id>60</Id>
                <Version>0</Version>
                <Level>Information</Level>
                <Task>ApplicationShutDown</Task>
                <Opcode>Start</Opcode>
                <Keyword>Performance Event</Keyword>
                <Template><![CDATA[
]]></Template>
            </Event>
            <Event>
                <Id>61</Id>
                <Version>0</Version>
                <Level>Information</Level>
                <Task>ApplicationShutDown</Task>
                <Opcode>Stop</Opcode>
                <Keyword>Performance Event</Keyword>
                <Template><![CDATA[
]]></Template>
            </Event>
            <Event>
                <Id>62</Id>
                <Version>0</Version>
                <Level>Information</Level>
                <Task>Launch</Task>
                <Opcode>Start</Opcode>
                <Template><![CDATA[
<template xmlns="http://schemas.microsoft.com/win/2004/08/events">
  <data name="sessionid" inType="win:UInt32" outType="xs:unsignedInt"/>
</template>
]]></Template>
            </Event>
            <Event>
                <Id>63</Id>
                <Version>0</Version>
                <Level>Information</Level>
                <Task>Launch</Task>
                <Opcode>Stop</Opcode>
                <Template><![CDATA[
<template xmlns="http://schemas.microsoft.com/win/2004/08/events">
  <data name="sessionid" inType="win:UInt32" outType="xs:unsignedInt"/>
</template>
]]></Template>
            </Event>
            <Event>
                <Id>100</Id>
                <Version>0</Version>
                <Level>Information</Level>
                <Task>Navigation</Task>
                <Opcode>Start</Opcode>
                <Template><![CDATA[
<template xmlns="http://schemas.microsoft.com/win/2004/08/events">
  <data name="url" inType="win:UnicodeString" outType="xs:string"/>
</template>
]]></Template>
            </Event>
            <Event>
                <Id>101</Id>
                <Version>0</Version>
                <Level>Information</Level>
                <Task>Navigation</Task>
                <Opcode>Stop</Opcode>
                <Template><![CDATA[
<template xmlns="http://schemas.microsoft.com/win/2004/08/events">
  <data name="url" inType="win:UnicodeString" outType="xs:string"/>
</template>
]]></Template>
            </Event>
            <Event>
                <Id>102</Id>
                <Version>0</Version>
                <Level>Information</Level>
                <Task>ContentSessionDataRetrieval</Task>
                <Opcode>Start</Opcode>
                <Keyword>Performance Event</Keyword>
                <Template><![CDATA[
<template xmlns="http://schemas.microsoft.com/win/2004/08/events">
  <data name="url" inType="win:UnicodeString" outType="xs:string"/>
</template>
]]></Template>
            </Event>
            <Event>
                <Id>103</Id>
                <Version>0</Version>
                <Level>Information</Level>
                <Task>ContentSessionDataRetrieval</Task>
                <Opcode>Stop</Opcode>
                <Keyword>Performance Event</Keyword>
                <Template><![CDATA[
<template xmlns="http://schemas.microsoft.com/win/2004/08/events">
  <data name="url" inType="win:UnicodeString" outType="xs:string"/>
</template>
]]></Template>
            </Event>
            <Event>
                <Id>104</Id>
                <Version>0</Version>
                <Level>Information</Level>
                <Task>SearchSessionDataRetrieval</Task>
                <Opcode>Start</Opcode>
                <Keyword>Performance Event</Keyword>
                <Template><![CDATA[
<template xmlns="http://schemas.microsoft.com/win/2004/08/events">
  <data name="url" inType="win:UnicodeString" outType="xs:string"/>
</template>
]]></Template>
            </Event>
            <Event>
                <Id>105</Id>
                <Version>0</Version>
                <Level>Information</Level>
                <Task>SearchSessionDataRetrieval</Task>
                <Opcode>Stop</Opcode>
                <Keyword>Performance Event</Keyword>
                <Template><![CDATA[
<template xmlns="http://schemas.microsoft.com/win/2004/08/events">
  <data name="url" inType="win:UnicodeString" outType="xs:string"/>
</template>
]]></Template>
            </Event>
            <Event>
                <Id>106</Id>
                <Version>0</Version>
                <Level>Information</Level>
                <Task>TOCSessionDataRetrieval</Task>
                <Opcode>Start</Opcode>
                <Keyword>Performance Event</Keyword>
                <Template><![CDATA[
<template xmlns="http://schemas.microsoft.com/win/2004/08/events">
  <data name="url" inType="win:UnicodeString" outType="xs:string"/>
</template>
]]></Template>
            </Event>
            <Event>
                <Id>107</Id>
                <Version>0</Version>
                <Level>Information</Level>
                <Task>TOCSessionDataRetrieval</Task>
                <Opcode>Stop</Opcode>
                <Keyword>Performance Event</Keyword>
                <Template><![CDATA[
<template xmlns="http://schemas.microsoft.com/win/2004/08/events">
  <data name="url" inType="win:UnicodeString" outType="xs:string"/>
</template>
]]></Template>
            </Event>
            <Event>
                <Id>108</Id>
                <Version>0</Version>
                <Level>Information</Level>
                <Task>Transform</Task>
                <Opcode>Start</Opcode>
                <Keyword>Performance Event</Keyword>
                <Template><![CDATA[
]]></Template>
            </Event>
            <Event>
                <Id>109</Id>
                <Version>0</Version>
                <Level>Information</Level>
                <Task>Transform</Task>
                <Opcode>Stop</Opcode>
                <Keyword>Performance Event</Keyword>
                <Template><![CDATA[
]]></Template>
            </Event>
            <Event>
                <Id>110</Id>
                <Version>0</Version>
                <Level>Information</Level>
                <Task>Transform</Task>
                <Opcode>Start</Opcode>
                <Keyword>Performance Event</Keyword>
                <Template><![CDATA[
]]></Template>
            </Event>
            <Event>
                <Id>111</Id>
                <Version>0</Version>
                <Level>Information</Level>
                <Task>Transform</Task>
                <Opcode>Stop</Opcode>
                <Keyword>Performance Event</Keyword>
                <Template><![CDATA[
]]></Template>
            </Event>
            <Event>
                <Id>112</Id>
                <Version>0</Version>
                <Level>Information</Level>
                <Task>Transform</Task>
                <Opcode>Start</Opcode>
                <Keyword>Performance Event</Keyword>
                <Template><![CDATA[
]]></Template>
            </Event>
            <Event>
                <Id>113</Id>
                <Version>0</Version>
                <Level>Information</Level>
                <Task>Transform</Task>
                <Opcode>Stop</Opcode>
                <Keyword>Performance Event</Keyword>
                <Template><![CDATA[
]]></Template>
            </Event>
            <Event>
                <Id>114</Id>
                <Version>0</Version>
                <Level>Information</Level>
                <Task>Render</Task>
                <Opcode>Start</Opcode>
                <Keyword>Performance Event</Keyword>
                <Template><![CDATA[
]]></Template>
            </Event>
            <Event>
                <Id>115</Id>
                <Version>0</Version>
                <Level>Information</Level>
                <Task>Render</Task>
                <Opcode>Stop</Opcode>
                <Keyword>Performance Event</Keyword>
                <Template><![CDATA[
]]></Template>
            </Event>
            <Event>
                <Id>116</Id>
                <Version>0</Version>
                <Level>Information</Level>
                <Task>ContentFilter</Task>
                <Opcode>Start</Opcode>
                <Keyword>Performance Event</Keyword>
                <Template><![CDATA[
]]></Template>
            </Event>
            <Event>
                <Id>117</Id>
                <Version>0</Version>
                <Level>Information</Level>
                <Task>ContentFilter</Task>
                <Opcode>Stop</Opcode>
                <Keyword>Performance Event</Keyword>
                <Template><![CDATA[
]]></Template>
            </Event>
            <Event>
                <Id>118</Id>
                <Version>0</Version>
                <Level>Information</Level>
                <Task>ReusableText</Task>
                <Opcode>Start</Opcode>
                <Keyword>Performance Event</Keyword>
                <Template><![CDATA[
]]></Template>
            </Event>
            <Event>
                <Id>119</Id>
                <Version>0</Version>
                <Level>Information</Level>
                <Task>ReusableText</Task>
                <Opcode>Stop</Opcode>
                <Keyword>Performance Event</Keyword>
                <Template><![CDATA[
]]></Template>
            </Event>
            <Event>
                <Id>120</Id>
                <Version>0</Version>
                <Level>Information</Level>
                <Task>KeywordMerge</Task>
                <Opcode>Start</Opcode>
                <Keyword>Performance Event</Keyword>
                <Template><![CDATA[
]]></Template>
            </Event>
            <Event>
                <Id>121</Id>
                <Version>0</Version>
                <Level>Information</Level>
                <Task>KeywordMerge</Task>
                <Opcode>Stop</Opcode>
                <Keyword>Performance Event</Keyword>
                <Template><![CDATA[
]]></Template>
            </Event>
            <Event>
                <Id>122</Id>
                <Version>0</Version>
                <Level>Information</Level>
                <Task>TOCMerge</Task>
                <Opcode>Start</Opcode>
                <Keyword>Performance Event</Keyword>
                <Template><![CDATA[
]]></Template>
            </Event>
            <Event>
                <Id>123</Id>
                <Version>0</Version>
                <Level>Information</Level>
                <Task>TOCMerge</Task>
                <Opcode>Stop</Opcode>
                <Keyword>Performance Event</Keyword>
                <Template><![CDATA[
]]></Template>
            </Event>
            <Event>
                <Id>124</Id>
                <Version>0</Version>
                <Level>Information</Level>
                <Task>FullTextMerge</Task>
                <Opcode>Start</Opcode>
                <Keyword>Performance Event</Keyword>
                <Template><![CDATA[
]]></Template>
            </Event>
            <Event>
                <Id>125</Id>
                <Version>0</Version>
                <Level>Information</Level>
                <Task>FullTextMerge</Task>
                <Opcode>Stop</Opcode>
                <Keyword>Performance Event</Keyword>
                <Template><![CDATA[
]]></Template>
            </Event>
            <Event>
                <Id>126</Id>
                <Version>0</Version>
                <Level>Information</Level>
                <Task>GlobalMerge</Task>
                <Opcode>Start</Opcode>
                <Keyword>Performance Event</Keyword>
                <Template><![CDATA[
]]></Template>
            </Event>
            <Event>
                <Id>127</Id>
                <Version>0</Version>
                <Level>Information</Level>
                <Task>GlobalMerge</Task>
                <Opcode>Stop</Opcode>
                <Keyword>Performance Event</Keyword>
                <Template><![CDATA[
]]></Template>
            </Event>
            <Event>
                <Id>128</Id>
                <Version>0</Version>
                <Level>Information</Level>
                <Task>ExpandCollapse</Task>
                <Opcode>Start</Opcode>
                <Keyword>Performance Event</Keyword>
                <Template><![CDATA[
]]></Template>
            </Event>
            <Event>
                <Id>129</Id>
                <Version>0</Version>
                <Level>Information</Level>
                <Task>ExpandCollapse</Task>
                <Opcode>Stop</Opcode>
                <Keyword>Performance Event</Keyword>
                <Template><![CDATA[
]]></Template>
            </Event>
            <Event>
                <Id>130</Id>
                <Version>0</Version>
                <Level>Information</Level>
                <Task>Popup</Task>
                <Opcode>Start</Opcode>
                <Keyword>Performance Event</Keyword>
                <Template><![CDATA[
]]></Template>
            </Event>
            <Event>
                <Id>131</Id>
                <Version>0</Version>
                <Level>Information</Level>
                <Task>Popup</Task>
                <Opcode>Stop</Opcode>
                <Keyword>Performance Event</Keyword>
                <Template><![CDATA[
]]></Template>
            </Event>
            <Event>
                <Id>132</Id>
                <Version>0</Version>
                <Level>Information</Level>
                <Task>ContentOnlineDataRetrieval</Task>
                <Opcode>Start</Opcode>
                <Keyword>Performance Event</Keyword>
                <Template><![CDATA[
]]></Template>
            </Event>
            <Event>
                <Id>133</Id>
                <Version>0</Version>
                <Level>Information</Level>
                <Task>ContentOnlineDataRetrieval</Task>
                <Opcode>Stop</Opcode>
                <Keyword>Performance Event</Keyword>
                <Template><![CDATA[
]]></Template>
            </Event>
            <Event>
                <Id>134</Id>
                <Version>0</Version>
                <Level>Information</Level>
                <Task>AsyncSearchDataRetrieval</Task>
                <Opcode>Start</Opcode>
                <Keyword>Performance Event</Keyword>
                <Template><![CDATA[
<template xmlns="http://schemas.microsoft.com/win/2004/08/events">
  <data name="url" inType="win:UnicodeString" outType="xs:string"/>
</template>
]]></Template>
            </Event>
            <Event>
                <Id>135</Id>
                <Version>0</Version>
                <Level>Information</Level>
                <Task>AsyncSearchDataRetrieval</Task>
                <Opcode>Stop</Opcode>
                <Keyword>Performance Event</Keyword>
                <Template><![CDATA[
<template xmlns="http://schemas.microsoft.com/win/2004/08/events">
  <data name="url" inType="win:UnicodeString" outType="xs:string"/>
</template>
]]></Template>
            </Event>
            <Event>
                <Id>136</Id>
                <Version>0</Version>
                <Level>Information</Level>
                <Task>TOCOnlineDataRetrieval</Task>
                <Opcode>Start</Opcode>
                <Keyword>Performance Event</Keyword>
                <Template><![CDATA[
]]></Template>
            </Event>
            <Event>
                <Id>137</Id>
                <Version>0</Version>
                <Level>Information</Level>
                <Task>TOCOnlineDataRetrieval</Task>
                <Opcode>Stop</Opcode>
                <Keyword>Performance Event</Keyword>
                <Template><![CDATA[
]]></Template>
            </Event>
            <Event>
                <Id>138</Id>
                <Version>0</Version>
                <Level>Information</Level>
                <Task>WriteCharMap</Task>
                <Opcode>Start</Opcode>
                <Keyword>Performance Event</Keyword>
                <Template><![CDATA[
]]></Template>
            </Event>
            <Event>
                <Id>139</Id>
                <Version>0</Version>
                <Level>Information</Level>
                <Task>WriteCharMap</Task>
                <Opcode>Stop</Opcode>
                <Keyword>Performance Event</Keyword>
                <Template><![CDATA[
]]></Template>
            </Event>
            <Event>
                <Id>140</Id>
                <Version>0</Version>
                <Level>Information</Level>
                <Task>LaunchShortcut</Task>
                <Opcode>Start</Opcode>
                <Keyword>Performance Event</Keyword>
                <Template><![CDATA[
]]></Template>
            </Event>
            <Event>
                <Id>141</Id>
                <Version>0</Version>
                <Level>Information</Level>
                <Task>LaunchShortcut</Task>
                <Opcode>Stop</Opcode>
                <Keyword>Performance Event</Keyword>
                <Template><![CDATA[
]]></Template>
            </Event>
            <Event>
                <Id>142</Id>
                <Version>0</Version>
                <Level>Information</Level>
                <Task>PageCustomization</Task>
                <Opcode>Start</Opcode>
                <Keyword>Performance Event</Keyword>
                <Template><![CDATA[
]]></Template>
            </Event>
            <Event>
                <Id>143</Id>
                <Version>0</Version>
                <Level>Information</Level>
                <Task>PageCustomization</Task>
                <Opcode>Stop</Opcode>
                <Keyword>Performance Event</Keyword>
                <Template><![CDATA[
]]></Template>
            </Event>
            <Event>
                <Id>144</Id>
                <Version>0</Version>
                <Level>Information</Level>
                <Task>WOTSSearch</Task>
                <Opcode>Start</Opcode>
                <Keyword>Performance Event</Keyword>
                <Template><![CDATA[
<template xmlns="http://schemas.microsoft.com/win/2004/08/events">
  <data name="url" inType="win:UnicodeString" outType="xs:string"/>
</template>
]]></Template>
            </Event>
            <Event>
                <Id>145</Id>
                <Version>0</Version>
                <Level>Information</Level>
                <Task>WOTSSearch</Task>
                <Opcode>Stop</Opcode>
                <Keyword>Performance Event</Keyword>
                <Template><![CDATA[
<template xmlns="http://schemas.microsoft.com/win/2004/08/events">
  <data name="url" inType="win:UnicodeString" outType="xs:string"/>
</template>
]]></Template>
            </Event>
            <Event>
                <Id>146</Id>
                <Version>0</Version>
                <Level>Information</Level>
                <Task>LocalWindowsContentSearch</Task>
                <Opcode>Start</Opcode>
                <Keyword>Performance Event</Keyword>
                <Template><![CDATA[
<template xmlns="http://schemas.microsoft.com/win/2004/08/events">
  <data name="url" inType="win:UnicodeString" outType="xs:string"/>
</template>
]]></Template>
            </Event>
            <Event>
                <Id>147</Id>
                <Version>0</Version>
                <Level>Information</Level>
                <Task>LocalWindowsContentSearch</Task>
                <Opcode>Stop</Opcode>
                <Keyword>Performance Event</Keyword>
                <Template><![CDATA[
<template xmlns="http://schemas.microsoft.com/win/2004/08/events">
  <data name="url" inType="win:UnicodeString" outType="xs:string"/>
</template>
]]></Template>
            </Event>
            <Event>
                <Id>148</Id>
                <Version>0</Version>
                <Level>Information</Level>
                <Task>LocalOEMContentSearch</Task>
                <Opcode>Start</Opcode>
                <Keyword>Performance Event</Keyword>
                <Template><![CDATA[
<template xmlns="http://schemas.microsoft.com/win/2004/08/events">
  <data name="url" inType="win:UnicodeString" outType="xs:string"/>
</template>
]]></Template>
            </Event>
            <Event>
                <Id>149</Id>
                <Version>0</Version>
                <Level>Information</Level>
                <Task>LocalOEMContentSearch</Task>
                <Opcode>Stop</Opcode>
                <Keyword>Performance Event</Keyword>
                <Template><![CDATA[
<template xmlns="http://schemas.microsoft.com/win/2004/08/events">
  <data name="url" inType="win:UnicodeString" outType="xs:string"/>
</template>
]]></Template>
            </Event>
            <Event>
                <Id>200</Id>
                <Version>0</Version>
                <Level>Information</Level>
                <Task>NonPerfEvents</Task>
                <Keyword>Non Performance Event</Keyword>
                <Template><![CDATA[
]]></Template>
            </Event>
            <Event>
                <Id>201</Id>
                <Version>0</Version>
                <Level>Information</Level>
                <Task>NonPerfEvents</Task>
                <Keyword>Non Performance Event</Keyword>
                <Template><![CDATA[
]]></Template>
            </Event>
            <Event>
                <Id>202</Id>
                <Version>0</Version>
                <Level>Information</Level>
                <Task>NonPerfEvents</Task>
                <Keyword>Non Performance Event</Keyword>
                <Template><![CDATA[
]]></Template>
            </Event>
            <Event>
                <Id>203</Id>
                <Version>0</Version>
                <Level>Information</Level>
                <Task>NonPerfEvents</Task>
                <Keyword>Non Performance Event</Keyword>
                <Template><![CDATA[
]]></Template>
            </Event>
            <Event>
                <Id>204</Id>
                <Version>0</Version>
                <Level>Information</Level>
                <Task>NonPerfEvents</Task>
                <Keyword>Non Performance Event</Keyword>
                <Template><![CDATA[
]]></Template>
            </Event>
            <Event>
                <Id>205</Id>
                <Version>0</Version>
                <Level>Information</Level>
                <Task>NonPerfEvents</Task>
                <Keyword>Non Performance Event</Keyword>
                <Template><![CDATA[
]]></Template>
            </Event>
            <Event>
                <Id>206</Id>
                <Version>0</Version>
                <Level>Information</Level>
                <Task>NonPerfEvents</Task>
                <Keyword>Non Performance Event</Keyword>
                <Template><![CDATA[
]]></Template>
            </Event>
            <Event>
                <Id>207</Id>
                <Version>0</Version>
                <Level>Information</Level>
                <Task>NonPerfEvents</Task>
                <Keyword>Non Performance Event</Keyword>
                <Template><![CDATA[
]]></Template>
            </Event>
            <Event>
                <Id>208</Id>
                <Version>0</Version>
                <Level>Information</Level>
                <Task>NonPerfEvents</Task>
                <Keyword>Non Performance Event</Keyword>
                <Template><![CDATA[
]]></Template>
            </Event>
            <Event>
                <Id>209</Id>
                <Version>0</Version>
                <Level>Information</Level>
                <Task>NonPerfEvents</Task>
                <Keyword>Non Performance Event</Keyword>
                <Template><![CDATA[
]]></Template>
            </Event>
            <Event>
                <Id>210</Id>
                <Version>0</Version>
                <Level>Information</Level>
                <Task>NonPerfEvents</Task>
                <Keyword>Non Performance Event</Keyword>
                <Template><![CDATA[
]]></Template>
            </Event>
            <Event>
                <Id>211</Id>
                <Version>0</Version>
                <Level>Information</Level>
                <Task>NonPerfEvents</Task>
                <Keyword>Non Performance Event</Keyword>
                <Template><![CDATA[
]]></Template>
            </Event>
            <Event>
                <Id>212</Id>
                <Version>0</Version>
                <Level>Information</Level>
                <Task>NonPerfEvents</Task>
                <Keyword>Non Performance Event</Keyword>
                <Template><![CDATA[
]]></Template>
            </Event>
            <Event>
                <Id>213</Id>
                <Version>0</Version>
                <Level>Information</Level>
                <Task>NonPerfEvents</Task>
                <Keyword>Non Performance Event</Keyword>
                <Template><![CDATA[
]]></Template>
            </Event>
            <Event>
                <Id>214</Id>
                <Version>0</Version>
                <Level>Information</Level>
                <Task>NonPerfEvents</Task>
                <Keyword>Non Performance Event</Keyword>
                <Template><![CDATA[
]]></Template>
            </Event>
            <Event>
                <Id>215</Id>
                <Version>0</Version>
                <Level>Information</Level>
                <Task>NonPerfEvents</Task>
                <Keyword>Non Performance Event</Keyword>
                <Template><![CDATA[
]]></Template>
            </Event>
            <Event>
                <Id>216</Id>
                <Version>0</Version>
                <Level>Information</Level>
                <Task>NonPerfEvents</Task>
                <Keyword>Non Performance Event</Keyword>
                <Template><![CDATA[
]]></Template>
            </Event>
            <Event>
                <Id>217</Id>
                <Version>0</Version>
                <Level>Information</Level>
                <Task>NonPerfEvents</Task>
                <Keyword>Non Performance Event</Keyword>
                <Template><![CDATA[
]]></Template>
            </Event>
            <Event>
                <Id>218</Id>
                <Version>0</Version>
                <Level>Information</Level>
                <Task>NonPerfEvents</Task>
                <Keyword>Non Performance Event</Keyword>
                <Template><![CDATA[
]]></Template>
            </Event>
            <Event>
                <Id>219</Id>
                <Version>0</Version>
                <Level>Information</Level>
                <Task>NonPerfEvents</Task>
                <Keyword>Non Performance Event</Keyword>
                <Template><![CDATA[
]]></Template>
            </Event>
            <Event>
                <Id>220</Id>
                <Version>0</Version>
                <Level>Information</Level>
                <Task>NonPerfEvents</Task>
                <Keyword>Non Performance Event</Keyword>
                <Template><![CDATA[
]]></Template>
            </Event>
            <Event>
                <Id>221</Id>
                <Version>0</Version>
                <Level>Information</Level>
                <Task>NonPerfEvents</Task>
                <Keyword>Non Performance Event</Keyword>
                <Template><![CDATA[
]]></Template>
            </Event>
            <Event>
                <Id>222</Id>
                <Version>0</Version>
                <Level>Information</Level>
                <Task>NonPerfEvents</Task>
                <Keyword>Non Performance Event</Keyword>
                <Template><![CDATA[
]]></Template>
            </Event>
            <Event>
                <Id>223</Id>
                <Version>0</Version>
                <Level>Information</Level>
                <Task>NonPerfEvents</Task>
                <Keyword>Non Performance Event</Keyword>
                <Template><![CDATA[
]]></Template>
            </Event>
            <Event>
                <Id>224</Id>
                <Version>0</Version>
                <Level>Information</Level>
                <Task>NonPerfEvents</Task>
                <Keyword>Non Performance Event</Keyword>
                <Template><![CDATA[
]]></Template>
            </Event>
            <Event>
                <Id>225</Id>
                <Version>0</Version>
                <Level>Information</Level>
                <Task>NonPerfEvents</Task>
                <Keyword>Non Performance Event</Keyword>
                <Template><![CDATA[
]]></Template>
            </Event>
            <Event>
                <Id>226</Id>
                <Version>0</Version>
                <Level>Information</Level>
                <Task>NonPerfEvents</Task>
                <Keyword>Non Performance Event</Keyword>
                <Template><![CDATA[
]]></Template>
            </Event>
            <Event>
                <Id>227</Id>
                <Version>0</Version>
                <Level>Information</Level>
                <Task>NonPerfEvents</Task>
                <Keyword>Non Performance Event</Keyword>
                <Template><![CDATA[
]]></Template>
            </Event>
            <Event>
                <Id>228</Id>
                <Version>0</Version>
                <Level>Information</Level>
                <Task>NonPerfEvents</Task>
                <Keyword>Non Performance Event</Keyword>
                <Template><![CDATA[
]]></Template>
            </Event>
            <Event>
                <Id>229</Id>
                <Version>0</Version>
                <Level>Information</Level>
                <Task>NonPerfEvents</Task>
                <Keyword>Non Performance Event</Keyword>
                <Template><![CDATA[
]]></Template>
            </Event>
            <Event>
                <Id>230</Id>
                <Version>0</Version>
                <Level>Information</Level>
                <Task>NonPerfEvents</Task>
                <Keyword>Non Performance Event</Keyword>
                <Template><![CDATA[
]]></Template>
            </Event>
            <Event>
                <Id>231</Id>
                <Version>0</Version>
                <Level>Information</Level>
                <Task>NonPerfEvents</Task>
                <Keyword>Non Performance Event</Keyword>
                <Template><![CDATA[
]]></Template>
            </Event>
            <Event>
                <Id>232</Id>
                <Version>0</Version>
                <Level>Information</Level>
                <Task>NonPerfEvents</Task>
                <Keyword>Non Performance Event</Keyword>
                <Template><![CDATA[
]]></Template>
            </Event>
            <Event>
                <Id>233</Id>
                <Version>0</Version>
                <Level>Information</Level>
                <Task>NonPerfEvents</Task>
                <Keyword>Non Performance Event</Keyword>
                <Template><![CDATA[
]]></Template>
            </Event>
            <Event>
                <Id>1000</Id>
                <Version>0</Version>
                <Channel>Microsoft-Windows-Help/Operational</Channel>
                <Level>Error</Level>
                <Task>NonPerfEvents</Task>
                <Message><![CDATA[
Index merge failed]]></Message>
                <Template><![CDATA[
]]></Template>
            </Event>
            <Event>
                <Id>1001</Id>
                <Version>0</Version>
                <Channel>Microsoft-Windows-Help/Operational</Channel>
                <Level>Error</Level>
                <Task>NonPerfEvents</Task>
                <Message><![CDATA[
Connection to the server could not be established]]></Message>
                <Template><![CDATA[
<template xmlns="http://schemas.microsoft.com/win/2004/08/events">
  <data name="cause" inType="win:UnicodeString" outType="xs:string"/>
  <data name="url" inType="win:UnicodeString" outType="xs:string"/>
</template>
]]></Template>
            </Event>
            <Event>
                <Id>1002</Id>
                <Version>0</Version>
                <Channel>Microsoft-Windows-Help/Operational</Channel>
                <Level>Error</Level>
                <Task>NonPerfEvents</Task>
                <Message><![CDATA[
Topic navigation failed]]></Message>
                <Template><![CDATA[
<template xmlns="http://schemas.microsoft.com/win/2004/08/events">
  <data name="url" inType="win:UnicodeString" outType="xs:string"/>
</template>
]]></Template>
            </Event>
            <Event>
                <Id>1003</Id>
                <Version>0</Version>
                <Channel>Microsoft-Windows-Help/Operational</Channel>
                <Level>Error</Level>
                <Task>NonPerfEvents</Task>
                <Message><![CDATA[
Data storage is not accessible]]></Message>
                <Template><![CDATA[
<template xmlns="http://schemas.microsoft.com/win/2004/08/events">
  <data name="Win32LastError" inType="win:UInt32" outType="xs:unsignedInt"/>
</template>
]]></Template>
            </Event>
            <Event>
                <Id>1004</Id>
                <Version>0</Version>
                <Channel>Microsoft-Windows-Help/Operational</Channel>
                <Level>Error</Level>
                <Task>NonPerfEvents</Task>
                <Message><![CDATA[
Registry key for user settings was not found and could not be created]]></Message>
                <Template><![CDATA[
<template xmlns="http://schemas.microsoft.com/win/2004/08/events">
  <data name="Win32LastError" inType="win:UInt32" outType="xs:unsignedInt"/>
</template>
]]></Template>
            </Event>
            <Event>
                <Id>1005</Id>
                <Version>0</Version>
                <Channel>Microsoft-Windows-Help/Operational</Channel>
                <Level>Error</Level>
                <Task>NonPerfEvents</Task>
                <Message><![CDATA[
HelpPaneServer could not be CoCreated]]></Message>
                <Template><![CDATA[
<template xmlns="http://schemas.microsoft.com/win/2004/08/events">
  <data name="Win32LastError" inType="win:UInt32" outType="xs:unsignedInt"/>
</template>
]]></Template>
            </Event>
            <Event>
                <Id>1010</Id>
                <Version>0</Version>
                <Channel>Microsoft-Windows-Help/Operational</Channel>
                <Level>Error</Level>
                <Task>NonPerfEvents</Task>
                <Message><![CDATA[
Browser control could not be created]]></Message>
                <Template><![CDATA[
<template xmlns="http://schemas.microsoft.com/win/2004/08/events">
  <data name="Win32LastError" inType="win:UInt32" outType="xs:unsignedInt"/>
</template>
]]></Template>
            </Event>
            <Event>
                <Id>1011</Id>
                <Version>0</Version>
                <Channel>Microsoft-Windows-Help/Operational</Channel>
                <Level>Error</Level>
                <Task>NonPerfEvents</Task>
                <Message><![CDATA[
Browser control could not be embedded]]></Message>
                <Template><![CDATA[
<template xmlns="http://schemas.microsoft.com/win/2004/08/events">
  <data name="Win32LastError" inType="win:UInt32" outType="xs:unsignedInt"/>
</template>
]]></Template>
            </Event>
            <Event>
                <Id>1012</Id>
                <Version>0</Version>
                <Channel>Microsoft-Windows-Help/Operational</Channel>
                <Level>Error</Level>
                <Task>NonPerfEvents</Task>
                <Message><![CDATA[
Browser control could not be activated]]></Message>
                <Template><![CDATA[
<template xmlns="http://schemas.microsoft.com/win/2004/08/events">
  <data name="Win32LastError" inType="win:UInt32" outType="xs:unsignedInt"/>
</template>
]]></Template>
            </Event>
            <Event>
                <Id>1013</Id>
                <Version>0</Version>
                <Channel>Microsoft-Windows-Help/Operational</Channel>
                <Level>Error</Level>
                <Task>NonPerfEvents</Task>
                <Message><![CDATA[
Failed to attach to browser event connection points]]></Message>
                <Template><![CDATA[
<template xmlns="http://schemas.microsoft.com/win/2004/08/events">
  <data name="Win32LastError" inType="win:UInt32" outType="xs:unsignedInt"/>
</template>
]]></Template>
            </Event>
            <Event>
                <Id>1020</Id>
                <Version>0</Version>
                <Channel>Microsoft-Windows-Help/Operational</Channel>
                <Level>Error</Level>
                <Task>NonPerfEvents</Task>
                <Message><![CDATA[
Local search failed]]></Message>
                <Template><![CDATA[
<template xmlns="http://schemas.microsoft.com/win/2004/08/events">
  <data name="ApplicationErrorCode" inType="win:UInt32" outType="xs:unsignedInt"/>
  <data name="ErrorMessage" inType="win:UnicodeString" outType="xs:string"/>
</template>
]]></Template>
            </Event>
            <Event>
                <Id>1021</Id>
                <Version>0</Version>
                <Channel>Microsoft-Windows-Help/Operational</Channel>
                <Level>Error</Level>
                <Task>NonPerfEvents</Task>
                <Message><![CDATA[
Online search failed]]></Message>
                <Template><![CDATA[
<template xmlns="http://schemas.microsoft.com/win/2004/08/events">
  <data name="ApplicationErrorCode" inType="win:UInt32" outType="xs:unsignedInt"/>
  <data name="ErrorMessage" inType="win:UnicodeString" outType="xs:string"/>
</template>
]]></Template>
            </Event>
            <Event>
                <Id>1022</Id>
                <Version>0</Version>
                <Channel>Microsoft-Windows-Help/Operational</Channel>
                <Level>Error</Level>
                <Task>NonPerfEvents</Task>
                <Message><![CDATA[
Online server search response is not valid]]></Message>
                <Template><![CDATA[
<template xmlns="http://schemas.microsoft.com/win/2004/08/events">
  <data name="ErrorMessage" inType="win:UnicodeString" outType="xs:string"/>
</template>
]]></Template>
            </Event>
            <Event>
                <Id>1023</Id>
                <Version>0</Version>
                <Channel>Microsoft-Windows-Help/Operational</Channel>
                <Level>Error</Level>
                <Task>NonPerfEvents</Task>
                <Message><![CDATA[
Online TOC root is not valid]]></Message>
                <Template><![CDATA[
<template xmlns="http://schemas.microsoft.com/win/2004/08/events">
  <data name="Win32LastError" inType="win:UInt32" outType="xs:unsignedInt"/>
</template>
]]></Template>
            </Event>
            <Event>
                <Id>1024</Id>
                <Version>0</Version>
                <Channel>Microsoft-Windows-Help/Operational</Channel>
                <Level>Error</Level>
                <Task>NonPerfEvents</Task>
                <Message><![CDATA[
Online TOC request failed]]></Message>
                <Template><![CDATA[
<template xmlns="http://schemas.microsoft.com/win/2004/08/events">
  <data name="ApplicationErrorCode" inType="win:UInt32" outType="xs:unsignedInt"/>
  <data name="ErrorMessage" inType="win:UnicodeString" outType="xs:string"/>
</template>
]]></Template>
            </Event>
            <Event>
                <Id>1025</Id>
                <Version>0</Version>
                <Channel>Microsoft-Windows-Help/Operational</Channel>
                <Level>Error</Level>
                <Task>NonPerfEvents</Task>
                <Message><![CDATA[
Online server TOC response is not valid]]></Message>
                <Template><![CDATA[
<template xmlns="http://schemas.microsoft.com/win/2004/08/events">
  <data name="ErrorMessage" inType="win:UnicodeString" outType="xs:string"/>
</template>
]]></Template>
            </Event>
            <Event>
                <Id>1026</Id>
                <Version>0</Version>
                <Channel>Microsoft-Windows-Help/Operational</Channel>
                <Level>Error</Level>
                <Task>NonPerfEvents</Task>
                <Message><![CDATA[
Local TOC (Collection) is not valid]]></Message>
                <Template><![CDATA[
]]></Template>
            </Event>
            <Event>
                <Id>1030</Id>
                <Version>0</Version>
                <Channel>Microsoft-Windows-Help/Operational</Channel>
                <Level>Error</Level>
                <Task>NonPerfEvents</Task>
                <Message><![CDATA[
Online HTTP data retrieval failed]]></Message>
                <Template><![CDATA[
<template xmlns="http://schemas.microsoft.com/win/2004/08/events">
  <data name="ApplicationErrorCode" inType="win:UInt32" outType="xs:unsignedInt"/>
  <data name="Win32LastError" inType="win:UInt32" outType="xs:unsignedInt"/>
</template>
]]></Template>
            </Event>
            <Event>
                <Id>1040</Id>
                <Version>0</Version>
                <Channel>Microsoft-Windows-Help/Operational</Channel>
                <Level>Error</Level>
                <Task>NonPerfEvents</Task>
                <Message><![CDATA[
XML Load failed]]></Message>
                <Template><![CDATA[
<template xmlns="http://schemas.microsoft.com/win/2004/08/events">
  <data name="Message" inType="win:UnicodeString" outType="xs:string"/>
  <data name="Url" inType="win:UnicodeString" outType="xs:string"/>
  <data name="SrcText" inType="win:UnicodeString" outType="xs:string"/>
  <data name="Reason" inType="win:UnicodeString" outType="xs:string"/>
  <data name="ErrorCode" inType="win:UInt32" outType="xs:unsignedInt"/>
</template>
]]></Template>
            </Event>
            <Event>
                <Id>1041</Id>
                <Version>0</Version>
                <Channel>Microsoft-Windows-Help/Operational</Channel>
                <Level>Error</Level>
                <Task>NonPerfEvents</Task>
                <Message><![CDATA[
XML Transform failed]]></Message>
                <Template><![CDATA[
<template xmlns="http://schemas.microsoft.com/win/2004/08/events">
  <data name="Message" inType="win:UnicodeString" outType="xs:string"/>
  <data name="SrcText" inType="win:UnicodeString" outType="xs:string"/>
  <data name="Description" inType="win:UnicodeString" outType="xs:string"/>
  <data name="ErrorCode" inType="win:UInt32" outType="xs:unsignedInt"/>
</template>
]]></Template>
            </Event>
            <Event>
                <Id>1042</Id>
                <Version>0</Version>
                <Channel>Microsoft-Windows-Help/Operational</Channel>
                <Level>Error</Level>
                <Task>NonPerfEvents</Task>
                <Message><![CDATA[
XML Parser failed to initialize]]></Message>
                <Template><![CDATA[
]]></Template>
            </Event>
            <Event>
                <Id>2000</Id>
                <Version>0</Version>
                <Channel>Microsoft-Windows-Help/Operational</Channel>
                <Level>Information</Level>
                <Task>NonPerfEvents</Task>
                <Message><![CDATA[
Group policy found and loaded successfully]]></Message>
                <Template><![CDATA[
<template xmlns="http://schemas.microsoft.com/win/2004/08/events">
  <data name="policy" inType="win:UnicodeString" outType="xs:string"/>
</template>
]]></Template>
            </Event>
            <Event>
                <Id>2001</Id>
                <Version>0</Version>
                <Channel>Microsoft-Windows-Help/Operational</Channel>
                <Level>Information</Level>
                <Task>NonPerfEvents</Task>
                <Opcode>Start</Opcode>
                <Message><![CDATA[
Content merge was started]]></Message>
                <Template><![CDATA[
]]></Template>
            </Event>
            <Event>
                <Id>2002</Id>
                <Version>0</Version>
                <Channel>Microsoft-Windows-Help/Operational</Channel>
                <Level>Information</Level>
                <Task>NonPerfEvents</Task>
                <Opcode>Stop</Opcode>
                <Message><![CDATA[
Content merge was completed successfully]]></Message>
                <Template><![CDATA[
]]></Template>
            </Event>
            <Event>
                <Id>2003</Id>
                <Version>0</Version>
                <Channel>Microsoft-Windows-Help/Operational</Channel>
                <Level>Warning</Level>
                <Task>NonPerfEvents</Task>
                <Opcode>Suspend</Opcode>
                <Message><![CDATA[
Content merge was cancelled by the user]]></Message>
                <Template><![CDATA[
]]></Template>
            </Event>
            <Event>
                <Id>2004</Id>
                <Version>0</Version>
                <Channel>Microsoft-Windows-Help/Operational</Channel>
                <Level>Error</Level>
                <Task>NonPerfEvents</Task>
                <Opcode>Suspend</Opcode>
                <Message><![CDATA[
Content merge failed]]></Message>
                <Template><![CDATA[
]]></Template>
            </Event>
            <Event>
                <Id>2005</Id>
                <Version>0</Version>
                <Channel>Microsoft-Windows-Help/Operational</Channel>
                <Level>Information</Level>
                <Task>NonPerfEvents</Task>
                <Message><![CDATA[
Access Denied]]></Message>
                <Template><![CDATA[
<template xmlns="http://schemas.microsoft.com/win/2004/08/events">
  <data name="ApplicationErrorCode" inType="win:UInt32" outType="xs:unsignedInt"/>
  <data name="ErrorMessage" inType="win:UnicodeString" outType="xs:string"/>
</template>
]]></Template>
            </Event>
        </EventMetadata>
    </Provider>
</Providers>
