<Providers>
    <Provider>
        <Name>Microsoft-Windows-HAL</Name>
        <Metadata>
            <Guid>{63D1E632-95CC-4443-9312-AF927761D52A}</Guid>
            <ResourceFilePath>%systemroot%\system32\microsoft-windows-hal-events.dll</ResourceFilePath>
            <ParameterFilePath></ParameterFilePath>
            <MessageFilePath>%systemroot%\system32\microsoft-windows-hal-events.dll</MessageFilePath>
            <HelpLink></HelpLink>
            <PublisherMessage>Microsoft-Windows-HAL</PublisherMessage>
            <Channels>
                <Channel>
                    <Message>System</Message>
                    <Path>System</Path>
                    <Index>0</Index>
                    <Id>8</Id>
                    <Imported>true</Imported>
                </Channel>
                <Channel>
                    <Message>Microsoft-Windows-HAL/Debug</Message>
                    <Path>Microsoft-Windows-HAL/Debug</Path>
                    <Index>1</Index>
                    <Id>16</Id>
                    <Imported>false</Imported>
                </Channel>
            </Channels>
            <Levels>
                <Level>
                    <Message>Error</Message>
                    <Name>win:Error</Name>
                    <Value>2</Value>
                </Level>
                <Level>
                    <Message>Warning</Message>
                    <Name>win:Warning</Name>
                    <Value>3</Value>
                </Level>
                <Level>
                    <Message>Information</Message>
                    <Name>win:Informational</Name>
                    <Value>4</Value>
                </Level>
                <Level>
                    <Message>Verbose</Message>
                    <Name>win:Verbose</Name>
                    <Value>5</Value>
                </Level>
            </Levels>
            <Tasks>
            </Tasks>
            <Opcodes>
            </Opcodes>
            <Keywords>
                <Keyword>
                    <Message></Message>
                    <Name>halDiagnostic</Name>
                    <Value>1</Value>
                </Keyword>
            </Keywords>
        </Metadata>
        <EventMetadata>
            <Event>
                <Id>1</Id>
                <Version>0</Version>
                <Channel>System</Channel>
                <Level>Warning</Level>
                <Message><![CDATA[
Initialization of the High Precision Event Timer failed due to a BIOS configuration problem.
The operating system will use another available platform timer in lieu of the High Precision Event Timer.

Contact your system vendor for technical assistance.
Initialization status: %1.]]></Message>
                <Template><![CDATA[
<template xmlns="http://schemas.microsoft.com/win/2004/08/events">
  <data name="Status" inType="win:UInt32" outType="win:HexInt32"/>
</template>
]]></Template>
            </Event>
            <Event>
                <Id>2</Id>
                <Version>0</Version>
                <Channel>System</Channel>
                <Level>Warning</Level>
                <Message><![CDATA[
Initialization of the High Precision Event Timer failed due to unsupported hardware.
The operating system will use another available platform timer in lieu of the High Precision Event Timer.

Initialization status: %1.]]></Message>
                <Template><![CDATA[
<template xmlns="http://schemas.microsoft.com/win/2004/08/events">
  <data name="Status" inType="win:UInt32" outType="win:HexInt32"/>
</template>
]]></Template>
            </Event>
            <Event>
                <Id>3</Id>
                <Version>0</Version>
                <Channel>System</Channel>
                <Level>Warning</Level>
                <Message><![CDATA[
Initialization of the High Precision Event Timer failed due to an interrupt configuration problem.
The operating system will use another available platform timer in lieu of the High Precision Event Timer.

It may be possible to address this problem with an updated system BIOS.
Contact your system vendor for technical assistance.
Initialization status: %1.]]></Message>
                <Template><![CDATA[
<template xmlns="http://schemas.microsoft.com/win/2004/08/events">
  <data name="Status" inType="win:UInt32" outType="win:HexInt32"/>
</template>
]]></Template>
            </Event>
            <Event>
                <Id>4</Id>
                <Version>0</Version>
                <Channel>System</Channel>
                <Level>Warning</Level>
                <Message><![CDATA[
Due to an unexpected condition, the operating system will use another available platform timer in lieu of the processor's cycle counters.  Status: %1.]]></Message>
                <Template><![CDATA[
<template xmlns="http://schemas.microsoft.com/win/2004/08/events">
  <data name="Status" inType="win:UInt32" outType="win:HexInt32"/>
</template>
]]></Template>
            </Event>
            <Event>
                <Id>5</Id>
                <Version>0</Version>
                <Channel>Microsoft-Windows-HAL/Debug</Channel>
                <Level>Information</Level>
                <Message><![CDATA[
Due to an expected condition, the operating system will use another available platform timer in lieu of the processor's cycle counters.  Status: %1.]]></Message>
                <Template><![CDATA[
<template xmlns="http://schemas.microsoft.com/win/2004/08/events">
  <data name="Status" inType="win:UInt32" outType="win:HexInt32"/>
</template>
]]></Template>
            </Event>
            <Event>
                <Id>7</Id>
                <Version>0</Version>
                <Channel>Microsoft-Windows-HAL/Debug</Channel>
                <Level>Verbose</Level>
                <Message><![CDATA[
The processor cycle counter on processor %2 has been probed by processor %1.  A counter delta of %3 was detected.  The approximate communication delay between these processors was detected to be %4.]]></Message>
                <Template><![CDATA[
<template xmlns="http://schemas.microsoft.com/win/2004/08/events">
  <data name="LeadProcessor" inType="win:Int32" outType="xs:int"/>
  <data name="TargetProcessor" inType="win:Int32" outType="xs:int"/>
  <data name="Delta" inType="win:Int64" outType="xs:long"/>
  <data name="NopCycles" inType="win:UInt32" outType="xs:unsignedInt"/>
</template>
]]></Template>
            </Event>
            <Event>
                <Id>8</Id>
                <Version>0</Version>
                <Channel>Microsoft-Windows-HAL/Debug</Channel>
                <Level>Information</Level>
                <Message><![CDATA[
The processor's cycle counters have been successfully synchronized from processor %1 within acceptable operating thresholds.  The maximum positive delta detected was %3 and the maximum negative delta was %4.  Synchronization executed for %5 microseconds.]]></Message>
                <Template><![CDATA[
<template xmlns="http://schemas.microsoft.com/win/2004/08/events">
  <data name="LeadProcessor" inType="win:Int32" outType="xs:int"/>
  <data name="MaximumPositiveDeltaProcessor" inType="win:Int32" outType="xs:int"/>
  <data name="MaximumPositiveDelta" inType="win:Int32" outType="xs:int"/>
  <data name="MaximumNegativeDelta" inType="win:Int32" outType="xs:int"/>
  <data name="Microseconds" inType="win:Int32" outType="xs:int"/>
</template>
]]></Template>
            </Event>
            <Event>
                <Id>9</Id>
                <Version>0</Version>
                <Channel>Microsoft-Windows-HAL/Debug</Channel>
                <Level>Verbose</Level>
                <Message><![CDATA[
The processor cycle counter on processor %2 was synchronized against processor %1 using an adjustment of %4 cycles on attempt %5.  This resulted in a delta of %3 cycles.]]></Message>
                <Template><![CDATA[
<template xmlns="http://schemas.microsoft.com/win/2004/08/events">
  <data name="SourceProcessor" inType="win:Int32" outType="xs:int"/>
  <data name="TargetProcessor" inType="win:Int32" outType="xs:int"/>
  <data name="Delta" inType="win:Int64" outType="xs:long"/>
  <data name="Bias" inType="win:Int64" outType="xs:long"/>
  <data name="Wave" inType="win:UInt32" outType="xs:unsignedInt"/>
</template>
]]></Template>
            </Event>
            <Event>
                <Id>10</Id>
                <Version>0</Version>
                <Channel>Microsoft-Windows-HAL/Debug</Channel>
                <Level>Information</Level>
                <Message><![CDATA[
The synchronization of the processor's cycle counters was not able to synchronize the processors within acceptable operating thresholds.  Status: %1.]]></Message>
                <Template><![CDATA[
<template xmlns="http://schemas.microsoft.com/win/2004/08/events">
  <data name="Status" inType="win:UInt32" outType="win:HexInt32"/>
</template>
]]></Template>
            </Event>
            <Event>
                <Id>11</Id>
                <Version>0</Version>
                <Channel>System</Channel>
                <Level>Warning</Level>
                <Message><![CDATA[
The High Precision Event Timer failed to deliver message signalled interrupts.  The operating system will fall back to line based interrupts for this timer.
Initialization status: %1.]]></Message>
                <Template><![CDATA[
<template xmlns="http://schemas.microsoft.com/win/2004/08/events">
  <data name="Status" inType="win:UInt32" outType="win:HexInt32"/>
</template>
]]></Template>
            </Event>
            <Event>
                <Id>12</Id>
                <Version>0</Version>
                <Channel>System</Channel>
                <Level>Error</Level>
                <Keyword>halDiagnostic</Keyword>
                <Message><![CDATA[
The platform firmware has corrupted memory across the previous system power transition.  Please check for updated firmware for your system.]]></Message>
                <Template><![CDATA[
<template xmlns="http://schemas.microsoft.com/win/2004/08/events">
  <data name="Count" inType="win:UInt32" outType="xs:unsignedInt"/>
  <data name="FirstPage" inType="win:UInt32" outType="win:HexInt32"/>
  <data name="LastPage" inType="win:UInt32" outType="win:HexInt32"/>
</template>
]]></Template>
            </Event>
            <Event>
                <Id>13</Id>
                <Version>0</Version>
                <Channel>System</Channel>
                <Level>Error</Level>
                <Message><![CDATA[
The system watchdog timer was triggered.]]></Message>
                <Template><![CDATA[
]]></Template>
            </Event>
            <Event>
                <Id>14</Id>
                <Version>0</Version>
                <Channel>Microsoft-Windows-HAL/Debug</Channel>
                <Level>Information</Level>
                <Message><![CDATA[
The watchdog wake timer was triggered.]]></Message>
                <Template><![CDATA[
]]></Template>
            </Event>
            <Event>
                <Id>15</Id>
                <Version>0</Version>
                <Channel>System</Channel>
                <Level>Error</Level>
                <Message><![CDATA[
The iommu has detected an error.]]></Message>
                <Template><![CDATA[
<template xmlns="http://schemas.microsoft.com/win/2004/08/events">
  <data name="SourceId" inType="win:UInt64" outType="win:HexInt64"/>
  <data name="FaultInformation" inType="win:UInt64" outType="win:HexInt64"/>
  <data name="FaultReason" inType="win:UInt32" outType="win:HexInt32"/>
  <data name="ExtendedData" inType="win:UInt64" outType="win:HexInt64"/>
</template>
]]></Template>
            </Event>
            <Event>
                <Id>16</Id>
                <Version>0</Version>
                <Channel>System</Channel>
                <Level>Information</Level>
                <Message><![CDATA[
The iommu fault reporting has been initialized.]]></Message>
                <Template><![CDATA[
]]></Template>
            </Event>
        </EventMetadata>
    </Provider>
</Providers>
