<Providers>
    <Provider>
        <Name>Microsoft-Windows-IPxlatCfg</Name>
        <Metadata>
            <Guid>{3E5AC668-AF52-4C15-B99B-A3E7A6616EBD}</Guid>
            <ResourceFilePath>%SystemRoot%\System32\IPxlatCfg.dll</ResourceFilePath>
            <ParameterFilePath></ParameterFilePath>
            <MessageFilePath>%SystemRoot%\System32\IPxlatCfg.dll</MessageFilePath>
            <HelpLink></HelpLink>
            <PublisherMessage>Microsoft-Windows-IPxlatCfg</PublisherMessage>
            <Channels>
                <Channel>
                    <Message>Operational Channel</Message>
                    <Path>Microsoft-Windows-IPxlatCfg/Operational</Path>
                    <Index>0</Index>
                    <Id>16</Id>
                    <Imported>false</Imported>
                </Channel>
                <Channel>
                    <Message>Debug Channel</Message>
                    <Path>Microsoft-Windows-IPxlatCfg/Debug</Path>
                    <Index>1</Index>
                    <Id>17</Id>
                    <Imported>false</Imported>
                </Channel>
            </Channels>
            <Levels>
                <Level>
                    <Message>Error</Message>
                    <Name>win:Error</Name>
                    <Value>2</Value>
                </Level>
                <Level>
                    <Message>Information</Message>
                    <Name>win:Informational</Name>
                    <Value>4</Value>
                </Level>
            </Levels>
            <Tasks>
            </Tasks>
            <Opcodes>
                <Opcode>
                    <Message>Info</Message>
                    <Name>win:Info</Name>
                    <Value>0</Value>
                    <Task>0</Task>
                </Opcode>
                <Opcode>
                    <Message>Start</Message>
                    <Name>win:Start</Name>
                    <Value>1</Value>
                    <Task>0</Task>
                </Opcode>
                <Opcode>
                    <Message>Stop</Message>
                    <Name>win:Stop</Name>
                    <Value>2</Value>
                    <Task>0</Task>
                </Opcode>
            </Opcodes>
            <Keywords>
            </Keywords>
        </Metadata>
        <EventMetadata>
            <Event>
                <Id>1001</Id>
                <Version>0</Version>
                <Channel>Debug Channel</Channel>
                <Level>Error</Level>
                <Message><![CDATA[
ErrorCode: %2, ErrorMessage: %1]]></Message>
                <Template><![CDATA[
<template xmlns="http://schemas.microsoft.com/win/2004/08/events">
  <data name="ErrorString" inType="win:AnsiString" outType="xs:string"/>
  <data name="ErrorCode" inType="win:UInt32" outType="win:HexInt32"/>
</template>
]]></Template>
            </Event>
            <Event>
                <Id>1002</Id>
                <Version>0</Version>
                <Channel>Debug Channel</Channel>
                <Level>Error</Level>
                <Message><![CDATA[
Interface: %3, ErrorCode: %2, ErrorMessage: %1]]></Message>
                <Template><![CDATA[
<template xmlns="http://schemas.microsoft.com/win/2004/08/events">
  <data name="ErrorString" inType="win:AnsiString" outType="xs:string"/>
  <data name="ErrorCode" inType="win:UInt32" outType="win:HexInt32"/>
  <data name="InterfaceLuid" inType="win:UInt64" outType="win:HexInt64"/>
</template>
]]></Template>
            </Event>
            <Event>
                <Id>1003</Id>
                <Version>0</Version>
                <Channel>Debug Channel</Channel>
                <Level>Information</Level>
                <Message><![CDATA[
%1]]></Message>
                <Template><![CDATA[
<template xmlns="http://schemas.microsoft.com/win/2004/08/events">
  <data name="InfoString" inType="win:AnsiString" outType="xs:string"/>
</template>
]]></Template>
            </Event>
            <Event>
                <Id>1005</Id>
                <Version>0</Version>
                <Channel>Debug Channel</Channel>
                <Level>Information</Level>
                <Message><![CDATA[
Synthetic IPv4 Range: %1/%2]]></Message>
                <Template><![CDATA[
<template xmlns="http://schemas.microsoft.com/win/2004/08/events">
  <data name="IPv4Address" inType="win:UInt32" outType="win:IPv4"/>
  <data name="IPv4Prefix" inType="win:UInt32" outType="xs:unsignedInt"/>
</template>
]]></Template>
            </Event>
            <Event>
                <Id>1006</Id>
                <Version>0</Version>
                <Channel>Debug Channel</Channel>
                <Level>Information</Level>
                <Message><![CDATA[
Interface: %2, %1]]></Message>
                <Template><![CDATA[
<template xmlns="http://schemas.microsoft.com/win/2004/08/events">
  <data name="InfoString" inType="win:AnsiString" outType="xs:string"/>
  <data name="InterfaceLuid" inType="win:UInt64" outType="win:HexInt64"/>
</template>
]]></Template>
            </Event>
            <Event>
                <Id>1007</Id>
                <Version>0</Version>
                <Channel>Debug Channel</Channel>
                <Level>Information</Level>
                <Message><![CDATA[
Local Prefix Discovered: InterfaceLuid %1, Prefix: %2, PrefixLength: %3]]></Message>
                <Template><![CDATA[
<template xmlns="http://schemas.microsoft.com/win/2004/08/events">
  <data name="InterfaceLuid" inType="win:UInt64" outType="win:HexInt64"/>
  <data name="Prefix" inType="win:Binary" outType="win:IPv6" length="16"/>
  <data name="PrefixLength" inType="win:UInt32" outType="xs:unsignedInt"/>
</template>
]]></Template>
            </Event>
            <Event>
                <Id>1008</Id>
                <Version>0</Version>
                <Channel>Debug Channel</Channel>
                <Level>Information</Level>
                <Message><![CDATA[
InterfaceLuid: %1, Synthetic IPv4 Address: %2]]></Message>
                <Template><![CDATA[
<template xmlns="http://schemas.microsoft.com/win/2004/08/events">
  <data name="InterfaceLuid" inType="win:UInt64" outType="win:HexInt64"/>
  <data name="IPv4Address" inType="win:UInt32" outType="win:IPv4"/>
</template>
]]></Template>
            </Event>
            <Event>
                <Id>1009</Id>
                <Version>0</Version>
                <Channel>Debug Channel</Channel>
                <Level>Information</Level>
                <Message><![CDATA[
InterfaceLuid: %1, Synthetic IPv6 Address: %2]]></Message>
                <Template><![CDATA[
<template xmlns="http://schemas.microsoft.com/win/2004/08/events">
  <data name="InterfaceLuid" inType="win:UInt64" outType="win:HexInt64"/>
  <data name="IPv6Address" inType="win:Binary" outType="win:IPv6" length="16"/>
</template>
]]></Template>
            </Event>
            <Event>
                <Id>1010</Id>
                <Version>0</Version>
                <Channel>Debug Channel</Channel>
                <Level>Information</Level>
                <Message><![CDATA[
IPxlatInterface::Cleanup: InterfaceLuid %1]]></Message>
                <Template><![CDATA[
<template xmlns="http://schemas.microsoft.com/win/2004/08/events">
  <data name="InterfaceLuid" inType="win:UInt64" outType="win:HexInt64"/>
</template>
]]></Template>
            </Event>
            <Event>
                <Id>1011</Id>
                <Version>0</Version>
                <Channel>Debug Channel</Channel>
                <Level>Information</Level>
                <Message><![CDATA[
%1 %2]]></Message>
                <Template><![CDATA[
<template xmlns="http://schemas.microsoft.com/win/2004/08/events">
  <data name="InfoString" inType="win:AnsiString" outType="xs:string"/>
  <data name="MTU" inType="win:UInt32" outType="xs:unsignedInt"/>
</template>
]]></Template>
            </Event>
            <Event>
                <Id>1101</Id>
                <Version>0</Version>
                <Channel>Operational Channel</Channel>
                <Level>Information</Level>
                <Opcode>Start</Opcode>
                <Message><![CDATA[
464xlat Enabled: InterfaceLuid %1, Metric: %2, RemotePrefix: %3, RemotePrefixLength: %4, LocalPrefix: %5, LocalPrefixLength: %6]]></Message>
                <Template><![CDATA[
<template xmlns="http://schemas.microsoft.com/win/2004/08/events">
  <data name="InterfaceLuid" inType="win:UInt64" outType="win:HexInt64"/>
  <data name="Metric" inType="win:UInt32" outType="xs:unsignedInt"/>
  <data name="RemotePrefix" inType="win:Binary" outType="win:IPv6" length="16"/>
  <data name="RemotePrefixLength" inType="win:UInt32" outType="xs:unsignedInt"/>
  <data name="LocalPrefix" inType="win:Binary" outType="win:IPv6" length="16"/>
  <data name="LocalPrefixLength" inType="win:UInt32" outType="xs:unsignedInt"/>
</template>
]]></Template>
            </Event>
            <Event>
                <Id>1102</Id>
                <Version>0</Version>
                <Channel>Operational Channel</Channel>
                <Level>Information</Level>
                <Opcode>Stop</Opcode>
                <Message><![CDATA[
464xlat Disabled: InterfaceLuid %1, Metric: %2, RemotePrefix: %3, RemotePrefixLength: %4, LocalPrefix: %5, LocalPrefixLength: %6]]></Message>
                <Template><![CDATA[
<template xmlns="http://schemas.microsoft.com/win/2004/08/events">
  <data name="InterfaceLuid" inType="win:UInt64" outType="win:HexInt64"/>
  <data name="Metric" inType="win:UInt32" outType="xs:unsignedInt"/>
  <data name="RemotePrefix" inType="win:Binary" outType="win:IPv6" length="16"/>
  <data name="RemotePrefixLength" inType="win:UInt32" outType="xs:unsignedInt"/>
  <data name="LocalPrefix" inType="win:Binary" outType="win:IPv6" length="16"/>
  <data name="LocalPrefixLength" inType="win:UInt32" outType="xs:unsignedInt"/>
</template>
]]></Template>
            </Event>
            <Event>
                <Id>1103</Id>
                <Version>0</Version>
                <Channel>Operational Channel</Channel>
                <Level>Information</Level>
                <Message><![CDATA[
Remote Prefix Discovered: InterfaceLuid %1, Prefix: %2, PrefixLength: %3]]></Message>
                <Template><![CDATA[
<template xmlns="http://schemas.microsoft.com/win/2004/08/events">
  <data name="InterfaceLuid" inType="win:UInt64" outType="win:HexInt64"/>
  <data name="Prefix" inType="win:Binary" outType="win:IPv6" length="16"/>
  <data name="PrefixLength" inType="win:UInt32" outType="xs:unsignedInt"/>
</template>
]]></Template>
            </Event>
        </EventMetadata>
    </Provider>
</Providers>
