<Providers>
    <Provider>
        <Name>Microsoft-Windows-CorruptedFileRecovery-Client</Name>
        <Metadata>
            <Guid>{BA093605-3909-4345-990B-26B746ADEE0A}</Guid>
            <ResourceFilePath>%SystemRoot%\system32\cofiredm.dll</ResourceFilePath>
            <ParameterFilePath></ParameterFilePath>
            <MessageFilePath>%SystemRoot%\system32\cofiredm.dll</MessageFilePath>
            <HelpLink></HelpLink>
            <PublisherMessage>Microsoft-Windows-CorruptedFileRecovery-Client</PublisherMessage>
            <Channels>
                <Channel>
                    <Message>System</Message>
                    <Path>System</Path>
                    <Index>0</Index>
                    <Id>8</Id>
                    <Imported>true</Imported>
                </Channel>
                <Channel>
                    <Message>Microsoft-Windows-CorruptedFileRecovery-Client/Operational</Message>
                    <Path>Microsoft-Windows-CorruptedFileRecovery-Client/Operational</Path>
                    <Index>1</Index>
                    <Id>16</Id>
                    <Imported>false</Imported>
                </Channel>
            </Channels>
            <Levels>
                <Level>
                    <Message>Error</Message>
                    <Name>win:Error</Name>
                    <Value>2</Value>
                </Level>
                <Level>
                    <Message>Information</Message>
                    <Name>win:Informational</Name>
                    <Value>4</Value>
                </Level>
            </Levels>
            <Tasks>
            </Tasks>
            <Opcodes>
            </Opcodes>
            <Keywords>
            </Keywords>
        </Metadata>
        <EventMetadata>
            <Event>
                <Id>1</Id>
                <Version>0</Version>
                <Channel>Microsoft-Windows-CorruptedFileRecovery-Client/Operational</Channel>
                <Level>Error</Level>
                <Message><![CDATA[
The system file %1 may be corrupted, which may have caused the application %2 to stop working. Windows could not repair this file automatically (error code %3). Run the command "sfc /scannow" at an administrative command prompt to check for errors and to repair the file if necessary.]]></Message>
                <Template><![CDATA[
<template xmlns="http://schemas.microsoft.com/win/2004/08/events">
  <data name="FileName" inType="win:UnicodeString" outType="xs:string"/>
  <data name="AppName" inType="win:UnicodeString" outType="xs:string"/>
  <data name="ErrorCode" inType="win:UInt32" outType="xs:unsignedInt"/>
</template>
]]></Template>
            </Event>
            <Event>
                <Id>2</Id>
                <Version>0</Version>
                <Channel>Microsoft-Windows-CorruptedFileRecovery-Client/Operational</Channel>
                <Level>Information</Level>
                <Message><![CDATA[
The system file %1 may be corrupted, which may have caused the application %2 to stop working. Windows attempted to repair the file, but the operation was disabled by group policy.  Run the command "sfc /scannow" at an administrative command prompt to check for errors and to repair the file if necessary.]]></Message>
                <Template><![CDATA[
<template xmlns="http://schemas.microsoft.com/win/2004/08/events">
  <data name="FileName" inType="win:UnicodeString" outType="xs:string"/>
  <data name="AppName" inType="win:UnicodeString" outType="xs:string"/>
</template>
]]></Template>
            </Event>
            <Event>
                <Id>3</Id>
                <Version>0</Version>
                <Channel>Microsoft-Windows-CorruptedFileRecovery-Client/Operational</Channel>
                <Level>Information</Level>
                <Message><![CDATA[
The system file %1 is corrupted, which may have caused the application %2 to stop working. Windows could not attempt to repair %1 because the operation was disabled by group policy.  Run the command "sfc /scannow" at an administrative command prompt to check for errors and to repair the file if necessary.]]></Message>
                <Template><![CDATA[
<template xmlns="http://schemas.microsoft.com/win/2004/08/events">
  <data name="FileName" inType="win:UnicodeString" outType="xs:string"/>
  <data name="AppName" inType="win:UnicodeString" outType="xs:string"/>
</template>
]]></Template>
            </Event>
        </EventMetadata>
    </Provider>
</Providers>
