<Providers>
    <Provider>
        <Name>Microsoft-Windows-CorruptedFileRecovery-Server</Name>
        <Metadata>
            <Guid>{D6F68875-CDF5-43A5-A3E3-53FFD683311C}</Guid>
            <ResourceFilePath>%SystemRoot%\system32\cofiredm.dll</ResourceFilePath>
            <ParameterFilePath></ParameterFilePath>
            <MessageFilePath>%SystemRoot%\system32\cofiredm.dll</MessageFilePath>
            <HelpLink></HelpLink>
            <PublisherMessage>Microsoft-Windows-CorruptedFileRecovery-Server</PublisherMessage>
            <Channels>
                <Channel>
                    <Message>System</Message>
                    <Path>System</Path>
                    <Index>0</Index>
                    <Id>8</Id>
                    <Imported>true</Imported>
                </Channel>
                <Channel>
                    <Message>Microsoft-Windows-CorruptedFileRecovery-Server/Operational</Message>
                    <Path>Microsoft-Windows-CorruptedFileRecovery-Server/Operational</Path>
                    <Index>1</Index>
                    <Id>16</Id>
                    <Imported>false</Imported>
                </Channel>
            </Channels>
            <Levels>
                <Level>
                    <Message>Critical</Message>
                    <Name>win:Critical</Name>
                    <Value>1</Value>
                </Level>
                <Level>
                    <Message>Error</Message>
                    <Name>win:Error</Name>
                    <Value>2</Value>
                </Level>
                <Level>
                    <Message>Warning</Message>
                    <Name>win:Warning</Name>
                    <Value>3</Value>
                </Level>
                <Level>
                    <Message>Information</Message>
                    <Name>win:Informational</Name>
                    <Value>4</Value>
                </Level>
            </Levels>
            <Tasks>
            </Tasks>
            <Opcodes>
            </Opcodes>
            <Keywords>
            </Keywords>
        </Metadata>
        <EventMetadata>
            <Event>
                <Id>1</Id>
                <Version>0</Version>
                <Channel>Microsoft-Windows-CorruptedFileRecovery-Server/Operational</Channel>
                <Level>Information</Level>
                <Message><![CDATA[
The file %1 may be corrupted, which may have caused the application %2 to stop working. Windows did not attempt to repair %1 because it is not a protected system file.]]></Message>
                <Template><![CDATA[
<template xmlns="http://schemas.microsoft.com/win/2004/08/events">
  <data name="FileName" inType="win:UnicodeString" outType="xs:string"/>
  <data name="AppName" inType="win:UnicodeString" outType="xs:string"/>
</template>
]]></Template>
            </Event>
            <Event>
                <Id>2</Id>
                <Version>0</Version>
                <Channel>Microsoft-Windows-CorruptedFileRecovery-Server/Operational</Channel>
                <Level>Information</Level>
                <Message><![CDATA[
The system file %1 is corrupted, which may have caused the application %2 to stop working. Windows will not attempt to repair %1 because too many corrupted files have been detected recently.  Frequent corruptions may indicate a problem with the disk on this computer.]]></Message>
                <Template><![CDATA[
<template xmlns="http://schemas.microsoft.com/win/2004/08/events">
  <data name="FileName" inType="win:UnicodeString" outType="xs:string"/>
  <data name="AppName" inType="win:UnicodeString" outType="xs:string"/>
</template>
]]></Template>
            </Event>
            <Event>
                <Id>3</Id>
                <Version>0</Version>
                <Channel>Microsoft-Windows-CorruptedFileRecovery-Server/Operational</Channel>
                <Level>Information</Level>
                <Message><![CDATA[
The system file %1 may be corrupted, which may have caused the application %2 to stop working. Windows did not attempt to repair this file because the same file has been repaired too many times over a recent period of time.]]></Message>
                <Template><![CDATA[
<template xmlns="http://schemas.microsoft.com/win/2004/08/events">
  <data name="FileName" inType="win:UnicodeString" outType="xs:string"/>
  <data name="AppName" inType="win:UnicodeString" outType="xs:string"/>
</template>
]]></Template>
            </Event>
            <Event>
                <Id>4</Id>
                <Version>0</Version>
                <Channel>Microsoft-Windows-CorruptedFileRecovery-Server/Operational</Channel>
                <Level>Information</Level>
                <Message><![CDATA[
The system file %1 is corrupted, which may have caused the application %2 to stop working. Windows did not attempt to repair this file because a repair attempt is already underway for the same file.]]></Message>
                <Template><![CDATA[
<template xmlns="http://schemas.microsoft.com/win/2004/08/events">
  <data name="FileName" inType="win:UnicodeString" outType="xs:string"/>
  <data name="AppName" inType="win:UnicodeString" outType="xs:string"/>
</template>
]]></Template>
            </Event>
            <Event>
                <Id>5</Id>
                <Version>0</Version>
                <Channel>Microsoft-Windows-CorruptedFileRecovery-Server/Operational</Channel>
                <Level>Information</Level>
                <Message><![CDATA[
The system file %1 was reported as being corrupted but Windows determined that the file is not actually damaged. It may have been repaired already.]]></Message>
                <Template><![CDATA[
<template xmlns="http://schemas.microsoft.com/win/2004/08/events">
  <data name="FileName" inType="win:UnicodeString" outType="xs:string"/>
  <data name="AppName" inType="win:UnicodeString" outType="xs:string"/>
</template>
]]></Template>
            </Event>
            <Event>
                <Id>6</Id>
                <Version>0</Version>
                <Channel>System</Channel>
                <Level>Error</Level>
                <Message><![CDATA[
The system file %1 was corrupted, which may have caused the application %2 to stop working. Windows was unable to repair this file (error code %3).  Run the command "sfc /scannow" at an administrative command prompt to check for errors and to repair the file if necessary.]]></Message>
                <Template><![CDATA[
<template xmlns="http://schemas.microsoft.com/win/2004/08/events">
  <data name="FileName" inType="win:UnicodeString" outType="xs:string"/>
  <data name="AppName" inType="win:UnicodeString" outType="xs:string"/>
  <data name="ErrorCode" inType="win:UInt32" outType="xs:unsignedInt"/>
</template>
]]></Template>
            </Event>
            <Event>
                <Id>7</Id>
                <Version>0</Version>
                <Channel>Microsoft-Windows-CorruptedFileRecovery-Server/Operational</Channel>
                <Level>Information</Level>
                <Message><![CDATA[
The system file %1 was corrupted, which may have caused the application %2 to stop working. Windows successfully repaired the damaged file.]]></Message>
                <Template><![CDATA[
<template xmlns="http://schemas.microsoft.com/win/2004/08/events">
  <data name="FileName" inType="win:UnicodeString" outType="xs:string"/>
  <data name="AppName" inType="win:UnicodeString" outType="xs:string"/>
</template>
]]></Template>
            </Event>
            <Event>
                <Id>8</Id>
                <Version>0</Version>
                <Channel>System</Channel>
                <Level>Critical</Level>
                <Message><![CDATA[
The system file %1 was corrupted, which may have caused the application %2 to stop working. Windows attempted to repair the file. A reboot is required to finish this repair.]]></Message>
                <Template><![CDATA[
<template xmlns="http://schemas.microsoft.com/win/2004/08/events">
  <data name="FileName" inType="win:UnicodeString" outType="xs:string"/>
  <data name="AppName" inType="win:UnicodeString" outType="xs:string"/>
</template>
]]></Template>
            </Event>
            <Event>
                <Id>9</Id>
                <Version>0</Version>
                <Channel>Microsoft-Windows-CorruptedFileRecovery-Server/Operational</Channel>
                <Level>Information</Level>
                <Message><![CDATA[
The system file %1 may be corrupted, which may have caused the application %2 to stop working. Windows attempted to repair the file, but the operation was cancelled before it could be completed.  Run the command "sfc /scannow" at an administrative command prompt to check for errors and to repair the file if necessary.]]></Message>
                <Template><![CDATA[
<template xmlns="http://schemas.microsoft.com/win/2004/08/events">
  <data name="FileName" inType="win:UnicodeString" outType="xs:string"/>
  <data name="AppName" inType="win:UnicodeString" outType="xs:string"/>
</template>
]]></Template>
            </Event>
            <Event>
                <Id>10</Id>
                <Version>0</Version>
                <Channel>System</Channel>
                <Level>Error</Level>
                <Message><![CDATA[
The system file %1 may be corrupted, but Windows could not determine if the file was actually damaged (error code %3). No repair action was taken. Run the command "sfc /scannow" at an administrative command prompt to check for errors and to repair the file if necessary.]]></Message>
                <Template><![CDATA[
<template xmlns="http://schemas.microsoft.com/win/2004/08/events">
  <data name="FileName" inType="win:UnicodeString" outType="xs:string"/>
  <data name="AppName" inType="win:UnicodeString" outType="xs:string"/>
  <data name="ErrorCode" inType="win:UInt32" outType="xs:unsignedInt"/>
</template>
]]></Template>
            </Event>
            <Event>
                <Id>11</Id>
                <Version>0</Version>
                <Channel>System</Channel>
                <Level>Warning</Level>
                <Message><![CDATA[
The system file %1 is corrupted, which may have caused the application %2 to stop working. Windows could not attempt to repair %1 because a previous repair operation was pended.  Reboot the computer and run the command "sfc /scannow" at an administrative command prompt to check for errors and to repair the file if necessary.]]></Message>
                <Template><![CDATA[
<template xmlns="http://schemas.microsoft.com/win/2004/08/events">
  <data name="FileName" inType="win:UnicodeString" outType="xs:string"/>
  <data name="AppName" inType="win:UnicodeString" outType="xs:string"/>
</template>
]]></Template>
            </Event>
            <Event>
                <Id>12</Id>
                <Version>0</Version>
                <Channel>System</Channel>
                <Level>Warning</Level>
                <Message><![CDATA[
Windows detected that program file %1 is corrupted, causing application %2 to stop working. To restore the file, reinstall %3 version %4.]]></Message>
                <Template><![CDATA[
<template xmlns="http://schemas.microsoft.com/win/2004/08/events">
  <data name="FilePath" inType="win:UnicodeString" outType="xs:string"/>
  <data name="AppName" inType="win:UnicodeString" outType="xs:string"/>
  <data name="ProductName" inType="win:UnicodeString" outType="xs:string"/>
  <data name="ProductVersion" inType="win:UnicodeString" outType="xs:string"/>
</template>
]]></Template>
            </Event>
            <Event>
                <Id>13</Id>
                <Version>0</Version>
                <Channel>Microsoft-Windows-CorruptedFileRecovery-Server/Operational</Channel>
                <Level>Information</Level>
                <Message><![CDATA[
The program file %1 was reported as being possibly corrupted, causing application %2 to stop working. Windows performed additional diagnostics and determined that the file is not actually damaged.]]></Message>
                <Template><![CDATA[
<template xmlns="http://schemas.microsoft.com/win/2004/08/events">
  <data name="FileName" inType="win:UnicodeString" outType="xs:string"/>
  <data name="AppName" inType="win:UnicodeString" outType="xs:string"/>
</template>
]]></Template>
            </Event>
            <Event>
                <Id>14</Id>
                <Version>0</Version>
                <Channel>System</Channel>
                <Level>Information</Level>
                <Message><![CDATA[
The file %1 may be corrupted, which may have caused the application %2 to stop working. Windows did not attempt to repair %1 because it could not find its corresponding installer package.]]></Message>
                <Template><![CDATA[
<template xmlns="http://schemas.microsoft.com/win/2004/08/events">
  <data name="FileName" inType="win:UnicodeString" outType="xs:string"/>
  <data name="AppName" inType="win:UnicodeString" outType="xs:string"/>
</template>
]]></Template>
            </Event>
            <Event>
                <Id>15</Id>
                <Version>0</Version>
                <Channel>Microsoft-Windows-CorruptedFileRecovery-Server/Operational</Channel>
                <Level>Information</Level>
                <Message><![CDATA[
Windows detected that program file %1 is corrupted, causing application %2 to stop working. Reinstalling %3 version %4 may repair the file. However, Windows is not launching a %3 reinstallation because too many product reinstalls have run recently.]]></Message>
                <Template><![CDATA[
<template xmlns="http://schemas.microsoft.com/win/2004/08/events">
  <data name="FilePath" inType="win:UnicodeString" outType="xs:string"/>
  <data name="AppName" inType="win:UnicodeString" outType="xs:string"/>
  <data name="ProductName" inType="win:UnicodeString" outType="xs:string"/>
  <data name="ProductVersion" inType="win:UnicodeString" outType="xs:string"/>
</template>
]]></Template>
            </Event>
            <Event>
                <Id>16</Id>
                <Version>0</Version>
                <Channel>Microsoft-Windows-CorruptedFileRecovery-Server/Operational</Channel>
                <Level>Information</Level>
                <Message><![CDATA[
Windows detected that program file %1 is corrupted, causing application %2 to stop working. Reinstalling %3 version %4 may repair the file. However, Windows is not launching a %3 reinstallation because that product has already been reinstalled too many times recently.]]></Message>
                <Template><![CDATA[
<template xmlns="http://schemas.microsoft.com/win/2004/08/events">
  <data name="FilePath" inType="win:UnicodeString" outType="xs:string"/>
  <data name="AppName" inType="win:UnicodeString" outType="xs:string"/>
  <data name="ProductName" inType="win:UnicodeString" outType="xs:string"/>
  <data name="ProductVersion" inType="win:UnicodeString" outType="xs:string"/>
</template>
]]></Template>
            </Event>
            <Event>
                <Id>17</Id>
                <Version>0</Version>
                <Channel>Microsoft-Windows-CorruptedFileRecovery-Server/Operational</Channel>
                <Level>Information</Level>
                <Message><![CDATA[
The program file %1 was reported as being possibly corrupted, causing application %2 to stop working. Windows performed additional diagnostics and determined that the file is not an executable image. To avoid potential user data loss, Windows will not attempt to repair the file.]]></Message>
                <Template><![CDATA[
<template xmlns="http://schemas.microsoft.com/win/2004/08/events">
  <data name="FileName" inType="win:UnicodeString" outType="xs:string"/>
  <data name="AppName" inType="win:UnicodeString" outType="xs:string"/>
</template>
]]></Template>
            </Event>
        </EventMetadata>
    </Provider>
</Providers>
