<Providers>
    <Provider>
        <Name>Microsoft-Windows-Crypto-DPAPI</Name>
        <Metadata>
            <Guid>{89FE8F40-CDCE-464E-8217-15EF97D4C7C3}</Guid>
            <ResourceFilePath>%SystemRoot%\System32\dpapisrv.dll</ResourceFilePath>
            <ParameterFilePath></ParameterFilePath>
            <MessageFilePath>%SystemRoot%\System32\dpapisrv.dll</MessageFilePath>
            <HelpLink></HelpLink>
            <PublisherMessage>Microsoft-Windows-Crypto-DPAPI</PublisherMessage>
            <Channels>
                <Channel>
                    <Message>Microsoft-Windows-Crypto-DPAPI/Operational</Message>
                    <Path>Microsoft-Windows-Crypto-DPAPI/Operational</Path>
                    <Index>0</Index>
                    <Id>16</Id>
                    <Imported>false</Imported>
                </Channel>
                <Channel>
                    <Message>Microsoft-Windows-Crypto-DPAPI/BackUpKeySvc</Message>
                    <Path>Microsoft-Windows-Crypto-DPAPI/BackUpKeySvc</Path>
                    <Index>1</Index>
                    <Id>17</Id>
                    <Imported>false</Imported>
                </Channel>
                <Channel>
                    <Message>Microsoft-Windows-Crypto-DPAPI/Debug</Message>
                    <Path>Microsoft-Windows-Crypto-DPAPI/Debug</Path>
                    <Index>2</Index>
                    <Id>18</Id>
                    <Imported>false</Imported>
                </Channel>
            </Channels>
            <Levels>
                <Level>
                    <Message>Error</Message>
                    <Name>win:Error</Name>
                    <Value>2</Value>
                </Level>
                <Level>
                    <Message>Information</Message>
                    <Name>win:Informational</Name>
                    <Value>4</Value>
                </Level>
            </Levels>
            <Tasks>
                <Task>
                    <Message>BackUp Service Operation</Message>
                    <Name>BackUpServiceOperation</Name>
                    <Value>1</Value>
                </Task>
                <Task>
                    <Message>Master Key Operation</Message>
                    <Name>MasterKeyOperation</Name>
                    <Value>2</Value>
                </Task>
                <Task>
                    <Message>Data Protection Operation</Message>
                    <Name>DataProtectionOperation</Name>
                    <Value>4</Value>
                </Task>
                <Task>
                    <Message>Credential Key Operation</Message>
                    <Name>CredKeyOperation</Name>
                    <Value>8</Value>
                </Task>
                <Task>
                    <Message>Credential History File Operation</Message>
                    <Name>CredHistOperation</Name>
                    <Value>16</Value>
                </Task>
                <Task>
                    <Message>Diagnostic File Check</Message>
                    <Name>DiagnosticFileCheck</Name>
                    <Value>32</Value>
                </Task>
                <Task>
                    <Message>DPAPIDefInformationTaskMessage</Message>
                    <Name>DPAPIDefInformationTask</Name>
                    <Value>64</Value>
                </Task>
                <Task>
                    <Message>DPAPI Master Key Backup</Message>
                    <Name>DPAPIRC4FallbackTask</Name>
                    <Value>128</Value>
                </Task>
                <Task>
                    <Message>DPAPI Master Key Backup</Message>
                    <Name>DPAPIMasterKeyBackupTask</Name>
                    <Value>256</Value>
                </Task>
            </Tasks>
            <Opcodes>
                <Opcode>
                    <Message>Info</Message>
                    <Name>win:Info</Name>
                    <Value>0</Value>
                    <Task>0</Task>
                </Opcode>
            </Opcodes>
            <Keywords>
                <Keyword>
                    <Message>BackUp Service Operation</Message>
                    <Name>ETW_TASK_BACKUPSERVICE_OPERATION</Name>
                    <Value>1</Value>
                </Keyword>
                <Keyword>
                    <Message>Master Key Operation</Message>
                    <Name>ETW_TASK_MASTERKEY_OPERATION</Name>
                    <Value>2</Value>
                </Keyword>
                <Keyword>
                    <Message>Data Protection Operation</Message>
                    <Name>ETW_TASK_DATAPROTECTION_OPERATION</Name>
                    <Value>4</Value>
                </Keyword>
                <Keyword>
                    <Message>Credential Key Operation</Message>
                    <Name>ETW_TASK_CREDKEY_OPERATION</Name>
                    <Value>8</Value>
                </Keyword>
                <Keyword>
                    <Message>Credential History File Operation</Message>
                    <Name>ETW_TASK_CREDHIST_OPERATION</Name>
                    <Value>16</Value>
                </Keyword>
                <Keyword>
                    <Message>Diagnostic File Check</Message>
                    <Name>ETW_TASK_DIAGNOSTICFILE_CHECK</Name>
                    <Value>32</Value>
                </Keyword>
                <Keyword>
                    <Message>DPAPIDefInformationKeywordMessage</Message>
                    <Name>ETW_TASK_DEF_INFORMATION</Name>
                    <Value>64</Value>
                </Keyword>
                <Keyword>
                    <Message>DPAPIRC4FallbackKeywordMessage</Message>
                    <Name>ETW_TASK_RC4_FALLBACK</Name>
                    <Value>128</Value>
                </Keyword>
                <Keyword>
                    <Message>DPAPIMasterKeyBackupKeywordMessage</Message>
                    <Name>ETW_TASK_MASTER_KEY_BACKUP</Name>
                    <Value>256</Value>
                </Keyword>
            </Keywords>
        </Metadata>
        <EventMetadata>
            <Event>
                <Id>1</Id>
                <Version>0</Version>
                <Channel>Microsoft-Windows-Crypto-DPAPI/Operational</Channel>
                <Level>Information</Level>
                <Task>Master Key Operation</Task>
                <Keyword>Master Key Operation</Keyword>
                <Message><![CDATA[
DPAPI created Master key.

 	GUID:	%1
 	User Storage Area:	%2
]]></Message>
                <Template><![CDATA[
<template xmlns="http://schemas.microsoft.com/win/2004/08/events">
  <data name="MasterKeyGUID" inType="win:GUID" outType="xs:GUID"/>
  <data name="UserStorage" inType="win:UnicodeString" outType="xs:string"/>
</template>
]]></Template>
            </Event>
            <Event>
                <Id>2</Id>
                <Version>0</Version>
                <Channel>Microsoft-Windows-Crypto-DPAPI/Operational</Channel>
                <Level>Information</Level>
                <Task>Master Key Operation</Task>
                <Keyword>Master Key Operation</Keyword>
                <Message><![CDATA[
DPAPI deleted Master key.

 	GUID:	%1
 	User Storage Area:	%2
]]></Message>
                <Template><![CDATA[
<template xmlns="http://schemas.microsoft.com/win/2004/08/events">
  <data name="MasterKeyGUID" inType="win:UnicodeString" outType="xs:string"/>
  <data name="UserStorage" inType="win:UnicodeString" outType="xs:string"/>
</template>
]]></Template>
            </Event>
            <Event>
                <Id>3</Id>
                <Version>0</Version>
                <Channel>Microsoft-Windows-Crypto-DPAPI/Operational</Channel>
                <Level>Information</Level>
                <Task>Master Key Operation</Task>
                <Keyword>Master Key Operation</Keyword>
                <Message><![CDATA[
Master key access failed.

 	GUID:			%1
 	Success:			%2
 	Last error:		%3
 	Master key disposition:	%3
]]></Message>
                <Template><![CDATA[
<template xmlns="http://schemas.microsoft.com/win/2004/08/events">
  <data name="MasterKeyGUID" inType="win:GUID" outType="xs:GUID"/>
  <data name="Success" inType="win:Boolean" outType="xs:boolean"/>
  <data name="LastError" inType="win:HexInt32" outType="win:HexInt32"/>
  <data name="MasterKeyDisposition" inType="win:HexInt32" outType="win:HexInt32"/>
</template>
]]></Template>
            </Event>
            <Event>
                <Id>4</Id>
                <Version>0</Version>
                <Channel>Microsoft-Windows-Crypto-DPAPI/Operational</Channel>
                <Level>Information</Level>
                <Task>Master Key Operation</Task>
                <Keyword>Master Key Operation</Keyword>
                <Message><![CDATA[
Password Change triggered.

 	Status:	%1
]]></Message>
                <Template><![CDATA[
<template xmlns="http://schemas.microsoft.com/win/2004/08/events">
  <data name="Status" inType="win:HexInt32" outType="win:ErrorCode"/>
</template>
]]></Template>
            </Event>
            <Event>
                <Id>5</Id>
                <Version>0</Version>
                <Channel>Microsoft-Windows-Crypto-DPAPI/Operational</Channel>
                <Level>Information</Level>
                <Task>Master Key Operation</Task>
                <Keyword>Master Key Operation</Keyword>
                <Message><![CDATA[
Synchronization of Master keys triggered.]]></Message>
                <Template><![CDATA[
]]></Template>
            </Event>
            <Event>
                <Id>4097</Id>
                <Version>0</Version>
                <Channel>Microsoft-Windows-Crypto-DPAPI/BackUpKeySvc</Channel>
                <Level>Information</Level>
                <Task>BackUp Service Operation</Task>
                <Keyword>BackUp Service Operation</Keyword>
                <Message><![CDATA[
DPAPI BackUp service started]]></Message>
                <Template><![CDATA[
]]></Template>
            </Event>
            <Event>
                <Id>4098</Id>
                <Version>0</Version>
                <Channel>Microsoft-Windows-Crypto-DPAPI/BackUpKeySvc</Channel>
                <Level>Information</Level>
                <Task>BackUp Service Operation</Task>
                <Keyword>BackUp Service Operation</Keyword>
                <Message><![CDATA[
DPAPI BackUp service stopped]]></Message>
                <Template><![CDATA[
]]></Template>
            </Event>
            <Event>
                <Id>4099</Id>
                <Version>0</Version>
                <Channel>Microsoft-Windows-Crypto-DPAPI/BackUpKeySvc</Channel>
                <Level>Error</Level>
                <Task>BackUp Service Operation</Task>
                <Keyword>BackUp Service Operation</Keyword>
                <Message><![CDATA[
DPAPI BackUp service setup of preferred backup keys failed.
 	%1
 	Error code: %2
]]></Message>
                <Template><![CDATA[
<template xmlns="http://schemas.microsoft.com/win/2004/08/events">
  <data name="FailureReason" inType="win:UnicodeString" outType="xs:string"/>
  <data name="Status" inType="win:HexInt32" outType="win:ErrorCode"/>
</template>
]]></Template>
            </Event>
            <Event>
                <Id>8193</Id>
                <Version>0</Version>
                <Channel>Microsoft-Windows-Crypto-DPAPI/Debug</Channel>
                <Level>Error</Level>
                <Task>Master Key Operation</Task>
                <Keyword>Master Key Operation</Keyword>
                <Message><![CDATA[
System credentials creation in LSASS failed. 

 	Status:	%1
 ]]></Message>
                <Template><![CDATA[
<template xmlns="http://schemas.microsoft.com/win/2004/08/events">
  <data name="Status" inType="win:HexInt32" outType="win:ErrorCode"/>
</template>
]]></Template>
            </Event>
            <Event>
                <Id>8194</Id>
                <Version>0</Version>
                <Channel>Microsoft-Windows-Crypto-DPAPI/Debug</Channel>
                <Level>Error</Level>
                <Task>Master Key Operation</Task>
                <Keyword>Master Key Operation</Keyword>
                <Message><![CDATA[
DPAPI Master key file open failed.

 	FileName:	%1
 	Access:	%2
]]></Message>
                <Template><![CDATA[
<template xmlns="http://schemas.microsoft.com/win/2004/08/events">
  <data name="FileName" inType="win:UnicodeString" outType="xs:string"/>
  <data name="Access" inType="win:HexInt32" outType="win:HexInt32"/>
</template>
]]></Template>
            </Event>
            <Event>
                <Id>8195</Id>
                <Version>0</Version>
                <Channel>Microsoft-Windows-Crypto-DPAPI/Debug</Channel>
                <Level>Error</Level>
                <Task>Master Key Operation</Task>
                <Keyword>Master Key Operation</Keyword>
                <Message><![CDATA[
Master key encryption in memory failed]]></Message>
                <Template><![CDATA[
]]></Template>
            </Event>
            <Event>
                <Id>8196</Id>
                <Version>0</Version>
                <Channel>Microsoft-Windows-Crypto-DPAPI/Operational</Channel>
                <Level>Error</Level>
                <Task>Master Key Operation</Task>
                <Keyword>Master Key Operation</Keyword>
                <Message><![CDATA[
Master key decryption in memory failed]]></Message>
                <Template><![CDATA[
]]></Template>
            </Event>
            <Event>
                <Id>8197</Id>
                <Version>0</Version>
                <Channel>Microsoft-Windows-Crypto-DPAPI/Debug</Channel>
                <Level>Error</Level>
                <Task>Data Protection Operation</Task>
                <Keyword>Data Protection Operation</Keyword>
                <Message><![CDATA[
DPAPI Protect failed .

 	Status:	%1
 	ReasonForFailure:	%2
]]></Message>
                <Template><![CDATA[
<template xmlns="http://schemas.microsoft.com/win/2004/08/events">
  <data name="Status" inType="win:HexInt32" outType="win:ErrorCode"/>
  <data name="ReasonForFailure" inType="win:UInt32" outType="xs:unsignedInt"/>
</template>
]]></Template>
            </Event>
            <Event>
                <Id>8198</Id>
                <Version>0</Version>
                <Channel>Microsoft-Windows-Crypto-DPAPI/Operational</Channel>
                <Level>Error</Level>
                <Task>Data Protection Operation</Task>
                <Keyword>Data Protection Operation</Keyword>
                <Message><![CDATA[
DPAPI Unprotect failed .

 	Status:	%1
 	ReasonForFailure:	%2
]]></Message>
                <Template><![CDATA[
<template xmlns="http://schemas.microsoft.com/win/2004/08/events">
  <data name="Status" inType="win:HexInt32" outType="win:ErrorCode"/>
  <data name="ReasonForFailure" inType="win:UInt32" outType="xs:unsignedInt"/>
</template>
]]></Template>
            </Event>
            <Event>
                <Id>8199</Id>
                <Version>0</Version>
                <Channel>Microsoft-Windows-Crypto-DPAPI/Operational</Channel>
                <Level>Error</Level>
                <Task>Master Key Operation</Task>
                <Keyword>Master Key Operation</Keyword>
                <Message><![CDATA[
Synchronization of Master keys failed. 

 	Credential Key Identifier:	%1
 	User Name:	%2
 	User Sid:	%3
]]></Message>
                <Template><![CDATA[
<template xmlns="http://schemas.microsoft.com/win/2004/08/events">
  <data name="CredKeyIdentifier" inType="win:Binary" outType="xs:hexBinary" length="32"/>
  <data name="UserName" inType="win:UnicodeString" outType="xs:string"/>
  <data name="UserSid" inType="win:SID" outType="xs:string"/>
</template>
]]></Template>
            </Event>
            <Event>
                <Id>8200</Id>
                <Version>0</Version>
                <Channel>Microsoft-Windows-Crypto-DPAPI/Operational</Channel>
                <Level>Information</Level>
                <Task>Diagnostic File Check</Task>
                <Keyword>Diagnostic File Check</Keyword>
                <Message><![CDATA[
Master key's record successfully logged to Diagnostic file.

 	GUID:	%1
 	EncryptCredID:	%2
 	EncryptCredKey:	%3
]]></Message>
                <Template><![CDATA[
<template xmlns="http://schemas.microsoft.com/win/2004/08/events">
  <data name="MasterKeyGUID" inType="win:GUID" outType="xs:GUID"/>
  <data name="EncryptCredID" inType="win:GUID" outType="xs:GUID"/>
  <data name="EncryptCredKey" inType="win:Binary" outType="xs:hexBinary" length="20"/>
</template>
]]></Template>
            </Event>
            <Event>
                <Id>8201</Id>
                <Version>0</Version>
                <Channel>Microsoft-Windows-Crypto-DPAPI/Operational</Channel>
                <Level>Error</Level>
                <Task>Diagnostic File Check</Task>
                <Keyword>Diagnostic File Check</Keyword>
                <Message><![CDATA[
Master key's record failed to log to Diagnostic file.

 	GUID:	%1
]]></Message>
                <Template><![CDATA[
<template xmlns="http://schemas.microsoft.com/win/2004/08/events">
  <data name="MasterKeyGUID" inType="win:GUID" outType="xs:GUID"/>
</template>
]]></Template>
            </Event>
            <Event>
                <Id>8202</Id>
                <Version>0</Version>
                <Channel>Microsoft-Windows-Crypto-DPAPI/Operational</Channel>
                <Level>Error</Level>
                <Task>Diagnostic File Check</Task>
                <Keyword>Diagnostic File Check</Keyword>
                <Message><![CDATA[
Master Key decryption failed but a record of this key can be found in the Diagnostic file.

 	GUID:	%1
]]></Message>
                <Template><![CDATA[
<template xmlns="http://schemas.microsoft.com/win/2004/08/events">
  <data name="MasterKeyGUID" inType="win:GUID" outType="xs:GUID"/>
</template>
]]></Template>
            </Event>
            <Event>
                <Id>8203</Id>
                <Version>0</Version>
                <Channel>Microsoft-Windows-Crypto-DPAPI/Operational</Channel>
                <Level>Information</Level>
                <Task>Diagnostic File Check</Task>
                <Keyword>Diagnostic File Check</Keyword>
                <Message><![CDATA[
Master Key decryption failed because no record of this key can be found in the Diagnostic file.

 	GUID:	%1
]]></Message>
                <Template><![CDATA[
<template xmlns="http://schemas.microsoft.com/win/2004/08/events">
  <data name="MasterKeyGUID" inType="win:GUID" outType="xs:GUID"/>
</template>
]]></Template>
            </Event>
            <Event>
                <Id>8204</Id>
                <Version>0</Version>
                <Channel>Microsoft-Windows-Crypto-DPAPI/Operational</Channel>
                <Level>Error</Level>
                <Task>Diagnostic File Check</Task>
                <Keyword>Diagnostic File Check</Keyword>
                <Message><![CDATA[
Master Key decryption failed because the encryption cred mismatches the decryption cred.

 	GUID:	%1
 	EncryptCredID:	%2
 	EncryptCredKey:	%3
 	DecryptCredID:	%4
 	DecryptCredKey:	%5
]]></Message>
                <Template><![CDATA[
<template xmlns="http://schemas.microsoft.com/win/2004/08/events">
  <data name="MasterKeyGUID" inType="win:GUID" outType="xs:GUID"/>
  <data name="EncryptCredID" inType="win:GUID" outType="xs:GUID"/>
  <data name="EncryptCredKey" inType="win:Binary" outType="xs:hexBinary" length="20"/>
  <data name="DecryptCredID" inType="win:GUID" outType="xs:GUID"/>
  <data name="DecryptCredKey" inType="win:Binary" outType="xs:hexBinary" length="20"/>
</template>
]]></Template>
            </Event>
            <Event>
                <Id>8205</Id>
                <Version>0</Version>
                <Channel>Microsoft-Windows-Crypto-DPAPI/Operational</Channel>
                <Level>Error</Level>
                <Task>Diagnostic File Check</Task>
                <Keyword>Diagnostic File Check</Keyword>
                <Message><![CDATA[
Master Key decryption failed but the encryption cred matches the decryption cred.

 	GUID:	%1
 	EncryptCredID:	%2
 	EncryptCredKey:	%3
 	DecryptCredID:	%4
 	DecryptCredKey:	%5
]]></Message>
                <Template><![CDATA[
<template xmlns="http://schemas.microsoft.com/win/2004/08/events">
  <data name="MasterKeyGUID" inType="win:GUID" outType="xs:GUID"/>
  <data name="EncryptCredID" inType="win:GUID" outType="xs:GUID"/>
  <data name="EncryptCredKey" inType="win:Binary" outType="xs:hexBinary" length="20"/>
  <data name="DecryptCredID" inType="win:GUID" outType="xs:GUID"/>
  <data name="DecryptCredKey" inType="win:Binary" outType="xs:hexBinary" length="20"/>
</template>
]]></Template>
            </Event>
            <Event>
                <Id>8206</Id>
                <Version>0</Version>
                <Channel>Microsoft-Windows-Crypto-DPAPI/Operational</Channel>
                <Level>Error</Level>
                <Task>Credential History File Operation</Task>
                <Keyword>Credential History File Operation</Keyword>
                <Message><![CDATA[
CredHist file decryption failed]]></Message>
                <Template><![CDATA[
]]></Template>
            </Event>
            <Event>
                <Id>8207</Id>
                <Version>0</Version>
                <Channel>Microsoft-Windows-Crypto-DPAPI/Operational</Channel>
                <Level>Error</Level>
                <Task>Diagnostic File Check</Task>
                <Keyword>Diagnostic File Check</Keyword>
                <Message><![CDATA[
Diagnostic File operation received a NULL credential key.
]]></Message>
                <Template><![CDATA[
]]></Template>
            </Event>
            <Event>
                <Id>12289</Id>
                <Version>0</Version>
                <Channel>Microsoft-Windows-Crypto-DPAPI/Operational</Channel>
                <Level>Information</Level>
                <Task>Credential Key Operation</Task>
                <Keyword>Credential Key Operation</Keyword>
                <Message><![CDATA[
DPAPI found credential key.

 	Credential Key Identifier:	%1
 	User Name:	%2
 	User Sid:	%3
]]></Message>
                <Template><![CDATA[
<template xmlns="http://schemas.microsoft.com/win/2004/08/events">
  <data name="CredKeyIdentifier" inType="win:Binary" outType="xs:hexBinary" length="32"/>
  <data name="UserName" inType="win:UnicodeString" outType="xs:string"/>
  <data name="UserSid" inType="win:SID" outType="xs:string"/>
</template>
]]></Template>
            </Event>
            <Event>
                <Id>12290</Id>
                <Version>0</Version>
                <Channel>Microsoft-Windows-Crypto-DPAPI/Operational</Channel>
                <Level>Information</Level>
                <Task>Credential Key Operation</Task>
                <Keyword>Credential Key Operation</Keyword>
                <Message><![CDATA[
Credential key does not exist.]]></Message>
                <Template><![CDATA[
]]></Template>
            </Event>
            <Event>
                <Id>16385</Id>
                <Version>0</Version>
                <Channel>Microsoft-Windows-Crypto-DPAPI/Debug</Channel>
                <Level>Information</Level>
                <Task>DPAPIDefInformationTaskMessage</Task>
                <Keyword>DPAPIDefInformationKeywordMessage</Keyword>
                <Message><![CDATA[
DPAPIDefInformationEvent]]></Message>
                <Template><![CDATA[
<template xmlns="http://schemas.microsoft.com/win/2004/08/events">
  <data name="OperationType" inType="win:UnicodeString" outType="xs:string"/>
  <data name="DataDescription" inType="win:UnicodeString" outType="xs:string"/>
  <data name="MasterKeyGUID" inType="win:GUID" outType="xs:GUID"/>
  <data name="Flags" inType="win:UInt32" outType="xs:unsignedInt"/>
  <data name="ProtectionFlags" inType="win:UInt32" outType="xs:unsignedInt"/>
  <data name="ReturnValue" inType="win:UInt32" outType="xs:unsignedInt"/>
  <data name="CallerProcessStartKey" inType="win:UInt64" outType="xs:unsignedLong"/>
  <data name="CallerProcessID" inType="win:UInt32" outType="xs:unsignedInt"/>
  <data name="CallerProcessCreationTime" inType="win:UInt64" outType="xs:unsignedLong"/>
  <data name="PlainTextDataSize" inType="win:UInt32" outType="xs:unsignedInt"/>
</template>
]]></Template>
            </Event>
            <Event>
                <Id>16386</Id>
                <Version>0</Version>
                <Channel>Microsoft-Windows-Crypto-DPAPI/Operational</Channel>
                <Level>Information</Level>
                <Task>DPAPI Master Key Backup</Task>
                <Keyword>DPAPIRC4FallbackKeywordMessage</Keyword>
                <Message><![CDATA[
DPAPI tried to backup its master key.
Fallback backup is enabled.]]></Message>
                <Template><![CDATA[
<template xmlns="http://schemas.microsoft.com/win/2004/08/events">
  <data name="fLegacy" inType="win:Boolean" outType="xs:boolean"/>
  <data name="fWeakCrypt" inType="win:Boolean" outType="xs:boolean"/>
  <data name="dwFallbackLastError" inType="win:UInt32" outType="xs:unsignedInt"/>
  <data name="dwEncryptLastError" inType="win:UInt32" outType="xs:unsignedInt"/>
  <data name="dwRestoreLastError" inType="win:UInt32" outType="xs:unsignedInt"/>
</template>
]]></Template>
            </Event>
            <Event>
                <Id>16387</Id>
                <Version>0</Version>
                <Channel>Microsoft-Windows-Crypto-DPAPI/Operational</Channel>
                <Level>Information</Level>
                <Task>DPAPI Master Key Backup</Task>
                <Keyword>DPAPIMasterKeyBackupKeywordMessage</Keyword>
                <Message><![CDATA[
DPAPI tried to backup its master key.
Fallback backup is disabled.]]></Message>
                <Template><![CDATA[
<template xmlns="http://schemas.microsoft.com/win/2004/08/events">
  <data name="fLegacy" inType="win:Boolean" outType="xs:boolean"/>
  <data name="fWeakCrypt" inType="win:Boolean" outType="xs:boolean"/>
  <data name="dwLastError" inType="win:UInt32" outType="xs:unsignedInt"/>
</template>
]]></Template>
            </Event>
        </EventMetadata>
    </Provider>
</Providers>
