<Providers>
    <Provider>
        <Name>Microsoft-Windows-Kernel-AppCompat</Name>
        <Metadata>
            <Guid>{16A1ADC1-9B7F-4CD9-94B3-D8296AB1B130}</Guid>
            <ResourceFilePath>%systemroot%\system32\Microsoft-Windows-System-Events.dll</ResourceFilePath>
            <ParameterFilePath></ParameterFilePath>
            <MessageFilePath>%systemroot%\system32\Microsoft-Windows-System-Events.dll</MessageFilePath>
            <HelpLink></HelpLink>
            <PublisherMessage>Microsoft-Windows-Kernel-AppCompat</PublisherMessage>
            <Channels>
                <Channel>
                    <Message></Message>
                    <Path>Microsoft-Windows-Kernel-AppCompat/General</Path>
                    <Index>0</Index>
                    <Id>16</Id>
                    <Imported>false</Imported>
                </Channel>
                <Channel>
                    <Message></Message>
                    <Path>Microsoft-Windows-Kernel-AppCompat/Performance</Path>
                    <Index>1</Index>
                    <Id>17</Id>
                    <Imported>false</Imported>
                </Channel>
            </Channels>
            <Levels>
                <Level>
                    <Message>Information</Message>
                    <Name>win:Informational</Name>
                    <Value>4</Value>
                </Level>
            </Levels>
            <Tasks>
                <Task>
                    <Message></Message>
                    <Name>CompatCacheInit</Name>
                    <Value>1</Value>
                </Task>
                <Task>
                    <Message></Message>
                    <Name>CompatCacheQuery</Name>
                    <Value>2</Value>
                </Task>
                <Task>
                    <Message></Message>
                    <Name>CompatCdbQuery</Name>
                    <Value>3</Value>
                </Task>
                <Task>
                    <Message></Message>
                    <Name>CompatMapQuirks</Name>
                    <Value>4</Value>
                </Task>
                <Task>
                    <Message></Message>
                    <Name>CompatCacheUpdate</Name>
                    <Value>5</Value>
                </Task>
                <Task>
                    <Message></Message>
                    <Name>CompatUserModeQuery</Name>
                    <Value>6</Value>
                </Task>
                <Task>
                    <Message></Message>
                    <Name>CompatSdbQuery</Name>
                    <Value>7</Value>
                </Task>
                <Task>
                    <Message></Message>
                    <Name>CompatCacheQueryProcess</Name>
                    <Value>8</Value>
                </Task>
            </Tasks>
            <Opcodes>
                <Opcode>
                    <Message>Info</Message>
                    <Name>win:Info</Name>
                    <Value>0</Value>
                    <Task>0</Task>
                </Opcode>
                <Opcode>
                    <Message>Start</Message>
                    <Name>win:Start</Name>
                    <Value>1</Value>
                    <Task>0</Task>
                </Opcode>
                <Opcode>
                    <Message>Stop</Message>
                    <Name>win:Stop</Name>
                    <Value>2</Value>
                    <Task>0</Task>
                </Opcode>
            </Opcodes>
            <Keywords>
                <Keyword>
                    <Message></Message>
                    <Name>RegWrpAccessDenied</Name>
                    <Value>8</Value>
                </Keyword>
            </Keywords>
        </Metadata>
        <EventMetadata>
            <Event>
                <Id>1</Id>
                <Version>0</Version>
                <Channel>Microsoft-Windows-Kernel-AppCompat/General</Channel>
                <Level>Information</Level>
                <Keyword>RegWrpAccessDenied</Keyword>
                <Message><![CDATA[
The executable %2 received an access denied error when trying to modify the registry key %4.]]></Message>
                <Template><![CDATA[
<template xmlns="http://schemas.microsoft.com/win/2004/08/events">
  <data name="ExecutablePathLength" inType="win:UInt16" outType="xs:unsignedShort"/>
  <data name="ExecutablePath" inType="win:UnicodeString" outType="xs:string" length="ExecutablePathLength"/>
  <data name="RegistryPathLength" inType="win:UInt16" outType="xs:unsignedShort"/>
  <data name="RegistryPath" inType="win:UnicodeString" outType="xs:string" length="RegistryPathLength"/>
</template>
]]></Template>
            </Event>
            <Event>
                <Id>2</Id>
                <Version>0</Version>
                <Channel>Microsoft-Windows-Kernel-AppCompat/Performance</Channel>
                <Level>Information</Level>
                <Task>CompatCacheInit</Task>
                <Opcode>Start</Opcode>
                <Template><![CDATA[
]]></Template>
            </Event>
            <Event>
                <Id>3</Id>
                <Version>0</Version>
                <Channel>Microsoft-Windows-Kernel-AppCompat/Performance</Channel>
                <Level>Information</Level>
                <Task>CompatCacheInit</Task>
                <Opcode>Stop</Opcode>
                <Template><![CDATA[
<template xmlns="http://schemas.microsoft.com/win/2004/08/events">
  <data name="StatusCode" inType="win:HexInt32" outType="win:HexInt32"/>
</template>
]]></Template>
            </Event>
            <Event>
                <Id>4</Id>
                <Version>0</Version>
                <Channel>Microsoft-Windows-Kernel-AppCompat/Performance</Channel>
                <Level>Information</Level>
                <Task>CompatCacheUpdate</Task>
                <Opcode>Start</Opcode>
                <Template><![CDATA[
]]></Template>
            </Event>
            <Event>
                <Id>5</Id>
                <Version>0</Version>
                <Channel>Microsoft-Windows-Kernel-AppCompat/Performance</Channel>
                <Level>Information</Level>
                <Task>CompatCacheUpdate</Task>
                <Opcode>Stop</Opcode>
                <Template><![CDATA[
<template xmlns="http://schemas.microsoft.com/win/2004/08/events">
  <data name="StatusCode" inType="win:HexInt32" outType="win:HexInt32"/>
</template>
]]></Template>
            </Event>
            <Event>
                <Id>6</Id>
                <Version>0</Version>
                <Channel>Microsoft-Windows-Kernel-AppCompat/Performance</Channel>
                <Level>Information</Level>
                <Task>CompatCacheQuery</Task>
                <Opcode>Start</Opcode>
                <Template><![CDATA[
]]></Template>
            </Event>
            <Event>
                <Id>7</Id>
                <Version>0</Version>
                <Channel>Microsoft-Windows-Kernel-AppCompat/Performance</Channel>
                <Level>Information</Level>
                <Task>CompatCacheQuery</Task>
                <Opcode>Stop</Opcode>
                <Template><![CDATA[
<template xmlns="http://schemas.microsoft.com/win/2004/08/events">
  <data name="StatusCode" inType="win:HexInt32" outType="win:HexInt32"/>
</template>
]]></Template>
            </Event>
            <Event>
                <Id>8</Id>
                <Version>0</Version>
                <Channel>Microsoft-Windows-Kernel-AppCompat/Performance</Channel>
                <Level>Information</Level>
                <Task>CompatCdbQuery</Task>
                <Opcode>Start</Opcode>
                <Template><![CDATA[
]]></Template>
            </Event>
            <Event>
                <Id>9</Id>
                <Version>0</Version>
                <Channel>Microsoft-Windows-Kernel-AppCompat/Performance</Channel>
                <Level>Information</Level>
                <Task>CompatCdbQuery</Task>
                <Opcode>Stop</Opcode>
                <Template><![CDATA[
<template xmlns="http://schemas.microsoft.com/win/2004/08/events">
  <data name="StatusCode" inType="win:HexInt32" outType="win:HexInt32"/>
</template>
]]></Template>
            </Event>
            <Event>
                <Id>10</Id>
                <Version>0</Version>
                <Channel>Microsoft-Windows-Kernel-AppCompat/Performance</Channel>
                <Level>Information</Level>
                <Task>CompatMapQuirks</Task>
                <Opcode>Start</Opcode>
                <Template><![CDATA[
]]></Template>
            </Event>
            <Event>
                <Id>11</Id>
                <Version>0</Version>
                <Channel>Microsoft-Windows-Kernel-AppCompat/Performance</Channel>
                <Level>Information</Level>
                <Task>CompatMapQuirks</Task>
                <Opcode>Stop</Opcode>
                <Template><![CDATA[
<template xmlns="http://schemas.microsoft.com/win/2004/08/events">
  <data name="StatusCode" inType="win:HexInt32" outType="win:HexInt32"/>
</template>
]]></Template>
            </Event>
            <Event>
                <Id>12</Id>
                <Version>0</Version>
                <Channel>Microsoft-Windows-Kernel-AppCompat/Performance</Channel>
                <Level>Information</Level>
                <Task>CompatUserModeQuery</Task>
                <Opcode>Start</Opcode>
                <Template><![CDATA[
]]></Template>
            </Event>
            <Event>
                <Id>13</Id>
                <Version>0</Version>
                <Channel>Microsoft-Windows-Kernel-AppCompat/Performance</Channel>
                <Level>Information</Level>
                <Task>CompatUserModeQuery</Task>
                <Opcode>Stop</Opcode>
                <Template><![CDATA[
<template xmlns="http://schemas.microsoft.com/win/2004/08/events">
  <data name="StatusCode" inType="win:HexInt32" outType="win:HexInt32"/>
</template>
]]></Template>
            </Event>
            <Event>
                <Id>14</Id>
                <Version>0</Version>
                <Channel>Microsoft-Windows-Kernel-AppCompat/Performance</Channel>
                <Level>Information</Level>
                <Task>CompatSdbQuery</Task>
                <Opcode>Start</Opcode>
                <Template><![CDATA[
]]></Template>
            </Event>
            <Event>
                <Id>15</Id>
                <Version>0</Version>
                <Channel>Microsoft-Windows-Kernel-AppCompat/Performance</Channel>
                <Level>Information</Level>
                <Task>CompatSdbQuery</Task>
                <Opcode>Stop</Opcode>
                <Template><![CDATA[
<template xmlns="http://schemas.microsoft.com/win/2004/08/events">
  <data name="StatusCode" inType="win:HexInt32" outType="win:HexInt32"/>
</template>
]]></Template>
            </Event>
            <Event>
                <Id>16</Id>
                <Version>0</Version>
                <Channel>Microsoft-Windows-Kernel-AppCompat/Performance</Channel>
                <Level>Information</Level>
                <Task>CompatCacheQueryProcess</Task>
                <Opcode>Start</Opcode>
                <Template><![CDATA[
]]></Template>
            </Event>
            <Event>
                <Id>17</Id>
                <Version>0</Version>
                <Channel>Microsoft-Windows-Kernel-AppCompat/Performance</Channel>
                <Level>Information</Level>
                <Task>CompatCacheQueryProcess</Task>
                <Opcode>Stop</Opcode>
                <Template><![CDATA[
<template xmlns="http://schemas.microsoft.com/win/2004/08/events">
  <data name="StatusCode" inType="win:HexInt32" outType="win:HexInt32"/>
</template>
]]></Template>
            </Event>
        </EventMetadata>
    </Provider>
</Providers>
