<Providers>
    <Provider>
        <Name>Microsoft-Windows-Dism-Api</Name>
        <Metadata>
            <Guid>{75B0DA21-8B50-42EB-9448-EC48B1729B57}</Guid>
            <ResourceFilePath>%systemroot%\system32\DismApi.dll</ResourceFilePath>
            <ParameterFilePath></ParameterFilePath>
            <MessageFilePath>%systemroot%\system32\DismApi.dll</MessageFilePath>
            <HelpLink></HelpLink>
            <PublisherMessage>Deployment Image Servicing And Management API</PublisherMessage>
            <Channels>
                <Channel>
                    <Message></Message>
                    <Path>Microsoft-Windows-Dism-Api/Analytic</Path>
                    <Index>0</Index>
                    <Id>16</Id>
                    <Imported>false</Imported>
                </Channel>
                <Channel>
                    <Message></Message>
                    <Path>Microsoft-Windows-Dism-Api/InternalAnalytic</Path>
                    <Index>1</Index>
                    <Id>17</Id>
                    <Imported>false</Imported>
                </Channel>
                <Channel>
                    <Message></Message>
                    <Path>Microsoft-Windows-Dism-Api/ExternalAnalytic</Path>
                    <Index>2</Index>
                    <Id>18</Id>
                    <Imported>false</Imported>
                </Channel>
            </Channels>
            <Levels>
                <Level>
                    <Message>Information</Message>
                    <Name>win:Informational</Name>
                    <Value>4</Value>
                </Level>
            </Levels>
            <Tasks>
                <Task>
                    <Message></Message>
                    <Name>DismInitialize</Name>
                    <Guid>{0C0BE16D-9332-4496-9C6A-4F9171CDEB71}</Guid>
                    <Value>1</Value>
                </Task>
                <Task>
                    <Message></Message>
                    <Name>DismShutdown</Name>
                    <Guid>{7AEE8814-B53C-4DC7-8D36-91B2B40A20E4}</Guid>
                    <Value>2</Value>
                </Task>
                <Task>
                    <Message></Message>
                    <Name>DismOpenSession</Name>
                    <Guid>{85890B6A-8E81-453B-AB64-64F83D897E60}</Guid>
                    <Value>3</Value>
                </Task>
                <Task>
                    <Message></Message>
                    <Name>DismCloseSession</Name>
                    <Guid>{09ACF879-5DB2-4EB0-842F-35901195BB56}</Guid>
                    <Value>4</Value>
                </Task>
                <Task>
                    <Message></Message>
                    <Name>EnqueueCommandObject</Name>
                    <Guid>{E495235D-19C3-48A6-883E-26CFBF316CCE}</Guid>
                    <Value>5</Value>
                </Task>
                <Task>
                    <Message></Message>
                    <Name>DequeueCommandObject</Name>
                    <Guid>{F8798318-0218-4242-A048-F05494005F1E}</Guid>
                    <Value>6</Value>
                </Task>
                <Task>
                    <Message></Message>
                    <Name>DismMountImage</Name>
                    <Guid>{496AB889-533F-4F27-9A6C-9EA348DA6E35}</Guid>
                    <Value>7</Value>
                </Task>
                <Task>
                    <Message></Message>
                    <Name>DismUnmountImage</Name>
                    <Guid>{48C0AB53-605C-4612-A13A-CD1E816F032F}</Guid>
                    <Value>8</Value>
                </Task>
                <Task>
                    <Message></Message>
                    <Name>DismSetFirstBootCommandLine</Name>
                    <Guid>{18D329CD-5572-410C-A77D-848BC7F0AF0E}</Guid>
                    <Value>12</Value>
                </Task>
                <Task>
                    <Message></Message>
                    <Name>DismRemountImage</Name>
                    <Guid>{652880E5-5A5D-49CE-9A3D-32045FFBFF53}</Guid>
                    <Value>13</Value>
                </Task>
                <Task>
                    <Message></Message>
                    <Name>DismCommitImage</Name>
                    <Guid>{07230498-B563-404A-B0B5-22DE8CA5A257}</Guid>
                    <Value>14</Value>
                </Task>
                <Task>
                    <Message></Message>
                    <Name>DismGetImageInfo</Name>
                    <Guid>{AE1A25F7-9C4F-4000-9CD1-6F191DC17D25}</Guid>
                    <Value>15</Value>
                </Task>
                <Task>
                    <Message></Message>
                    <Name>DismGetMountedImageInfo</Name>
                    <Guid>{B4EA32C2-1D9F-4F57-9E65-7DB953C00100}</Guid>
                    <Value>16</Value>
                </Task>
                <Task>
                    <Message></Message>
                    <Name>DismCleanupMountpoints</Name>
                    <Guid>{626269C4-794A-4EC1-AADE-1CB7B9280DC4}</Guid>
                    <Value>17</Value>
                </Task>
                <Task>
                    <Message></Message>
                    <Name>DismAddPackage</Name>
                    <Guid>{6F5D95B6-C2E3-46E8-9180-020DA2409140}</Guid>
                    <Value>18</Value>
                </Task>
                <Task>
                    <Message></Message>
                    <Name>DismRemovePackage</Name>
                    <Guid>{56D13736-7AAB-4023-9769-9735A16DB16C}</Guid>
                    <Value>19</Value>
                </Task>
                <Task>
                    <Message></Message>
                    <Name>DismEnableFeature</Name>
                    <Guid>{42EEC866-84A4-46A8-BEBF-CDB5D83EB806}</Guid>
                    <Value>20</Value>
                </Task>
                <Task>
                    <Message></Message>
                    <Name>DismDisableFeature</Name>
                    <Guid>{5482FEDB-306B-4DBD-8773-900657D8CE05}</Guid>
                    <Value>21</Value>
                </Task>
                <Task>
                    <Message></Message>
                    <Name>DismGetPackages</Name>
                    <Guid>{0960993F-BAAF-4F2F-9165-9F7D4F2E5F06}</Guid>
                    <Value>22</Value>
                </Task>
                <Task>
                    <Message></Message>
                    <Name>DismGetPackageInfo</Name>
                    <Guid>{E25BE891-C15A-48A0-B37C-09C8308EBB30}</Guid>
                    <Value>23</Value>
                </Task>
                <Task>
                    <Message></Message>
                    <Name>DismGetFeatures</Name>
                    <Guid>{5F429BA3-9F13-417F-A190-A1F59AC64F4C}</Guid>
                    <Value>24</Value>
                </Task>
                <Task>
                    <Message></Message>
                    <Name>DismGetFeatureInfo</Name>
                    <Guid>{9ECE8778-F587-408F-BC1E-6352017A6134}</Guid>
                    <Value>25</Value>
                </Task>
                <Task>
                    <Message></Message>
                    <Name>DismGetFeatureParent</Name>
                    <Guid>{7B093801-C86E-4013-B7CE-739C5211774F}</Guid>
                    <Value>26</Value>
                </Task>
                <Task>
                    <Message></Message>
                    <Name>DismApplyUnattend</Name>
                    <Guid>{A2922D2E-4747-4318-918C-528CC432E856}</Guid>
                    <Value>27</Value>
                </Task>
                <Task>
                    <Message></Message>
                    <Name>DismAddDriver</Name>
                    <Guid>{8D0E0055-B4D0-4EE1-BED9-EDDFAB1B9DD4}</Guid>
                    <Value>28</Value>
                </Task>
                <Task>
                    <Message></Message>
                    <Name>DismRemoveDriver</Name>
                    <Guid>{D97AE8D7-F317-4008-8167-59CAE7BA29E5}</Guid>
                    <Value>29</Value>
                </Task>
                <Task>
                    <Message></Message>
                    <Name>DismGetDrivers</Name>
                    <Guid>{43073D10-0658-4A48-A9C8-565802CACE7F}</Guid>
                    <Value>30</Value>
                </Task>
                <Task>
                    <Message></Message>
                    <Name>DismGetDriverInfo</Name>
                    <Guid>{DD10E9FE-1627-47AD-89C2-38261E040E97}</Guid>
                    <Value>31</Value>
                </Task>
                <Task>
                    <Message></Message>
                    <Name>DismCheckImageHealth</Name>
                    <Guid>{4D5FAE8B-BD04-4EDA-AABF-3B765E1DC3B0}</Guid>
                    <Value>32</Value>
                </Task>
                <Task>
                    <Message></Message>
                    <Name>DismRestoreImageHealth</Name>
                    <Guid>{0EA54438-5779-4BAB-86C0-4FE141A6AAA1}</Guid>
                    <Value>33</Value>
                </Task>
                <Task>
                    <Message></Message>
                    <Name>DismSetEdition</Name>
                    <Guid>{1F3350A5-B44E-44ED-B5A6-637B10B2712F}</Guid>
                    <Value>34</Value>
                </Task>
                <Task>
                    <Message></Message>
                    <Name>DismSetProductKey</Name>
                    <Guid>{B67A4B09-0BA4-4071-BFF1-BB4036C4CC84}</Guid>
                    <Value>35</Value>
                </Task>
                <Task>
                    <Message></Message>
                    <Name>DismGetCurrentEdition</Name>
                    <Guid>{3401FACB-C628-44E5-90AA-1E598DDA2DC2}</Guid>
                    <Value>36</Value>
                </Task>
                <Task>
                    <Message></Message>
                    <Name>DismGetTargetEditions</Name>
                    <Guid>{470E670C-5381-44FB-94AC-2BD45BD70E22}</Guid>
                    <Value>37</Value>
                </Task>
                <Task>
                    <Message></Message>
                    <Name>DismGetFeaturesEx</Name>
                    <Guid>{E0BE5FEC-9887-44C3-BC0F-E2010F95965D}</Guid>
                    <Value>38</Value>
                </Task>
                <Task>
                    <Message></Message>
                    <Name>DismAddProvisionedAppxPackage</Name>
                    <Guid>{D63DFD38-50C4-43F6-B2FE-EDABF942ED1B}</Guid>
                    <Value>39</Value>
                </Task>
                <Task>
                    <Message></Message>
                    <Name>DismRemoveProvisionedAppxPackage</Name>
                    <Guid>{FDB8ADAE-0029-4567-A9BD-2CC97DC13D1C}</Guid>
                    <Value>40</Value>
                </Task>
                <Task>
                    <Message></Message>
                    <Name>DismGetProvisionedAppxPackages</Name>
                    <Guid>{97CAD138-3CEF-4DC0-B046-C4C13E28EC07}</Guid>
                    <Value>41</Value>
                </Task>
                <Task>
                    <Message></Message>
                    <Name>DismExportDriver</Name>
                    <Guid>{E7A17505-05EA-4DE0-B0BE-8A10EC9EE82E}</Guid>
                    <Value>42</Value>
                </Task>
                <Task>
                    <Message></Message>
                    <Name>DismOptimizeImage</Name>
                    <Guid>{49402538-8010-454E-BB05-8B030EBCF284}</Guid>
                    <Value>43</Value>
                </Task>
            </Tasks>
            <Opcodes>
                <Opcode>
                    <Message>Start</Message>
                    <Name>win:Start</Name>
                    <Value>1</Value>
                    <Task>0</Task>
                </Opcode>
                <Opcode>
                    <Message>Stop</Message>
                    <Name>win:Stop</Name>
                    <Value>2</Value>
                    <Task>0</Task>
                </Opcode>
            </Opcodes>
            <Keywords>
                <Keyword>
                    <Message></Message>
                    <Name>DismApiEvent</Name>
                    <Value>1</Value>
                </Keyword>
                <Keyword>
                    <Message></Message>
                    <Name>DismApiCommandThreadEvent</Name>
                    <Value>2</Value>
                </Keyword>
                <Keyword>
                    <Message></Message>
                    <Name>DismApiCommandObjectEvent</Name>
                    <Value>4</Value>
                </Keyword>
                <Keyword>
                    <Message></Message>
                    <Name>DismApiCommandQueueEvent</Name>
                    <Value>8</Value>
                </Keyword>
                <Keyword>
                    <Message></Message>
                    <Name>DismApiSessionTableEvent</Name>
                    <Value>16</Value>
                </Keyword>
            </Keywords>
        </Metadata>
        <EventMetadata>
            <Event>
                <Id>1</Id>
                <Version>0</Version>
                <Channel>Microsoft-Windows-Dism-Api/Analytic</Channel>
                <Level>Information</Level>
                <Task>DismInitialize</Task>
                <Opcode>Start</Opcode>
                <Keyword>DismApiEvent</Keyword>
                <Template><![CDATA[
]]></Template>
            </Event>
            <Event>
                <Id>2</Id>
                <Version>0</Version>
                <Channel>Microsoft-Windows-Dism-Api/Analytic</Channel>
                <Level>Information</Level>
                <Task>DismInitialize</Task>
                <Opcode>Stop</Opcode>
                <Keyword>DismApiEvent</Keyword>
                <Template><![CDATA[
]]></Template>
            </Event>
            <Event>
                <Id>3</Id>
                <Version>0</Version>
                <Channel>Microsoft-Windows-Dism-Api/Analytic</Channel>
                <Level>Information</Level>
                <Task>DismShutdown</Task>
                <Opcode>Start</Opcode>
                <Keyword>DismApiEvent</Keyword>
                <Template><![CDATA[
]]></Template>
            </Event>
            <Event>
                <Id>4</Id>
                <Version>0</Version>
                <Channel>Microsoft-Windows-Dism-Api/Analytic</Channel>
                <Level>Information</Level>
                <Task>DismShutdown</Task>
                <Opcode>Stop</Opcode>
                <Keyword>DismApiEvent</Keyword>
                <Template><![CDATA[
]]></Template>
            </Event>
            <Event>
                <Id>5</Id>
                <Version>0</Version>
                <Channel>Microsoft-Windows-Dism-Api/Analytic</Channel>
                <Level>Information</Level>
                <Task>DismOpenSession</Task>
                <Opcode>Start</Opcode>
                <Keyword>DismApiEvent</Keyword>
                <Template><![CDATA[
<template xmlns="http://schemas.microsoft.com/win/2004/08/events">
  <data name="String" inType="win:UnicodeString" outType="xs:string"/>
</template>
]]></Template>
            </Event>
            <Event>
                <Id>6</Id>
                <Version>0</Version>
                <Channel>Microsoft-Windows-Dism-Api/Analytic</Channel>
                <Level>Information</Level>
                <Task>DismOpenSession</Task>
                <Opcode>Stop</Opcode>
                <Keyword>DismApiEvent</Keyword>
                <Template><![CDATA[
<template xmlns="http://schemas.microsoft.com/win/2004/08/events">
  <data name="SessionId" inType="win:UInt32" outType="xs:unsignedInt"/>
  <data name="String" inType="win:UnicodeString" outType="xs:string"/>
</template>
]]></Template>
            </Event>
            <Event>
                <Id>7</Id>
                <Version>0</Version>
                <Channel>Microsoft-Windows-Dism-Api/Analytic</Channel>
                <Level>Information</Level>
                <Task>DismCloseSession</Task>
                <Opcode>Start</Opcode>
                <Keyword>DismApiEvent</Keyword>
                <Template><![CDATA[
<template xmlns="http://schemas.microsoft.com/win/2004/08/events">
  <data name="SessionId" inType="win:UInt32" outType="xs:unsignedInt"/>
</template>
]]></Template>
            </Event>
            <Event>
                <Id>8</Id>
                <Version>0</Version>
                <Channel>Microsoft-Windows-Dism-Api/Analytic</Channel>
                <Level>Information</Level>
                <Task>DismCloseSession</Task>
                <Opcode>Stop</Opcode>
                <Keyword>DismApiEvent</Keyword>
                <Template><![CDATA[
<template xmlns="http://schemas.microsoft.com/win/2004/08/events">
  <data name="SessionId" inType="win:UInt32" outType="xs:unsignedInt"/>
</template>
]]></Template>
            </Event>
            <Event>
                <Id>9</Id>
                <Version>0</Version>
                <Channel>Microsoft-Windows-Dism-Api/Analytic</Channel>
                <Level>Information</Level>
                <Task>DismMountImage</Task>
                <Opcode>Start</Opcode>
                <Keyword>DismApiEvent</Keyword>
                <Template><![CDATA[
<template xmlns="http://schemas.microsoft.com/win/2004/08/events">
  <data name="String" inType="win:UnicodeString" outType="xs:string"/>
</template>
]]></Template>
            </Event>
            <Event>
                <Id>10</Id>
                <Version>0</Version>
                <Channel>Microsoft-Windows-Dism-Api/Analytic</Channel>
                <Level>Information</Level>
                <Task>DismMountImage</Task>
                <Opcode>Stop</Opcode>
                <Keyword>DismApiEvent</Keyword>
                <Template><![CDATA[
<template xmlns="http://schemas.microsoft.com/win/2004/08/events">
  <data name="String" inType="win:UnicodeString" outType="xs:string"/>
</template>
]]></Template>
            </Event>
            <Event>
                <Id>11</Id>
                <Version>0</Version>
                <Channel>Microsoft-Windows-Dism-Api/Analytic</Channel>
                <Level>Information</Level>
                <Task>DismUnmountImage</Task>
                <Opcode>Start</Opcode>
                <Keyword>DismApiEvent</Keyword>
                <Template><![CDATA[
<template xmlns="http://schemas.microsoft.com/win/2004/08/events">
  <data name="String" inType="win:UnicodeString" outType="xs:string"/>
</template>
]]></Template>
            </Event>
            <Event>
                <Id>12</Id>
                <Version>0</Version>
                <Channel>Microsoft-Windows-Dism-Api/Analytic</Channel>
                <Level>Information</Level>
                <Task>DismUnmountImage</Task>
                <Opcode>Stop</Opcode>
                <Keyword>DismApiEvent</Keyword>
                <Template><![CDATA[
<template xmlns="http://schemas.microsoft.com/win/2004/08/events">
  <data name="String" inType="win:UnicodeString" outType="xs:string"/>
</template>
]]></Template>
            </Event>
            <Event>
                <Id>13</Id>
                <Version>0</Version>
                <Channel>Microsoft-Windows-Dism-Api/InternalAnalytic</Channel>
                <Level>Information</Level>
                <Task>EnqueueCommandObject</Task>
                <Opcode>Start</Opcode>
                <Keyword>DismApiCommandThreadEvent DismApiCommandQueueEvent DismApiSessionTableEvent</Keyword>
                <Template><![CDATA[
<template xmlns="http://schemas.microsoft.com/win/2004/08/events">
  <data name="SessionId" inType="win:UInt32" outType="xs:unsignedInt"/>
</template>
]]></Template>
            </Event>
            <Event>
                <Id>14</Id>
                <Version>0</Version>
                <Channel>Microsoft-Windows-Dism-Api/InternalAnalytic</Channel>
                <Level>Information</Level>
                <Task>EnqueueCommandObject</Task>
                <Opcode>Stop</Opcode>
                <Keyword>DismApiCommandThreadEvent DismApiCommandQueueEvent DismApiSessionTableEvent</Keyword>
                <Template><![CDATA[
<template xmlns="http://schemas.microsoft.com/win/2004/08/events">
  <data name="SessionId" inType="win:UInt32" outType="xs:unsignedInt"/>
</template>
]]></Template>
            </Event>
            <Event>
                <Id>15</Id>
                <Version>0</Version>
                <Channel>Microsoft-Windows-Dism-Api/InternalAnalytic</Channel>
                <Level>Information</Level>
                <Task>DequeueCommandObject</Task>
                <Opcode>Start</Opcode>
                <Keyword>DismApiCommandThreadEvent DismApiCommandQueueEvent DismApiSessionTableEvent</Keyword>
                <Template><![CDATA[
<template xmlns="http://schemas.microsoft.com/win/2004/08/events">
  <data name="SessionId" inType="win:UInt32" outType="xs:unsignedInt"/>
</template>
]]></Template>
            </Event>
            <Event>
                <Id>16</Id>
                <Version>0</Version>
                <Channel>Microsoft-Windows-Dism-Api/InternalAnalytic</Channel>
                <Level>Information</Level>
                <Task>DequeueCommandObject</Task>
                <Opcode>Stop</Opcode>
                <Keyword>DismApiCommandThreadEvent DismApiCommandQueueEvent DismApiSessionTableEvent</Keyword>
                <Template><![CDATA[
<template xmlns="http://schemas.microsoft.com/win/2004/08/events">
  <data name="SessionId" inType="win:UInt32" outType="xs:unsignedInt"/>
</template>
]]></Template>
            </Event>
            <Event>
                <Id>23</Id>
                <Version>0</Version>
                <Channel>Microsoft-Windows-Dism-Api/Analytic</Channel>
                <Level>Information</Level>
                <Task>DismSetFirstBootCommandLine</Task>
                <Opcode>Start</Opcode>
                <Keyword>DismApiEvent</Keyword>
                <Template><![CDATA[
<template xmlns="http://schemas.microsoft.com/win/2004/08/events">
  <data name="SessionId" inType="win:UInt32" outType="xs:unsignedInt"/>
</template>
]]></Template>
            </Event>
            <Event>
                <Id>24</Id>
                <Version>0</Version>
                <Channel>Microsoft-Windows-Dism-Api/Analytic</Channel>
                <Level>Information</Level>
                <Task>DismSetFirstBootCommandLine</Task>
                <Opcode>Stop</Opcode>
                <Keyword>DismApiEvent</Keyword>
                <Template><![CDATA[
<template xmlns="http://schemas.microsoft.com/win/2004/08/events">
  <data name="SessionId" inType="win:UInt32" outType="xs:unsignedInt"/>
</template>
]]></Template>
            </Event>
            <Event>
                <Id>25</Id>
                <Version>0</Version>
                <Channel>Microsoft-Windows-Dism-Api/Analytic</Channel>
                <Level>Information</Level>
                <Task>DismRemountImage</Task>
                <Opcode>Start</Opcode>
                <Keyword>DismApiEvent</Keyword>
                <Template><![CDATA[
<template xmlns="http://schemas.microsoft.com/win/2004/08/events">
  <data name="String" inType="win:UnicodeString" outType="xs:string"/>
</template>
]]></Template>
            </Event>
            <Event>
                <Id>26</Id>
                <Version>0</Version>
                <Channel>Microsoft-Windows-Dism-Api/Analytic</Channel>
                <Level>Information</Level>
                <Task>DismRemountImage</Task>
                <Opcode>Stop</Opcode>
                <Keyword>DismApiEvent</Keyword>
                <Template><![CDATA[
<template xmlns="http://schemas.microsoft.com/win/2004/08/events">
  <data name="String" inType="win:UnicodeString" outType="xs:string"/>
</template>
]]></Template>
            </Event>
            <Event>
                <Id>27</Id>
                <Version>0</Version>
                <Channel>Microsoft-Windows-Dism-Api/Analytic</Channel>
                <Level>Information</Level>
                <Task>DismCommitImage</Task>
                <Opcode>Start</Opcode>
                <Keyword>DismApiEvent</Keyword>
                <Template><![CDATA[
<template xmlns="http://schemas.microsoft.com/win/2004/08/events">
  <data name="SessionId" inType="win:UInt32" outType="xs:unsignedInt"/>
</template>
]]></Template>
            </Event>
            <Event>
                <Id>28</Id>
                <Version>0</Version>
                <Channel>Microsoft-Windows-Dism-Api/Analytic</Channel>
                <Level>Information</Level>
                <Task>DismCommitImage</Task>
                <Opcode>Stop</Opcode>
                <Keyword>DismApiEvent</Keyword>
                <Template><![CDATA[
<template xmlns="http://schemas.microsoft.com/win/2004/08/events">
  <data name="SessionId" inType="win:UInt32" outType="xs:unsignedInt"/>
</template>
]]></Template>
            </Event>
            <Event>
                <Id>29</Id>
                <Version>0</Version>
                <Channel>Microsoft-Windows-Dism-Api/Analytic</Channel>
                <Level>Information</Level>
                <Task>DismGetImageInfo</Task>
                <Opcode>Start</Opcode>
                <Keyword>DismApiEvent</Keyword>
                <Template><![CDATA[
<template xmlns="http://schemas.microsoft.com/win/2004/08/events">
  <data name="String" inType="win:UnicodeString" outType="xs:string"/>
</template>
]]></Template>
            </Event>
            <Event>
                <Id>30</Id>
                <Version>0</Version>
                <Channel>Microsoft-Windows-Dism-Api/Analytic</Channel>
                <Level>Information</Level>
                <Task>DismGetImageInfo</Task>
                <Opcode>Stop</Opcode>
                <Keyword>DismApiEvent</Keyword>
                <Template><![CDATA[
<template xmlns="http://schemas.microsoft.com/win/2004/08/events">
  <data name="String" inType="win:UnicodeString" outType="xs:string"/>
</template>
]]></Template>
            </Event>
            <Event>
                <Id>31</Id>
                <Version>0</Version>
                <Channel>Microsoft-Windows-Dism-Api/Analytic</Channel>
                <Level>Information</Level>
                <Task>DismGetMountedImageInfo</Task>
                <Opcode>Start</Opcode>
                <Keyword>DismApiEvent</Keyword>
                <Template><![CDATA[
]]></Template>
            </Event>
            <Event>
                <Id>32</Id>
                <Version>0</Version>
                <Channel>Microsoft-Windows-Dism-Api/Analytic</Channel>
                <Level>Information</Level>
                <Task>DismGetMountedImageInfo</Task>
                <Opcode>Stop</Opcode>
                <Keyword>DismApiEvent</Keyword>
                <Template><![CDATA[
]]></Template>
            </Event>
            <Event>
                <Id>33</Id>
                <Version>0</Version>
                <Channel>Microsoft-Windows-Dism-Api/Analytic</Channel>
                <Level>Information</Level>
                <Task>DismCleanupMountpoints</Task>
                <Opcode>Start</Opcode>
                <Keyword>DismApiEvent</Keyword>
                <Template><![CDATA[
]]></Template>
            </Event>
            <Event>
                <Id>34</Id>
                <Version>0</Version>
                <Channel>Microsoft-Windows-Dism-Api/Analytic</Channel>
                <Level>Information</Level>
                <Task>DismCleanupMountpoints</Task>
                <Opcode>Stop</Opcode>
                <Keyword>DismApiEvent</Keyword>
                <Template><![CDATA[
]]></Template>
            </Event>
            <Event>
                <Id>35</Id>
                <Version>0</Version>
                <Channel>Microsoft-Windows-Dism-Api/Analytic</Channel>
                <Level>Information</Level>
                <Task>DismAddPackage</Task>
                <Opcode>Start</Opcode>
                <Keyword>DismApiEvent</Keyword>
                <Template><![CDATA[
<template xmlns="http://schemas.microsoft.com/win/2004/08/events">
  <data name="SessionId" inType="win:UInt32" outType="xs:unsignedInt"/>
  <data name="String" inType="win:UnicodeString" outType="xs:string"/>
</template>
]]></Template>
            </Event>
            <Event>
                <Id>36</Id>
                <Version>0</Version>
                <Channel>Microsoft-Windows-Dism-Api/Analytic</Channel>
                <Level>Information</Level>
                <Task>DismAddPackage</Task>
                <Opcode>Stop</Opcode>
                <Keyword>DismApiEvent</Keyword>
                <Template><![CDATA[
<template xmlns="http://schemas.microsoft.com/win/2004/08/events">
  <data name="SessionId" inType="win:UInt32" outType="xs:unsignedInt"/>
  <data name="String" inType="win:UnicodeString" outType="xs:string"/>
</template>
]]></Template>
            </Event>
            <Event>
                <Id>37</Id>
                <Version>0</Version>
                <Channel>Microsoft-Windows-Dism-Api/Analytic</Channel>
                <Level>Information</Level>
                <Task>DismRemovePackage</Task>
                <Opcode>Start</Opcode>
                <Keyword>DismApiEvent</Keyword>
                <Template><![CDATA[
<template xmlns="http://schemas.microsoft.com/win/2004/08/events">
  <data name="SessionId" inType="win:UInt32" outType="xs:unsignedInt"/>
  <data name="String" inType="win:UnicodeString" outType="xs:string"/>
</template>
]]></Template>
            </Event>
            <Event>
                <Id>38</Id>
                <Version>0</Version>
                <Channel>Microsoft-Windows-Dism-Api/Analytic</Channel>
                <Level>Information</Level>
                <Task>DismRemovePackage</Task>
                <Opcode>Stop</Opcode>
                <Keyword>DismApiEvent</Keyword>
                <Template><![CDATA[
<template xmlns="http://schemas.microsoft.com/win/2004/08/events">
  <data name="SessionId" inType="win:UInt32" outType="xs:unsignedInt"/>
  <data name="String" inType="win:UnicodeString" outType="xs:string"/>
</template>
]]></Template>
            </Event>
            <Event>
                <Id>39</Id>
                <Version>0</Version>
                <Channel>Microsoft-Windows-Dism-Api/Analytic</Channel>
                <Level>Information</Level>
                <Task>DismEnableFeature</Task>
                <Opcode>Start</Opcode>
                <Keyword>DismApiEvent</Keyword>
                <Template><![CDATA[
<template xmlns="http://schemas.microsoft.com/win/2004/08/events">
  <data name="SessionId" inType="win:UInt32" outType="xs:unsignedInt"/>
  <data name="String" inType="win:UnicodeString" outType="xs:string"/>
</template>
]]></Template>
            </Event>
            <Event>
                <Id>40</Id>
                <Version>0</Version>
                <Channel>Microsoft-Windows-Dism-Api/Analytic</Channel>
                <Level>Information</Level>
                <Task>DismEnableFeature</Task>
                <Opcode>Stop</Opcode>
                <Keyword>DismApiEvent</Keyword>
                <Template><![CDATA[
<template xmlns="http://schemas.microsoft.com/win/2004/08/events">
  <data name="SessionId" inType="win:UInt32" outType="xs:unsignedInt"/>
  <data name="String" inType="win:UnicodeString" outType="xs:string"/>
</template>
]]></Template>
            </Event>
            <Event>
                <Id>41</Id>
                <Version>0</Version>
                <Channel>Microsoft-Windows-Dism-Api/Analytic</Channel>
                <Level>Information</Level>
                <Task>DismDisableFeature</Task>
                <Opcode>Start</Opcode>
                <Keyword>DismApiEvent</Keyword>
                <Template><![CDATA[
<template xmlns="http://schemas.microsoft.com/win/2004/08/events">
  <data name="SessionId" inType="win:UInt32" outType="xs:unsignedInt"/>
  <data name="String" inType="win:UnicodeString" outType="xs:string"/>
</template>
]]></Template>
            </Event>
            <Event>
                <Id>42</Id>
                <Version>0</Version>
                <Channel>Microsoft-Windows-Dism-Api/Analytic</Channel>
                <Level>Information</Level>
                <Task>DismDisableFeature</Task>
                <Opcode>Stop</Opcode>
                <Keyword>DismApiEvent</Keyword>
                <Template><![CDATA[
<template xmlns="http://schemas.microsoft.com/win/2004/08/events">
  <data name="SessionId" inType="win:UInt32" outType="xs:unsignedInt"/>
  <data name="String" inType="win:UnicodeString" outType="xs:string"/>
</template>
]]></Template>
            </Event>
            <Event>
                <Id>43</Id>
                <Version>0</Version>
                <Channel>Microsoft-Windows-Dism-Api/Analytic</Channel>
                <Level>Information</Level>
                <Task>DismGetPackages</Task>
                <Opcode>Start</Opcode>
                <Keyword>DismApiEvent</Keyword>
                <Template><![CDATA[
<template xmlns="http://schemas.microsoft.com/win/2004/08/events">
  <data name="SessionId" inType="win:UInt32" outType="xs:unsignedInt"/>
</template>
]]></Template>
            </Event>
            <Event>
                <Id>44</Id>
                <Version>0</Version>
                <Channel>Microsoft-Windows-Dism-Api/Analytic</Channel>
                <Level>Information</Level>
                <Task>DismGetPackages</Task>
                <Opcode>Stop</Opcode>
                <Keyword>DismApiEvent</Keyword>
                <Template><![CDATA[
<template xmlns="http://schemas.microsoft.com/win/2004/08/events">
  <data name="SessionId" inType="win:UInt32" outType="xs:unsignedInt"/>
</template>
]]></Template>
            </Event>
            <Event>
                <Id>45</Id>
                <Version>0</Version>
                <Channel>Microsoft-Windows-Dism-Api/Analytic</Channel>
                <Level>Information</Level>
                <Task>DismGetPackageInfo</Task>
                <Opcode>Start</Opcode>
                <Keyword>DismApiEvent</Keyword>
                <Template><![CDATA[
<template xmlns="http://schemas.microsoft.com/win/2004/08/events">
  <data name="SessionId" inType="win:UInt32" outType="xs:unsignedInt"/>
  <data name="String" inType="win:UnicodeString" outType="xs:string"/>
</template>
]]></Template>
            </Event>
            <Event>
                <Id>46</Id>
                <Version>0</Version>
                <Channel>Microsoft-Windows-Dism-Api/Analytic</Channel>
                <Level>Information</Level>
                <Task>DismGetPackageInfo</Task>
                <Opcode>Stop</Opcode>
                <Keyword>DismApiEvent</Keyword>
                <Template><![CDATA[
<template xmlns="http://schemas.microsoft.com/win/2004/08/events">
  <data name="SessionId" inType="win:UInt32" outType="xs:unsignedInt"/>
  <data name="String" inType="win:UnicodeString" outType="xs:string"/>
</template>
]]></Template>
            </Event>
            <Event>
                <Id>47</Id>
                <Version>0</Version>
                <Channel>Microsoft-Windows-Dism-Api/Analytic</Channel>
                <Level>Information</Level>
                <Task>DismGetFeatures</Task>
                <Opcode>Start</Opcode>
                <Keyword>DismApiEvent</Keyword>
                <Template><![CDATA[
<template xmlns="http://schemas.microsoft.com/win/2004/08/events">
  <data name="SessionId" inType="win:UInt32" outType="xs:unsignedInt"/>
</template>
]]></Template>
            </Event>
            <Event>
                <Id>48</Id>
                <Version>0</Version>
                <Channel>Microsoft-Windows-Dism-Api/Analytic</Channel>
                <Level>Information</Level>
                <Task>DismGetFeatures</Task>
                <Opcode>Stop</Opcode>
                <Keyword>DismApiEvent</Keyword>
                <Template><![CDATA[
<template xmlns="http://schemas.microsoft.com/win/2004/08/events">
  <data name="SessionId" inType="win:UInt32" outType="xs:unsignedInt"/>
</template>
]]></Template>
            </Event>
            <Event>
                <Id>49</Id>
                <Version>0</Version>
                <Channel>Microsoft-Windows-Dism-Api/Analytic</Channel>
                <Level>Information</Level>
                <Task>DismGetFeatureInfo</Task>
                <Opcode>Start</Opcode>
                <Keyword>DismApiEvent</Keyword>
                <Template><![CDATA[
<template xmlns="http://schemas.microsoft.com/win/2004/08/events">
  <data name="SessionId" inType="win:UInt32" outType="xs:unsignedInt"/>
  <data name="String" inType="win:UnicodeString" outType="xs:string"/>
</template>
]]></Template>
            </Event>
            <Event>
                <Id>50</Id>
                <Version>0</Version>
                <Channel>Microsoft-Windows-Dism-Api/Analytic</Channel>
                <Level>Information</Level>
                <Task>DismGetFeatureInfo</Task>
                <Opcode>Stop</Opcode>
                <Keyword>DismApiEvent</Keyword>
                <Template><![CDATA[
<template xmlns="http://schemas.microsoft.com/win/2004/08/events">
  <data name="SessionId" inType="win:UInt32" outType="xs:unsignedInt"/>
  <data name="String" inType="win:UnicodeString" outType="xs:string"/>
</template>
]]></Template>
            </Event>
            <Event>
                <Id>51</Id>
                <Version>0</Version>
                <Channel>Microsoft-Windows-Dism-Api/Analytic</Channel>
                <Level>Information</Level>
                <Task>DismGetFeatureParent</Task>
                <Opcode>Start</Opcode>
                <Keyword>DismApiEvent</Keyword>
                <Template><![CDATA[
<template xmlns="http://schemas.microsoft.com/win/2004/08/events">
  <data name="SessionId" inType="win:UInt32" outType="xs:unsignedInt"/>
  <data name="String" inType="win:UnicodeString" outType="xs:string"/>
</template>
]]></Template>
            </Event>
            <Event>
                <Id>52</Id>
                <Version>0</Version>
                <Channel>Microsoft-Windows-Dism-Api/Analytic</Channel>
                <Level>Information</Level>
                <Task>DismGetFeatureParent</Task>
                <Opcode>Stop</Opcode>
                <Keyword>DismApiEvent</Keyword>
                <Template><![CDATA[
<template xmlns="http://schemas.microsoft.com/win/2004/08/events">
  <data name="SessionId" inType="win:UInt32" outType="xs:unsignedInt"/>
  <data name="String" inType="win:UnicodeString" outType="xs:string"/>
</template>
]]></Template>
            </Event>
            <Event>
                <Id>53</Id>
                <Version>0</Version>
                <Channel>Microsoft-Windows-Dism-Api/Analytic</Channel>
                <Level>Information</Level>
                <Task>DismApplyUnattend</Task>
                <Opcode>Start</Opcode>
                <Keyword>DismApiEvent</Keyword>
                <Template><![CDATA[
<template xmlns="http://schemas.microsoft.com/win/2004/08/events">
  <data name="SessionId" inType="win:UInt32" outType="xs:unsignedInt"/>
  <data name="String" inType="win:UnicodeString" outType="xs:string"/>
</template>
]]></Template>
            </Event>
            <Event>
                <Id>54</Id>
                <Version>0</Version>
                <Channel>Microsoft-Windows-Dism-Api/Analytic</Channel>
                <Level>Information</Level>
                <Task>DismApplyUnattend</Task>
                <Opcode>Stop</Opcode>
                <Keyword>DismApiEvent</Keyword>
                <Template><![CDATA[
<template xmlns="http://schemas.microsoft.com/win/2004/08/events">
  <data name="SessionId" inType="win:UInt32" outType="xs:unsignedInt"/>
  <data name="String" inType="win:UnicodeString" outType="xs:string"/>
</template>
]]></Template>
            </Event>
            <Event>
                <Id>55</Id>
                <Version>0</Version>
                <Channel>Microsoft-Windows-Dism-Api/Analytic</Channel>
                <Level>Information</Level>
                <Task>DismAddDriver</Task>
                <Opcode>Start</Opcode>
                <Keyword>DismApiEvent</Keyword>
                <Template><![CDATA[
<template xmlns="http://schemas.microsoft.com/win/2004/08/events">
  <data name="SessionId" inType="win:UInt32" outType="xs:unsignedInt"/>
  <data name="String" inType="win:UnicodeString" outType="xs:string"/>
</template>
]]></Template>
            </Event>
            <Event>
                <Id>56</Id>
                <Version>0</Version>
                <Channel>Microsoft-Windows-Dism-Api/Analytic</Channel>
                <Level>Information</Level>
                <Task>DismAddDriver</Task>
                <Opcode>Stop</Opcode>
                <Keyword>DismApiEvent</Keyword>
                <Template><![CDATA[
<template xmlns="http://schemas.microsoft.com/win/2004/08/events">
  <data name="SessionId" inType="win:UInt32" outType="xs:unsignedInt"/>
  <data name="String" inType="win:UnicodeString" outType="xs:string"/>
</template>
]]></Template>
            </Event>
            <Event>
                <Id>57</Id>
                <Version>0</Version>
                <Channel>Microsoft-Windows-Dism-Api/Analytic</Channel>
                <Level>Information</Level>
                <Task>DismRemoveDriver</Task>
                <Opcode>Start</Opcode>
                <Keyword>DismApiEvent</Keyword>
                <Template><![CDATA[
<template xmlns="http://schemas.microsoft.com/win/2004/08/events">
  <data name="SessionId" inType="win:UInt32" outType="xs:unsignedInt"/>
  <data name="String" inType="win:UnicodeString" outType="xs:string"/>
</template>
]]></Template>
            </Event>
            <Event>
                <Id>58</Id>
                <Version>0</Version>
                <Channel>Microsoft-Windows-Dism-Api/Analytic</Channel>
                <Level>Information</Level>
                <Task>DismRemoveDriver</Task>
                <Opcode>Stop</Opcode>
                <Keyword>DismApiEvent</Keyword>
                <Template><![CDATA[
<template xmlns="http://schemas.microsoft.com/win/2004/08/events">
  <data name="SessionId" inType="win:UInt32" outType="xs:unsignedInt"/>
  <data name="String" inType="win:UnicodeString" outType="xs:string"/>
</template>
]]></Template>
            </Event>
            <Event>
                <Id>59</Id>
                <Version>0</Version>
                <Channel>Microsoft-Windows-Dism-Api/Analytic</Channel>
                <Level>Information</Level>
                <Task>DismGetDrivers</Task>
                <Opcode>Start</Opcode>
                <Keyword>DismApiEvent</Keyword>
                <Template><![CDATA[
<template xmlns="http://schemas.microsoft.com/win/2004/08/events">
  <data name="SessionId" inType="win:UInt32" outType="xs:unsignedInt"/>
</template>
]]></Template>
            </Event>
            <Event>
                <Id>60</Id>
                <Version>0</Version>
                <Channel>Microsoft-Windows-Dism-Api/Analytic</Channel>
                <Level>Information</Level>
                <Task>DismGetDrivers</Task>
                <Opcode>Stop</Opcode>
                <Keyword>DismApiEvent</Keyword>
                <Template><![CDATA[
<template xmlns="http://schemas.microsoft.com/win/2004/08/events">
  <data name="SessionId" inType="win:UInt32" outType="xs:unsignedInt"/>
</template>
]]></Template>
            </Event>
            <Event>
                <Id>61</Id>
                <Version>0</Version>
                <Channel>Microsoft-Windows-Dism-Api/Analytic</Channel>
                <Level>Information</Level>
                <Task>DismGetDriverInfo</Task>
                <Opcode>Start</Opcode>
                <Keyword>DismApiEvent</Keyword>
                <Template><![CDATA[
<template xmlns="http://schemas.microsoft.com/win/2004/08/events">
  <data name="SessionId" inType="win:UInt32" outType="xs:unsignedInt"/>
  <data name="String" inType="win:UnicodeString" outType="xs:string"/>
</template>
]]></Template>
            </Event>
            <Event>
                <Id>62</Id>
                <Version>0</Version>
                <Channel>Microsoft-Windows-Dism-Api/Analytic</Channel>
                <Level>Information</Level>
                <Task>DismGetDriverInfo</Task>
                <Opcode>Stop</Opcode>
                <Keyword>DismApiEvent</Keyword>
                <Template><![CDATA[
<template xmlns="http://schemas.microsoft.com/win/2004/08/events">
  <data name="SessionId" inType="win:UInt32" outType="xs:unsignedInt"/>
  <data name="String" inType="win:UnicodeString" outType="xs:string"/>
</template>
]]></Template>
            </Event>
            <Event>
                <Id>63</Id>
                <Version>0</Version>
                <Channel>Microsoft-Windows-Dism-Api/Analytic</Channel>
                <Level>Information</Level>
                <Task>DismCheckImageHealth</Task>
                <Opcode>Start</Opcode>
                <Keyword>DismApiEvent</Keyword>
                <Template><![CDATA[
<template xmlns="http://schemas.microsoft.com/win/2004/08/events">
  <data name="SessionId" inType="win:UInt32" outType="xs:unsignedInt"/>
</template>
]]></Template>
            </Event>
            <Event>
                <Id>64</Id>
                <Version>0</Version>
                <Channel>Microsoft-Windows-Dism-Api/Analytic</Channel>
                <Level>Information</Level>
                <Task>DismCheckImageHealth</Task>
                <Opcode>Stop</Opcode>
                <Keyword>DismApiEvent</Keyword>
                <Template><![CDATA[
<template xmlns="http://schemas.microsoft.com/win/2004/08/events">
  <data name="SessionId" inType="win:UInt32" outType="xs:unsignedInt"/>
</template>
]]></Template>
            </Event>
            <Event>
                <Id>65</Id>
                <Version>0</Version>
                <Channel>Microsoft-Windows-Dism-Api/Analytic</Channel>
                <Level>Information</Level>
                <Task>DismRestoreImageHealth</Task>
                <Opcode>Start</Opcode>
                <Keyword>DismApiEvent</Keyword>
                <Template><![CDATA[
<template xmlns="http://schemas.microsoft.com/win/2004/08/events">
  <data name="SessionId" inType="win:UInt32" outType="xs:unsignedInt"/>
</template>
]]></Template>
            </Event>
            <Event>
                <Id>66</Id>
                <Version>0</Version>
                <Channel>Microsoft-Windows-Dism-Api/Analytic</Channel>
                <Level>Information</Level>
                <Task>DismRestoreImageHealth</Task>
                <Opcode>Stop</Opcode>
                <Keyword>DismApiEvent</Keyword>
                <Template><![CDATA[
<template xmlns="http://schemas.microsoft.com/win/2004/08/events">
  <data name="SessionId" inType="win:UInt32" outType="xs:unsignedInt"/>
</template>
]]></Template>
            </Event>
            <Event>
                <Id>67</Id>
                <Version>0</Version>
                <Channel>Microsoft-Windows-Dism-Api/Analytic</Channel>
                <Level>Information</Level>
                <Task>DismSetEdition</Task>
                <Opcode>Start</Opcode>
                <Keyword>DismApiEvent</Keyword>
                <Template><![CDATA[
<template xmlns="http://schemas.microsoft.com/win/2004/08/events">
  <data name="SessionId" inType="win:UInt32" outType="xs:unsignedInt"/>
</template>
]]></Template>
            </Event>
            <Event>
                <Id>68</Id>
                <Version>0</Version>
                <Channel>Microsoft-Windows-Dism-Api/Analytic</Channel>
                <Level>Information</Level>
                <Task>DismSetEdition</Task>
                <Opcode>Stop</Opcode>
                <Keyword>DismApiEvent</Keyword>
                <Template><![CDATA[
<template xmlns="http://schemas.microsoft.com/win/2004/08/events">
  <data name="SessionId" inType="win:UInt32" outType="xs:unsignedInt"/>
</template>
]]></Template>
            </Event>
            <Event>
                <Id>69</Id>
                <Version>0</Version>
                <Channel>Microsoft-Windows-Dism-Api/Analytic</Channel>
                <Level>Information</Level>
                <Task>DismSetProductKey</Task>
                <Opcode>Start</Opcode>
                <Keyword>DismApiEvent</Keyword>
                <Template><![CDATA[
<template xmlns="http://schemas.microsoft.com/win/2004/08/events">
  <data name="SessionId" inType="win:UInt32" outType="xs:unsignedInt"/>
</template>
]]></Template>
            </Event>
            <Event>
                <Id>70</Id>
                <Version>0</Version>
                <Channel>Microsoft-Windows-Dism-Api/Analytic</Channel>
                <Level>Information</Level>
                <Task>DismSetProductKey</Task>
                <Opcode>Stop</Opcode>
                <Keyword>DismApiEvent</Keyword>
                <Template><![CDATA[
<template xmlns="http://schemas.microsoft.com/win/2004/08/events">
  <data name="SessionId" inType="win:UInt32" outType="xs:unsignedInt"/>
</template>
]]></Template>
            </Event>
            <Event>
                <Id>71</Id>
                <Version>0</Version>
                <Channel>Microsoft-Windows-Dism-Api/Analytic</Channel>
                <Level>Information</Level>
                <Task>DismGetCurrentEdition</Task>
                <Opcode>Start</Opcode>
                <Keyword>DismApiEvent</Keyword>
                <Template><![CDATA[
<template xmlns="http://schemas.microsoft.com/win/2004/08/events">
  <data name="SessionId" inType="win:UInt32" outType="xs:unsignedInt"/>
</template>
]]></Template>
            </Event>
            <Event>
                <Id>72</Id>
                <Version>0</Version>
                <Channel>Microsoft-Windows-Dism-Api/Analytic</Channel>
                <Level>Information</Level>
                <Task>DismGetCurrentEdition</Task>
                <Opcode>Stop</Opcode>
                <Keyword>DismApiEvent</Keyword>
                <Template><![CDATA[
<template xmlns="http://schemas.microsoft.com/win/2004/08/events">
  <data name="SessionId" inType="win:UInt32" outType="xs:unsignedInt"/>
</template>
]]></Template>
            </Event>
            <Event>
                <Id>73</Id>
                <Version>0</Version>
                <Channel>Microsoft-Windows-Dism-Api/Analytic</Channel>
                <Level>Information</Level>
                <Task>DismGetTargetEditions</Task>
                <Opcode>Start</Opcode>
                <Keyword>DismApiEvent</Keyword>
                <Template><![CDATA[
<template xmlns="http://schemas.microsoft.com/win/2004/08/events">
  <data name="SessionId" inType="win:UInt32" outType="xs:unsignedInt"/>
</template>
]]></Template>
            </Event>
            <Event>
                <Id>74</Id>
                <Version>0</Version>
                <Channel>Microsoft-Windows-Dism-Api/Analytic</Channel>
                <Level>Information</Level>
                <Task>DismGetTargetEditions</Task>
                <Opcode>Stop</Opcode>
                <Keyword>DismApiEvent</Keyword>
                <Template><![CDATA[
<template xmlns="http://schemas.microsoft.com/win/2004/08/events">
  <data name="SessionId" inType="win:UInt32" outType="xs:unsignedInt"/>
</template>
]]></Template>
            </Event>
            <Event>
                <Id>75</Id>
                <Version>0</Version>
                <Channel>Microsoft-Windows-Dism-Api/Analytic</Channel>
                <Level>Information</Level>
                <Task>DismGetFeaturesEx</Task>
                <Opcode>Start</Opcode>
                <Keyword>DismApiEvent</Keyword>
                <Template><![CDATA[
<template xmlns="http://schemas.microsoft.com/win/2004/08/events">
  <data name="SessionId" inType="win:UInt32" outType="xs:unsignedInt"/>
</template>
]]></Template>
            </Event>
            <Event>
                <Id>76</Id>
                <Version>0</Version>
                <Channel>Microsoft-Windows-Dism-Api/Analytic</Channel>
                <Level>Information</Level>
                <Task>DismGetFeaturesEx</Task>
                <Opcode>Stop</Opcode>
                <Keyword>DismApiEvent</Keyword>
                <Template><![CDATA[
<template xmlns="http://schemas.microsoft.com/win/2004/08/events">
  <data name="SessionId" inType="win:UInt32" outType="xs:unsignedInt"/>
</template>
]]></Template>
            </Event>
            <Event>
                <Id>77</Id>
                <Version>0</Version>
                <Channel>Microsoft-Windows-Dism-Api/Analytic</Channel>
                <Level>Information</Level>
                <Task>DismAddProvisionedAppxPackage</Task>
                <Opcode>Start</Opcode>
                <Keyword>DismApiEvent</Keyword>
                <Template><![CDATA[
<template xmlns="http://schemas.microsoft.com/win/2004/08/events">
  <data name="SessionId" inType="win:UInt32" outType="xs:unsignedInt"/>
  <data name="String" inType="win:UnicodeString" outType="xs:string"/>
</template>
]]></Template>
            </Event>
            <Event>
                <Id>78</Id>
                <Version>0</Version>
                <Channel>Microsoft-Windows-Dism-Api/Analytic</Channel>
                <Level>Information</Level>
                <Task>DismAddProvisionedAppxPackage</Task>
                <Opcode>Stop</Opcode>
                <Keyword>DismApiEvent</Keyword>
                <Template><![CDATA[
<template xmlns="http://schemas.microsoft.com/win/2004/08/events">
  <data name="SessionId" inType="win:UInt32" outType="xs:unsignedInt"/>
  <data name="String" inType="win:UnicodeString" outType="xs:string"/>
</template>
]]></Template>
            </Event>
            <Event>
                <Id>79</Id>
                <Version>0</Version>
                <Channel>Microsoft-Windows-Dism-Api/Analytic</Channel>
                <Level>Information</Level>
                <Task>DismRemoveProvisionedAppxPackage</Task>
                <Opcode>Start</Opcode>
                <Keyword>DismApiEvent</Keyword>
                <Template><![CDATA[
<template xmlns="http://schemas.microsoft.com/win/2004/08/events">
  <data name="SessionId" inType="win:UInt32" outType="xs:unsignedInt"/>
  <data name="String" inType="win:UnicodeString" outType="xs:string"/>
</template>
]]></Template>
            </Event>
            <Event>
                <Id>80</Id>
                <Version>0</Version>
                <Channel>Microsoft-Windows-Dism-Api/Analytic</Channel>
                <Level>Information</Level>
                <Task>DismRemoveProvisionedAppxPackage</Task>
                <Opcode>Stop</Opcode>
                <Keyword>DismApiEvent</Keyword>
                <Template><![CDATA[
<template xmlns="http://schemas.microsoft.com/win/2004/08/events">
  <data name="SessionId" inType="win:UInt32" outType="xs:unsignedInt"/>
  <data name="String" inType="win:UnicodeString" outType="xs:string"/>
</template>
]]></Template>
            </Event>
            <Event>
                <Id>81</Id>
                <Version>0</Version>
                <Channel>Microsoft-Windows-Dism-Api/Analytic</Channel>
                <Level>Information</Level>
                <Task>DismGetProvisionedAppxPackages</Task>
                <Opcode>Start</Opcode>
                <Keyword>DismApiEvent</Keyword>
                <Template><![CDATA[
<template xmlns="http://schemas.microsoft.com/win/2004/08/events">
  <data name="SessionId" inType="win:UInt32" outType="xs:unsignedInt"/>
</template>
]]></Template>
            </Event>
            <Event>
                <Id>82</Id>
                <Version>0</Version>
                <Channel>Microsoft-Windows-Dism-Api/Analytic</Channel>
                <Level>Information</Level>
                <Task>DismGetProvisionedAppxPackages</Task>
                <Opcode>Stop</Opcode>
                <Keyword>DismApiEvent</Keyword>
                <Template><![CDATA[
<template xmlns="http://schemas.microsoft.com/win/2004/08/events">
  <data name="SessionId" inType="win:UInt32" outType="xs:unsignedInt"/>
</template>
]]></Template>
            </Event>
            <Event>
                <Id>83</Id>
                <Version>0</Version>
                <Channel>Microsoft-Windows-Dism-Api/Analytic</Channel>
                <Level>Information</Level>
                <Task>DismExportDriver</Task>
                <Opcode>Start</Opcode>
                <Keyword>DismApiEvent</Keyword>
                <Template><![CDATA[
<template xmlns="http://schemas.microsoft.com/win/2004/08/events">
  <data name="SessionId" inType="win:UInt32" outType="xs:unsignedInt"/>
</template>
]]></Template>
            </Event>
            <Event>
                <Id>84</Id>
                <Version>0</Version>
                <Channel>Microsoft-Windows-Dism-Api/Analytic</Channel>
                <Level>Information</Level>
                <Task>DismExportDriver</Task>
                <Opcode>Stop</Opcode>
                <Keyword>DismApiEvent</Keyword>
                <Template><![CDATA[
<template xmlns="http://schemas.microsoft.com/win/2004/08/events">
  <data name="SessionId" inType="win:UInt32" outType="xs:unsignedInt"/>
</template>
]]></Template>
            </Event>
            <Event>
                <Id>85</Id>
                <Version>0</Version>
                <Channel>Microsoft-Windows-Dism-Api/Analytic</Channel>
                <Level>Information</Level>
                <Task>DismOptimizeImage</Task>
                <Opcode>Start</Opcode>
                <Keyword>DismApiEvent</Keyword>
                <Template><![CDATA[
<template xmlns="http://schemas.microsoft.com/win/2004/08/events">
  <data name="SessionId" inType="win:UInt32" outType="xs:unsignedInt"/>
</template>
]]></Template>
            </Event>
            <Event>
                <Id>86</Id>
                <Version>0</Version>
                <Channel>Microsoft-Windows-Dism-Api/Analytic</Channel>
                <Level>Information</Level>
                <Task>DismOptimizeImage</Task>
                <Opcode>Stop</Opcode>
                <Keyword>DismApiEvent</Keyword>
                <Template><![CDATA[
<template xmlns="http://schemas.microsoft.com/win/2004/08/events">
  <data name="SessionId" inType="win:UInt32" outType="xs:unsignedInt"/>
</template>
]]></Template>
            </Event>
            <Event>
                <Id>87</Id>
                <Version>0</Version>
                <Channel>Microsoft-Windows-Dism-Api/Analytic</Channel>
                <Level>Information</Level>
                <Task>DismRemoveProvisionedAppxPackage</Task>
                <Opcode>Start</Opcode>
                <Keyword>DismApiEvent</Keyword>
                <Template><![CDATA[
<template xmlns="http://schemas.microsoft.com/win/2004/08/events">
  <data name="SessionId" inType="win:UInt32" outType="xs:unsignedInt"/>
  <data name="String" inType="win:UnicodeString" outType="xs:string"/>
</template>
]]></Template>
            </Event>
            <Event>
                <Id>88</Id>
                <Version>0</Version>
                <Channel>Microsoft-Windows-Dism-Api/Analytic</Channel>
                <Level>Information</Level>
                <Task>DismRemoveProvisionedAppxPackage</Task>
                <Opcode>Stop</Opcode>
                <Keyword>DismApiEvent</Keyword>
                <Template><![CDATA[
<template xmlns="http://schemas.microsoft.com/win/2004/08/events">
  <data name="SessionId" inType="win:UInt32" outType="xs:unsignedInt"/>
  <data name="String" inType="win:UnicodeString" outType="xs:string"/>
</template>
]]></Template>
            </Event>
        </EventMetadata>
    </Provider>
</Providers>
