<Providers>
    <Provider>
        <Name>Microsoft-Windows-FileHistory-Core</Name>
        <Metadata>
            <Guid>{B447B4DB-7780-11E0-ADA3-18A90531A85A}</Guid>
            <ResourceFilePath>%SystemRoot%\System32\fhsvc.dll</ResourceFilePath>
            <ParameterFilePath></ParameterFilePath>
            <MessageFilePath>%SystemRoot%\System32\fhsvc.dll</MessageFilePath>
            <HelpLink></HelpLink>
            <PublisherMessage></PublisherMessage>
            <Channels>
                <Channel>
                    <Message></Message>
                    <Path>Microsoft-Windows-FileHistory-Core/Debug</Path>
                    <Index>0</Index>
                    <Id>16</Id>
                    <Imported>false</Imported>
                </Channel>
                <Channel>
                    <Message></Message>
                    <Path>Microsoft-Windows-FileHistory-Core/Analytic</Path>
                    <Index>1</Index>
                    <Id>17</Id>
                    <Imported>false</Imported>
                </Channel>
                <Channel>
                    <Message></Message>
                    <Path>Microsoft-Windows-FileHistory-Core/WHC</Path>
                    <Index>2</Index>
                    <Id>18</Id>
                    <Imported>false</Imported>
                </Channel>
                <Channel>
                    <Message></Message>
                    <Path>Microsoft-Windows-FileHistory-Engine/BackupLog</Path>
                    <Index>3</Index>
                    <Id>19</Id>
                    <Imported>true</Imported>
                </Channel>
            </Channels>
            <Levels>
                <Level>
                    <Message>Error</Message>
                    <Name>win:Error</Name>
                    <Value>2</Value>
                </Level>
                <Level>
                    <Message>Warning</Message>
                    <Name>win:Warning</Name>
                    <Value>3</Value>
                </Level>
                <Level>
                    <Message>Information</Message>
                    <Name>win:Informational</Name>
                    <Value>4</Value>
                </Level>
            </Levels>
            <Tasks>
            </Tasks>
            <Opcodes>
                <Opcode>
                    <Message>Info</Message>
                    <Name>win:Info</Name>
                    <Value>0</Value>
                    <Task>0</Task>
                </Opcode>
            </Opcodes>
            <Keywords>
            </Keywords>
        </Metadata>
        <EventMetadata>
            <Event>
                <Id>100</Id>
                <Version>0</Version>
                <Channel>Microsoft-Windows-FileHistory-Core/WHC</Channel>
                <Level>Information</Level>
                <Message><![CDATA[
File History operational state has changed]]></Message>
                <Template><![CDATA[
<template xmlns="http://schemas.microsoft.com/win/2004/08/events">
  <data name="hc_stateid" inType="win:UInt32" outType="xs:unsignedInt"/>
  <data name="ProtectedUpToTime" inType="win:UnicodeString" outType="xs:string"/>
</template>
]]></Template>
            </Event>
            <Event>
                <Id>200</Id>
                <Version>0</Version>
                <Channel>Microsoft-Windows-FileHistory-Engine/BackupLog</Channel>
                <Level>Error</Level>
                <Message><![CDATA[
Unable to start a backup cycle for configuration %3]]></Message>
                <Template><![CDATA[
<template xmlns="http://schemas.microsoft.com/win/2004/08/events">
  <data name="HighLevelHr" inType="win:UInt32" outType="xs:unsignedInt"/>
  <data name="LowLevelHr" inType="win:UInt32" outType="xs:unsignedInt"/>
  <data name="ConfigFilePath" inType="win:UnicodeString" outType="xs:string"/>
</template>
]]></Template>
            </Event>
            <Event>
                <Id>201</Id>
                <Version>0</Version>
                <Channel>Microsoft-Windows-FileHistory-Engine/BackupLog</Channel>
                <Level>Error</Level>
                <Message><![CDATA[
Unable to scan user libraries for changes and perform backup of modified files for configuration %2]]></Message>
                <Template><![CDATA[
<template xmlns="http://schemas.microsoft.com/win/2004/08/events">
  <data name="Hr" inType="win:UInt32" outType="xs:unsignedInt"/>
  <data name="ConfigFilePath" inType="win:UnicodeString" outType="xs:string"/>
</template>
]]></Template>
            </Event>
            <Event>
                <Id>202</Id>
                <Version>0</Version>
                <Channel>Microsoft-Windows-FileHistory-Engine/BackupLog</Channel>
                <Level>Warning</Level>
                <Message><![CDATA[
Unusual condition was encountered during scanning user libraries for changes and performing backup of modified files for configuration %2]]></Message>
                <Template><![CDATA[
<template xmlns="http://schemas.microsoft.com/win/2004/08/events">
  <data name="Hr" inType="win:UInt32" outType="xs:unsignedInt"/>
  <data name="ConfigFilePath" inType="win:UnicodeString" outType="xs:string"/>
</template>
]]></Template>
            </Event>
            <Event>
                <Id>203</Id>
                <Version>0</Version>
                <Channel>Microsoft-Windows-FileHistory-Engine/BackupLog</Channel>
                <Level>Error</Level>
                <Message><![CDATA[
Unable to finish a backup cycle for configuration %2]]></Message>
                <Template><![CDATA[
<template xmlns="http://schemas.microsoft.com/win/2004/08/events">
  <data name="Hr" inType="win:UInt32" outType="xs:unsignedInt"/>
  <data name="ConfigFilePath" inType="win:UnicodeString" outType="xs:string"/>
</template>
]]></Template>
            </Event>
            <Event>
                <Id>204</Id>
                <Version>0</Version>
                <Channel>Microsoft-Windows-FileHistory-Engine/BackupLog</Channel>
                <Level>Warning</Level>
                <Message><![CDATA[
Unusual condition was encountered during finalization of a backup cycle for configuration %2]]></Message>
                <Template><![CDATA[
<template xmlns="http://schemas.microsoft.com/win/2004/08/events">
  <data name="Hr" inType="win:UInt32" outType="xs:unsignedInt"/>
  <data name="ConfigFilePath" inType="win:UnicodeString" outType="xs:string"/>
</template>
]]></Template>
            </Event>
            <Event>
                <Id>205</Id>
                <Version>0</Version>
                <Channel>Microsoft-Windows-FileHistory-Engine/BackupLog</Channel>
                <Message><![CDATA[
Some files could not be restored. Please manually restore them using File History (%1).]]></Message>
                <Template><![CDATA[
<template xmlns="http://schemas.microsoft.com/win/2004/08/events">
  <data name="Message" inType="win:UnicodeString" outType="xs:string"/>
</template>
]]></Template>
            </Event>
        </EventMetadata>
    </Provider>
</Providers>
