<Providers>
    <Provider>
        <Name>Microsoft-Windows-DeviceGuard</Name>
        <Metadata>
            <Guid>{F717D024-F5B4-4F03-9AB9-331B2DC38FFB}</Guid>
            <ResourceFilePath>%SystemRoot%\system32\ManageCI.dll</ResourceFilePath>
            <ParameterFilePath></ParameterFilePath>
            <MessageFilePath>%SystemRoot%\system32\ManageCI.dll</MessageFilePath>
            <HelpLink></HelpLink>
            <PublisherMessage>Microsoft-Windows-DeviceGuard</PublisherMessage>
            <Channels>
                <Channel>
                    <Message>Microsoft-Windows-DeviceGuard/Operational</Message>
                    <Path>Microsoft-Windows-DeviceGuard/Operational</Path>
                    <Index>0</Index>
                    <Id>16</Id>
                    <Imported>false</Imported>
                </Channel>
                <Channel>
                    <Message>Microsoft-Windows-DeviceGuard/Verbose</Message>
                    <Path>Microsoft-Windows-DeviceGuard/Verbose</Path>
                    <Index>1</Index>
                    <Id>17</Id>
                    <Imported>false</Imported>
                </Channel>
            </Channels>
            <Levels>
                <Level>
                    <Message>Error</Message>
                    <Name>win:Error</Name>
                    <Value>2</Value>
                </Level>
                <Level>
                    <Message>Information</Message>
                    <Name>win:Informational</Name>
                    <Value>4</Value>
                </Level>
            </Levels>
            <Tasks>
            </Tasks>
            <Opcodes>
                <Opcode>
                    <Message></Message>
                    <Name>DeviceGuard</Name>
                    <Value>102</Value>
                    <Task>0</Task>
                </Opcode>
                <Opcode>
                    <Message></Message>
                    <Name>ManageCI</Name>
                    <Value>200</Value>
                    <Task>0</Task>
                </Opcode>
            </Opcodes>
            <Keywords>
            </Keywords>
        </Metadata>
        <EventMetadata>
            <Event>
                <Id>6000</Id>
                <Version>0</Version>
                <Channel>Microsoft-Windows-DeviceGuard/Operational</Channel>
                <Level>Error</Level>
                <Opcode>ManageCI</Opcode>
                <Message><![CDATA[
CodeIntegrity attempted to load the policy located at %1, but failed with status code %2]]></Message>
                <Template><![CDATA[
<template xmlns="http://schemas.microsoft.com/win/2004/08/events">
  <data name="PolicyFilePath" inType="win:UnicodeString" outType="xs:string"/>
  <data name="ErrorCode" inType="win:HexInt32" outType="win:HexInt32"/>
</template>
]]></Template>
            </Event>
            <Event>
                <Id>6001</Id>
                <Version>0</Version>
                <Channel>Microsoft-Windows-DeviceGuard/Operational</Channel>
                <Level>Error</Level>
                <Opcode>ManageCI</Opcode>
                <Message><![CDATA[
CodeIntegrity attempted to load token %1 but failed with status %2]]></Message>
                <Template><![CDATA[
<template xmlns="http://schemas.microsoft.com/win/2004/08/events">
  <data name="TokenID" inType="win:UnicodeString" outType="xs:string"/>
  <data name="Status" inType="win:UInt32" outType="xs:unsignedInt"/>
</template>
]]></Template>
            </Event>
            <Event>
                <Id>6002</Id>
                <Version>0</Version>
                <Channel>Microsoft-Windows-DeviceGuard/Operational</Channel>
                <Level>Information</Level>
                <Opcode>ManageCI</Opcode>
                <Message><![CDATA[
CodeIntegrity successfully loaded token %1]]></Message>
                <Template><![CDATA[
<template xmlns="http://schemas.microsoft.com/win/2004/08/events">
  <data name="Token" inType="win:UnicodeString" outType="xs:string"/>
  <data name="TenantID" inType="win:GUID" outType="xs:GUID"/>
  <data name="Type" inType="win:UInt32" outType="xs:unsignedInt"/>
  <data name="TBS256Count" inType="win:UInt32" outType="xs:unsignedInt"/>
  <data name="TBS384Count" inType="win:UInt32" outType="xs:unsignedInt"/>
  <data name="TBS512Count" inType="win:UInt32" outType="xs:unsignedInt"/>
</template>
]]></Template>
            </Event>
            <Event>
                <Id>6003</Id>
                <Version>0</Version>
                <Channel>Microsoft-Windows-DeviceGuard/Operational</Channel>
                <Level>Information</Level>
                <Opcode>ManageCI</Opcode>
                <Message><![CDATA[
This event contains additional information for token %1]]></Message>
                <Template><![CDATA[
<template xmlns="http://schemas.microsoft.com/win/2004/08/events">
  <data name="Token" inType="win:UnicodeString" outType="xs:string"/>
  <data name="HashAlgo" inType="win:UnicodeString" outType="xs:string"/>
  <data name="TbsHashLen" inType="win:UInt32" outType="xs:unsignedInt"/>
  <data name="TbsHash" inType="win:Binary" outType="xs:hexBinary" length="TbsHashLen"/>
</template>
]]></Template>
            </Event>
            <Event>
                <Id>7000</Id>
                <Version>0</Version>
                <Channel>Microsoft-Windows-DeviceGuard/Operational</Channel>
                <Level>Information</Level>
                <Opcode>DeviceGuard</Opcode>
                <Message><![CDATA[
Device Guard successfully processed the Group Policy: Virtualization Based Security  = %1,  Secure Boot = %2, DMA Protection = %3,  Virtualization Based Code Integrity = %4, Credential Guard = %5, Reboot required = %6, Status = %7.]]></Message>
                <Template><![CDATA[
<template xmlns="http://schemas.microsoft.com/win/2004/08/events">
  <data name="VirtualizationBasedSecurity" inType="win:UnicodeString" outType="xs:string"/>
  <data name="SecureBoot" inType="win:UnicodeString" outType="xs:string"/>
  <data name="DmaProtection" inType="win:UnicodeString" outType="xs:string"/>
  <data name="HVCI" inType="win:UnicodeString" outType="xs:string"/>
  <data name="LSA" inType="win:UnicodeString" outType="xs:string"/>
  <data name="Reboot" inType="win:UnicodeString" outType="xs:string"/>
  <data name="Status" inType="win:HexInt32" outType="win:HexInt32"/>
</template>
]]></Template>
            </Event>
            <Event>
                <Id>7000</Id>
                <Version>1</Version>
                <Channel>Microsoft-Windows-DeviceGuard/Operational</Channel>
                <Level>Information</Level>
                <Opcode>DeviceGuard</Opcode>
                <Message><![CDATA[
Device Guard successfully processed the Group Policy: Virtualization Based Security  = %1,  Secure Boot = %2, DMA Protection = %3,  Virtualization Based Code Integrity = %4, Credential Guard = %5, Kernel-mode Hardware-enforced Stack Protection = %6, Reboot required = %7, Status = %8.]]></Message>
                <Template><![CDATA[
<template xmlns="http://schemas.microsoft.com/win/2004/08/events">
  <data name="VirtualizationBasedSecurity" inType="win:UnicodeString" outType="xs:string"/>
  <data name="SecureBoot" inType="win:UnicodeString" outType="xs:string"/>
  <data name="DmaProtection" inType="win:UnicodeString" outType="xs:string"/>
  <data name="HVCI" inType="win:UnicodeString" outType="xs:string"/>
  <data name="LSA" inType="win:UnicodeString" outType="xs:string"/>
  <data name="KernelShadowStacks" inType="win:UInt32" outType="xs:unsignedInt"/>
  <data name="Reboot" inType="win:UnicodeString" outType="xs:string"/>
  <data name="Status" inType="win:HexInt32" outType="win:HexInt32"/>
</template>
]]></Template>
            </Event>
            <Event>
                <Id>7001</Id>
                <Version>0</Version>
                <Channel>Microsoft-Windows-DeviceGuard/Operational</Channel>
                <Level>Error</Level>
                <Opcode>DeviceGuard</Opcode>
                <Message><![CDATA[
Device Guard failed to process the Group Policy to enable Virtualization Based Security (Status = %1): %2]]></Message>
                <Template><![CDATA[
<template xmlns="http://schemas.microsoft.com/win/2004/08/events">
  <data name="Status" inType="win:HexInt32" outType="win:HexInt32"/>
  <data name="ErrorMessage" inType="win:UnicodeString" outType="xs:string"/>
</template>
]]></Template>
            </Event>
            <Event>
                <Id>7002</Id>
                <Version>0</Version>
                <Channel>Microsoft-Windows-DeviceGuard/Operational</Channel>
                <Level>Error</Level>
                <Opcode>DeviceGuard</Opcode>
                <Message><![CDATA[
Device Guard failed to process the Group Policy to disable Virtualization Based Security (Status = %1): %2]]></Message>
                <Template><![CDATA[
<template xmlns="http://schemas.microsoft.com/win/2004/08/events">
  <data name="Status" inType="win:HexInt32" outType="win:HexInt32"/>
  <data name="ErrorMessage" inType="win:UnicodeString" outType="xs:string"/>
</template>
]]></Template>
            </Event>
            <Event>
                <Id>7010</Id>
                <Version>0</Version>
                <Channel>Microsoft-Windows-DeviceGuard/Operational</Channel>
                <Level>Information</Level>
                <Opcode>DeviceGuard</Opcode>
                <Message><![CDATA[
Device Guard successfully processed the Group Policy: Configurable Code Integrity Policy = %1,  Policy file path = %2, Reboot required = %3, Status = %4.]]></Message>
                <Template><![CDATA[
<template xmlns="http://schemas.microsoft.com/win/2004/08/events">
  <data name="SiPolicy" inType="win:UnicodeString" outType="xs:string"/>
  <data name="PolicyFilePath" inType="win:UnicodeString" outType="xs:string"/>
  <data name="Reboot" inType="win:UnicodeString" outType="xs:string"/>
  <data name="Status" inType="win:HexInt32" outType="win:HexInt32"/>
</template>
]]></Template>
            </Event>
            <Event>
                <Id>7011</Id>
                <Version>0</Version>
                <Channel>Microsoft-Windows-DeviceGuard/Operational</Channel>
                <Level>Error</Level>
                <Opcode>DeviceGuard</Opcode>
                <Message><![CDATA[
Device Guard failed to process the Group Policy to enable Configurable Code Integrity Policy (Status = %1): %2]]></Message>
                <Template><![CDATA[
<template xmlns="http://schemas.microsoft.com/win/2004/08/events">
  <data name="Status" inType="win:HexInt32" outType="win:HexInt32"/>
  <data name="ErrorMessage" inType="win:UnicodeString" outType="xs:string"/>
</template>
]]></Template>
            </Event>
            <Event>
                <Id>7012</Id>
                <Version>0</Version>
                <Channel>Microsoft-Windows-DeviceGuard/Operational</Channel>
                <Level>Error</Level>
                <Opcode>DeviceGuard</Opcode>
                <Message><![CDATA[
Device Guard failed to process the Group Policy to disable Configurable Code Integrity Policy (Status = %1): %2]]></Message>
                <Template><![CDATA[
<template xmlns="http://schemas.microsoft.com/win/2004/08/events">
  <data name="Status" inType="win:HexInt32" outType="win:HexInt32"/>
  <data name="ErrorMessage" inType="win:UnicodeString" outType="xs:string"/>
</template>
]]></Template>
            </Event>
            <Event>
                <Id>7013</Id>
                <Version>0</Version>
                <Channel>Microsoft-Windows-DeviceGuard/Operational</Channel>
                <Level>Error</Level>
                <Opcode>DeviceGuard</Opcode>
                <Message><![CDATA[
Device Guard is not available in this edition of Windows]]></Message>
                <Template><![CDATA[
]]></Template>
            </Event>
        </EventMetadata>
    </Provider>
</Providers>
