<Providers>
    <Provider>
        <Name>Microsoft-Windows-Diagnosis-PCW</Name>
        <Metadata>
            <Guid>{AABF8B86-7936-4FA2-ACB0-63127F879DBF}</Guid>
            <ResourceFilePath>%SystemRoot%\System32\pcwum.dll</ResourceFilePath>
            <ParameterFilePath></ParameterFilePath>
            <MessageFilePath>%SystemRoot%\System32\pcwum.dll</MessageFilePath>
            <HelpLink></HelpLink>
            <PublisherMessage>Microsoft-Windows-Diagnosis-PCW</PublisherMessage>
            <Channels>
                <Channel>
                    <Message>Microsoft-Windows-Diagnosis-PCW/Operational</Message>
                    <Path>Microsoft-Windows-Diagnosis-PCW/Operational</Path>
                    <Index>0</Index>
                    <Id>16</Id>
                    <Imported>false</Imported>
                </Channel>
                <Channel>
                    <Message>Microsoft-Windows-Diagnosis-PCW/Analytic</Message>
                    <Path>Microsoft-Windows-Diagnosis-PCW/Analytic</Path>
                    <Index>1</Index>
                    <Id>17</Id>
                    <Imported>false</Imported>
                </Channel>
                <Channel>
                    <Message>Microsoft-Windows-Diagnosis-PCW/Debug</Message>
                    <Path>Microsoft-Windows-Diagnosis-PCW/Debug</Path>
                    <Index>2</Index>
                    <Id>18</Id>
                    <Imported>false</Imported>
                </Channel>
            </Channels>
            <Levels>
            </Levels>
            <Tasks>
            </Tasks>
            <Opcodes>
            </Opcodes>
            <Keywords>
                <Keyword>
                    <Message>Errors</Message>
                    <Name>errors</Name>
                    <Value>2048</Value>
                </Keyword>
                <Keyword>
                    <Message>Provider callouts</Message>
                    <Name>callouts</Name>
                    <Value>4096</Value>
                </Keyword>
                <Keyword>
                    <Message>Provider notifications</Message>
                    <Name>notifications</Name>
                    <Value>8192</Value>
                </Keyword>
                <Keyword>
                    <Message>Provider queries</Message>
                    <Name>queries</Name>
                    <Value>16384</Value>
                </Keyword>
            </Keywords>
        </Metadata>
        <EventMetadata>
            <Event>
                <Id>1</Id>
                <Version>0</Version>
                <Channel>Microsoft-Windows-Diagnosis-PCW/Operational</Channel>
                <Keyword>Errors</Keyword>
                <Message><![CDATA[
Provider %2 failed to register. Error: "%1"]]></Message>
                <Template><![CDATA[
<template xmlns="http://schemas.microsoft.com/win/2004/08/events">
  <data name="Error" inType="win:UInt32" outType="win:Win32Error"/>
  <data name="ProviderGuid" inType="win:GUID" outType="xs:GUID"/>
</template>
]]></Template>
            </Event>
            <Event>
                <Id>2</Id>
                <Version>0</Version>
                <Channel>Microsoft-Windows-Diagnosis-PCW/Operational</Channel>
                <Keyword>Errors</Keyword>
                <Message><![CDATA[
Provider %2 failed to register counter set %3. Error: "%1"]]></Message>
                <Template><![CDATA[
<template xmlns="http://schemas.microsoft.com/win/2004/08/events">
  <data name="Error" inType="win:UInt32" outType="win:Win32Error"/>
  <data name="ProviderGuid" inType="win:GUID" outType="xs:GUID"/>
  <data name="CounterSetGuid" inType="win:GUID" outType="xs:GUID"/>
</template>
]]></Template>
            </Event>
            <Event>
                <Id>3</Id>
                <Version>0</Version>
                <Channel>Microsoft-Windows-Diagnosis-PCW/Operational</Channel>
                <Keyword>Errors</Keyword>
                <Message><![CDATA[
Instance (%2, %3, %4) could not be created. Error: "%1"]]></Message>
                <Template><![CDATA[
<template xmlns="http://schemas.microsoft.com/win/2004/08/events">
  <data name="Error" inType="win:UInt32" outType="win:Win32Error"/>
  <data name="CounterSetGuid" inType="win:GUID" outType="xs:GUID"/>
  <data name="InstanceName" inType="win:UnicodeString" outType="xs:string"/>
  <data name="InstanceId" inType="win:UInt32" outType="xs:unsignedInt"/>
</template>
]]></Template>
            </Event>
            <Event>
                <Id>4</Id>
                <Version>0</Version>
                <Channel>Microsoft-Windows-Diagnosis-PCW/Analytic</Channel>
                <Keyword>Provider callouts</Keyword>
                <Message><![CDATA[
About to call provider %1 callback with arguments (%2, %3, %4).]]></Message>
                <Template><![CDATA[
<template xmlns="http://schemas.microsoft.com/win/2004/08/events">
  <data name="ProviderGuid" inType="win:GUID" outType="xs:GUID"/>
  <data name="CallbackReason" inType="win:UInt32" outType="xs:unsignedInt"/>
  <data name="MachineName" inType="win:UnicodeString" outType="xs:string"/>
  <data name="MachineNameSize" inType="win:UInt32" outType="xs:unsignedInt"/>
</template>
]]></Template>
            </Event>
            <Event>
                <Id>5</Id>
                <Version>0</Version>
                <Channel>Microsoft-Windows-Diagnosis-PCW/Analytic</Channel>
                <Keyword>Provider callouts</Keyword>
                <Message><![CDATA[
Callback returned. Return value: "%1"]]></Message>
                <Template><![CDATA[
<template xmlns="http://schemas.microsoft.com/win/2004/08/events">
  <data name="Status" inType="win:UInt32" outType="win:Win32Error"/>
</template>
]]></Template>
            </Event>
            <Event>
                <Id>6</Id>
                <Version>0</Version>
                <Channel>Microsoft-Windows-Diagnosis-PCW/Debug</Channel>
                <Keyword>Provider notifications</Keyword>
                <Message><![CDATA[
Provider %1 received an invalid notification with size %2.]]></Message>
                <Template><![CDATA[
<template xmlns="http://schemas.microsoft.com/win/2004/08/events">
  <data name="ProviderGuid" inType="win:GUID" outType="xs:GUID"/>
  <data name="Size" inType="win:UInt32" outType="xs:unsignedInt"/>
</template>
]]></Template>
            </Event>
            <Event>
                <Id>7</Id>
                <Version>0</Version>
                <Channel>Microsoft-Windows-Diagnosis-PCW/Debug</Channel>
                <Keyword>Provider notifications</Keyword>
                <Message><![CDATA[
Provider %1 received notification: %2.]]></Message>
                <Template><![CDATA[
<template xmlns="http://schemas.microsoft.com/win/2004/08/events">
  <data name="ProviderGuid" inType="win:GUID" outType="xs:GUID"/>
  <data name="RequestCode" inType="win:UInt32" outType="xs:unsignedInt"/>
</template>
]]></Template>
            </Event>
            <Event>
                <Id>8</Id>
                <Version>0</Version>
                <Channel>Microsoft-Windows-Diagnosis-PCW/Debug</Channel>
                <Keyword>Provider notifications</Keyword>
                <Message><![CDATA[
Provider %1 notification handler has replied with size %3 and error code "%2".]]></Message>
                <Template><![CDATA[
<template xmlns="http://schemas.microsoft.com/win/2004/08/events">
  <data name="ProviderGuid" inType="win:GUID" outType="xs:GUID"/>
  <data name="Status" inType="win:UInt32" outType="win:Win32Error"/>
  <data name="Size" inType="win:UInt32" outType="xs:unsignedInt"/>
</template>
]]></Template>
            </Event>
            <Event>
                <Id>9</Id>
                <Version>0</Version>
                <Channel>Microsoft-Windows-Diagnosis-PCW/Debug</Channel>
                <Keyword>Provider notifications</Keyword>
                <Message><![CDATA[
Notification returning with status: "%1"]]></Message>
                <Template><![CDATA[
<template xmlns="http://schemas.microsoft.com/win/2004/08/events">
  <data name="Status" inType="win:UInt32" outType="win:Win32Error"/>
</template>
]]></Template>
            </Event>
            <Event>
                <Id>13</Id>
                <Version>0</Version>
                <Channel>Microsoft-Windows-Diagnosis-PCW/Analytic</Channel>
                <Keyword>Provider queries</Keyword>
                <Message><![CDATA[
Query of provider %1 with id %2 had data collected.]]></Message>
                <Template><![CDATA[
<template xmlns="http://schemas.microsoft.com/win/2004/08/events">
  <data name="ProviderGuid" inType="win:GUID" outType="xs:GUID"/>
  <data name="Id" inType="win:UInt64" outType="xs:unsignedLong"/>
</template>
]]></Template>
            </Event>
            <Event>
                <Id>16</Id>
                <Version>0</Version>
                <Channel>Microsoft-Windows-Diagnosis-PCW/Operational</Channel>
                <Keyword>Errors</Keyword>
                <Message><![CDATA[
Counter %5 of instance (%2, %3, %4) could not be modified. Error: "%1"]]></Message>
                <Template><![CDATA[
<template xmlns="http://schemas.microsoft.com/win/2004/08/events">
  <data name="Error" inType="win:UInt32" outType="win:Win32Error"/>
  <data name="CounterSetGuid" inType="win:GUID" outType="xs:GUID"/>
  <data name="InstanceName" inType="win:UnicodeString" outType="xs:string"/>
  <data name="InstanceId" inType="win:UInt32" outType="xs:unsignedInt"/>
  <data name="CounterId" inType="win:UInt32" outType="xs:unsignedInt"/>
</template>
]]></Template>
            </Event>
            <Event>
                <Id>17</Id>
                <Version>0</Version>
                <Channel>Microsoft-Windows-Diagnosis-PCW/Operational</Channel>
                <Keyword>Errors</Keyword>
                <Message><![CDATA[
Provider %2 failed to unregister. Error: "%1"]]></Message>
                <Template><![CDATA[
<template xmlns="http://schemas.microsoft.com/win/2004/08/events">
  <data name="Error" inType="win:UInt32" outType="win:Win32Error"/>
  <data name="ProviderGuid" inType="win:GUID" outType="xs:GUID"/>
</template>
]]></Template>
            </Event>
            <Event>
                <Id>18</Id>
                <Version>0</Version>
                <Channel>Microsoft-Windows-Diagnosis-PCW/Operational</Channel>
                <Keyword>Errors</Keyword>
                <Message><![CDATA[
Instance (%2, %3, %4) could not be closed. Error: "%1"]]></Message>
                <Template><![CDATA[
<template xmlns="http://schemas.microsoft.com/win/2004/08/events">
  <data name="Error" inType="win:UInt32" outType="win:Win32Error"/>
  <data name="CounterSetGuid" inType="win:GUID" outType="xs:GUID"/>
  <data name="InstanceName" inType="win:UnicodeString" outType="xs:string"/>
  <data name="InstanceId" inType="win:UInt32" outType="xs:unsignedInt"/>
</template>
]]></Template>
            </Event>
            <Event>
                <Id>19</Id>
                <Version>0</Version>
                <Channel>Microsoft-Windows-Diagnosis-PCW/Operational</Channel>
                <Keyword>Errors</Keyword>
                <Message><![CDATA[
Instance (%2, %3, %4) could not be queried. Error: "%1"]]></Message>
                <Template><![CDATA[
<template xmlns="http://schemas.microsoft.com/win/2004/08/events">
  <data name="Error" inType="win:UInt32" outType="win:Win32Error"/>
  <data name="CounterSetGuid" inType="win:GUID" outType="xs:GUID"/>
  <data name="InstanceName" inType="win:UnicodeString" outType="xs:string"/>
  <data name="InstanceId" inType="win:UInt32" outType="xs:unsignedInt"/>
</template>
]]></Template>
            </Event>
            <Event>
                <Id>20</Id>
                <Version>0</Version>
                <Channel>Microsoft-Windows-Diagnosis-PCW/Operational</Channel>
                <Keyword>Errors</Keyword>
                <Message><![CDATA[
Unable to load pcw.sys, phase %2 failed. Error: "%1"]]></Message>
                <Template><![CDATA[
<template xmlns="http://schemas.microsoft.com/win/2004/08/events">
  <data name="ErrorCode" inType="win:UInt32" outType="win:NTStatus"/>
  <data name="Phase" inType="win:UInt32" outType="xs:unsignedInt"/>
</template>
]]></Template>
            </Event>
            <Event>
                <Id>21</Id>
                <Version>0</Version>
                <Channel>Microsoft-Windows-Diagnosis-PCW/Operational</Channel>
                <Keyword>Errors</Keyword>
                <Message><![CDATA[
Kernel-mode provider failed to register counter set %3. Error: "%1"]]></Message>
                <Template><![CDATA[
<template xmlns="http://schemas.microsoft.com/win/2004/08/events">
  <data name="ErrorCode" inType="win:UInt32" outType="win:NTStatus"/>
  <data name="CounterSetNameLength" inType="win:UInt16" outType="xs:unsignedShort"/>
  <data name="CounterSetName" inType="win:UnicodeString" outType="xs:string" length="CounterSetNameLength"/>
</template>
]]></Template>
            </Event>
            <Event>
                <Id>22</Id>
                <Version>0</Version>
                <Channel>Microsoft-Windows-Diagnosis-PCW/Operational</Channel>
                <Keyword>Errors</Keyword>
                <Message><![CDATA[
Kernel-mode provider failed to create instance %5 of counter set %3. Error: "%1"]]></Message>
                <Template><![CDATA[
<template xmlns="http://schemas.microsoft.com/win/2004/08/events">
  <data name="ErrorCode" inType="win:UInt32" outType="win:NTStatus"/>
  <data name="CounterSetNameLength" inType="win:UInt16" outType="xs:unsignedShort"/>
  <data name="CounterSetName" inType="win:UnicodeString" outType="xs:string" length="CounterSetNameLength"/>
  <data name="InstanceNameLength" inType="win:UInt16" outType="xs:unsignedShort"/>
  <data name="InstanceName" inType="win:UnicodeString" outType="xs:string" length="InstanceNameLength"/>
</template>
]]></Template>
            </Event>
            <Event>
                <Id>23</Id>
                <Version>0</Version>
                <Channel>Microsoft-Windows-Diagnosis-PCW/Operational</Channel>
                <Keyword>Errors</Keyword>
                <Message><![CDATA[
Kernel-mode provider failed to add instance %5 of counter set %3. Error: "%1"]]></Message>
                <Template><![CDATA[
<template xmlns="http://schemas.microsoft.com/win/2004/08/events">
  <data name="ErrorCode" inType="win:UInt32" outType="win:NTStatus"/>
  <data name="CounterSetNameLength" inType="win:UInt16" outType="xs:unsignedShort"/>
  <data name="CounterSetName" inType="win:UnicodeString" outType="xs:string" length="CounterSetNameLength"/>
  <data name="InstanceNameLength" inType="win:UInt16" outType="xs:unsignedShort"/>
  <data name="InstanceName" inType="win:UnicodeString" outType="xs:string" length="InstanceNameLength"/>
</template>
]]></Template>
            </Event>
            <Event>
                <Id>24</Id>
                <Version>0</Version>
                <Channel>Microsoft-Windows-Diagnosis-PCW/Analytic</Channel>
                <Keyword>Errors</Keyword>
                <Message><![CDATA[
PCW driver failed when executing ioctl function %2. Error: "%1"]]></Message>
                <Template><![CDATA[
<template xmlns="http://schemas.microsoft.com/win/2004/08/events">
  <data name="ErrorCode" inType="win:UInt32" outType="win:NTStatus"/>
  <data name="FunctionIndex" inType="win:UInt32" outType="xs:unsignedInt"/>
</template>
]]></Template>
            </Event>
            <Event>
                <Id>25</Id>
                <Version>0</Version>
                <Channel>Microsoft-Windows-Diagnosis-PCW/Debug</Channel>
                <Keyword>Errors</Keyword>
                <Message><![CDATA[
PCW device missing during registration of counter set %2 of provider %1.]]></Message>
                <Template><![CDATA[
<template xmlns="http://schemas.microsoft.com/win/2004/08/events">
  <data name="ProviderGuid" inType="win:GUID" outType="xs:GUID"/>
  <data name="CounterSetGuid" inType="win:GUID" outType="xs:GUID"/>
</template>
]]></Template>
            </Event>
        </EventMetadata>
    </Provider>
</Providers>
