<Providers>
    <Provider>
        <Name>Microsoft-Windows-DeviceSync</Name>
        <Metadata>
            <Guid>{09EC9687-D7AD-40CA-9C5E-78A04A5AE993}</Guid>
            <ResourceFilePath>%SystemRoot%\system32\syncinfrastructure.dll</ResourceFilePath>
            <ParameterFilePath></ParameterFilePath>
            <MessageFilePath>%SystemRoot%\system32\syncinfrastructure.dll</MessageFilePath>
            <HelpLink></HelpLink>
            <PublisherMessage></PublisherMessage>
            <Channels>
                <Channel>
                    <Message></Message>
                    <Path>Microsoft-Windows-DeviceSync/Operational</Path>
                    <Index>0</Index>
                    <Id>16</Id>
                    <Imported>false</Imported>
                </Channel>
                <Channel>
                    <Message></Message>
                    <Path>Microsoft-Windows-DeviceSync/Analytic</Path>
                    <Index>1</Index>
                    <Id>17</Id>
                    <Imported>false</Imported>
                </Channel>
            </Channels>
            <Levels>
                <Level>
                    <Message>Error</Message>
                    <Name>win:Error</Name>
                    <Value>2</Value>
                </Level>
                <Level>
                    <Message>Information</Message>
                    <Name>win:Informational</Name>
                    <Value>4</Value>
                </Level>
            </Levels>
            <Tasks>
                <Task>
                    <Message></Message>
                    <Name>SI_Create</Name>
                    <Value>1</Value>
                </Task>
                <Task>
                    <Message></Message>
                    <Name>SI_Request_Start_Sync</Name>
                    <Value>2</Value>
                </Task>
                <Task>
                    <Message></Message>
                    <Name>SI_Request_Stop_Sync</Name>
                    <Value>3</Value>
                </Task>
                <Task>
                    <Message></Message>
                    <Name>SI_Device_Connection</Name>
                    <Value>4</Value>
                </Task>
                <Task>
                    <Message></Message>
                    <Name>SI_Query_Status</Name>
                    <Value>5</Value>
                </Task>
                <Task>
                    <Message></Message>
                    <Name>SI_Query_Service</Name>
                    <Value>6</Value>
                </Task>
                <Task>
                    <Message></Message>
                    <Name>SI_State_Change</Name>
                    <Value>7</Value>
                </Task>
                <Task>
                    <Message></Message>
                    <Name>SI_Sync</Name>
                    <Value>8</Value>
                </Task>
                <Task>
                    <Message></Message>
                    <Name>SI_Subscribe_Events</Name>
                    <Value>9</Value>
                </Task>
                <Task>
                    <Message></Message>
                    <Name>SI_Unsubscribe_Events</Name>
                    <Value>10</Value>
                </Task>
                <Task>
                    <Message></Message>
                    <Name>MediaSync_StartSync</Name>
                    <Value>512</Value>
                </Task>
                <Task>
                    <Message></Message>
                    <Name>MediaSync_StopSync</Name>
                    <Value>513</Value>
                </Task>
                <Task>
                    <Message></Message>
                    <Name>MediaSync_SyncState</Name>
                    <Value>514</Value>
                </Task>
                <Task>
                    <Message></Message>
                    <Name>MediaSync_CreateOCX</Name>
                    <Value>515</Value>
                </Task>
                <Task>
                    <Message></Message>
                    <Name>MediaSync_SupportedContent</Name>
                    <Value>516</Value>
                </Task>
                <Task>
                    <Message></Message>
                    <Name>MediaSync_CreatePartnership</Name>
                    <Value>517</Value>
                </Task>
                <Task>
                    <Message></Message>
                    <Name>MediaSync_RemovePartnership</Name>
                    <Value>518</Value>
                </Task>
                <Task>
                    <Message></Message>
                    <Name>MediaSync_GetSyncRules</Name>
                    <Value>519</Value>
                </Task>
                <Task>
                    <Message></Message>
                    <Name>MediaSync_SyncRulesType</Name>
                    <Value>520</Value>
                </Task>
                <Task>
                    <Message></Message>
                    <Name>MediaSync_EstimateSync</Name>
                    <Value>521</Value>
                </Task>
                <Task>
                    <Message></Message>
                    <Name>MediaSync_CancelEstimation</Name>
                    <Value>522</Value>
                </Task>
                <Task>
                    <Message></Message>
                    <Name>MediaSync_GetStorageInfo</Name>
                    <Value>523</Value>
                </Task>
                <Task>
                    <Message></Message>
                    <Name>MediaSync_GetDeletesFlag</Name>
                    <Value>524</Value>
                </Task>
                <Task>
                    <Message></Message>
                    <Name>MediaSync_ResetDeleteFlag</Name>
                    <Value>525</Value>
                </Task>
                <Task>
                    <Message></Message>
                    <Name>MediaSync_InitializeDevices</Name>
                    <Value>526</Value>
                </Task>
                <Task>
                    <Message></Message>
                    <Name>PartnershipStore_LoadStore</Name>
                    <Value>768</Value>
                </Task>
                <Task>
                    <Message></Message>
                    <Name>PartnershipStore_Create</Name>
                    <Value>769</Value>
                </Task>
                <Task>
                    <Message></Message>
                    <Name>PartnershipStore_Destroy</Name>
                    <Value>770</Value>
                </Task>
                <Task>
                    <Message></Message>
                    <Name>PartnershipStore_FindById</Name>
                    <Value>771</Value>
                </Task>
                <Task>
                    <Message></Message>
                    <Name>PartnershipStore_Enum</Name>
                    <Value>772</Value>
                </Task>
                <Task>
                    <Message></Message>
                    <Name>PartnershipStore_Commit</Name>
                    <Value>773</Value>
                </Task>
                <Task>
                    <Message></Message>
                    <Name>PartnershipStore_RemoveOwnership</Name>
                    <Value>774</Value>
                </Task>
            </Tasks>
            <Opcodes>
                <Opcode>
                    <Message>Info</Message>
                    <Name>win:Info</Name>
                    <Value>0</Value>
                    <Task>0</Task>
                </Opcode>
                <Opcode>
                    <Message>Start</Message>
                    <Name>win:Start</Name>
                    <Value>1</Value>
                    <Task>0</Task>
                </Opcode>
                <Opcode>
                    <Message>Stop</Message>
                    <Name>win:Stop</Name>
                    <Value>2</Value>
                    <Task>0</Task>
                </Opcode>
            </Opcodes>
            <Keywords>
            </Keywords>
        </Metadata>
        <EventMetadata>
            <Event>
                <Id>100</Id>
                <Version>0</Version>
                <Channel>Microsoft-Windows-DeviceSync/Analytic</Channel>
                <Level>Information</Level>
                <Task>SI_Create</Task>
                <Opcode>Start</Opcode>
                <Template><![CDATA[
]]></Template>
            </Event>
            <Event>
                <Id>101</Id>
                <Version>0</Version>
                <Channel>Microsoft-Windows-DeviceSync/Analytic</Channel>
                <Level>Information</Level>
                <Task>SI_Create</Task>
                <Opcode>Stop</Opcode>
                <Template><![CDATA[
]]></Template>
            </Event>
            <Event>
                <Id>102</Id>
                <Version>0</Version>
                <Channel>Microsoft-Windows-DeviceSync/Analytic</Channel>
                <Level>Information</Level>
                <Task>SI_Request_Start_Sync</Task>
                <Opcode>Start</Opcode>
                <Template><![CDATA[
]]></Template>
            </Event>
            <Event>
                <Id>103</Id>
                <Version>0</Version>
                <Channel>Microsoft-Windows-DeviceSync/Analytic</Channel>
                <Level>Information</Level>
                <Task>SI_Request_Start_Sync</Task>
                <Opcode>Stop</Opcode>
                <Template><![CDATA[
]]></Template>
            </Event>
            <Event>
                <Id>104</Id>
                <Version>0</Version>
                <Channel>Microsoft-Windows-DeviceSync/Analytic</Channel>
                <Level>Information</Level>
                <Task>SI_Request_Stop_Sync</Task>
                <Opcode>Start</Opcode>
                <Template><![CDATA[
]]></Template>
            </Event>
            <Event>
                <Id>105</Id>
                <Version>0</Version>
                <Channel>Microsoft-Windows-DeviceSync/Analytic</Channel>
                <Level>Information</Level>
                <Task>SI_Request_Stop_Sync</Task>
                <Opcode>Stop</Opcode>
                <Template><![CDATA[
]]></Template>
            </Event>
            <Event>
                <Id>106</Id>
                <Version>0</Version>
                <Channel>Microsoft-Windows-DeviceSync/Analytic</Channel>
                <Level>Information</Level>
                <Task>SI_Device_Connection</Task>
                <Opcode>Start</Opcode>
                <Template><![CDATA[
]]></Template>
            </Event>
            <Event>
                <Id>107</Id>
                <Version>0</Version>
                <Channel>Microsoft-Windows-DeviceSync/Analytic</Channel>
                <Level>Information</Level>
                <Task>SI_Device_Connection</Task>
                <Opcode>Stop</Opcode>
                <Template><![CDATA[
]]></Template>
            </Event>
            <Event>
                <Id>108</Id>
                <Version>0</Version>
                <Channel>Microsoft-Windows-DeviceSync/Analytic</Channel>
                <Level>Information</Level>
                <Task>SI_Query_Status</Task>
                <Opcode>Start</Opcode>
                <Template><![CDATA[
]]></Template>
            </Event>
            <Event>
                <Id>109</Id>
                <Version>0</Version>
                <Channel>Microsoft-Windows-DeviceSync/Analytic</Channel>
                <Level>Information</Level>
                <Task>SI_Query_Status</Task>
                <Opcode>Stop</Opcode>
                <Template><![CDATA[
]]></Template>
            </Event>
            <Event>
                <Id>110</Id>
                <Version>0</Version>
                <Channel>Microsoft-Windows-DeviceSync/Analytic</Channel>
                <Level>Information</Level>
                <Task>SI_Query_Service</Task>
                <Opcode>Start</Opcode>
                <Template><![CDATA[
]]></Template>
            </Event>
            <Event>
                <Id>111</Id>
                <Version>0</Version>
                <Channel>Microsoft-Windows-DeviceSync/Analytic</Channel>
                <Level>Information</Level>
                <Task>SI_Query_Service</Task>
                <Opcode>Stop</Opcode>
                <Template><![CDATA[
]]></Template>
            </Event>
            <Event>
                <Id>112</Id>
                <Version>0</Version>
                <Channel>Microsoft-Windows-DeviceSync/Analytic</Channel>
                <Level>Information</Level>
                <Task>SI_State_Change</Task>
                <Opcode>Start</Opcode>
                <Template><![CDATA[
]]></Template>
            </Event>
            <Event>
                <Id>113</Id>
                <Version>0</Version>
                <Channel>Microsoft-Windows-DeviceSync/Analytic</Channel>
                <Level>Information</Level>
                <Task>SI_State_Change</Task>
                <Opcode>Stop</Opcode>
                <Template><![CDATA[
]]></Template>
            </Event>
            <Event>
                <Id>114</Id>
                <Version>0</Version>
                <Channel>Microsoft-Windows-DeviceSync/Analytic</Channel>
                <Level>Information</Level>
                <Task>SI_Sync</Task>
                <Opcode>Start</Opcode>
                <Template><![CDATA[
]]></Template>
            </Event>
            <Event>
                <Id>115</Id>
                <Version>0</Version>
                <Channel>Microsoft-Windows-DeviceSync/Analytic</Channel>
                <Level>Information</Level>
                <Task>SI_Sync</Task>
                <Opcode>Stop</Opcode>
                <Template><![CDATA[
]]></Template>
            </Event>
            <Event>
                <Id>116</Id>
                <Version>0</Version>
                <Channel>Microsoft-Windows-DeviceSync/Analytic</Channel>
                <Level>Information</Level>
                <Task>SI_Subscribe_Events</Task>
                <Opcode>Start</Opcode>
                <Template><![CDATA[
]]></Template>
            </Event>
            <Event>
                <Id>117</Id>
                <Version>0</Version>
                <Channel>Microsoft-Windows-DeviceSync/Analytic</Channel>
                <Level>Information</Level>
                <Task>SI_Subscribe_Events</Task>
                <Opcode>Stop</Opcode>
                <Template><![CDATA[
]]></Template>
            </Event>
            <Event>
                <Id>118</Id>
                <Version>0</Version>
                <Channel>Microsoft-Windows-DeviceSync/Analytic</Channel>
                <Level>Information</Level>
                <Task>SI_Unsubscribe_Events</Task>
                <Opcode>Start</Opcode>
                <Template><![CDATA[
]]></Template>
            </Event>
            <Event>
                <Id>119</Id>
                <Version>0</Version>
                <Channel>Microsoft-Windows-DeviceSync/Analytic</Channel>
                <Level>Information</Level>
                <Task>SI_Unsubscribe_Events</Task>
                <Opcode>Stop</Opcode>
                <Template><![CDATA[
]]></Template>
            </Event>
            <Event>
                <Id>200</Id>
                <Version>0</Version>
                <Channel>Microsoft-Windows-DeviceSync/Analytic</Channel>
                <Level>Information</Level>
                <Task>MediaSync_StartSync</Task>
                <Opcode>Start</Opcode>
                <Template><![CDATA[
]]></Template>
            </Event>
            <Event>
                <Id>201</Id>
                <Version>0</Version>
                <Channel>Microsoft-Windows-DeviceSync/Analytic</Channel>
                <Level>Information</Level>
                <Task>MediaSync_StartSync</Task>
                <Opcode>Stop</Opcode>
                <Template><![CDATA[
]]></Template>
            </Event>
            <Event>
                <Id>202</Id>
                <Version>0</Version>
                <Channel>Microsoft-Windows-DeviceSync/Analytic</Channel>
                <Level>Information</Level>
                <Task>MediaSync_StopSync</Task>
                <Opcode>Start</Opcode>
                <Template><![CDATA[
]]></Template>
            </Event>
            <Event>
                <Id>203</Id>
                <Version>0</Version>
                <Channel>Microsoft-Windows-DeviceSync/Analytic</Channel>
                <Level>Information</Level>
                <Task>MediaSync_StopSync</Task>
                <Opcode>Stop</Opcode>
                <Template><![CDATA[
]]></Template>
            </Event>
            <Event>
                <Id>204</Id>
                <Version>0</Version>
                <Channel>Microsoft-Windows-DeviceSync/Analytic</Channel>
                <Level>Information</Level>
                <Task>MediaSync_SyncState</Task>
                <Opcode>Start</Opcode>
                <Template><![CDATA[
]]></Template>
            </Event>
            <Event>
                <Id>205</Id>
                <Version>0</Version>
                <Channel>Microsoft-Windows-DeviceSync/Analytic</Channel>
                <Level>Information</Level>
                <Task>MediaSync_SyncState</Task>
                <Opcode>Stop</Opcode>
                <Template><![CDATA[
]]></Template>
            </Event>
            <Event>
                <Id>206</Id>
                <Version>0</Version>
                <Channel>Microsoft-Windows-DeviceSync/Analytic</Channel>
                <Level>Information</Level>
                <Task>MediaSync_CreateOCX</Task>
                <Opcode>Start</Opcode>
                <Template><![CDATA[
]]></Template>
            </Event>
            <Event>
                <Id>207</Id>
                <Version>0</Version>
                <Channel>Microsoft-Windows-DeviceSync/Analytic</Channel>
                <Level>Information</Level>
                <Task>MediaSync_CreateOCX</Task>
                <Opcode>Stop</Opcode>
                <Template><![CDATA[
]]></Template>
            </Event>
            <Event>
                <Id>208</Id>
                <Version>0</Version>
                <Channel>Microsoft-Windows-DeviceSync/Analytic</Channel>
                <Level>Information</Level>
                <Task>MediaSync_SupportedContent</Task>
                <Opcode>Start</Opcode>
                <Template><![CDATA[
]]></Template>
            </Event>
            <Event>
                <Id>209</Id>
                <Version>0</Version>
                <Channel>Microsoft-Windows-DeviceSync/Analytic</Channel>
                <Level>Information</Level>
                <Task>MediaSync_SupportedContent</Task>
                <Opcode>Stop</Opcode>
                <Template><![CDATA[
]]></Template>
            </Event>
            <Event>
                <Id>210</Id>
                <Version>0</Version>
                <Channel>Microsoft-Windows-DeviceSync/Analytic</Channel>
                <Level>Information</Level>
                <Task>MediaSync_RemovePartnership</Task>
                <Opcode>Start</Opcode>
                <Template><![CDATA[
]]></Template>
            </Event>
            <Event>
                <Id>211</Id>
                <Version>0</Version>
                <Channel>Microsoft-Windows-DeviceSync/Analytic</Channel>
                <Level>Information</Level>
                <Task>MediaSync_RemovePartnership</Task>
                <Opcode>Stop</Opcode>
                <Template><![CDATA[
]]></Template>
            </Event>
            <Event>
                <Id>212</Id>
                <Version>0</Version>
                <Channel>Microsoft-Windows-DeviceSync/Analytic</Channel>
                <Level>Information</Level>
                <Task>MediaSync_GetSyncRules</Task>
                <Opcode>Start</Opcode>
                <Template><![CDATA[
]]></Template>
            </Event>
            <Event>
                <Id>213</Id>
                <Version>0</Version>
                <Channel>Microsoft-Windows-DeviceSync/Analytic</Channel>
                <Level>Information</Level>
                <Task>MediaSync_GetSyncRules</Task>
                <Opcode>Stop</Opcode>
                <Template><![CDATA[
]]></Template>
            </Event>
            <Event>
                <Id>214</Id>
                <Version>0</Version>
                <Channel>Microsoft-Windows-DeviceSync/Analytic</Channel>
                <Level>Information</Level>
                <Task>MediaSync_SyncRulesType</Task>
                <Opcode>Start</Opcode>
                <Template><![CDATA[
]]></Template>
            </Event>
            <Event>
                <Id>215</Id>
                <Version>0</Version>
                <Channel>Microsoft-Windows-DeviceSync/Analytic</Channel>
                <Level>Information</Level>
                <Task>MediaSync_SyncRulesType</Task>
                <Opcode>Stop</Opcode>
                <Template><![CDATA[
]]></Template>
            </Event>
            <Event>
                <Id>216</Id>
                <Version>0</Version>
                <Channel>Microsoft-Windows-DeviceSync/Analytic</Channel>
                <Level>Information</Level>
                <Task>MediaSync_EstimateSync</Task>
                <Opcode>Start</Opcode>
                <Template><![CDATA[
]]></Template>
            </Event>
            <Event>
                <Id>217</Id>
                <Version>0</Version>
                <Channel>Microsoft-Windows-DeviceSync/Analytic</Channel>
                <Level>Information</Level>
                <Task>MediaSync_EstimateSync</Task>
                <Opcode>Stop</Opcode>
                <Template><![CDATA[
]]></Template>
            </Event>
            <Event>
                <Id>218</Id>
                <Version>0</Version>
                <Channel>Microsoft-Windows-DeviceSync/Analytic</Channel>
                <Level>Information</Level>
                <Task>MediaSync_CancelEstimation</Task>
                <Opcode>Start</Opcode>
                <Template><![CDATA[
]]></Template>
            </Event>
            <Event>
                <Id>219</Id>
                <Version>0</Version>
                <Channel>Microsoft-Windows-DeviceSync/Analytic</Channel>
                <Level>Information</Level>
                <Task>MediaSync_CancelEstimation</Task>
                <Opcode>Stop</Opcode>
                <Template><![CDATA[
]]></Template>
            </Event>
            <Event>
                <Id>220</Id>
                <Version>0</Version>
                <Channel>Microsoft-Windows-DeviceSync/Analytic</Channel>
                <Level>Information</Level>
                <Task>MediaSync_GetStorageInfo</Task>
                <Opcode>Start</Opcode>
                <Template><![CDATA[
]]></Template>
            </Event>
            <Event>
                <Id>221</Id>
                <Version>0</Version>
                <Channel>Microsoft-Windows-DeviceSync/Analytic</Channel>
                <Level>Information</Level>
                <Task>MediaSync_GetStorageInfo</Task>
                <Opcode>Stop</Opcode>
                <Template><![CDATA[
]]></Template>
            </Event>
            <Event>
                <Id>222</Id>
                <Version>0</Version>
                <Channel>Microsoft-Windows-DeviceSync/Analytic</Channel>
                <Level>Information</Level>
                <Task>MediaSync_GetDeletesFlag</Task>
                <Opcode>Start</Opcode>
                <Template><![CDATA[
]]></Template>
            </Event>
            <Event>
                <Id>223</Id>
                <Version>0</Version>
                <Channel>Microsoft-Windows-DeviceSync/Analytic</Channel>
                <Level>Information</Level>
                <Task>MediaSync_GetDeletesFlag</Task>
                <Opcode>Stop</Opcode>
                <Template><![CDATA[
]]></Template>
            </Event>
            <Event>
                <Id>224</Id>
                <Version>0</Version>
                <Channel>Microsoft-Windows-DeviceSync/Analytic</Channel>
                <Level>Information</Level>
                <Task>MediaSync_ResetDeleteFlag</Task>
                <Opcode>Start</Opcode>
                <Template><![CDATA[
]]></Template>
            </Event>
            <Event>
                <Id>225</Id>
                <Version>0</Version>
                <Channel>Microsoft-Windows-DeviceSync/Analytic</Channel>
                <Level>Information</Level>
                <Task>MediaSync_ResetDeleteFlag</Task>
                <Opcode>Stop</Opcode>
                <Template><![CDATA[
]]></Template>
            </Event>
            <Event>
                <Id>226</Id>
                <Version>0</Version>
                <Channel>Microsoft-Windows-DeviceSync/Analytic</Channel>
                <Level>Information</Level>
                <Task>MediaSync_InitializeDevices</Task>
                <Opcode>Start</Opcode>
                <Template><![CDATA[
]]></Template>
            </Event>
            <Event>
                <Id>227</Id>
                <Version>0</Version>
                <Channel>Microsoft-Windows-DeviceSync/Analytic</Channel>
                <Level>Information</Level>
                <Task>MediaSync_InitializeDevices</Task>
                <Opcode>Stop</Opcode>
                <Template><![CDATA[
]]></Template>
            </Event>
            <Event>
                <Id>300</Id>
                <Version>0</Version>
                <Channel>Microsoft-Windows-DeviceSync/Analytic</Channel>
                <Level>Information</Level>
                <Task>PartnershipStore_LoadStore</Task>
                <Opcode>Start</Opcode>
                <Template><![CDATA[
]]></Template>
            </Event>
            <Event>
                <Id>301</Id>
                <Version>0</Version>
                <Channel>Microsoft-Windows-DeviceSync/Analytic</Channel>
                <Level>Information</Level>
                <Task>PartnershipStore_LoadStore</Task>
                <Opcode>Stop</Opcode>
                <Template><![CDATA[
]]></Template>
            </Event>
            <Event>
                <Id>302</Id>
                <Version>0</Version>
                <Channel>Microsoft-Windows-DeviceSync/Analytic</Channel>
                <Level>Information</Level>
                <Task>PartnershipStore_Create</Task>
                <Opcode>Start</Opcode>
                <Template><![CDATA[
]]></Template>
            </Event>
            <Event>
                <Id>303</Id>
                <Version>0</Version>
                <Channel>Microsoft-Windows-DeviceSync/Analytic</Channel>
                <Level>Information</Level>
                <Task>PartnershipStore_Create</Task>
                <Opcode>Stop</Opcode>
                <Template><![CDATA[
]]></Template>
            </Event>
            <Event>
                <Id>304</Id>
                <Version>0</Version>
                <Channel>Microsoft-Windows-DeviceSync/Analytic</Channel>
                <Level>Information</Level>
                <Task>PartnershipStore_Destroy</Task>
                <Opcode>Start</Opcode>
                <Template><![CDATA[
]]></Template>
            </Event>
            <Event>
                <Id>305</Id>
                <Version>0</Version>
                <Channel>Microsoft-Windows-DeviceSync/Analytic</Channel>
                <Level>Information</Level>
                <Task>PartnershipStore_Destroy</Task>
                <Opcode>Stop</Opcode>
                <Template><![CDATA[
]]></Template>
            </Event>
            <Event>
                <Id>306</Id>
                <Version>0</Version>
                <Channel>Microsoft-Windows-DeviceSync/Analytic</Channel>
                <Level>Information</Level>
                <Task>PartnershipStore_FindById</Task>
                <Opcode>Start</Opcode>
                <Template><![CDATA[
]]></Template>
            </Event>
            <Event>
                <Id>307</Id>
                <Version>0</Version>
                <Channel>Microsoft-Windows-DeviceSync/Analytic</Channel>
                <Level>Information</Level>
                <Task>PartnershipStore_FindById</Task>
                <Opcode>Stop</Opcode>
                <Template><![CDATA[
]]></Template>
            </Event>
            <Event>
                <Id>308</Id>
                <Version>0</Version>
                <Channel>Microsoft-Windows-DeviceSync/Analytic</Channel>
                <Level>Information</Level>
                <Task>PartnershipStore_Enum</Task>
                <Opcode>Start</Opcode>
                <Template><![CDATA[
]]></Template>
            </Event>
            <Event>
                <Id>309</Id>
                <Version>0</Version>
                <Channel>Microsoft-Windows-DeviceSync/Analytic</Channel>
                <Level>Information</Level>
                <Task>PartnershipStore_Enum</Task>
                <Opcode>Stop</Opcode>
                <Template><![CDATA[
]]></Template>
            </Event>
            <Event>
                <Id>310</Id>
                <Version>0</Version>
                <Channel>Microsoft-Windows-DeviceSync/Analytic</Channel>
                <Level>Information</Level>
                <Task>PartnershipStore_Commit</Task>
                <Opcode>Start</Opcode>
                <Template><![CDATA[
]]></Template>
            </Event>
            <Event>
                <Id>311</Id>
                <Version>0</Version>
                <Channel>Microsoft-Windows-DeviceSync/Analytic</Channel>
                <Level>Information</Level>
                <Task>PartnershipStore_Commit</Task>
                <Opcode>Stop</Opcode>
                <Template><![CDATA[
]]></Template>
            </Event>
            <Event>
                <Id>312</Id>
                <Version>0</Version>
                <Channel>Microsoft-Windows-DeviceSync/Analytic</Channel>
                <Level>Information</Level>
                <Task>PartnershipStore_RemoveOwnership</Task>
                <Opcode>Start</Opcode>
                <Template><![CDATA[
]]></Template>
            </Event>
            <Event>
                <Id>313</Id>
                <Version>0</Version>
                <Channel>Microsoft-Windows-DeviceSync/Analytic</Channel>
                <Level>Information</Level>
                <Task>PartnershipStore_RemoveOwnership</Task>
                <Opcode>Stop</Opcode>
                <Template><![CDATA[
]]></Template>
            </Event>
            <Event>
                <Id>1001</Id>
                <Version>0</Version>
                <Channel>Microsoft-Windows-DeviceSync/Operational</Channel>
                <Level>Error</Level>
                <Template><![CDATA[
<template xmlns="http://schemas.microsoft.com/win/2004/08/events">
  <data name="Error_DUID" inType="win:GUID" outType="xs:GUID"/>
  <data name="Error_Partnership" inType="win:GUID" outType="xs:GUID"/>
  <data name="Error_Type" inType="win:UInt8" outType="xs:unsignedByte"/>
  <data name="Error_HResult" inType="win:Int32" outType="xs:int"/>
  <data name="Error_Time" inType="win:FILETIME" outType="xs:dateTime"/>
  <data name="nameLen" inType="win:UInt32" outType="xs:unsignedInt"/>
  <data name="dataName" inType="win:Binary" outType="xs:hexBinary" length="nameLen"/>
  <data name="descLen" inType="win:UInt32" outType="xs:unsignedInt"/>
  <data name="dataDesc" inType="win:Binary" outType="xs:hexBinary" length="descLen"/>
  <data name="detailLen" inType="win:UInt32" outType="xs:unsignedInt"/>
  <data name="dataDetail" inType="win:Binary" outType="xs:hexBinary" length="detailLen"/>
  <data name="Error_Link" inType="win:UnicodeString" outType="xs:string"/>
</template>
]]></Template>
            </Event>
            <Event>
                <Id>1002</Id>
                <Version>0</Version>
                <Channel>Microsoft-Windows-DeviceSync/Operational</Channel>
                <Level>Information</Level>
                <Template><![CDATA[
<template xmlns="http://schemas.microsoft.com/win/2004/08/events">
  <data name="Event_DUID" inType="win:GUID" outType="xs:GUID"/>
  <data name="Event_Partnership" inType="win:GUID" outType="xs:GUID"/>
  <data name="Event_Code" inType="win:UInt8" outType="xs:unsignedByte"/>
  <data name="Event_Time" inType="win:FILETIME" outType="xs:dateTime"/>
</template>
]]></Template>
            </Event>
        </EventMetadata>
    </Provider>
</Providers>
