<Providers>
    <Provider>
        <Name>Microsoft-Windows-DUSER</Name>
        <Metadata>
            <Guid>{8429E243-345B-47C1-8A91-2C94CAF0DAAB}</Guid>
            <ResourceFilePath>%SystemRoot%\system32\duser.dll</ResourceFilePath>
            <ParameterFilePath></ParameterFilePath>
            <MessageFilePath>%SystemRoot%\system32\duser.dll</MessageFilePath>
            <HelpLink></HelpLink>
            <PublisherMessage>Microsoft-Windows-DUSER</PublisherMessage>
            <Channels>
                <Channel>
                    <Message></Message>
                    <Path>Microsoft-Windows-DUSER/Diagnostic</Path>
                    <Index>0</Index>
                    <Id>16</Id>
                    <Imported>false</Imported>
                </Channel>
            </Channels>
            <Levels>
                <Level>
                    <Message>Information</Message>
                    <Name>win:Informational</Name>
                    <Value>4</Value>
                </Level>
            </Levels>
            <Tasks>
                <Task>
                    <Message></Message>
                    <Name>DUser_Paint</Name>
                    <Guid>{3B7011D3-E78E-4F92-99A6-6197E2E4825A}</Guid>
                    <Value>1</Value>
                </Task>
                <Task>
                    <Message></Message>
                    <Name>DUser_SyncAdaptors</Name>
                    <Guid>{EC28A145-ADA5-44B0-9E9A-921BC988101A}</Guid>
                    <Value>2</Value>
                </Task>
                <Task>
                    <Message></Message>
                    <Name>DUser_EndDrawBitBlt</Name>
                    <Guid>{E4FC3F76-9E11-40C6-808E-24BB031548C4}</Guid>
                    <Value>3</Value>
                </Task>
                <Task>
                    <Message></Message>
                    <Name>DUser_ResetInvalid</Name>
                    <Guid>{22B72392-9510-4F80-A244-9B35E9EEFDEA}</Guid>
                    <Value>4</Value>
                </Task>
                <Task>
                    <Message></Message>
                    <Name>DUser_Input</Name>
                    <Guid>{4C4351E0-05A2-44C3-9E3C-FD233C5E9766}</Guid>
                    <Value>5</Value>
                </Task>
                <Task>
                    <Message></Message>
                    <Name>DUser_LayeredCreateVisuals</Name>
                    <Guid>{331C8C0E-8512-42F9-9CAB-D09B9B34168F}</Guid>
                    <Value>6</Value>
                </Task>
                <Task>
                    <Message></Message>
                    <Name>DUser_LayeredRemoveVisuals</Name>
                    <Guid>{CF624BF1-0CA7-4FC6-A404-0E200633164A}</Guid>
                    <Value>7</Value>
                </Task>
                <Task>
                    <Message></Message>
                    <Name>DUser_LayeredDestructVisuals</Name>
                    <Guid>{5329B10B-EA6B-4266-B575-D6AA4394C17F}</Guid>
                    <Value>8</Value>
                </Task>
                <Task>
                    <Message></Message>
                    <Name>DUser_DestroyPendingDCVisuals</Name>
                    <Guid>{BAAED5C9-303B-46E0-AA86-9BC7B2129CBF}</Guid>
                    <Value>9</Value>
                </Task>
                <Task>
                    <Message></Message>
                    <Name>DUser_ForceDestroyDCVisual</Name>
                    <Guid>{F091FFAB-E1B5-49A8-9C38-91EB03EA4B2A}</Guid>
                    <Value>10</Value>
                </Task>
                <Task>
                    <Message></Message>
                    <Name>DUser_RemoveAndDestroyDCVisual</Name>
                    <Guid>{AA15CCE4-A752-41AC-88CD-2864791731D3}</Guid>
                    <Value>11</Value>
                </Task>
                <Task>
                    <Message></Message>
                    <Name>DUser_DrawLayeredGadget</Name>
                    <Guid>{4F2DFB54-20E9-4A26-872F-F3E6B4F27940}</Guid>
                    <Value>12</Value>
                </Task>
                <Task>
                    <Message></Message>
                    <Name>DUser_LayeredGetBitmap</Name>
                    <Guid>{65CF4D60-098F-4EC0-A109-47A03E16F80C}</Guid>
                    <Value>13</Value>
                </Task>
                <Task>
                    <Message></Message>
                    <Name>DUser_LayeredSetContent</Name>
                    <Guid>{E3853857-337D-4BA0-9D60-B5EE5CA93F7E}</Guid>
                    <Value>14</Value>
                </Task>
                <Task>
                    <Message></Message>
                    <Name>DUser_LayerGadget</Name>
                    <Guid>{B09277EC-62AA-9F7D-D50B-7D4A593E8AEF}</Guid>
                    <Value>15</Value>
                </Task>
                <Task>
                    <Message></Message>
                    <Name>DUser_LayerGadgetLoop</Name>
                    <Guid>{C20819EA-404F-AC0B-DECC-4519F2AA9675}</Guid>
                    <Value>16</Value>
                </Task>
                <Task>
                    <Message></Message>
                    <Name>DUser_CreateCompatibleBitmap</Name>
                    <Guid>{2E88E30F-7709-FEF5-72B2-5D258B4E6D7C}</Guid>
                    <Value>17</Value>
                </Task>
                <Task>
                    <Message></Message>
                    <Name>DUser_InitProperties</Name>
                    <Guid>{0F490EC4-27EE-C713-C6AD-6CA2AB71F3A7}</Guid>
                    <Value>18</Value>
                </Task>
                <Task>
                    <Message></Message>
                    <Name>DUser_AddChildVisual</Name>
                    <Guid>{74AEF318-04F0-5D1D-B52C-7BFC0E486658}</Guid>
                    <Value>19</Value>
                </Task>
                <Task>
                    <Message></Message>
                    <Name>DUser_MoveChildrenToParent</Name>
                    <Guid>{4B350857-0691-4678-3477-A58A24E88657}</Guid>
                    <Value>20</Value>
                </Task>
                <Task>
                    <Message></Message>
                    <Name>DUser_Reparent</Name>
                    <Guid>{F6C4F1C8-E746-7E68-F301-D9E7E6BEED10}</Guid>
                    <Value>21</Value>
                </Task>
                <Task>
                    <Message></Message>
                    <Name>DUser_AddWAMTransitions</Name>
                    <Guid>{D8FC73C2-5B06-EABD-97DB-DF99A7FCA003}</Guid>
                    <Value>22</Value>
                </Task>
                <Task>
                    <Message></Message>
                    <Name>DUser_CreateCubicBezierLinearVectorTransition</Name>
                    <Guid>{C9C2D3DA-0131-3452-A584-7E8B220764E3}</Guid>
                    <Value>24</Value>
                </Task>
                <Task>
                    <Message></Message>
                    <Name>DUser_ScheduleWAMStoryboard</Name>
                    <Guid>{F47B9040-6AA8-897E-8CFD-73311D492527}</Guid>
                    <Value>25</Value>
                </Task>
                <Task>
                    <Message></Message>
                    <Name>DUser_GetCurve</Name>
                    <Guid>{D840B140-0951-EE09-B286-B4E5D8F5ED4D}</Guid>
                    <Value>26</Value>
                </Task>
                <Task>
                    <Message></Message>
                    <Name>DUser_DCompCommit</Name>
                    <Guid>{F4444857-1B7F-D67C-2803-48EBF4EB9017}</Guid>
                    <Value>27</Value>
                </Task>
                <Task>
                    <Message></Message>
                    <Name>DUser_DrawDirtyLayers</Name>
                    <Guid>{6969B80B-F835-823F-AF9D-12909A006637}</Guid>
                    <Value>28</Value>
                </Task>
                <Task>
                    <Message></Message>
                    <Name>DUser_CommitFromWMPaint</Name>
                    <Guid>{39384AAE-97E2-EBC2-A745-BD82F920317F}</Guid>
                    <Value>29</Value>
                </Task>
                <Task>
                    <Message></Message>
                    <Name>DUser_ScheduleTransitions</Name>
                    <Guid>{6203BDB9-133B-7B85-508B-8F3902E1769B}</Guid>
                    <Value>30</Value>
                </Task>
                <Task>
                    <Message></Message>
                    <Name>DUser_WAMDelay</Name>
                    <Guid>{3EF8B9FE-4422-F4D4-044A-662A199CBE6C}</Guid>
                    <Value>31</Value>
                </Task>
                <Task>
                    <Message></Message>
                    <Name>DUser_TransitionComplete</Name>
                    <Guid>{948966A9-1C61-4056-9B01-14EF64362C5D}</Guid>
                    <Value>32</Value>
                </Task>
                <Task>
                    <Message></Message>
                    <Name>DUser_IntervalAcquireRegion</Name>
                    <Guid>{78501CA5-0D67-4E1A-95D7-705DA8AF4365}</Guid>
                    <Value>39</Value>
                </Task>
                <Task>
                    <Message></Message>
                    <Name>DUser_IntervalReleaseRegion</Name>
                    <Guid>{5DA75BE9-CD9A-4DB7-860E-6D10D7A8D4E5}</Guid>
                    <Value>40</Value>
                </Task>
                <Task>
                    <Message></Message>
                    <Name>DUser_CreateSurface</Name>
                    <Guid>{E177DF45-4279-4251-AA67-75D2D35EA495}</Guid>
                    <Value>42</Value>
                </Task>
                <Task>
                    <Message></Message>
                    <Name>DUser_DestroySurface</Name>
                    <Guid>{91501AEA-34C6-4D0D-924B-397F822C8064}</Guid>
                    <Value>43</Value>
                </Task>
                <Task>
                    <Message></Message>
                    <Name>DUser_ProcessPendingStoryboards</Name>
                    <Guid>{7D826E7C-5227-493C-AAE3-6EED3861F782}</Guid>
                    <Value>45</Value>
                </Task>
                <Task>
                    <Message></Message>
                    <Name>DUser_TransitionScheduled</Name>
                    <Guid>{71313B05-DDE0-4D11-9CF4-22E2DCB3D8C0}</Guid>
                    <Value>46</Value>
                </Task>
                <Task>
                    <Message></Message>
                    <Name>DUser_InitializeDCompTransforms</Name>
                    <Guid>{192AC83C-7F4A-494F-AFD8-92E93753300B}</Guid>
                    <Value>47</Value>
                </Task>
                <Task>
                    <Message></Message>
                    <Name>DUser_ModifyDCompTransform</Name>
                    <Guid>{1A451823-92E1-4571-BAA9-F8C0B1FF3FB1}</Guid>
                    <Value>48</Value>
                </Task>
                <Task>
                    <Message></Message>
                    <Name>DUser_RunDUIPVLAnimation</Name>
                    <Guid>{A0A2ABE5-30C7-4B21-A536-85219B449BB7}</Guid>
                    <Value>49</Value>
                </Task>
                <Task>
                    <Message></Message>
                    <Name>DUser_AllocateStagingBuffer</Name>
                    <Guid>{16EC067F-7462-4D64-9858-FEE689A7AFE9}</Guid>
                    <Value>50</Value>
                </Task>
                <Task>
                    <Message></Message>
                    <Name>DUser_ReleaseStagingBuffer</Name>
                    <Guid>{EE29C806-329D-4285-A7D3-0975570BAC7E}</Guid>
                    <Value>51</Value>
                </Task>
                <Task>
                    <Message></Message>
                    <Name>DUser_LeafNodeOpacity_PossibleLayerPush</Name>
                    <Guid>{097C7EAA-39F9-4C0D-A197-AB3FF3371AD5}</Guid>
                    <Value>52</Value>
                </Task>
                <Task>
                    <Message></Message>
                    <Name>DUser_StagingBufferCopy</Name>
                    <Guid>{D8707D27-A3E0-426C-870E-BB0B0089B391}</Guid>
                    <Value>53</Value>
                </Task>
            </Tasks>
            <Opcodes>
                <Opcode>
                    <Message>Info</Message>
                    <Name>win:Info</Name>
                    <Value>0</Value>
                    <Task>0</Task>
                </Opcode>
                <Opcode>
                    <Message>Start</Message>
                    <Name>win:Start</Name>
                    <Value>1</Value>
                    <Task>0</Task>
                </Opcode>
                <Opcode>
                    <Message>Stop</Message>
                    <Name>win:Stop</Name>
                    <Value>2</Value>
                    <Task>0</Task>
                </Opcode>
            </Opcodes>
            <Keywords>
                <Keyword>
                    <Message></Message>
                    <Name>Default</Name>
                    <Value>1</Value>
                </Keyword>
                <Keyword>
                    <Message></Message>
                    <Name>DUserSurface</Name>
                    <Value>2</Value>
                </Keyword>
            </Keywords>
        </Metadata>
        <EventMetadata>
            <Event>
                <Id>1</Id>
                <Version>0</Version>
                <Channel>Microsoft-Windows-DUSER/Diagnostic</Channel>
                <Level>Information</Level>
                <Task>DUser_Paint</Task>
                <Opcode>Start</Opcode>
                <Keyword>Default</Keyword>
                <Template><![CDATA[
]]></Template>
            </Event>
            <Event>
                <Id>2</Id>
                <Version>0</Version>
                <Channel>Microsoft-Windows-DUSER/Diagnostic</Channel>
                <Level>Information</Level>
                <Task>DUser_Paint</Task>
                <Opcode>Stop</Opcode>
                <Keyword>Default</Keyword>
                <Template><![CDATA[
]]></Template>
            </Event>
            <Event>
                <Id>3</Id>
                <Version>0</Version>
                <Channel>Microsoft-Windows-DUSER/Diagnostic</Channel>
                <Level>Information</Level>
                <Task>DUser_SyncAdaptors</Task>
                <Opcode>Start</Opcode>
                <Keyword>Default</Keyword>
                <Template><![CDATA[
]]></Template>
            </Event>
            <Event>
                <Id>4</Id>
                <Version>0</Version>
                <Channel>Microsoft-Windows-DUSER/Diagnostic</Channel>
                <Level>Information</Level>
                <Task>DUser_SyncAdaptors</Task>
                <Opcode>Stop</Opcode>
                <Keyword>Default</Keyword>
                <Template><![CDATA[
<template xmlns="http://schemas.microsoft.com/win/2004/08/events">
  <data name="cAdaptors" inType="win:Int32" outType="xs:int"/>
</template>
]]></Template>
            </Event>
            <Event>
                <Id>5</Id>
                <Version>0</Version>
                <Channel>Microsoft-Windows-DUSER/Diagnostic</Channel>
                <Level>Information</Level>
                <Task>DUser_ResetInvalid</Task>
                <Opcode>Start</Opcode>
                <Keyword>Default</Keyword>
                <Template><![CDATA[
]]></Template>
            </Event>
            <Event>
                <Id>6</Id>
                <Version>0</Version>
                <Channel>Microsoft-Windows-DUSER/Diagnostic</Channel>
                <Level>Information</Level>
                <Task>DUser_ResetInvalid</Task>
                <Opcode>Stop</Opcode>
                <Keyword>Default</Keyword>
                <Template><![CDATA[
]]></Template>
            </Event>
            <Event>
                <Id>7</Id>
                <Version>0</Version>
                <Channel>Microsoft-Windows-DUSER/Diagnostic</Channel>
                <Level>Information</Level>
                <Task>DUser_EndDrawBitBlt</Task>
                <Opcode>Start</Opcode>
                <Keyword>Default</Keyword>
                <Template><![CDATA[
]]></Template>
            </Event>
            <Event>
                <Id>8</Id>
                <Version>0</Version>
                <Channel>Microsoft-Windows-DUSER/Diagnostic</Channel>
                <Level>Information</Level>
                <Task>DUser_EndDrawBitBlt</Task>
                <Opcode>Stop</Opcode>
                <Keyword>Default</Keyword>
                <Template><![CDATA[
]]></Template>
            </Event>
            <Event>
                <Id>9</Id>
                <Version>0</Version>
                <Channel>Microsoft-Windows-DUSER/Diagnostic</Channel>
                <Level>Information</Level>
                <Task>DUser_Input</Task>
                <Opcode>Start</Opcode>
                <Keyword>Default</Keyword>
                <Template><![CDATA[
]]></Template>
            </Event>
            <Event>
                <Id>10</Id>
                <Version>0</Version>
                <Channel>Microsoft-Windows-DUSER/Diagnostic</Channel>
                <Level>Information</Level>
                <Task>DUser_Input</Task>
                <Opcode>Stop</Opcode>
                <Keyword>Default</Keyword>
                <Template><![CDATA[
]]></Template>
            </Event>
            <Event>
                <Id>11</Id>
                <Version>0</Version>
                <Channel>Microsoft-Windows-DUSER/Diagnostic</Channel>
                <Level>Information</Level>
                <Task>DUser_Input</Task>
                <Opcode>Start</Opcode>
                <Keyword>Default</Keyword>
                <Template><![CDATA[
]]></Template>
            </Event>
            <Event>
                <Id>12</Id>
                <Version>0</Version>
                <Channel>Microsoft-Windows-DUSER/Diagnostic</Channel>
                <Level>Information</Level>
                <Task>DUser_LayeredCreateVisuals</Task>
                <Opcode>Start</Opcode>
                <Keyword>Default</Keyword>
                <Template><![CDATA[
<template xmlns="http://schemas.microsoft.com/win/2004/08/events">
  <data name="hGadget" inType="win:UInt32" outType="xs:unsignedInt"/>
  <data name="pVisual" inType="win:Pointer" outType="win:HexInt64"/>
  <data name="fRoot" inType="win:Boolean" outType="xs:boolean"/>
</template>
]]></Template>
            </Event>
            <Event>
                <Id>13</Id>
                <Version>0</Version>
                <Channel>Microsoft-Windows-DUSER/Diagnostic</Channel>
                <Level>Information</Level>
                <Task>DUser_LayeredRemoveVisuals</Task>
                <Opcode>Start</Opcode>
                <Keyword>Default</Keyword>
                <Template><![CDATA[
<template xmlns="http://schemas.microsoft.com/win/2004/08/events">
  <data name="hGadget" inType="win:UInt32" outType="xs:unsignedInt"/>
  <data name="pVisual" inType="win:Pointer" outType="win:HexInt64"/>
  <data name="fRoot" inType="win:Boolean" outType="xs:boolean"/>
  <data name="nWidth" inType="win:Int32" outType="xs:int"/>
  <data name="nHeight" inType="win:Int32" outType="xs:int"/>
  <data name="fIsCopy" inType="win:Boolean" outType="xs:boolean"/>
</template>
]]></Template>
            </Event>
            <Event>
                <Id>14</Id>
                <Version>0</Version>
                <Channel>Microsoft-Windows-DUSER/Diagnostic</Channel>
                <Level>Information</Level>
                <Task>DUser_LayeredDestructVisuals</Task>
                <Opcode>Start</Opcode>
                <Keyword>Default</Keyword>
                <Template><![CDATA[
<template xmlns="http://schemas.microsoft.com/win/2004/08/events">
  <data name="hGadget" inType="win:UInt32" outType="xs:unsignedInt"/>
  <data name="pVisual" inType="win:Pointer" outType="win:HexInt64"/>
  <data name="fRoot" inType="win:Boolean" outType="xs:boolean"/>
</template>
]]></Template>
            </Event>
            <Event>
                <Id>15</Id>
                <Version>0</Version>
                <Channel>Microsoft-Windows-DUSER/Diagnostic</Channel>
                <Level>Information</Level>
                <Task>DUser_DestroyPendingDCVisuals</Task>
                <Opcode>Start</Opcode>
                <Keyword>Default</Keyword>
                <Template><![CDATA[
<template xmlns="http://schemas.microsoft.com/win/2004/08/events">
  <data name="nNumberOfPendingDeletions" inType="win:Int32" outType="xs:int"/>
</template>
]]></Template>
            </Event>
            <Event>
                <Id>16</Id>
                <Version>0</Version>
                <Channel>Microsoft-Windows-DUSER/Diagnostic</Channel>
                <Level>Information</Level>
                <Task>DUser_DestroyPendingDCVisuals</Task>
                <Opcode>Stop</Opcode>
                <Keyword>Default</Keyword>
                <Template><![CDATA[
<template xmlns="http://schemas.microsoft.com/win/2004/08/events">
  <data name="nNumberOfPendingDeletions" inType="win:Int32" outType="xs:int"/>
</template>
]]></Template>
            </Event>
            <Event>
                <Id>17</Id>
                <Version>0</Version>
                <Channel>Microsoft-Windows-DUSER/Diagnostic</Channel>
                <Level>Information</Level>
                <Task>DUser_ForceDestroyDCVisual</Task>
                <Opcode>Start</Opcode>
                <Keyword>Default</Keyword>
                <Template><![CDATA[
<template xmlns="http://schemas.microsoft.com/win/2004/08/events">
  <data name="hGadget" inType="win:UInt32" outType="xs:unsignedInt"/>
  <data name="pVisual" inType="win:Pointer" outType="win:HexInt64"/>
  <data name="fRoot" inType="win:Boolean" outType="xs:boolean"/>
</template>
]]></Template>
            </Event>
            <Event>
                <Id>18</Id>
                <Version>0</Version>
                <Channel>Microsoft-Windows-DUSER/Diagnostic</Channel>
                <Level>Information</Level>
                <Task>DUser_RemoveAndDestroyDCVisual</Task>
                <Opcode>Start</Opcode>
                <Keyword>Default</Keyword>
                <Template><![CDATA[
<template xmlns="http://schemas.microsoft.com/win/2004/08/events">
  <data name="hGadget" inType="win:UInt32" outType="xs:unsignedInt"/>
  <data name="pVisual" inType="win:Pointer" outType="win:HexInt64"/>
  <data name="fRoot" inType="win:Boolean" outType="xs:boolean"/>
</template>
]]></Template>
            </Event>
            <Event>
                <Id>19</Id>
                <Version>0</Version>
                <Channel>Microsoft-Windows-DUSER/Diagnostic</Channel>
                <Level>Information</Level>
                <Task>DUser_DrawLayeredGadget</Task>
                <Opcode>Start</Opcode>
                <Keyword>Default</Keyword>
                <Template><![CDATA[
<template xmlns="http://schemas.microsoft.com/win/2004/08/events">
  <data name="hGadget" inType="win:UInt32" outType="xs:unsignedInt"/>
  <data name="pVisual" inType="win:Pointer" outType="win:HexInt64"/>
  <data name="fRoot" inType="win:Boolean" outType="xs:boolean"/>
  <data name="nWidth" inType="win:Int32" outType="xs:int"/>
  <data name="nHeight" inType="win:Int32" outType="xs:int"/>
  <data name="fIsCopy" inType="win:Boolean" outType="xs:boolean"/>
</template>
]]></Template>
            </Event>
            <Event>
                <Id>20</Id>
                <Version>0</Version>
                <Channel>Microsoft-Windows-DUSER/Diagnostic</Channel>
                <Level>Information</Level>
                <Task>DUser_DrawLayeredGadget</Task>
                <Opcode>Start</Opcode>
                <Keyword>Default</Keyword>
                <Template><![CDATA[
<template xmlns="http://schemas.microsoft.com/win/2004/08/events">
  <data name="hGadget" inType="win:UInt32" outType="xs:unsignedInt"/>
  <data name="pVisual" inType="win:Pointer" outType="win:HexInt64"/>
  <data name="fRoot" inType="win:Boolean" outType="xs:boolean"/>
  <data name="nWidth" inType="win:Int32" outType="xs:int"/>
  <data name="nHeight" inType="win:Int32" outType="xs:int"/>
  <data name="fIsCopy" inType="win:Boolean" outType="xs:boolean"/>
</template>
]]></Template>
            </Event>
            <Event>
                <Id>21</Id>
                <Version>0</Version>
                <Channel>Microsoft-Windows-DUSER/Diagnostic</Channel>
                <Level>Information</Level>
                <Task>DUser_LayeredGetBitmap</Task>
                <Opcode>Start</Opcode>
                <Keyword>Default</Keyword>
                <Template><![CDATA[
<template xmlns="http://schemas.microsoft.com/win/2004/08/events">
  <data name="hGadget" inType="win:UInt32" outType="xs:unsignedInt"/>
  <data name="pVisual" inType="win:Pointer" outType="win:HexInt64"/>
  <data name="fRoot" inType="win:Boolean" outType="xs:boolean"/>
  <data name="nWidth" inType="win:Int32" outType="xs:int"/>
  <data name="nHeight" inType="win:Int32" outType="xs:int"/>
  <data name="fIsCopy" inType="win:Boolean" outType="xs:boolean"/>
</template>
]]></Template>
            </Event>
            <Event>
                <Id>22</Id>
                <Version>0</Version>
                <Channel>Microsoft-Windows-DUSER/Diagnostic</Channel>
                <Level>Information</Level>
                <Task>DUser_LayeredSetContent</Task>
                <Opcode>Start</Opcode>
                <Keyword>Default</Keyword>
                <Template><![CDATA[
<template xmlns="http://schemas.microsoft.com/win/2004/08/events">
  <data name="hGadget" inType="win:UInt32" outType="xs:unsignedInt"/>
  <data name="pVisual" inType="win:Pointer" outType="win:HexInt64"/>
  <data name="fRoot" inType="win:Boolean" outType="xs:boolean"/>
  <data name="nWidth" inType="win:Int32" outType="xs:int"/>
  <data name="nHeight" inType="win:Int32" outType="xs:int"/>
  <data name="fIsCopy" inType="win:Boolean" outType="xs:boolean"/>
</template>
]]></Template>
            </Event>
            <Event>
                <Id>24</Id>
                <Version>0</Version>
                <Channel>Microsoft-Windows-DUSER/Diagnostic</Channel>
                <Level>Information</Level>
                <Task>DUser_LayerGadget</Task>
                <Opcode>Start</Opcode>
                <Keyword>Default</Keyword>
                <Template><![CDATA[
<template xmlns="http://schemas.microsoft.com/win/2004/08/events">
  <data name="hGadget" inType="win:UInt32" outType="xs:unsignedInt"/>
</template>
]]></Template>
            </Event>
            <Event>
                <Id>25</Id>
                <Version>0</Version>
                <Channel>Microsoft-Windows-DUSER/Diagnostic</Channel>
                <Level>Information</Level>
                <Task>DUser_LayerGadget</Task>
                <Opcode>Stop</Opcode>
                <Keyword>Default</Keyword>
                <Template><![CDATA[
<template xmlns="http://schemas.microsoft.com/win/2004/08/events">
  <data name="hGadget" inType="win:UInt32" outType="xs:unsignedInt"/>
  <data name="fNewLayered" inType="win:Boolean" outType="xs:boolean"/>
  <data name="nVisualsCount" inType="win:Int32" outType="xs:int"/>
</template>
]]></Template>
            </Event>
            <Event>
                <Id>26</Id>
                <Version>0</Version>
                <Channel>Microsoft-Windows-DUSER/Diagnostic</Channel>
                <Level>Information</Level>
                <Task>DUser_LayerGadgetLoop</Task>
                <Opcode>Start</Opcode>
                <Keyword>Default</Keyword>
                <Template><![CDATA[
<template xmlns="http://schemas.microsoft.com/win/2004/08/events">
  <data name="cTrans" inType="win:UInt32" outType="xs:unsignedInt"/>
  <data name="dwTicket" inType="win:UInt32" outType="xs:unsignedInt"/>
</template>
]]></Template>
            </Event>
            <Event>
                <Id>27</Id>
                <Version>0</Version>
                <Channel>Microsoft-Windows-DUSER/Diagnostic</Channel>
                <Level>Information</Level>
                <Task>DUser_LayerGadgetLoop</Task>
                <Opcode>Stop</Opcode>
                <Keyword>Default</Keyword>
                <Template><![CDATA[
<template xmlns="http://schemas.microsoft.com/win/2004/08/events">
  <data name="cTrans" inType="win:UInt32" outType="xs:unsignedInt"/>
  <data name="dwTicket" inType="win:UInt32" outType="xs:unsignedInt"/>
</template>
]]></Template>
            </Event>
            <Event>
                <Id>28</Id>
                <Version>0</Version>
                <Channel>Microsoft-Windows-DUSER/Diagnostic</Channel>
                <Level>Information</Level>
                <Task>DUser_CreateCompatibleBitmap</Task>
                <Opcode>Start</Opcode>
                <Keyword>Default</Keyword>
                <Template><![CDATA[
<template xmlns="http://schemas.microsoft.com/win/2004/08/events">
  <data name="hGadget" inType="win:UInt32" outType="xs:unsignedInt"/>
  <data name="pVisual" inType="win:Pointer" outType="win:HexInt64"/>
  <data name="nWidth" inType="win:Int32" outType="xs:int"/>
  <data name="nHeight" inType="win:Int32" outType="xs:int"/>
</template>
]]></Template>
            </Event>
            <Event>
                <Id>29</Id>
                <Version>0</Version>
                <Channel>Microsoft-Windows-DUSER/Diagnostic</Channel>
                <Level>Information</Level>
                <Task>DUser_CreateCompatibleBitmap</Task>
                <Opcode>Stop</Opcode>
                <Keyword>Default</Keyword>
                <Template><![CDATA[
<template xmlns="http://schemas.microsoft.com/win/2004/08/events">
  <data name="hGadget" inType="win:UInt32" outType="xs:unsignedInt"/>
  <data name="pVisual" inType="win:Pointer" outType="win:HexInt64"/>
  <data name="nWidth" inType="win:Int32" outType="xs:int"/>
  <data name="nHeight" inType="win:Int32" outType="xs:int"/>
</template>
]]></Template>
            </Event>
            <Event>
                <Id>30</Id>
                <Version>0</Version>
                <Channel>Microsoft-Windows-DUSER/Diagnostic</Channel>
                <Level>Information</Level>
                <Task>DUser_InitProperties</Task>
                <Opcode>Start</Opcode>
                <Keyword>Default</Keyword>
                <Template><![CDATA[
<template xmlns="http://schemas.microsoft.com/win/2004/08/events">
  <data name="hGadget" inType="win:UInt32" outType="xs:unsignedInt"/>
  <data name="pVisual" inType="win:Pointer" outType="win:HexInt64"/>
  <data name="pDCompVisual" inType="win:Pointer" outType="win:HexInt64"/>
</template>
]]></Template>
            </Event>
            <Event>
                <Id>31</Id>
                <Version>0</Version>
                <Channel>Microsoft-Windows-DUSER/Diagnostic</Channel>
                <Level>Information</Level>
                <Task>DUser_InitProperties</Task>
                <Opcode>Stop</Opcode>
                <Keyword>Default</Keyword>
                <Template><![CDATA[
<template xmlns="http://schemas.microsoft.com/win/2004/08/events">
  <data name="hGadget" inType="win:UInt32" outType="xs:unsignedInt"/>
  <data name="pVisual" inType="win:Pointer" outType="win:HexInt64"/>
  <data name="pDCompVisual" inType="win:Pointer" outType="win:HexInt64"/>
</template>
]]></Template>
            </Event>
            <Event>
                <Id>32</Id>
                <Version>0</Version>
                <Channel>Microsoft-Windows-DUSER/Diagnostic</Channel>
                <Level>Information</Level>
                <Task>DUser_AddChildVisual</Task>
                <Opcode>Start</Opcode>
                <Keyword>Default</Keyword>
                <Template><![CDATA[
<template xmlns="http://schemas.microsoft.com/win/2004/08/events">
  <data name="hGadget" inType="win:UInt32" outType="xs:unsignedInt"/>
  <data name="pVisual" inType="win:Pointer" outType="win:HexInt64"/>
  <data name="pDCompVisual" inType="win:Pointer" outType="win:HexInt64"/>
</template>
]]></Template>
            </Event>
            <Event>
                <Id>33</Id>
                <Version>0</Version>
                <Channel>Microsoft-Windows-DUSER/Diagnostic</Channel>
                <Level>Information</Level>
                <Task>DUser_AddChildVisual</Task>
                <Opcode>Stop</Opcode>
                <Keyword>Default</Keyword>
                <Template><![CDATA[
<template xmlns="http://schemas.microsoft.com/win/2004/08/events">
  <data name="hGadget" inType="win:UInt32" outType="xs:unsignedInt"/>
  <data name="pChildVisual" inType="win:Pointer" outType="win:HexInt64"/>
  <data name="fDescendantVisualOfNewVisual" inType="win:Boolean" outType="xs:boolean"/>
  <data name="pDCompVisual" inType="win:Pointer" outType="win:HexInt64"/>
</template>
]]></Template>
            </Event>
            <Event>
                <Id>34</Id>
                <Version>0</Version>
                <Channel>Microsoft-Windows-DUSER/Diagnostic</Channel>
                <Level>Information</Level>
                <Task>DUser_MoveChildrenToParent</Task>
                <Keyword>Default</Keyword>
                <Template><![CDATA[
<template xmlns="http://schemas.microsoft.com/win/2004/08/events">
  <data name="hGadget" inType="win:UInt32" outType="xs:unsignedInt"/>
  <data name="pVisual" inType="win:Pointer" outType="win:HexInt64"/>
  <data name="m_pParent" inType="win:Pointer" outType="win:HexInt64"/>
</template>
]]></Template>
            </Event>
            <Event>
                <Id>35</Id>
                <Version>0</Version>
                <Channel>Microsoft-Windows-DUSER/Diagnostic</Channel>
                <Level>Information</Level>
                <Task>DUser_MoveChildrenToParent</Task>
                <Opcode>Start</Opcode>
                <Keyword>Default</Keyword>
                <Template><![CDATA[
<template xmlns="http://schemas.microsoft.com/win/2004/08/events">
  <data name="hGadget" inType="win:UInt32" outType="xs:unsignedInt"/>
  <data name="pVisual" inType="win:Pointer" outType="win:HexInt64"/>
  <data name="pDCompVisual" inType="win:Pointer" outType="win:HexInt64"/>
</template>
]]></Template>
            </Event>
            <Event>
                <Id>36</Id>
                <Version>0</Version>
                <Channel>Microsoft-Windows-DUSER/Diagnostic</Channel>
                <Level>Information</Level>
                <Task>DUser_MoveChildrenToParent</Task>
                <Opcode>Stop</Opcode>
                <Keyword>Default</Keyword>
                <Template><![CDATA[
<template xmlns="http://schemas.microsoft.com/win/2004/08/events">
  <data name="hGadget" inType="win:UInt32" outType="xs:unsignedInt"/>
  <data name="pVisual" inType="win:Pointer" outType="win:HexInt64"/>
  <data name="pDCompVisual" inType="win:Pointer" outType="win:HexInt64"/>
</template>
]]></Template>
            </Event>
            <Event>
                <Id>37</Id>
                <Version>0</Version>
                <Channel>Microsoft-Windows-DUSER/Diagnostic</Channel>
                <Level>Information</Level>
                <Task>DUser_Reparent</Task>
                <Keyword>Default</Keyword>
                <Template><![CDATA[
<template xmlns="http://schemas.microsoft.com/win/2004/08/events">
  <data name="hGadget" inType="win:UInt32" outType="xs:unsignedInt"/>
  <data name="pVisual" inType="win:Pointer" outType="win:HexInt64"/>
  <data name="pDCompVisual" inType="win:Pointer" outType="win:HexInt64"/>
</template>
]]></Template>
            </Event>
            <Event>
                <Id>38</Id>
                <Version>0</Version>
                <Channel>Microsoft-Windows-DUSER/Diagnostic</Channel>
                <Level>Information</Level>
                <Task>DUser_Reparent</Task>
                <Opcode>Start</Opcode>
                <Keyword>Default</Keyword>
                <Template><![CDATA[
<template xmlns="http://schemas.microsoft.com/win/2004/08/events">
  <data name="hGadget" inType="win:UInt32" outType="xs:unsignedInt"/>
  <data name="pVisual" inType="win:Pointer" outType="win:HexInt64"/>
  <data name="pNewChild" inType="win:Pointer" outType="win:HexInt64"/>
</template>
]]></Template>
            </Event>
            <Event>
                <Id>39</Id>
                <Version>0</Version>
                <Channel>Microsoft-Windows-DUSER/Diagnostic</Channel>
                <Level>Information</Level>
                <Task>DUser_Reparent</Task>
                <Opcode>Stop</Opcode>
                <Keyword>Default</Keyword>
                <Template><![CDATA[
<template xmlns="http://schemas.microsoft.com/win/2004/08/events">
  <data name="hGadget" inType="win:UInt32" outType="xs:unsignedInt"/>
  <data name="pVisual" inType="win:Pointer" outType="win:HexInt64"/>
  <data name="pNewChild" inType="win:Pointer" outType="win:HexInt64"/>
</template>
]]></Template>
            </Event>
            <Event>
                <Id>40</Id>
                <Version>0</Version>
                <Channel>Microsoft-Windows-DUSER/Diagnostic</Channel>
                <Level>Information</Level>
                <Task>DUser_AddWAMTransitions</Task>
                <Opcode>Start</Opcode>
                <Keyword>Default</Keyword>
                <Template><![CDATA[
<template xmlns="http://schemas.microsoft.com/win/2004/08/events">
  <data name="cTrans" inType="win:UInt32" outType="xs:unsignedInt"/>
  <data name="dwTicket" inType="win:UInt32" outType="xs:unsignedInt"/>
</template>
]]></Template>
            </Event>
            <Event>
                <Id>41</Id>
                <Version>0</Version>
                <Channel>Microsoft-Windows-DUSER/Diagnostic</Channel>
                <Level>Information</Level>
                <Task>DUser_AddWAMTransitions</Task>
                <Opcode>Stop</Opcode>
                <Keyword>Default</Keyword>
                <Template><![CDATA[
<template xmlns="http://schemas.microsoft.com/win/2004/08/events">
  <data name="cTrans" inType="win:UInt32" outType="xs:unsignedInt"/>
  <data name="dwTicket" inType="win:UInt32" outType="xs:unsignedInt"/>
</template>
]]></Template>
            </Event>
            <Event>
                <Id>42</Id>
                <Version>0</Version>
                <Channel>Microsoft-Windows-DUSER/Diagnostic</Channel>
                <Level>Information</Level>
                <Task>DUser_CreateCubicBezierLinearVectorTransition</Task>
                <Keyword>Default</Keyword>
                <Template><![CDATA[
<template xmlns="http://schemas.microsoft.com/win/2004/08/events">
  <data name="hGadget" inType="win:UInt32" outType="xs:unsignedInt"/>
  <data name="pVisual" inType="win:Pointer" outType="win:HexInt64"/>
  <data name="nAnimType" inType="win:Int32" outType="xs:int"/>
</template>
]]></Template>
            </Event>
            <Event>
                <Id>43</Id>
                <Version>0</Version>
                <Channel>Microsoft-Windows-DUSER/Diagnostic</Channel>
                <Level>Information</Level>
                <Task>DUser_ScheduleWAMStoryboard</Task>
                <Opcode>Start</Opcode>
                <Keyword>Default</Keyword>
                <Template><![CDATA[
<template xmlns="http://schemas.microsoft.com/win/2004/08/events">
  <data name="cTrans" inType="win:UInt32" outType="xs:unsignedInt"/>
  <data name="psbUIA" inType="win:Pointer" outType="win:HexInt64"/>
  <data name="dwTicket" inType="win:UInt32" outType="xs:unsignedInt"/>
</template>
]]></Template>
            </Event>
            <Event>
                <Id>44</Id>
                <Version>0</Version>
                <Channel>Microsoft-Windows-DUSER/Diagnostic</Channel>
                <Level>Information</Level>
                <Task>DUser_ScheduleWAMStoryboard</Task>
                <Opcode>Stop</Opcode>
                <Keyword>Default</Keyword>
                <Template><![CDATA[
<template xmlns="http://schemas.microsoft.com/win/2004/08/events">
  <data name="cTrans" inType="win:UInt32" outType="xs:unsignedInt"/>
  <data name="psbUIA" inType="win:Pointer" outType="win:HexInt64"/>
  <data name="dwTicket" inType="win:UInt32" outType="xs:unsignedInt"/>
</template>
]]></Template>
            </Event>
            <Event>
                <Id>45</Id>
                <Version>0</Version>
                <Channel>Microsoft-Windows-DUSER/Diagnostic</Channel>
                <Level>Information</Level>
                <Task>DUser_GetCurve</Task>
                <Keyword>Default</Keyword>
                <Template><![CDATA[
<template xmlns="http://schemas.microsoft.com/win/2004/08/events">
  <data name="hGadget" inType="win:UInt32" outType="xs:unsignedInt"/>
  <data name="pVisual" inType="win:Pointer" outType="win:HexInt64"/>
  <data name="nVar" inType="win:Int32" outType="xs:int"/>
</template>
]]></Template>
            </Event>
            <Event>
                <Id>46</Id>
                <Version>0</Version>
                <Channel>Microsoft-Windows-DUSER/Diagnostic</Channel>
                <Level>Information</Level>
                <Task>DUser_DCompCommit</Task>
                <Opcode>Start</Opcode>
                <Keyword>Default</Keyword>
                <Template><![CDATA[
<template xmlns="http://schemas.microsoft.com/win/2004/08/events">
  <data name="nSize" inType="win:Int32" outType="xs:int"/>
</template>
]]></Template>
            </Event>
            <Event>
                <Id>47</Id>
                <Version>0</Version>
                <Channel>Microsoft-Windows-DUSER/Diagnostic</Channel>
                <Level>Information</Level>
                <Task>DUser_DCompCommit</Task>
                <Opcode>Stop</Opcode>
                <Keyword>Default</Keyword>
                <Template><![CDATA[
<template xmlns="http://schemas.microsoft.com/win/2004/08/events">
  <data name="nSize" inType="win:Int32" outType="xs:int"/>
</template>
]]></Template>
            </Event>
            <Event>
                <Id>48</Id>
                <Version>0</Version>
                <Channel>Microsoft-Windows-DUSER/Diagnostic</Channel>
                <Level>Information</Level>
                <Task>DUser_DCompCommit</Task>
                <Keyword>Default</Keyword>
                <Template><![CDATA[
<template xmlns="http://schemas.microsoft.com/win/2004/08/events">
  <data name="nSize" inType="win:Int32" outType="xs:int"/>
</template>
]]></Template>
            </Event>
            <Event>
                <Id>49</Id>
                <Version>0</Version>
                <Channel>Microsoft-Windows-DUSER/Diagnostic</Channel>
                <Level>Information</Level>
                <Task>DUser_DrawDirtyLayers</Task>
                <Keyword>Default</Keyword>
                <Template><![CDATA[
<template xmlns="http://schemas.microsoft.com/win/2004/08/events">
  <data name="hGadget" inType="win:UInt32" outType="xs:unsignedInt"/>
  <data name="m_pVisual" inType="win:Pointer" outType="win:HexInt64"/>
  <data name="nVisuals" inType="win:Int32" outType="xs:int"/>
</template>
]]></Template>
            </Event>
            <Event>
                <Id>50</Id>
                <Version>0</Version>
                <Channel>Microsoft-Windows-DUSER/Diagnostic</Channel>
                <Level>Information</Level>
                <Task>DUser_CommitFromWMPaint</Task>
                <Keyword>Default</Keyword>
                <Template><![CDATA[
<template xmlns="http://schemas.microsoft.com/win/2004/08/events">
  <data name="hGadget" inType="win:UInt32" outType="xs:unsignedInt"/>
  <data name="m_pVisual" inType="win:Pointer" outType="win:HexInt64"/>
  <data name="nVisuals" inType="win:Int32" outType="xs:int"/>
</template>
]]></Template>
            </Event>
            <Event>
                <Id>51</Id>
                <Version>0</Version>
                <Channel>Microsoft-Windows-DUSER/Diagnostic</Channel>
                <Level>Information</Level>
                <Task>DUser_ScheduleTransitions</Task>
                <Opcode>Start</Opcode>
                <Keyword>Default</Keyword>
                <Template><![CDATA[
<template xmlns="http://schemas.microsoft.com/win/2004/08/events">
  <data name="dwTicket" inType="win:UInt32" outType="xs:unsignedInt"/>
</template>
]]></Template>
            </Event>
            <Event>
                <Id>52</Id>
                <Version>0</Version>
                <Channel>Microsoft-Windows-DUSER/Diagnostic</Channel>
                <Level>Information</Level>
                <Task>DUser_ScheduleTransitions</Task>
                <Opcode>Stop</Opcode>
                <Keyword>Default</Keyword>
                <Template><![CDATA[
<template xmlns="http://schemas.microsoft.com/win/2004/08/events">
  <data name="dwTicket" inType="win:UInt32" outType="xs:unsignedInt"/>
</template>
]]></Template>
            </Event>
            <Event>
                <Id>53</Id>
                <Version>0</Version>
                <Channel>Microsoft-Windows-DUSER/Diagnostic</Channel>
                <Level>Information</Level>
                <Task>DUser_WAMDelay</Task>
                <Opcode>Start</Opcode>
                <Keyword>Default</Keyword>
                <Template><![CDATA[
<template xmlns="http://schemas.microsoft.com/win/2004/08/events">
  <data name="cTrans" inType="win:UInt32" outType="xs:unsignedInt"/>
  <data name="psbUIA" inType="win:Pointer" outType="win:HexInt64"/>
  <data name="dwTicket" inType="win:UInt32" outType="xs:unsignedInt"/>
</template>
]]></Template>
            </Event>
            <Event>
                <Id>54</Id>
                <Version>0</Version>
                <Channel>Microsoft-Windows-DUSER/Diagnostic</Channel>
                <Level>Information</Level>
                <Task>DUser_WAMDelay</Task>
                <Opcode>Stop</Opcode>
                <Keyword>Default</Keyword>
                <Template><![CDATA[
<template xmlns="http://schemas.microsoft.com/win/2004/08/events">
  <data name="nVisuals" inType="win:Int32" outType="xs:int"/>
</template>
]]></Template>
            </Event>
            <Event>
                <Id>55</Id>
                <Version>0</Version>
                <Channel>Microsoft-Windows-DUSER/Diagnostic</Channel>
                <Level>Information</Level>
                <Task>DUser_Input</Task>
                <Keyword>Default</Keyword>
                <Template><![CDATA[
<template xmlns="http://schemas.microsoft.com/win/2004/08/events">
  <data name="PointerID" inType="win:UInt32" outType="xs:unsignedInt"/>
</template>
]]></Template>
            </Event>
            <Event>
                <Id>56</Id>
                <Version>0</Version>
                <Channel>Microsoft-Windows-DUSER/Diagnostic</Channel>
                <Level>Information</Level>
                <Task>DUser_TransitionComplete</Task>
                <Keyword>Default</Keyword>
                <Template><![CDATA[
<template xmlns="http://schemas.microsoft.com/win/2004/08/events">
  <data name="hGadget" inType="win:UInt32" outType="xs:unsignedInt"/>
  <data name="nCode" inType="win:UInt32" outType="xs:unsignedInt"/>
  <data name="fCopy" inType="win:Boolean" outType="xs:boolean"/>
  <data name="fRemainLayered" inType="win:Boolean" outType="xs:boolean"/>
</template>
]]></Template>
            </Event>
            <Event>
                <Id>65</Id>
                <Version>0</Version>
                <Channel>Microsoft-Windows-DUSER/Diagnostic</Channel>
                <Level>Information</Level>
                <Task>DUser_IntervalAcquireRegion</Task>
                <Opcode>Start</Opcode>
                <Keyword>Default</Keyword>
                <Template><![CDATA[
]]></Template>
            </Event>
            <Event>
                <Id>66</Id>
                <Version>0</Version>
                <Channel>Microsoft-Windows-DUSER/Diagnostic</Channel>
                <Level>Information</Level>
                <Task>DUser_IntervalAcquireRegion</Task>
                <Opcode>Stop</Opcode>
                <Keyword>Default</Keyword>
                <Template><![CDATA[
]]></Template>
            </Event>
            <Event>
                <Id>67</Id>
                <Version>0</Version>
                <Channel>Microsoft-Windows-DUSER/Diagnostic</Channel>
                <Level>Information</Level>
                <Task>DUser_IntervalReleaseRegion</Task>
                <Opcode>Start</Opcode>
                <Keyword>Default</Keyword>
                <Template><![CDATA[
]]></Template>
            </Event>
            <Event>
                <Id>68</Id>
                <Version>0</Version>
                <Channel>Microsoft-Windows-DUSER/Diagnostic</Channel>
                <Level>Information</Level>
                <Task>DUser_IntervalReleaseRegion</Task>
                <Opcode>Stop</Opcode>
                <Keyword>Default</Keyword>
                <Template><![CDATA[
]]></Template>
            </Event>
            <Event>
                <Id>71</Id>
                <Version>0</Version>
                <Channel>Microsoft-Windows-DUSER/Diagnostic</Channel>
                <Level>Information</Level>
                <Task>DUser_CreateSurface</Task>
                <Keyword>DUserSurface</Keyword>
                <Template><![CDATA[
<template xmlns="http://schemas.microsoft.com/win/2004/08/events">
  <data name="surfaceId" inType="win:Pointer" outType="win:HexInt64"/>
  <data name="surfaceX" inType="win:Int32" outType="xs:int"/>
  <data name="surfaceY" inType="win:Int32" outType="xs:int"/>
  <data name="surfaceWidth" inType="win:Int32" outType="xs:int"/>
  <data name="surfaceHeight" inType="win:Int32" outType="xs:int"/>
  <data name="containerId" inType="win:Pointer" outType="win:HexInt64"/>
  <data name="containerWidth" inType="win:Int32" outType="xs:int"/>
  <data name="containerHeight" inType="win:Int32" outType="xs:int"/>
  <data name="pRegionSurface" inType="win:Pointer" outType="win:HexInt64"/>
  <data name="pSurface" inType="win:Pointer" outType="win:HexInt64"/>
</template>
]]></Template>
            </Event>
            <Event>
                <Id>72</Id>
                <Version>0</Version>
                <Channel>Microsoft-Windows-DUSER/Diagnostic</Channel>
                <Level>Information</Level>
                <Task>DUser_DestroySurface</Task>
                <Keyword>DUserSurface</Keyword>
                <Template><![CDATA[
<template xmlns="http://schemas.microsoft.com/win/2004/08/events">
  <data name="pRegionSurface" inType="win:Pointer" outType="win:HexInt64"/>
  <data name="pSurface" inType="win:Pointer" outType="win:HexInt64"/>
</template>
]]></Template>
            </Event>
            <Event>
                <Id>75</Id>
                <Version>0</Version>
                <Channel>Microsoft-Windows-DUSER/Diagnostic</Channel>
                <Level>Information</Level>
                <Task>DUser_ProcessPendingStoryboards</Task>
                <Keyword>Default</Keyword>
                <Template><![CDATA[
<template xmlns="http://schemas.microsoft.com/win/2004/08/events">
  <data name="flProcessingDelay" inType="win:Float" outType="xs:float"/>
  <data name="nNumberOfStoryboards" inType="win:Int32" outType="xs:int"/>
  <data name="nNumberOfVisuals" inType="win:Int32" outType="xs:int"/>
</template>
]]></Template>
            </Event>
            <Event>
                <Id>76</Id>
                <Version>0</Version>
                <Channel>Microsoft-Windows-DUSER/Diagnostic</Channel>
                <Level>Information</Level>
                <Task>DUser_TransitionScheduled</Task>
                <Keyword>Default</Keyword>
                <Template><![CDATA[
<template xmlns="http://schemas.microsoft.com/win/2004/08/events">
  <data name="cTrans" inType="win:UInt32" outType="xs:unsignedInt"/>
  <data name="uTransIndex" inType="win:UInt32" outType="xs:unsignedInt"/>
  <data name="dwTicket" inType="win:UInt32" outType="xs:unsignedInt"/>
  <data name="hGadget" inType="win:UInt32" outType="xs:unsignedInt"/>
  <data name="nProperty" inType="win:UInt32" outType="xs:unsignedInt"/>
  <data name="pTransitionVisual" inType="win:Pointer" outType="win:HexInt64"/>
  <data name="pDCompVisual" inType="win:Pointer" outType="win:HexInt64"/>
</template>
]]></Template>
            </Event>
            <Event>
                <Id>77</Id>
                <Version>0</Version>
                <Channel>Microsoft-Windows-DUSER/Diagnostic</Channel>
                <Level>Information</Level>
                <Task>DUser_InitializeDCompTransforms</Task>
                <Keyword>Default</Keyword>
                <Template><![CDATA[
<template xmlns="http://schemas.microsoft.com/win/2004/08/events">
  <data name="nHResult" inType="win:Int32" outType="xs:int"/>
  <data name="hGadget" inType="win:UInt32" outType="xs:unsignedInt"/>
  <data name="fIsCopy" inType="win:Boolean" outType="xs:boolean"/>
  <data name="pTransitionVisual" inType="win:Pointer" outType="win:HexInt64"/>
  <data name="pDCompVisual" inType="win:Pointer" outType="win:HexInt64"/>
  <data name="pEffectGroup" inType="win:Pointer" outType="win:HexInt64"/>
</template>
]]></Template>
            </Event>
            <Event>
                <Id>78</Id>
                <Version>0</Version>
                <Channel>Microsoft-Windows-DUSER/Diagnostic</Channel>
                <Level>Information</Level>
                <Task>DUser_ModifyDCompTransform</Task>
                <Keyword>Default</Keyword>
                <Template><![CDATA[
<template xmlns="http://schemas.microsoft.com/win/2004/08/events">
  <data name="pTransitionVisual" inType="win:Pointer" outType="win:HexInt64"/>
  <data name="pDCompVisual" inType="win:Pointer" outType="win:HexInt64"/>
  <data name="nTransformType" inType="win:Int32" outType="xs:int"/>
  <data name="pTransform" inType="win:Pointer" outType="win:HexInt64"/>
  <data name="fAnimation" inType="win:Boolean" outType="xs:boolean"/>
</template>
]]></Template>
            </Event>
            <Event>
                <Id>79</Id>
                <Version>0</Version>
                <Channel>Microsoft-Windows-DUSER/Diagnostic</Channel>
                <Level>Information</Level>
                <Task>DUser_RunDUIPVLAnimation</Task>
                <Opcode>Start</Opcode>
                <Keyword>Default</Keyword>
                <Template><![CDATA[
<template xmlns="http://schemas.microsoft.com/win/2004/08/events">
  <data name="pStoryboard" inType="win:Pointer" outType="win:HexInt64"/>
  <data name="nAnimationId" inType="win:Int32" outType="xs:int"/>
  <data name="nStoryboardId" inType="win:Int32" outType="xs:int"/>
  <data name="nCode" inType="win:Int32" outType="xs:int"/>
  <data name="flProcessingDelay" inType="win:Float" outType="xs:float"/>
</template>
]]></Template>
            </Event>
            <Event>
                <Id>80</Id>
                <Version>0</Version>
                <Channel>Microsoft-Windows-DUSER/Diagnostic</Channel>
                <Level>Information</Level>
                <Task>DUser_RunDUIPVLAnimation</Task>
                <Opcode>Stop</Opcode>
                <Keyword>Default</Keyword>
                <Template><![CDATA[
<template xmlns="http://schemas.microsoft.com/win/2004/08/events">
  <data name="pStoryboard" inType="win:Pointer" outType="win:HexInt64"/>
  <data name="nAnimationId" inType="win:Int32" outType="xs:int"/>
  <data name="nStoryboardId" inType="win:Int32" outType="xs:int"/>
  <data name="nCode" inType="win:Int32" outType="xs:int"/>
  <data name="flProcessingDelay" inType="win:Float" outType="xs:float"/>
</template>
]]></Template>
            </Event>
            <Event>
                <Id>81</Id>
                <Version>0</Version>
                <Channel>Microsoft-Windows-DUSER/Diagnostic</Channel>
                <Level>Information</Level>
                <Task>DUser_AllocateStagingBuffer</Task>
                <Keyword>DUserSurface</Keyword>
                <Template><![CDATA[
<template xmlns="http://schemas.microsoft.com/win/2004/08/events">
  <data name="surfaceId" inType="win:Pointer" outType="win:HexInt64"/>
  <data name="surfaceX" inType="win:Int32" outType="xs:int"/>
  <data name="surfaceY" inType="win:Int32" outType="xs:int"/>
</template>
]]></Template>
            </Event>
            <Event>
                <Id>82</Id>
                <Version>0</Version>
                <Channel>Microsoft-Windows-DUSER/Diagnostic</Channel>
                <Level>Information</Level>
                <Task>DUser_ReleaseStagingBuffer</Task>
                <Keyword>DUserSurface</Keyword>
                <Template><![CDATA[
<template xmlns="http://schemas.microsoft.com/win/2004/08/events">
  <data name="surfaceId" inType="win:Pointer" outType="win:HexInt64"/>
</template>
]]></Template>
            </Event>
            <Event>
                <Id>83</Id>
                <Version>0</Version>
                <Channel>Microsoft-Windows-DUSER/Diagnostic</Channel>
                <Level>Information</Level>
                <Task>DUser_LeafNodeOpacity_PossibleLayerPush</Task>
                <Keyword>Default</Keyword>
                <Template><![CDATA[
<template xmlns="http://schemas.microsoft.com/win/2004/08/events">
  <data name="hGadget" inType="win:Pointer" outType="win:HexInt64"/>
  <data name="nWidth" inType="win:Int32" outType="xs:int"/>
  <data name="nHeight" inType="win:Int32" outType="xs:int"/>
  <data name="hAncestorGadget" inType="win:Pointer" outType="win:HexInt64"/>
  <data name="nAncestorWidth" inType="win:Int32" outType="xs:int"/>
  <data name="nAncestorHeight" inType="win:Int32" outType="xs:int"/>
</template>
]]></Template>
            </Event>
            <Event>
                <Id>84</Id>
                <Version>0</Version>
                <Channel>Microsoft-Windows-DUSER/Diagnostic</Channel>
                <Level>Information</Level>
                <Task>DUser_StagingBufferCopy</Task>
                <Keyword>DUserSurface</Keyword>
                <Template><![CDATA[
<template xmlns="http://schemas.microsoft.com/win/2004/08/events">
  <data name="surfaceId" inType="win:Pointer" outType="win:HexInt64"/>
  <data name="surfaceX" inType="win:Int32" outType="xs:int"/>
  <data name="surfaceY" inType="win:Int32" outType="xs:int"/>
  <data name="surfaceWidth" inType="win:Int32" outType="xs:int"/>
  <data name="surfaceHeight" inType="win:Int32" outType="xs:int"/>
</template>
]]></Template>
            </Event>
            <Event>
                <Id>85</Id>
                <Version>0</Version>
                <Channel>Microsoft-Windows-DUSER/Diagnostic</Channel>
                <Level>Information</Level>
                <Task>DUser_Input</Task>
                <Keyword>Default</Keyword>
                <Template><![CDATA[
<template xmlns="http://schemas.microsoft.com/win/2004/08/events">
  <data name="PointerHitTestID" inType="win:UInt32" outType="xs:unsignedInt"/>
</template>
]]></Template>
            </Event>
        </EventMetadata>
    </Provider>
</Providers>
