<Providers>
    <Provider>
        <Name>Microsoft-Windows-Containers-Wcifs-Mapping</Name>
        <Metadata>
            <Guid>{0223F0A3-6383-5A7A-7BC7-04D4739E2E32}</Guid>
            <ResourceFilePath>%SystemRoot%\system32\drivers\wcifs.sys</ResourceFilePath>
            <ParameterFilePath>%SystemRoot%\system32\drivers\wcifs.sys</ParameterFilePath>
            <MessageFilePath>%SystemRoot%\system32\drivers\wcifs.sys</MessageFilePath>
            <HelpLink></HelpLink>
        </Metadata>
        <EventMetadata>
        </EventMetadata>
    </Provider>
</Providers>
