<Providers>
    <Provider>
        <Name>Microsoft-Windows-AssignedAccess</Name>
        <Metadata>
            <Guid>{8530DB6E-51C0-43D6-9D02-A8C2088526CD}</Guid>
            <ResourceFilePath>%systemroot%\system32\assignedaccessproviderevents.dll</ResourceFilePath>
            <ParameterFilePath></ParameterFilePath>
            <MessageFilePath>%systemroot%\system32\assignedaccessproviderevents.dll</MessageFilePath>
            <HelpLink></HelpLink>
            <PublisherMessage></PublisherMessage>
            <Channels>
                <Channel>
                    <Message></Message>
                    <Path>Microsoft-Windows-AssignedAccess/Operational</Path>
                    <Index>0</Index>
                    <Id>16</Id>
                    <Imported>false</Imported>
                </Channel>
                <Channel>
                    <Message></Message>
                    <Path>Microsoft-Windows-AssignedAccess/Admin</Path>
                    <Index>1</Index>
                    <Id>17</Id>
                    <Imported>false</Imported>
                </Channel>
            </Channels>
            <Levels>
                <Level>
                    <Message>Error</Message>
                    <Name>win:Error</Name>
                    <Value>2</Value>
                </Level>
                <Level>
                    <Message>Information</Message>
                    <Name>win:Informational</Name>
                    <Value>4</Value>
                </Level>
            </Levels>
            <Tasks>
                <Task>
                    <Message>Configuring Assigned Access</Message>
                    <Name>tskUpdate</Name>
                    <Guid>{97610711-FFCD-46D4-8D9D-6BD10D66B5C3}</Guid>
                    <Value>1000</Value>
                </Task>
                <Task>
                    <Message>AssignedAccessCsp</Message>
                    <Name>tskInvokeCsp</Name>
                    <Guid>{F7367B5C-D61A-421D-872F-541100D8841C}</Guid>
                    <Value>1001</Value>
                </Task>
                <Task>
                    <Message>Applying Assigned Access for current user.</Message>
                    <Name>tskApplyAssignedAccess</Name>
                    <Guid>{F9608BC1-C455-494E-B72D-9B5F22190571}</Guid>
                    <Value>1002</Value>
                </Task>
                <Task>
                    <Message>AssignedAccess messages from WIL ErrorHandling Helpers</Message>
                    <Name>tskResultLogging</Name>
                    <Guid>{2DDCA98B-85A8-4BCC-BE28-83BE984E889D}</Guid>
                    <Value>1003</Value>
                </Task>
                <Task>
                    <Message>AssignedAccess MdmAlert messages</Message>
                    <Name>tskMdmAlert</Name>
                    <Guid>{C7E7C659-2531-487A-B256-85D62BE2450A}</Guid>
                    <Value>1004</Value>
                </Task>
                <Task>
                    <Message>AssignedAccess OperationStatus messages</Message>
                    <Name>tskOperationStatus</Name>
                    <Guid>{8826DFBC-A325-4324-8BA2-578B20348700}</Guid>
                    <Value>1005</Value>
                </Task>
            </Tasks>
            <Opcodes>
                <Opcode>
                    <Message>Info</Message>
                    <Name>win:Info</Name>
                    <Value>0</Value>
                    <Task>0</Task>
                </Opcode>
            </Opcodes>
            <Keywords>
            </Keywords>
        </Metadata>
        <EventMetadata>
            <Event>
                <Id>10001</Id>
                <Version>0</Version>
                <Channel>Microsoft-Windows-AssignedAccess/Admin</Channel>
                <Level>Error</Level>
                <Task>Configuring Assigned Access</Task>
                <Message><![CDATA[
Could not configure user. The specified SID was not found on this system.]]></Message>
                <Template><![CDATA[
<template xmlns="http://schemas.microsoft.com/win/2004/08/events">
  <data name="SID" inType="win:UnicodeString" outType="xs:string"/>
</template>
]]></Template>
            </Event>
            <Event>
                <Id>10002</Id>
                <Version>0</Version>
                <Channel>Microsoft-Windows-AssignedAccess/Admin</Channel>
                <Level>Error</Level>
                <Task>Configuring Assigned Access</Task>
                <Message><![CDATA[
Could not configure user. The specified SID is an administrator on this system. Locking down administrator users could lead to unconfigurable devices.]]></Message>
                <Template><![CDATA[
<template xmlns="http://schemas.microsoft.com/win/2004/08/events">
  <data name="SID" inType="win:UnicodeString" outType="xs:string"/>
</template>
]]></Template>
            </Event>
            <Event>
                <Id>10003</Id>
                <Version>0</Version>
                <Channel>Microsoft-Windows-AssignedAccess/Admin</Channel>
                <Level>Error</Level>
                <Task>Configuring Assigned Access</Task>
                <Message><![CDATA[
Could not configure user. The specified SID is a domain account.  Only local accounts can be used.]]></Message>
                <Template><![CDATA[
<template xmlns="http://schemas.microsoft.com/win/2004/08/events">
  <data name="SID" inType="win:UnicodeString" outType="xs:string"/>
</template>
]]></Template>
            </Event>
            <Event>
                <Id>10004</Id>
                <Version>0</Version>
                <Channel>Microsoft-Windows-AssignedAccess/Admin</Channel>
                <Level>Error</Level>
                <Task>Configuring Assigned Access</Task>
                <Message><![CDATA[
Could not configure application. The specified AppID may be invalid, or is not installed on this system. The specified user may need to log in and download this application first.]]></Message>
                <Template><![CDATA[
<template xmlns="http://schemas.microsoft.com/win/2004/08/events">
  <data name="AppID" inType="win:UnicodeString" outType="xs:string"/>
</template>
]]></Template>
            </Event>
            <Event>
                <Id>10010</Id>
                <Version>0</Version>
                <Channel>Microsoft-Windows-AssignedAccess/Admin</Channel>
                <Level>Error</Level>
                <Task>Configuring Assigned Access</Task>
                <Message><![CDATA[
Could not configure application launching.]]></Message>
                <Template><![CDATA[
<template xmlns="http://schemas.microsoft.com/win/2004/08/events">
  <data name="ErrorCode" inType="win:UInt32" outType="xs:unsignedInt"/>
</template>
]]></Template>
            </Event>
            <Event>
                <Id>10020</Id>
                <Version>0</Version>
                <Channel>Microsoft-Windows-AssignedAccess/Admin</Channel>
                <Level>Error</Level>
                <Task>Configuring Assigned Access</Task>
                <Message><![CDATA[
Could not configure keyboard filtering.]]></Message>
                <Template><![CDATA[
<template xmlns="http://schemas.microsoft.com/win/2004/08/events">
  <data name="ErrorCode" inType="win:UInt32" outType="xs:unsignedInt"/>
</template>
]]></Template>
            </Event>
            <Event>
                <Id>20000</Id>
                <Version>0</Version>
                <Channel>Microsoft-Windows-AssignedAccess/Operational</Channel>
                <Level>Information</Level>
                <Task>Configuring Assigned Access</Task>
                <Message><![CDATA[
Assigned Access is enabled. For settings to take effect, log off and log back in as this user.]]></Message>
                <Template><![CDATA[
<template xmlns="http://schemas.microsoft.com/win/2004/08/events">
  <data name="SID" inType="win:UnicodeString" outType="xs:string"/>
  <data name="UserName" inType="win:UnicodeString" outType="xs:string"/>
  <data name="AppID" inType="win:UnicodeString" outType="xs:string"/>
  <data name="AppName" inType="win:UnicodeString" outType="xs:string"/>
</template>
]]></Template>
            </Event>
            <Event>
                <Id>20001</Id>
                <Version>0</Version>
                <Channel>Microsoft-Windows-AssignedAccess/Operational</Channel>
                <Level>Information</Level>
                <Task>Configuring Assigned Access</Task>
                <Message><![CDATA[
Assigned Access is disabled.  System will return to original settings.]]></Message>
                <Template><![CDATA[
<template xmlns="http://schemas.microsoft.com/win/2004/08/events">
</template>
]]></Template>
            </Event>
            <Event>
                <Id>30000</Id>
                <Version>0</Version>
                <Channel>Microsoft-Windows-AssignedAccess/Operational</Channel>
                <Level>Information</Level>
                <Task>AssignedAccess messages from WIL ErrorHandling Helpers</Task>
                <Message><![CDATA[
%1(%2), hr = %3, message = %4]]></Message>
                <Template><![CDATA[
<template xmlns="http://schemas.microsoft.com/win/2004/08/events">
  <data name="File" inType="win:AnsiString" outType="xs:string"/>
  <data name="LineNumber" inType="win:UInt32" outType="xs:unsignedInt"/>
  <data name="ErrorCode" inType="win:HexInt32" outType="win:HexInt32"/>
  <data name="ErrorCodeExpanded" inType="win:Int32" outType="win:Hresult"/>
</template>
]]></Template>
            </Event>
            <Event>
                <Id>31000</Id>
                <Version>0</Version>
                <Channel>Microsoft-Windows-AssignedAccess/Admin</Channel>
                <Level>Error</Level>
                <Task>Applying Assigned Access for current user.</Task>
                <Message><![CDATA[
Error %1 applying assigned access for current user, signing out...]]></Message>
                <Template><![CDATA[
<template xmlns="http://schemas.microsoft.com/win/2004/08/events">
  <data name="ErrorCode" inType="win:Int32" outType="win:Hresult"/>
</template>
]]></Template>
            </Event>
            <Event>
                <Id>31001</Id>
                <Version>0</Version>
                <Channel>Microsoft-Windows-AssignedAccess/Admin</Channel>
                <Level>Error</Level>
                <Task>Applying Assigned Access for current user.</Task>
                <Message><![CDATA[
Error retrieving assigned access user information for current user: %1 ]]></Message>
                <Template><![CDATA[
<template xmlns="http://schemas.microsoft.com/win/2004/08/events">
  <data name="ErrorCode" inType="win:Int32" outType="win:Hresult"/>
</template>
]]></Template>
            </Event>
            <Event>
                <Id>31002</Id>
                <Version>0</Version>
                <Channel>Microsoft-Windows-AssignedAccess/Admin</Channel>
                <Level>Error</Level>
                <Task>AssignedAccess OperationStatus messages</Task>
                <Message><![CDATA[
%1, ErrorCode(%2)]]></Message>
                <Template><![CDATA[
<template xmlns="http://schemas.microsoft.com/win/2004/08/events">
  <data name="Custom" inType="win:UnicodeString" outType="xs:string"/>
  <data name="ErrorCode" inType="win:HexInt32" outType="win:HexInt32"/>
</template>
]]></Template>
            </Event>
            <Event>
                <Id>32000</Id>
                <Version>0</Version>
                <Channel>Microsoft-Windows-AssignedAccess/Admin</Channel>
                <Level>Error</Level>
                <Task>AssignedAccessCsp</Task>
                <Message><![CDATA[
%1, ErrorCode(%2)]]></Message>
                <Template><![CDATA[
<template xmlns="http://schemas.microsoft.com/win/2004/08/events">
  <data name="Custom" inType="win:UnicodeString" outType="xs:string"/>
  <data name="ErrorCode" inType="win:HexInt32" outType="win:HexInt32"/>
</template>
]]></Template>
            </Event>
            <Event>
                <Id>33000</Id>
                <Version>0</Version>
                <Channel>Microsoft-Windows-AssignedAccess/Admin</Channel>
                <Level>Error</Level>
                <Task>AssignedAccess MdmAlert messages</Task>
                <Message><![CDATA[
%1, ErrorCode(%2)]]></Message>
                <Template><![CDATA[
<template xmlns="http://schemas.microsoft.com/win/2004/08/events">
  <data name="Custom" inType="win:UnicodeString" outType="xs:string"/>
  <data name="ErrorCode" inType="win:HexInt32" outType="win:HexInt32"/>
</template>
]]></Template>
            </Event>
        </EventMetadata>
    </Provider>
</Providers>
