<Providers>
    <Provider>
        <Name>Microsoft-Windows-Diagnosis-DPS</Name>
        <Metadata>
            <Guid>{6BBA3851-2C7E-4DEA-8F54-31E5AFD029E3}</Guid>
            <ResourceFilePath>%SystemRoot%\system32\dps.dll</ResourceFilePath>
            <ParameterFilePath></ParameterFilePath>
            <MessageFilePath>%SystemRoot%\system32\dps.dll</MessageFilePath>
            <HelpLink></HelpLink>
            <PublisherMessage>Microsoft-Windows-Diagnosis-DPS</PublisherMessage>
            <Channels>
                <Channel>
                    <Message>Microsoft-Windows-Diagnosis-DPS/Debug</Message>
                    <Path>Microsoft-Windows-Diagnosis-DPS/Debug</Path>
                    <Index>0</Index>
                    <Id>16</Id>
                    <Imported>false</Imported>
                </Channel>
                <Channel>
                    <Message>Microsoft-Windows-Diagnosis-DPS/Operational</Message>
                    <Path>Microsoft-Windows-Diagnosis-DPS/Operational</Path>
                    <Index>1</Index>
                    <Id>17</Id>
                    <Imported>false</Imported>
                </Channel>
                <Channel>
                    <Message>Microsoft-Windows-Diagnosis-DPS/Analytic</Message>
                    <Path>Microsoft-Windows-Diagnosis-DPS/Analytic</Path>
                    <Index>2</Index>
                    <Id>18</Id>
                    <Imported>false</Imported>
                </Channel>
            </Channels>
            <Levels>
                <Level>
                    <Message>Error</Message>
                    <Name>win:Error</Name>
                    <Value>2</Value>
                </Level>
                <Level>
                    <Message>Warning</Message>
                    <Name>win:Warning</Name>
                    <Value>3</Value>
                </Level>
                <Level>
                    <Message>Information</Message>
                    <Name>win:Informational</Name>
                    <Value>4</Value>
                </Level>
                <Level>
                    <Message>Verbose</Message>
                    <Name>win:Verbose</Name>
                    <Value>5</Value>
                </Level>
            </Levels>
            <Tasks>
                <Task>
                    <Message>DPS Initialization</Message>
                    <Name>WDI_DPS_TASK_INIT</Name>
                    <Value>3</Value>
                </Task>
                <Task>
                    <Message>Scenario Lifecycle</Message>
                    <Name>WDI_DPS_TASK_SCENARIO_LIFECYCLE</Name>
                    <Value>1</Value>
                </Task>
                <Task>
                    <Message>Debug task</Message>
                    <Name>WDI_DPS_TASK_DEBUG</Name>
                    <Value>2</Value>
                </Task>
                <Task>
                    <Message>Notification task</Message>
                    <Name>WDI_DPS_TASK_NOTIFICATION</Name>
                    <Value>4</Value>
                </Task>
            </Tasks>
            <Opcodes>
                <Opcode>
                    <Message>The Diagnostic Policy Service started</Message>
                    <Name>WDI_DPS_OPCODE_INIT</Name>
                    <Value>10</Value>
                    <Task>0</Task>
                </Opcode>
                <Opcode>
                    <Message>A diagnostic scenario was misconfigured</Message>
                    <Name>WDI_DPS_OPCODE_MISCONFIGURATION</Name>
                    <Value>11</Value>
                    <Task>0</Task>
                </Opcode>
                <Opcode>
                    <Message>A diagnostic module detected a problem</Message>
                    <Name>WDI_DPS_OPCODE_PROBLEM_DETECTED</Name>
                    <Value>12</Value>
                    <Task>0</Task>
                </Opcode>
                <Opcode>
                    <Message>A scenario instance was dispatched for troubleshooting</Message>
                    <Name>WDI_DPS_OPCODE_TROUBLESHOOT_START</Name>
                    <Value>13</Value>
                    <Task>0</Task>
                </Opcode>
                <Opcode>
                    <Message>A diagnostic module completed troubleshooting without setting a resolution</Message>
                    <Name>WDI_DPS_OPCODE_TROUBLESHOOT_END_NO_RESOLUTION</Name>
                    <Value>14</Value>
                    <Task>0</Task>
                </Opcode>
                <Opcode>
                    <Message>A diagnostic module completed troubleshooting and set an immediate resolution</Message>
                    <Name>WDI_DPS_OPCODE_TROUBLESHOOT_END_WITH_IMMEDIATE_RESOLUTION</Name>
                    <Value>15</Value>
                    <Task>0</Task>
                </Opcode>
                <Opcode>
                    <Message>A diagnostic module finished troubleshooting and set an queued resolution</Message>
                    <Name>WDI_DPS_OPCODE_TROUBLESHOOT_END_WITH_QUEUED_RESOLUTION</Name>
                    <Value>16</Value>
                    <Task>0</Task>
                </Opcode>
                <Opcode>
                    <Message>A scenario instance was dispatched for resolution</Message>
                    <Name>WDI_DPS_OPCODE_RESOLUTION_START</Name>
                    <Value>17</Value>
                    <Task>0</Task>
                </Opcode>
                <Opcode>
                    <Message>A diagnostic module queued itself for later invocation</Message>
                    <Name>WDI_DPS_OPCODE_RESOLUTION_QUEUED</Name>
                    <Value>18</Value>
                    <Task>0</Task>
                </Opcode>
                <Opcode>
                    <Message>A diagnostic module completed resolution</Message>
                    <Name>WDI_DPS_OPCODE_RESOLUTION_END</Name>
                    <Value>19</Value>
                    <Task>0</Task>
                </Opcode>
                <Opcode>
                    <Message>The Diagnostic Policy Service was not able to instantiate a diagnostic module host</Message>
                    <Name>WDI_DPS_OPCODE_HOST_CREATE_FAILURE</Name>
                    <Value>20</Value>
                    <Task>0</Task>
                </Opcode>
                <Opcode>
                    <Message>This event is raised when a scenario fails</Message>
                    <Name>WDI_DPS_OPCODE_SCENARIO_FAILED</Name>
                    <Value>21</Value>
                    <Task>0</Task>
                </Opcode>
                <Opcode>
                    <Message>A diagnostic module was moved to a broken state</Message>
                    <Name>WDI_DPS_OPCODE_DM_BROKEN</Name>
                    <Value>22</Value>
                    <Task>0</Task>
                </Opcode>
                <Opcode>
                    <Message>Debug event</Message>
                    <Name>WDI_DPS_OPCODE_DEBUG</Name>
                    <Value>23</Value>
                    <Task>0</Task>
                </Opcode>
                <Opcode>
                    <Message>This event is raised at the ServiceMain for the service</Message>
                    <Name>WDI_DPS_OPCODE_BOOT_PERF_START</Name>
                    <Value>24</Value>
                    <Task>0</Task>
                </Opcode>
                <Opcode>
                    <Message>This event is raised when the DPS signals its status as RUNNING to the SCM</Message>
                    <Name>WDI_DPS_OPCODE_BOOT_PERF_END</Name>
                    <Value>25</Value>
                    <Task>0</Task>
                </Opcode>
                <Opcode>
                    <Message>This event is raised when the service receives a shutdown/stop notification from the SCM</Message>
                    <Name>WDI_DPS_OPCODE_SHUTDOWN_PERF_START</Name>
                    <Value>26</Value>
                    <Task>0</Task>
                </Opcode>
                <Opcode>
                    <Message>This event is raised when the service is successfully stopped</Message>
                    <Name>WDI_DPS_OPCODE_SHUTDOWN_PERF_END</Name>
                    <Value>27</Value>
                    <Task>0</Task>
                </Opcode>
                <Opcode>
                    <Message>This event is raised when DPS refreshes group policy</Message>
                    <Name>WDI_DPS_OPCODE_GROUPPOLICY_REFRESH</Name>
                    <Value>28</Value>
                    <Task>0</Task>
                </Opcode>
            </Opcodes>
            <Keywords>
                <Keyword>
                    <Message>Memory tracing events</Message>
                    <Name>memory</Name>
                    <Value>512</Value>
                </Keyword>
                <Keyword>
                    <Message>Timing Events</Message>
                    <Name>perf</Name>
                    <Value>4294967296</Value>
                </Keyword>
                <Keyword>
                    <Message>Scenario trigger events</Message>
                    <Name>scenario</Name>
                    <Value>8589934592</Value>
                </Keyword>
                <Keyword>
                    <Message>Debug events</Message>
                    <Name>debug</Name>
                    <Value>17179869184</Value>
                </Keyword>
                <Keyword>
                    <Message>Scenario lifecycle events</Message>
                    <Name>lifecycle</Name>
                    <Value>34359738368</Value>
                </Keyword>
                <Keyword>
                    <Message>Diagnostic Module notification events</Message>
                    <Name>notification</Name>
                    <Value>68719476736</Value>
                </Keyword>
            </Keywords>
        </Metadata>
        <EventMetadata>
            <Event>
                <Id>1</Id>
                <Version>0</Version>
                <Channel>Microsoft-Windows-Diagnosis-DPS/Analytic</Channel>
                <Level>Verbose</Level>
                <Task>DPS Initialization</Task>
                <Opcode>The Diagnostic Policy Service started</Opcode>
                <Message><![CDATA[
The Diagnostic Policy Service started.  This event signals diagnostic modules for delayed processing after the service is initialized.]]></Message>
                <Template><![CDATA[
]]></Template>
            </Event>
            <Event>
                <Id>2</Id>
                <Version>0</Version>
                <Channel>Microsoft-Windows-Diagnosis-DPS/Analytic</Channel>
                <Level>Verbose</Level>
                <Task>DPS Initialization</Task>
                <Opcode>The Diagnostic Policy Service started</Opcode>
                <Message><![CDATA[
The Diagnostic Policy Service started.  This event signals diagnostic modules for immediate processing after the service is initialized.]]></Message>
                <Template><![CDATA[
]]></Template>
            </Event>
            <Event>
                <Id>5</Id>
                <Version>0</Version>
                <Channel>Microsoft-Windows-Diagnosis-DPS/Operational</Channel>
                <Level>Warning</Level>
                <Task>DPS Initialization</Task>
                <Opcode>A diagnostic scenario was misconfigured</Opcode>
                <Message><![CDATA[
The scenario %1 has a configuration error or has been explicitly disabled in the WDI registry namespace.  The Diagnostic Policy Service will ignore the scenario.]]></Message>
                <Template><![CDATA[
<template xmlns="http://schemas.microsoft.com/win/2004/08/events">
  <data name="ScenarioId" inType="win:GUID" outType="xs:GUID"/>
</template>
]]></Template>
            </Event>
            <Event>
                <Id>100</Id>
                <Version>0</Version>
                <Channel>Microsoft-Windows-Diagnosis-DPS/Operational</Channel>
                <Level>Information</Level>
                <Task>Scenario Lifecycle</Task>
                <Opcode>A diagnostic module detected a problem</Opcode>
                <Message><![CDATA[
Diagnostic module %5 (%4) detected a problem for scenario %1, instance %2, original activity ID %3.]]></Message>
                <Template><![CDATA[
<template xmlns="http://schemas.microsoft.com/win/2004/08/events">
  <data name="ScenarioId" inType="win:GUID" outType="xs:GUID"/>
  <data name="InstanceId" inType="win:GUID" outType="xs:GUID"/>
  <data name="OriginalActivityId" inType="win:GUID" outType="xs:GUID"/>
  <data name="DiagnosticModuleImageName" inType="win:UnicodeString" outType="xs:string"/>
  <data name="DiagnosticModuleId" inType="win:GUID" outType="xs:GUID"/>
</template>
]]></Template>
            </Event>
            <Event>
                <Id>105</Id>
                <Version>0</Version>
                <Channel>Microsoft-Windows-Diagnosis-DPS/Operational</Channel>
                <Level>Information</Level>
                <Task>Scenario Lifecycle</Task>
                <Opcode>A scenario instance was dispatched for troubleshooting</Opcode>
                <Message><![CDATA[
Diagnostic module %5 (%4) started troubleshooting scenario %1, instance %2, original activity ID %3.]]></Message>
                <Template><![CDATA[
<template xmlns="http://schemas.microsoft.com/win/2004/08/events">
  <data name="ScenarioId" inType="win:GUID" outType="xs:GUID"/>
  <data name="InstanceId" inType="win:GUID" outType="xs:GUID"/>
  <data name="OriginalActivityId" inType="win:GUID" outType="xs:GUID"/>
  <data name="DiagnosticModuleImageName" inType="win:UnicodeString" outType="xs:string"/>
  <data name="DiagnosticModuleId" inType="win:GUID" outType="xs:GUID"/>
</template>
]]></Template>
            </Event>
            <Event>
                <Id>110</Id>
                <Version>0</Version>
                <Channel>Microsoft-Windows-Diagnosis-DPS/Operational</Channel>
                <Level>Information</Level>
                <Task>Scenario Lifecycle</Task>
                <Opcode>A diagnostic module completed troubleshooting without setting a resolution</Opcode>
                <Message><![CDATA[
Diagnostic module %5 (%4) finished troubleshooting scenario %1, instance %2, original activity ID %3.  No resolution was set by the diagnostic module.]]></Message>
                <Template><![CDATA[
<template xmlns="http://schemas.microsoft.com/win/2004/08/events">
  <data name="ScenarioId" inType="win:GUID" outType="xs:GUID"/>
  <data name="InstanceId" inType="win:GUID" outType="xs:GUID"/>
  <data name="OriginalActivityId" inType="win:GUID" outType="xs:GUID"/>
  <data name="DiagnosticModuleImageName" inType="win:UnicodeString" outType="xs:string"/>
  <data name="DiagnosticModuleId" inType="win:GUID" outType="xs:GUID"/>
</template>
]]></Template>
            </Event>
            <Event>
                <Id>115</Id>
                <Version>0</Version>
                <Channel>Microsoft-Windows-Diagnosis-DPS/Operational</Channel>
                <Level>Information</Level>
                <Task>Scenario Lifecycle</Task>
                <Opcode>A diagnostic module completed troubleshooting and set an immediate resolution</Opcode>
                <Message><![CDATA[
Diagnostic module %9 (%4) finished troubleshooting scenario %1, instance %2, original activity ID %3.  It set resolution %5 for user %6 in session %7 with expiration date %8.  The resolution will be started immediately.]]></Message>
                <Template><![CDATA[
<template xmlns="http://schemas.microsoft.com/win/2004/08/events">
  <data name="ScenarioId" inType="win:GUID" outType="xs:GUID"/>
  <data name="InstanceId" inType="win:GUID" outType="xs:GUID"/>
  <data name="OriginalActivityId" inType="win:GUID" outType="xs:GUID"/>
  <data name="DiagnosticModuleImageName" inType="win:UnicodeString" outType="xs:string"/>
  <data name="ResolutionId" inType="win:GUID" outType="xs:GUID"/>
  <data name="ResolutionSID" inType="win:SID" outType="xs:string"/>
  <data name="ResolutionSessionId" inType="win:UInt32" outType="xs:unsignedInt"/>
  <data name="ResolutionExpirationDate" inType="win:FILETIME" outType="xs:dateTime"/>
  <data name="DiagnosticModuleId" inType="win:GUID" outType="xs:GUID"/>
</template>
]]></Template>
            </Event>
            <Event>
                <Id>120</Id>
                <Version>0</Version>
                <Channel>Microsoft-Windows-Diagnosis-DPS/Operational</Channel>
                <Level>Information</Level>
                <Task>Scenario Lifecycle</Task>
                <Opcode>A diagnostic module finished troubleshooting and set an queued resolution</Opcode>
                <Message><![CDATA[
Diagnostic module %9 (%4) finished troubleshooting scenario %1, instance %2, original activity ID %3.  It set resolution %5 for user %6 in session %7 with expiration date %8.  The resolution was queued to start later.]]></Message>
                <Template><![CDATA[
<template xmlns="http://schemas.microsoft.com/win/2004/08/events">
  <data name="ScenarioId" inType="win:GUID" outType="xs:GUID"/>
  <data name="InstanceId" inType="win:GUID" outType="xs:GUID"/>
  <data name="OriginalActivityId" inType="win:GUID" outType="xs:GUID"/>
  <data name="DiagnosticModuleImageName" inType="win:UnicodeString" outType="xs:string"/>
  <data name="ResolutionId" inType="win:GUID" outType="xs:GUID"/>
  <data name="ResolutionSID" inType="win:SID" outType="xs:string"/>
  <data name="ResolutionSessionId" inType="win:UInt32" outType="xs:unsignedInt"/>
  <data name="ResolutionExpirationDate" inType="win:FILETIME" outType="xs:dateTime"/>
  <data name="DiagnosticModuleId" inType="win:GUID" outType="xs:GUID"/>
</template>
]]></Template>
            </Event>
            <Event>
                <Id>125</Id>
                <Version>0</Version>
                <Channel>Microsoft-Windows-Diagnosis-DPS/Operational</Channel>
                <Level>Information</Level>
                <Task>Scenario Lifecycle</Task>
                <Opcode>A scenario instance was dispatched for resolution</Opcode>
                <Message><![CDATA[
Diagnostic module %5 (%4) started resolving scenario %1, instance %2, original activity ID %3.]]></Message>
                <Template><![CDATA[
<template xmlns="http://schemas.microsoft.com/win/2004/08/events">
  <data name="ScenarioId" inType="win:GUID" outType="xs:GUID"/>
  <data name="InstanceId" inType="win:GUID" outType="xs:GUID"/>
  <data name="OriginalActivityId" inType="win:GUID" outType="xs:GUID"/>
  <data name="DiagnosticModuleImageName" inType="win:UnicodeString" outType="xs:string"/>
  <data name="DiagnosticModuleId" inType="win:GUID" outType="xs:GUID"/>
</template>
]]></Template>
            </Event>
            <Event>
                <Id>126</Id>
                <Version>0</Version>
                <Channel>Microsoft-Windows-Diagnosis-DPS/Operational</Channel>
                <Level>Information</Level>
                <Task>Scenario Lifecycle</Task>
                <Opcode>A diagnostic module queued itself for later invocation</Opcode>
                <Message><![CDATA[
Diagnostic module %5 (%4) was queued to start later for scenario %1, instance %2, original activity ID %3.]]></Message>
                <Template><![CDATA[
<template xmlns="http://schemas.microsoft.com/win/2004/08/events">
  <data name="ScenarioId" inType="win:GUID" outType="xs:GUID"/>
  <data name="InstanceId" inType="win:GUID" outType="xs:GUID"/>
  <data name="OriginalActivityId" inType="win:GUID" outType="xs:GUID"/>
  <data name="DiagnosticModuleImageName" inType="win:UnicodeString" outType="xs:string"/>
  <data name="DiagnosticModuleId" inType="win:GUID" outType="xs:GUID"/>
</template>
]]></Template>
            </Event>
            <Event>
                <Id>130</Id>
                <Version>0</Version>
                <Channel>Microsoft-Windows-Diagnosis-DPS/Operational</Channel>
                <Level>Information</Level>
                <Task>Scenario Lifecycle</Task>
                <Opcode>A diagnostic module completed resolution</Opcode>
                <Message><![CDATA[
Diagnostic module %5 (%4) finished resolving scenario %1, instance %2, original activity ID %3.]]></Message>
                <Template><![CDATA[
<template xmlns="http://schemas.microsoft.com/win/2004/08/events">
  <data name="ScenarioId" inType="win:GUID" outType="xs:GUID"/>
  <data name="InstanceId" inType="win:GUID" outType="xs:GUID"/>
  <data name="OriginalActivityId" inType="win:GUID" outType="xs:GUID"/>
  <data name="DiagnosticModuleImageName" inType="win:UnicodeString" outType="xs:string"/>
  <data name="DiagnosticModuleId" inType="win:GUID" outType="xs:GUID"/>
</template>
]]></Template>
            </Event>
            <Event>
                <Id>135</Id>
                <Version>0</Version>
                <Channel>Microsoft-Windows-Diagnosis-DPS/Operational</Channel>
                <Level>Error</Level>
                <Task>Scenario Lifecycle</Task>
                <Opcode>The Diagnostic Policy Service was not able to instantiate a diagnostic module host</Opcode>
                <Message><![CDATA[
The Diagnostic Policy Service could not create a diagnostic module host instance for diagnostic module %6 (%5).  The error code was %4.  The scenario %1, instance %2, original activity ID %3 will be discarded.]]></Message>
                <Template><![CDATA[
<template xmlns="http://schemas.microsoft.com/win/2004/08/events">
  <data name="ScenarioId" inType="win:GUID" outType="xs:GUID"/>
  <data name="InstanceId" inType="win:GUID" outType="xs:GUID"/>
  <data name="OriginalActivityId" inType="win:GUID" outType="xs:GUID"/>
  <data name="StatusCode" inType="win:UInt32" outType="xs:unsignedInt"/>
  <data name="DiagnosticModuleImageName" inType="win:UnicodeString" outType="xs:string"/>
  <data name="DiagnosticModuleId" inType="win:GUID" outType="xs:GUID"/>
</template>
]]></Template>
            </Event>
            <Event>
                <Id>140</Id>
                <Version>0</Version>
                <Channel>Microsoft-Windows-Diagnosis-DPS/Debug</Channel>
                <Level>Error</Level>
                <Task>Debug task</Task>
                <Opcode>Debug event</Opcode>
                <Message><![CDATA[
The Diagnostic Policy Service encountered an error in file %1, function %2, line %3: %4.]]></Message>
                <Template><![CDATA[
<template xmlns="http://schemas.microsoft.com/win/2004/08/events">
  <data name="FileName" inType="win:UnicodeString" outType="xs:string"/>
  <data name="FunctionName" inType="win:UnicodeString" outType="xs:string"/>
  <data name="LineNumber" inType="win:Int32" outType="xs:int"/>
  <data name="ErrorMessage" inType="win:UnicodeString" outType="xs:string"/>
</template>
]]></Template>
            </Event>
            <Event>
                <Id>145</Id>
                <Version>0</Version>
                <Channel>Microsoft-Windows-Diagnosis-DPS/Debug</Channel>
                <Level>Verbose</Level>
                <Task>Debug task</Task>
                <Opcode>This event is raised at the ServiceMain for the service</Opcode>
                <Message><![CDATA[
This event is raised when the SCM loads the service DLL]]></Message>
                <Template><![CDATA[
]]></Template>
            </Event>
            <Event>
                <Id>150</Id>
                <Version>0</Version>
                <Channel>Microsoft-Windows-Diagnosis-DPS/Debug</Channel>
                <Level>Verbose</Level>
                <Task>Debug task</Task>
                <Opcode>This event is raised when the DPS signals its status as RUNNING to the SCM</Opcode>
                <Message><![CDATA[
This event is raised when the service enters a SERVICE_RUNNING state]]></Message>
                <Template><![CDATA[
]]></Template>
            </Event>
            <Event>
                <Id>155</Id>
                <Version>0</Version>
                <Channel>Microsoft-Windows-Diagnosis-DPS/Debug</Channel>
                <Level>Verbose</Level>
                <Task>Debug task</Task>
                <Opcode>This event is raised when the service receives a shutdown/stop notification from the SCM</Opcode>
                <Message><![CDATA[
This event is raised when the SCM signals the service to shut down.]]></Message>
                <Template><![CDATA[
]]></Template>
            </Event>
            <Event>
                <Id>160</Id>
                <Version>0</Version>
                <Channel>Microsoft-Windows-Diagnosis-DPS/Debug</Channel>
                <Level>Verbose</Level>
                <Task>Debug task</Task>
                <Opcode>This event is raised when the service is successfully stopped</Opcode>
                <Message><![CDATA[
This event is raised when the service is successfully stopped]]></Message>
                <Template><![CDATA[
]]></Template>
            </Event>
            <Event>
                <Id>165</Id>
                <Version>0</Version>
                <Channel>Microsoft-Windows-Diagnosis-DPS/Operational</Channel>
                <Level>Warning</Level>
                <Task>Scenario Lifecycle</Task>
                <Opcode>This event is raised when a scenario fails</Opcode>
                <Message><![CDATA[
The Diagnostic Policy Service encountered an error while handling scenario %1 with diagnostic module %6 (%5), instance %2, original activity ID %3. The error code was %4.]]></Message>
                <Template><![CDATA[
<template xmlns="http://schemas.microsoft.com/win/2004/08/events">
  <data name="ScenarioId" inType="win:GUID" outType="xs:GUID"/>
  <data name="InstanceId" inType="win:GUID" outType="xs:GUID"/>
  <data name="OriginalActivityId" inType="win:GUID" outType="xs:GUID"/>
  <data name="StatusCode" inType="win:UInt32" outType="xs:unsignedInt"/>
  <data name="DiagnosticModuleImageName" inType="win:UnicodeString" outType="xs:string"/>
  <data name="DiagnosticModuleId" inType="win:GUID" outType="xs:GUID"/>
</template>
]]></Template>
            </Event>
            <Event>
                <Id>170</Id>
                <Version>0</Version>
                <Channel>Microsoft-Windows-Diagnosis-DPS/Operational</Channel>
                <Level>Warning</Level>
                <Task>Scenario Lifecycle</Task>
                <Opcode>This event is raised when a scenario fails</Opcode>
                <Message><![CDATA[
Diagnostic module %6 (%4) encountered an error while handling scenario %1, instance %2, original activity ID %3.  The error code was %5.]]></Message>
                <Template><![CDATA[
<template xmlns="http://schemas.microsoft.com/win/2004/08/events">
  <data name="ScenarioId" inType="win:GUID" outType="xs:GUID"/>
  <data name="InstanceId" inType="win:GUID" outType="xs:GUID"/>
  <data name="OriginalActivityId" inType="win:GUID" outType="xs:GUID"/>
  <data name="DiagnosticModuleImageName" inType="win:UnicodeString" outType="xs:string"/>
  <data name="StatusCode" inType="win:Int32" outType="xs:int"/>
  <data name="DiagnosticModuleId" inType="win:GUID" outType="xs:GUID"/>
</template>
]]></Template>
            </Event>
            <Event>
                <Id>175</Id>
                <Version>0</Version>
                <Channel>Microsoft-Windows-Diagnosis-DPS/Operational</Channel>
                <Level>Warning</Level>
                <Task>Scenario Lifecycle</Task>
                <Opcode>This event is raised when a scenario fails</Opcode>
                <Message><![CDATA[
Scenario %1, instance %2, original activity ID %3 was dropped by diagnostic module %6 (%4). The error code was %5.]]></Message>
                <Template><![CDATA[
<template xmlns="http://schemas.microsoft.com/win/2004/08/events">
  <data name="ScenarioId" inType="win:GUID" outType="xs:GUID"/>
  <data name="InstanceId" inType="win:GUID" outType="xs:GUID"/>
  <data name="OriginalActivityId" inType="win:GUID" outType="xs:GUID"/>
  <data name="DiagnosticModuleImageName" inType="win:UnicodeString" outType="xs:string"/>
  <data name="StatusCode" inType="win:Int32" outType="xs:int"/>
  <data name="DiagnosticModuleId" inType="win:GUID" outType="xs:GUID"/>
</template>
]]></Template>
            </Event>
            <Event>
                <Id>180</Id>
                <Version>0</Version>
                <Channel>Microsoft-Windows-Diagnosis-DPS/Analytic</Channel>
                <Level>Verbose</Level>
                <Task>Notification task</Task>
                <Opcode>This event is raised when DPS refreshes group policy</Opcode>
                <Message><![CDATA[
The Diagnostic Policy Service just refreshed the Group Policy. This event notifies the diagnostic modules about the Group Policy changes.]]></Message>
                <Template><![CDATA[
]]></Template>
            </Event>
            <Event>
                <Id>185</Id>
                <Version>0</Version>
                <Channel>Microsoft-Windows-Diagnosis-DPS/Operational</Channel>
                <Level>Warning</Level>
                <Task>Scenario Lifecycle</Task>
                <Opcode>A diagnostic module was moved to a broken state</Opcode>
                <Message><![CDATA[
Diagnostic module %2 (%1) was moved into a broken state. The error code was %3.]]></Message>
                <Template><![CDATA[
<template xmlns="http://schemas.microsoft.com/win/2004/08/events">
  <data name="DiagnosticModuleImageName" inType="win:UnicodeString" outType="xs:string"/>
  <data name="DiagnosticModuleId" inType="win:GUID" outType="xs:GUID"/>
  <data name="StatusCode" inType="win:Int32" outType="xs:int"/>
</template>
]]></Template>
            </Event>
            <Event>
                <Id>5016</Id>
                <Version>0</Version>
                <Keyword>Memory tracing events</Keyword>
                <Message><![CDATA[
The Diagnostic Policy Service just made a heap allocation]]></Message>
                <Template><![CDATA[
<template xmlns="http://schemas.microsoft.com/win/2004/08/events">
  <data name="FileName" inType="win:AnsiString" outType="xs:string"/>
  <data name="Line" inType="win:UInt32" outType="xs:unsignedInt"/>
  <data name="Address" inType="win:Pointer" outType="win:HexInt64"/>
  <data name="Size" inType="win:Pointer" outType="win:HexInt64"/>
</template>
]]></Template>
            </Event>
            <Event>
                <Id>5017</Id>
                <Version>0</Version>
                <Keyword>Memory tracing events</Keyword>
                <Message><![CDATA[
The Diagnostic Policy Service just freed a previously made heap allocation]]></Message>
                <Template><![CDATA[
<template xmlns="http://schemas.microsoft.com/win/2004/08/events">
  <data name="FileName" inType="win:AnsiString" outType="xs:string"/>
  <data name="Line" inType="win:UInt32" outType="xs:unsignedInt"/>
  <data name="Address" inType="win:Pointer" outType="win:HexInt64"/>
</template>
]]></Template>
            </Event>
        </EventMetadata>
    </Provider>
</Providers>
