<Providers>
    <Provider>
        <Name>Microsoft-Windows-Graphics-Capture-Server</Name>
        <Metadata>
            <Guid>{7D0CBD25-390E-524D-8C1E-2A8E846055C0}</Guid>
            <ResourceFilePath>%SystemRoot%\system32\CaptureService.dll</ResourceFilePath>
            <ParameterFilePath></ParameterFilePath>
            <MessageFilePath>%SystemRoot%\system32\CaptureService.dll</MessageFilePath>
            <HelpLink></HelpLink>
            <PublisherMessage></PublisherMessage>
            <Channels>
            </Channels>
            <Levels>
                <Level>
                    <Message>Information</Message>
                    <Name>win:Informational</Name>
                    <Value>4</Value>
                </Level>
            </Levels>
            <Tasks>
                <Task>
                    <Message></Message>
                    <Name>CAPTURE_STARTED</Name>
                    <Value>2</Value>
                </Task>
                <Task>
                    <Message></Message>
                    <Name>CAPTURE_STOPPED</Name>
                    <Value>3</Value>
                </Task>
            </Tasks>
            <Opcodes>
                <Opcode>
                    <Message>Info</Message>
                    <Name>win:Info</Name>
                    <Value>0</Value>
                    <Task>0</Task>
                </Opcode>
            </Opcodes>
            <Keywords>
                <Keyword>
                    <Message></Message>
                    <Name>CaptureServer</Name>
                    <Value>1</Value>
                </Keyword>
            </Keywords>
        </Metadata>
        <EventMetadata>
            <Event>
                <Id>1</Id>
                <Version>0</Version>
                <Level>Information</Level>
                <Task>CAPTURE_STARTED</Task>
                <Keyword>CaptureServer</Keyword>
                <Template><![CDATA[
<template xmlns="http://schemas.microsoft.com/win/2004/08/events">
  <data name="processId" inType="win:UInt32" outType="xs:unsignedInt"/>
</template>
]]></Template>
            </Event>
            <Event>
                <Id>2</Id>
                <Version>0</Version>
                <Level>Information</Level>
                <Task>CAPTURE_STOPPED</Task>
                <Keyword>CaptureServer</Keyword>
                <Template><![CDATA[
<template xmlns="http://schemas.microsoft.com/win/2004/08/events">
  <data name="processId" inType="win:UInt32" outType="xs:unsignedInt"/>
</template>
]]></Template>
            </Event>
        </EventMetadata>
    </Provider>
</Providers>
