<Providers>
    <Provider>
        <Name>Microsoft-Windows-Feedback-Service-TriggerProvider</Name>
        <Metadata>
            <Guid>{E46EEAD8-0C54-4489-9898-8FA79D059E0E}</Guid>
            <ResourceFilePath>%SystemRoot%\system32\wersvc.dll</ResourceFilePath>
            <ParameterFilePath></ParameterFilePath>
            <MessageFilePath>%SystemRoot%\system32\wersvc.dll</MessageFilePath>
            <HelpLink></HelpLink>
            <PublisherMessage>Microsoft-Windows-Feedback-Service-TriggerProvider</PublisherMessage>
            <Channels>
                <Channel>
                    <Message></Message>
                    <Path>Microsoft-Windows-Feedback-Service-TriggerProvider</Path>
                    <Index>0</Index>
                    <Id>16</Id>
                    <Imported>false</Imported>
                </Channel>
            </Channels>
            <Levels>
                <Level>
                    <Message>Information</Message>
                    <Name>win:Informational</Name>
                    <Value>4</Value>
                </Level>
            </Levels>
            <Tasks>
                <Task>
                    <Message></Message>
                    <Name>StartTrigger</Name>
                    <Value>1</Value>
                </Task>
            </Tasks>
            <Opcodes>
                <Opcode>
                    <Message>Info</Message>
                    <Name>win:Info</Name>
                    <Value>0</Value>
                    <Task>0</Task>
                </Opcode>
            </Opcodes>
            <Keywords>
                <Keyword>
                    <Message></Message>
                    <Name>WerSvc</Name>
                    <Value>1</Value>
                </Keyword>
            </Keywords>
        </Metadata>
        <EventMetadata>
            <Event>
                <Id>0</Id>
                <Version>0</Version>
                <Channel>Microsoft-Windows-Feedback-Service-TriggerProvider</Channel>
                <Level>Information</Level>
                <Task>StartTrigger</Task>
                <Keyword>WerSvc</Keyword>
                <Message><![CDATA[
Windows Error Reporting service has been triggered.]]></Message>
                <Template><![CDATA[
<template xmlns="http://schemas.microsoft.com/win/2004/08/events">
</template>
]]></Template>
            </Event>
        </EventMetadata>
    </Provider>
</Providers>
