<Providers>
    <Provider>
        <Name>Microsoft-Windows-COM-Perf</Name>
        <Metadata>
            <Guid>{B8D6861B-D20F-4EEC-BBAE-87E0DD80602B}</Guid>
            <ResourceFilePath>%SystemRoot%\system32\combase.dll</ResourceFilePath>
            <ParameterFilePath></ParameterFilePath>
            <MessageFilePath>%SystemRoot%\system32\combase.dll</MessageFilePath>
            <HelpLink></HelpLink>
            <PublisherMessage>Microsoft-Windows-WinRT-Perf</PublisherMessage>
            <Channels>
                <Channel>
                    <Message></Message>
                    <Path>Microsoft-Windows-Runtime/CreateInstance</Path>
                    <Index>0</Index>
                    <Id>16</Id>
                    <Imported>false</Imported>
                </Channel>
                <Channel>
                    <Message></Message>
                    <Path>Microsoft-Windows-COM/CreateInstance</Path>
                    <Index>1</Index>
                    <Id>17</Id>
                    <Imported>false</Imported>
                </Channel>
                <Channel>
                    <Message></Message>
                    <Path>Microsoft-Windows-COM/ExtensionCatalog</Path>
                    <Index>2</Index>
                    <Id>18</Id>
                    <Imported>false</Imported>
                </Channel>
                <Channel>
                    <Message></Message>
                    <Path>Microsoft-Windows-COM/Call</Path>
                    <Index>3</Index>
                    <Id>19</Id>
                    <Imported>false</Imported>
                </Channel>
                <Channel>
                    <Message></Message>
                    <Path>Microsoft-Windows-COM/FreeUnusedLibrary</Path>
                    <Index>4</Index>
                    <Id>20</Id>
                    <Imported>false</Imported>
                </Channel>
                <Channel>
                    <Message></Message>
                    <Path>Microsoft-Windows-COM/ApartmentUninitialize</Path>
                    <Index>5</Index>
                    <Id>21</Id>
                    <Imported>false</Imported>
                </Channel>
                <Channel>
                    <Message></Message>
                    <Path>Microsoft-Windows-COM/ApartmentInitialize</Path>
                    <Index>6</Index>
                    <Id>22</Id>
                    <Imported>false</Imported>
                </Channel>
            </Channels>
            <Levels>
                <Level>
                    <Message>Information</Message>
                    <Name>win:Informational</Name>
                    <Value>4</Value>
                </Level>
            </Levels>
            <Tasks>
                <Task>
                    <Message></Message>
                    <Name>Windows_Runtime_ActivateInstance_InProc</Name>
                    <Value>1</Value>
                </Task>
                <Task>
                    <Message></Message>
                    <Name>Windows_Runtime_ActivateInstance_OutOfProc</Name>
                    <Value>2</Value>
                </Task>
                <Task>
                    <Message></Message>
                    <Name>Windows_Runtime_GetActivationFactory_InProc</Name>
                    <Value>3</Value>
                </Task>
                <Task>
                    <Message></Message>
                    <Name>Windows_Runtime_GetActivationFactory_OutOfProc</Name>
                    <Value>4</Value>
                </Task>
                <Task>
                    <Message></Message>
                    <Name>COM_CreateInstance</Name>
                    <Value>5</Value>
                </Task>
                <Task>
                    <Message></Message>
                    <Name>COM_CreateInstance_App</Name>
                    <Value>6</Value>
                </Task>
                <Task>
                    <Message></Message>
                    <Name>COM_GetClassObject</Name>
                    <Value>7</Value>
                </Task>
                <Task>
                    <Message></Message>
                    <Name>ExtensionCatalog_QueryCatalog</Name>
                    <Value>8</Value>
                </Task>
                <Task>
                    <Message></Message>
                    <Name>ExtensionCatalog_QueryCatalogByPackageFamily</Name>
                    <Value>9</Value>
                </Task>
                <Task>
                    <Message></Message>
                    <Name>ExtensionCatalog_RoGetExtensionRegistration</Name>
                    <Value>10</Value>
                </Task>
                <Task>
                    <Message></Message>
                    <Name>ExtensionCatalog_RoGetExtensionRegistrationByExtensionId</Name>
                    <Value>11</Value>
                </Task>
                <Task>
                    <Message></Message>
                    <Name>ExtensionCatalog_CustomPropertyLookup</Name>
                    <Value>12</Value>
                </Task>
                <Task>
                    <Message></Message>
                    <Name>ExtensionCatalog_MoveNext</Name>
                    <Value>13</Value>
                </Task>
                <Task>
                    <Message></Message>
                    <Name>Windows_Runtime_BrokeredActivateInstance</Name>
                    <Value>14</Value>
                </Task>
                <Task>
                    <Message></Message>
                    <Name>Windows_Runtime_BrokeredGetActivationFactory</Name>
                    <Value>15</Value>
                </Task>
                <Task>
                    <Message></Message>
                    <Name>Windows_Runtime_GetActivationFactory_InprocServerImpl</Name>
                    <Value>16</Value>
                </Task>
                <Task>
                    <Message></Message>
                    <Name>Windows_Runtime_ActivateInstance_InprocServerImpl</Name>
                    <Value>17</Value>
                </Task>
                <Task>
                    <Message></Message>
                    <Name>COM_GetClassFactory_InprocServerImpl</Name>
                    <Value>18</Value>
                </Task>
                <Task>
                    <Message></Message>
                    <Name>COM_CreateInstance_InprocServerImpl</Name>
                    <Value>19</Value>
                </Task>
                <Task>
                    <Message></Message>
                    <Name>COM_ClientSyncCall</Name>
                    <Value>20</Value>
                </Task>
                <Task>
                    <Message></Message>
                    <Name>COM_ClientAsyncCall</Name>
                    <Value>21</Value>
                </Task>
                <Task>
                    <Message></Message>
                    <Name>COM_ServerSyncCall</Name>
                    <Value>22</Value>
                </Task>
                <Task>
                    <Message></Message>
                    <Name>COM_ServerAsyncCall</Name>
                    <Value>23</Value>
                </Task>
                <Task>
                    <Message></Message>
                    <Name>COM_FreeUnusedLibrary</Name>
                    <Value>24</Value>
                </Task>
                <Task>
                    <Message></Message>
                    <Name>COM_ApartmentUninitialize</Name>
                    <Value>25</Value>
                </Task>
                <Task>
                    <Message></Message>
                    <Name>COM_ApartmentInitialize</Name>
                    <Value>26</Value>
                </Task>
                <Task>
                    <Message></Message>
                    <Name>Windows_Runtime_DesktopBrokeredActivateInstance</Name>
                    <Value>27</Value>
                </Task>
                <Task>
                    <Message></Message>
                    <Name>Windows_Runtime_DesktopBrokeredGetActivationFactory</Name>
                    <Value>28</Value>
                </Task>
                <Task>
                    <Message></Message>
                    <Name>ExtensionCatalog_RoGetExtensionRegistrationForLaunchContracts</Name>
                    <Value>29</Value>
                </Task>
            </Tasks>
            <Opcodes>
                <Opcode>
                    <Message>Info</Message>
                    <Name>win:Info</Name>
                    <Value>0</Value>
                    <Task>0</Task>
                </Opcode>
                <Opcode>
                    <Message>Start</Message>
                    <Name>win:Start</Name>
                    <Value>1</Value>
                    <Task>0</Task>
                </Opcode>
                <Opcode>
                    <Message>Stop</Message>
                    <Name>win:Stop</Name>
                    <Value>2</Value>
                    <Task>0</Task>
                </Opcode>
            </Opcodes>
            <Keywords>
            </Keywords>
        </Metadata>
        <EventMetadata>
            <Event>
                <Id>1</Id>
                <Version>0</Version>
                <Channel>Microsoft-Windows-Runtime/CreateInstance</Channel>
                <Level>Information</Level>
                <Task>Windows_Runtime_ActivateInstance_InProc</Task>
                <Opcode>Start</Opcode>
                <Template><![CDATA[
]]></Template>
            </Event>
            <Event>
                <Id>2</Id>
                <Version>0</Version>
                <Channel>Microsoft-Windows-Runtime/CreateInstance</Channel>
                <Level>Information</Level>
                <Task>Windows_Runtime_ActivateInstance_InProc</Task>
                <Opcode>Stop</Opcode>
                <Template><![CDATA[
]]></Template>
            </Event>
            <Event>
                <Id>3</Id>
                <Version>0</Version>
                <Channel>Microsoft-Windows-Runtime/CreateInstance</Channel>
                <Level>Information</Level>
                <Task>Windows_Runtime_ActivateInstance_OutOfProc</Task>
                <Opcode>Start</Opcode>
                <Template><![CDATA[
]]></Template>
            </Event>
            <Event>
                <Id>4</Id>
                <Version>0</Version>
                <Channel>Microsoft-Windows-Runtime/CreateInstance</Channel>
                <Level>Information</Level>
                <Task>Windows_Runtime_ActivateInstance_OutOfProc</Task>
                <Opcode>Stop</Opcode>
                <Template><![CDATA[
]]></Template>
            </Event>
            <Event>
                <Id>5</Id>
                <Version>0</Version>
                <Channel>Microsoft-Windows-COM/CreateInstance</Channel>
                <Level>Information</Level>
                <Task>COM_CreateInstance</Task>
                <Opcode>Start</Opcode>
                <Template><![CDATA[
]]></Template>
            </Event>
            <Event>
                <Id>6</Id>
                <Version>0</Version>
                <Channel>Microsoft-Windows-COM/CreateInstance</Channel>
                <Level>Information</Level>
                <Task>COM_CreateInstance</Task>
                <Opcode>Stop</Opcode>
                <Template><![CDATA[
]]></Template>
            </Event>
            <Event>
                <Id>7</Id>
                <Version>0</Version>
                <Channel>Microsoft-Windows-Runtime/CreateInstance</Channel>
                <Level>Information</Level>
                <Task>Windows_Runtime_GetActivationFactory_InProc</Task>
                <Opcode>Start</Opcode>
                <Template><![CDATA[
]]></Template>
            </Event>
            <Event>
                <Id>8</Id>
                <Version>0</Version>
                <Channel>Microsoft-Windows-Runtime/CreateInstance</Channel>
                <Level>Information</Level>
                <Task>Windows_Runtime_GetActivationFactory_InProc</Task>
                <Opcode>Stop</Opcode>
                <Template><![CDATA[
]]></Template>
            </Event>
            <Event>
                <Id>9</Id>
                <Version>0</Version>
                <Channel>Microsoft-Windows-Runtime/CreateInstance</Channel>
                <Level>Information</Level>
                <Task>Windows_Runtime_GetActivationFactory_OutOfProc</Task>
                <Opcode>Start</Opcode>
                <Template><![CDATA[
]]></Template>
            </Event>
            <Event>
                <Id>10</Id>
                <Version>0</Version>
                <Channel>Microsoft-Windows-Runtime/CreateInstance</Channel>
                <Level>Information</Level>
                <Task>Windows_Runtime_GetActivationFactory_OutOfProc</Task>
                <Opcode>Stop</Opcode>
                <Template><![CDATA[
]]></Template>
            </Event>
            <Event>
                <Id>11</Id>
                <Version>0</Version>
                <Channel>Microsoft-Windows-COM/CreateInstance</Channel>
                <Level>Information</Level>
                <Task>COM_GetClassObject</Task>
                <Opcode>Start</Opcode>
                <Template><![CDATA[
]]></Template>
            </Event>
            <Event>
                <Id>12</Id>
                <Version>0</Version>
                <Channel>Microsoft-Windows-COM/CreateInstance</Channel>
                <Level>Information</Level>
                <Task>COM_GetClassObject</Task>
                <Opcode>Stop</Opcode>
                <Template><![CDATA[
]]></Template>
            </Event>
            <Event>
                <Id>13</Id>
                <Version>0</Version>
                <Channel>Microsoft-Windows-COM/ExtensionCatalog</Channel>
                <Level>Information</Level>
                <Task>ExtensionCatalog_RoGetExtensionRegistration</Task>
                <Opcode>Start</Opcode>
                <Template><![CDATA[
<template xmlns="http://schemas.microsoft.com/win/2004/08/events">
  <data name="ContractId" inType="win:UnicodeString" outType="xs:string"/>
  <data name="PackageId" inType="win:UnicodeString" outType="xs:string"/>
  <data name="ActivatableClassId" inType="win:UnicodeString" outType="xs:string"/>
</template>
]]></Template>
            </Event>
            <Event>
                <Id>14</Id>
                <Version>0</Version>
                <Channel>Microsoft-Windows-COM/ExtensionCatalog</Channel>
                <Level>Information</Level>
                <Task>ExtensionCatalog_RoGetExtensionRegistration</Task>
                <Opcode>Stop</Opcode>
                <Template><![CDATA[
<template xmlns="http://schemas.microsoft.com/win/2004/08/events">
  <data name="HRESULT" inType="win:Int32" outType="win:Hresult"/>
  <data name="ContractId" inType="win:UnicodeString" outType="xs:string"/>
  <data name="PackageId" inType="win:UnicodeString" outType="xs:string"/>
  <data name="ActivatableClassId" inType="win:UnicodeString" outType="xs:string"/>
  <data name="InboxAppsRegistrationScope" inType="win:Boolean" outType="xs:boolean"/>
</template>
]]></Template>
            </Event>
            <Event>
                <Id>15</Id>
                <Version>0</Version>
                <Channel>Microsoft-Windows-COM/ExtensionCatalog</Channel>
                <Level>Information</Level>
                <Task>ExtensionCatalog_RoGetExtensionRegistrationByExtensionId</Task>
                <Opcode>Start</Opcode>
                <Template><![CDATA[
<template xmlns="http://schemas.microsoft.com/win/2004/08/events">
  <data name="ContractId" inType="win:UnicodeString" outType="xs:string"/>
  <data name="ExtensionId" inType="win:UnicodeString" outType="xs:string"/>
</template>
]]></Template>
            </Event>
            <Event>
                <Id>16</Id>
                <Version>0</Version>
                <Channel>Microsoft-Windows-COM/ExtensionCatalog</Channel>
                <Level>Information</Level>
                <Task>ExtensionCatalog_RoGetExtensionRegistrationByExtensionId</Task>
                <Opcode>Stop</Opcode>
                <Template><![CDATA[
<template xmlns="http://schemas.microsoft.com/win/2004/08/events">
  <data name="HRESULT" inType="win:Int32" outType="win:Hresult"/>
  <data name="ContractId" inType="win:UnicodeString" outType="xs:string"/>
  <data name="ExtensionId" inType="win:UnicodeString" outType="xs:string"/>
  <data name="InboxAppsRegistrationScope" inType="win:Boolean" outType="xs:boolean"/>
</template>
]]></Template>
            </Event>
            <Event>
                <Id>17</Id>
                <Version>0</Version>
                <Channel>Microsoft-Windows-COM/ExtensionCatalog</Channel>
                <Level>Information</Level>
                <Task>ExtensionCatalog_QueryCatalog</Task>
                <Opcode>Start</Opcode>
                <Template><![CDATA[
<template xmlns="http://schemas.microsoft.com/win/2004/08/events">
  <data name="ContractId" inType="win:UnicodeString" outType="xs:string"/>
</template>
]]></Template>
            </Event>
            <Event>
                <Id>18</Id>
                <Version>0</Version>
                <Channel>Microsoft-Windows-COM/ExtensionCatalog</Channel>
                <Level>Information</Level>
                <Task>ExtensionCatalog_QueryCatalog</Task>
                <Opcode>Stop</Opcode>
                <Template><![CDATA[
<template xmlns="http://schemas.microsoft.com/win/2004/08/events">
  <data name="HRESULT" inType="win:Int32" outType="win:Hresult"/>
  <data name="ContractId" inType="win:UnicodeString" outType="xs:string"/>
</template>
]]></Template>
            </Event>
            <Event>
                <Id>19</Id>
                <Version>0</Version>
                <Channel>Microsoft-Windows-COM/ExtensionCatalog</Channel>
                <Level>Information</Level>
                <Task>ExtensionCatalog_QueryCatalogByPackageFamily</Task>
                <Opcode>Start</Opcode>
                <Template><![CDATA[
<template xmlns="http://schemas.microsoft.com/win/2004/08/events">
  <data name="ContractId" inType="win:UnicodeString" outType="xs:string"/>
  <data name="PackageFamilyName" inType="win:UnicodeString" outType="xs:string"/>
</template>
]]></Template>
            </Event>
            <Event>
                <Id>20</Id>
                <Version>0</Version>
                <Channel>Microsoft-Windows-COM/ExtensionCatalog</Channel>
                <Level>Information</Level>
                <Task>ExtensionCatalog_QueryCatalogByPackageFamily</Task>
                <Opcode>Stop</Opcode>
                <Template><![CDATA[
<template xmlns="http://schemas.microsoft.com/win/2004/08/events">
  <data name="HRESULT" inType="win:Int32" outType="win:Hresult"/>
  <data name="ContractId" inType="win:UnicodeString" outType="xs:string"/>
  <data name="PackageFamilyName" inType="win:UnicodeString" outType="xs:string"/>
</template>
]]></Template>
            </Event>
            <Event>
                <Id>21</Id>
                <Version>0</Version>
                <Channel>Microsoft-Windows-COM/ExtensionCatalog</Channel>
                <Level>Information</Level>
                <Task>ExtensionCatalog_CustomPropertyLookup</Task>
                <Opcode>Start</Opcode>
                <Template><![CDATA[
<template xmlns="http://schemas.microsoft.com/win/2004/08/events">
  <data name="CustomPropertyKey" inType="win:UnicodeString" outType="xs:string"/>
</template>
]]></Template>
            </Event>
            <Event>
                <Id>22</Id>
                <Version>0</Version>
                <Channel>Microsoft-Windows-COM/ExtensionCatalog</Channel>
                <Level>Information</Level>
                <Task>ExtensionCatalog_CustomPropertyLookup</Task>
                <Opcode>Stop</Opcode>
                <Template><![CDATA[
<template xmlns="http://schemas.microsoft.com/win/2004/08/events">
  <data name="HRESULT" inType="win:Int32" outType="win:Hresult"/>
  <data name="CustomPropertyKey" inType="win:UnicodeString" outType="xs:string"/>
</template>
]]></Template>
            </Event>
            <Event>
                <Id>23</Id>
                <Version>0</Version>
                <Channel>Microsoft-Windows-COM/ExtensionCatalog</Channel>
                <Level>Information</Level>
                <Task>ExtensionCatalog_MoveNext</Task>
                <Opcode>Start</Opcode>
                <Template><![CDATA[
<template xmlns="http://schemas.microsoft.com/win/2004/08/events">
  <data name="ContractId" inType="win:UnicodeString" outType="xs:string"/>
</template>
]]></Template>
            </Event>
            <Event>
                <Id>24</Id>
                <Version>0</Version>
                <Channel>Microsoft-Windows-COM/ExtensionCatalog</Channel>
                <Level>Information</Level>
                <Task>ExtensionCatalog_MoveNext</Task>
                <Opcode>Stop</Opcode>
                <Template><![CDATA[
<template xmlns="http://schemas.microsoft.com/win/2004/08/events">
  <data name="HRESULT" inType="win:Int32" outType="win:Hresult"/>
  <data name="ContractId" inType="win:UnicodeString" outType="xs:string"/>
  <data name="PackageId" inType="win:UnicodeString" outType="xs:string"/>
  <data name="ActivatableClassId" inType="win:UnicodeString" outType="xs:string"/>
  <data name="InboxAppsRegistrationScope" inType="win:Boolean" outType="xs:boolean"/>
</template>
]]></Template>
            </Event>
            <Event>
                <Id>25</Id>
                <Version>0</Version>
                <Channel>Microsoft-Windows-COM/CreateInstance</Channel>
                <Level>Information</Level>
                <Task>COM_CreateInstance_App</Task>
                <Opcode>Start</Opcode>
                <Template><![CDATA[
]]></Template>
            </Event>
            <Event>
                <Id>26</Id>
                <Version>0</Version>
                <Channel>Microsoft-Windows-COM/CreateInstance</Channel>
                <Level>Information</Level>
                <Task>COM_CreateInstance_App</Task>
                <Opcode>Stop</Opcode>
                <Template><![CDATA[
]]></Template>
            </Event>
            <Event>
                <Id>27</Id>
                <Version>0</Version>
                <Channel>Microsoft-Windows-Runtime/CreateInstance</Channel>
                <Level>Information</Level>
                <Task>Windows_Runtime_BrokeredActivateInstance</Task>
                <Opcode>Start</Opcode>
                <Template><![CDATA[
]]></Template>
            </Event>
            <Event>
                <Id>28</Id>
                <Version>0</Version>
                <Channel>Microsoft-Windows-Runtime/CreateInstance</Channel>
                <Level>Information</Level>
                <Task>Windows_Runtime_BrokeredActivateInstance</Task>
                <Opcode>Stop</Opcode>
                <Template><![CDATA[
]]></Template>
            </Event>
            <Event>
                <Id>29</Id>
                <Version>0</Version>
                <Channel>Microsoft-Windows-Runtime/CreateInstance</Channel>
                <Level>Information</Level>
                <Task>Windows_Runtime_BrokeredGetActivationFactory</Task>
                <Opcode>Start</Opcode>
                <Template><![CDATA[
]]></Template>
            </Event>
            <Event>
                <Id>30</Id>
                <Version>0</Version>
                <Channel>Microsoft-Windows-Runtime/CreateInstance</Channel>
                <Level>Information</Level>
                <Task>Windows_Runtime_BrokeredGetActivationFactory</Task>
                <Opcode>Stop</Opcode>
                <Template><![CDATA[
]]></Template>
            </Event>
            <Event>
                <Id>31</Id>
                <Version>0</Version>
                <Channel>Microsoft-Windows-Runtime/CreateInstance</Channel>
                <Level>Information</Level>
                <Task>Windows_Runtime_GetActivationFactory_InprocServerImpl</Task>
                <Opcode>Start</Opcode>
                <Template><![CDATA[
]]></Template>
            </Event>
            <Event>
                <Id>32</Id>
                <Version>0</Version>
                <Channel>Microsoft-Windows-Runtime/CreateInstance</Channel>
                <Level>Information</Level>
                <Task>Windows_Runtime_GetActivationFactory_InprocServerImpl</Task>
                <Opcode>Stop</Opcode>
                <Template><![CDATA[
]]></Template>
            </Event>
            <Event>
                <Id>33</Id>
                <Version>0</Version>
                <Channel>Microsoft-Windows-Runtime/CreateInstance</Channel>
                <Level>Information</Level>
                <Task>Windows_Runtime_ActivateInstance_InprocServerImpl</Task>
                <Opcode>Start</Opcode>
                <Template><![CDATA[
]]></Template>
            </Event>
            <Event>
                <Id>34</Id>
                <Version>0</Version>
                <Channel>Microsoft-Windows-Runtime/CreateInstance</Channel>
                <Level>Information</Level>
                <Task>Windows_Runtime_ActivateInstance_InprocServerImpl</Task>
                <Opcode>Stop</Opcode>
                <Template><![CDATA[
]]></Template>
            </Event>
            <Event>
                <Id>35</Id>
                <Version>0</Version>
                <Channel>Microsoft-Windows-COM/CreateInstance</Channel>
                <Level>Information</Level>
                <Task>COM_GetClassFactory_InprocServerImpl</Task>
                <Opcode>Start</Opcode>
                <Template><![CDATA[
]]></Template>
            </Event>
            <Event>
                <Id>36</Id>
                <Version>0</Version>
                <Channel>Microsoft-Windows-COM/CreateInstance</Channel>
                <Level>Information</Level>
                <Task>COM_GetClassFactory_InprocServerImpl</Task>
                <Opcode>Stop</Opcode>
                <Template><![CDATA[
]]></Template>
            </Event>
            <Event>
                <Id>37</Id>
                <Version>0</Version>
                <Channel>Microsoft-Windows-COM/CreateInstance</Channel>
                <Level>Information</Level>
                <Task>COM_CreateInstance_InprocServerImpl</Task>
                <Opcode>Start</Opcode>
                <Template><![CDATA[
]]></Template>
            </Event>
            <Event>
                <Id>38</Id>
                <Version>0</Version>
                <Channel>Microsoft-Windows-COM/CreateInstance</Channel>
                <Level>Information</Level>
                <Task>COM_CreateInstance_InprocServerImpl</Task>
                <Opcode>Stop</Opcode>
                <Template><![CDATA[
]]></Template>
            </Event>
            <Event>
                <Id>39</Id>
                <Version>1</Version>
                <Channel>Microsoft-Windows-COM/Call</Channel>
                <Level>Information</Level>
                <Task>COM_ClientSyncCall</Task>
                <Opcode>Start</Opcode>
                <Template><![CDATA[
<template xmlns="http://schemas.microsoft.com/win/2004/08/events">
  <data name="CallTraceId" inType="win:UInt32" outType="xs:unsignedInt"/>
  <data name="TargetProcessId" inType="win:UInt32" outType="win:PID"/>
  <data name="TargetThreadId" inType="win:UInt32" outType="win:TID"/>
  <data name="CausalityId" inType="win:GUID" outType="xs:GUID"/>
  <data name="TargetMethod" inType="win:UInt32" outType="xs:unsignedInt"/>
  <data name="TargetInterface" inType="win:GUID" outType="xs:GUID"/>
  <data name="ProxyInterfacePointer" inType="win:Pointer" outType="win:HexInt64"/>
  <data name="ProxyManagerIUnknown" inType="win:Pointer" outType="win:HexInt64"/>
  <data name="IPID" inType="win:GUID" outType="xs:GUID"/>
  <data name="OID" inType="win:UInt64" outType="xs:unsignedLong"/>
  <data name="CallerLogicalThreadId" inType="win:GUID" outType="xs:GUID"/>
  <data name="CallerReturnAddress" inType="win:Pointer" outType="win:HexInt64"/>
  <data name="WinrtAsyncPatternMethodIndicator" inType="win:UInt32" outType="xs:unsignedInt"/>
  <data name="FakeSync" inType="win:Boolean" outType="xs:boolean"/>
</template>
]]></Template>
            </Event>
            <Event>
                <Id>40</Id>
                <Version>0</Version>
                <Channel>Microsoft-Windows-COM/Call</Channel>
                <Level>Information</Level>
                <Task>COM_ClientSyncCall</Task>
                <Opcode>Stop</Opcode>
                <Template><![CDATA[
<template xmlns="http://schemas.microsoft.com/win/2004/08/events">
  <data name="CallTraceId" inType="win:UInt32" outType="xs:unsignedInt"/>
  <data name="HRESULT" inType="win:Int32" outType="win:Hresult"/>
  <data name="SourceOfHRESULT" inType="win:UInt32" outType="xs:unsignedInt"/>
</template>
]]></Template>
            </Event>
            <Event>
                <Id>41</Id>
                <Version>1</Version>
                <Channel>Microsoft-Windows-COM/Call</Channel>
                <Level>Information</Level>
                <Task>COM_ClientAsyncCall</Task>
                <Opcode>Start</Opcode>
                <Template><![CDATA[
<template xmlns="http://schemas.microsoft.com/win/2004/08/events">
  <data name="CallTraceId" inType="win:UInt32" outType="xs:unsignedInt"/>
  <data name="TargetProcessId" inType="win:UInt32" outType="win:PID"/>
  <data name="TargetThreadId" inType="win:UInt32" outType="win:TID"/>
  <data name="CausalityId" inType="win:GUID" outType="xs:GUID"/>
  <data name="TargetMethod" inType="win:UInt32" outType="xs:unsignedInt"/>
  <data name="TargetInterface" inType="win:GUID" outType="xs:GUID"/>
  <data name="TargetInterfaceAsyncUuid" inType="win:GUID" outType="xs:GUID"/>
  <data name="ProxyInterfacePointer" inType="win:Pointer" outType="win:HexInt64"/>
  <data name="ProxyManagerIUnknown" inType="win:Pointer" outType="win:HexInt64"/>
  <data name="IPID" inType="win:GUID" outType="xs:GUID"/>
  <data name="OID" inType="win:UInt64" outType="xs:unsignedLong"/>
  <data name="CallerLogicalThreadId" inType="win:GUID" outType="xs:GUID"/>
  <data name="CallerReturnAddress" inType="win:Pointer" outType="win:HexInt64"/>
</template>
]]></Template>
            </Event>
            <Event>
                <Id>42</Id>
                <Version>0</Version>
                <Channel>Microsoft-Windows-COM/Call</Channel>
                <Level>Information</Level>
                <Task>COM_ClientAsyncCall</Task>
                <Opcode>Stop</Opcode>
                <Template><![CDATA[
<template xmlns="http://schemas.microsoft.com/win/2004/08/events">
  <data name="CallTraceId" inType="win:UInt32" outType="xs:unsignedInt"/>
  <data name="HRESULT" inType="win:Int32" outType="win:Hresult"/>
  <data name="SourceOfHRESULT" inType="win:UInt32" outType="xs:unsignedInt"/>
</template>
]]></Template>
            </Event>
            <Event>
                <Id>43</Id>
                <Version>2</Version>
                <Channel>Microsoft-Windows-COM/Call</Channel>
                <Level>Information</Level>
                <Task>COM_ServerSyncCall</Task>
                <Opcode>Start</Opcode>
                <Template><![CDATA[
<template xmlns="http://schemas.microsoft.com/win/2004/08/events">
  <data name="CallTraceId" inType="win:UInt32" outType="xs:unsignedInt"/>
  <data name="SourceProcessId" inType="win:UInt32" outType="win:PID"/>
  <data name="SourceThreadId" inType="win:UInt32" outType="win:TID"/>
  <data name="CausalityId" inType="win:GUID" outType="xs:GUID"/>
  <data name="TargetMethod" inType="win:UInt32" outType="xs:unsignedInt"/>
  <data name="TargetInterface" inType="win:GUID" outType="xs:GUID"/>
  <data name="InterfacePointer" inType="win:Pointer" outType="win:HexInt64"/>
  <data name="MethodAddress" inType="win:Pointer" outType="win:HexInt64"/>
  <data name="ServerIUnknown" inType="win:Pointer" outType="win:HexInt64"/>
  <data name="IPID" inType="win:GUID" outType="xs:GUID"/>
  <data name="OID" inType="win:UInt64" outType="xs:unsignedLong"/>
  <data name="WinrtAsyncPatternMethodIndicator" inType="win:UInt32" outType="xs:unsignedInt"/>
</template>
]]></Template>
            </Event>
            <Event>
                <Id>44</Id>
                <Version>0</Version>
                <Channel>Microsoft-Windows-COM/Call</Channel>
                <Level>Information</Level>
                <Task>COM_ServerSyncCall</Task>
                <Opcode>Stop</Opcode>
                <Template><![CDATA[
<template xmlns="http://schemas.microsoft.com/win/2004/08/events">
  <data name="CallTraceId" inType="win:UInt32" outType="xs:unsignedInt"/>
  <data name="HRESULT" inType="win:Int32" outType="win:Hresult"/>
  <data name="ServerException" inType="win:UInt32" outType="xs:unsignedInt"/>
</template>
]]></Template>
            </Event>
            <Event>
                <Id>45</Id>
                <Version>1</Version>
                <Channel>Microsoft-Windows-COM/Call</Channel>
                <Level>Information</Level>
                <Task>COM_ServerAsyncCall</Task>
                <Opcode>Start</Opcode>
                <Template><![CDATA[
<template xmlns="http://schemas.microsoft.com/win/2004/08/events">
  <data name="CallTraceId" inType="win:UInt32" outType="xs:unsignedInt"/>
  <data name="SourceProcessId" inType="win:UInt32" outType="win:PID"/>
  <data name="SourceThreadId" inType="win:UInt32" outType="win:TID"/>
  <data name="CausalityId" inType="win:GUID" outType="xs:GUID"/>
  <data name="TargetMethod" inType="win:UInt32" outType="xs:unsignedInt"/>
  <data name="TargetInterface" inType="win:GUID" outType="xs:GUID"/>
  <data name="TargetInterfaceAsyncUuid" inType="win:GUID" outType="xs:GUID"/>
  <data name="InterfacePointer" inType="win:Pointer" outType="win:HexInt64"/>
  <data name="MethodAddress" inType="win:Pointer" outType="win:HexInt64"/>
  <data name="ServerIUnknown" inType="win:Pointer" outType="win:HexInt64"/>
  <data name="IPID" inType="win:GUID" outType="xs:GUID"/>
  <data name="OID" inType="win:UInt64" outType="xs:unsignedLong"/>
</template>
]]></Template>
            </Event>
            <Event>
                <Id>46</Id>
                <Version>0</Version>
                <Channel>Microsoft-Windows-COM/Call</Channel>
                <Level>Information</Level>
                <Task>COM_ServerAsyncCall</Task>
                <Opcode>Stop</Opcode>
                <Template><![CDATA[
<template xmlns="http://schemas.microsoft.com/win/2004/08/events">
  <data name="CallTraceId" inType="win:UInt32" outType="xs:unsignedInt"/>
  <data name="HRESULT" inType="win:Int32" outType="win:Hresult"/>
  <data name="ServerException" inType="win:UInt32" outType="xs:unsignedInt"/>
</template>
]]></Template>
            </Event>
            <Event>
                <Id>47</Id>
                <Version>0</Version>
                <Channel>Microsoft-Windows-COM/FreeUnusedLibrary</Channel>
                <Level>Information</Level>
                <Task>COM_FreeUnusedLibrary</Task>
                <Template><![CDATA[
<template xmlns="http://schemas.microsoft.com/win/2004/08/events">
  <data name="ApartmentId64" inType="win:UInt64" outType="xs:unsignedLong"/>
  <data name="AptId" inType="win:UInt32" outType="xs:unsignedInt"/>
  <data name="AptKind" inType="win:UInt8" outType="xs:unsignedByte"/>
  <data name="UnloadDelay" inType="win:UInt32" outType="xs:unsignedInt"/>
</template>
]]></Template>
            </Event>
            <Event>
                <Id>48</Id>
                <Version>0</Version>
                <Channel>Microsoft-Windows-COM/ApartmentUninitialize</Channel>
                <Level>Information</Level>
                <Task>COM_ApartmentUninitialize</Task>
                <Template><![CDATA[
<template xmlns="http://schemas.microsoft.com/win/2004/08/events">
  <data name="ApartmentId64" inType="win:UInt64" outType="xs:unsignedLong"/>
  <data name="AptId" inType="win:UInt32" outType="xs:unsignedInt"/>
  <data name="AptKind" inType="win:UInt8" outType="xs:unsignedByte"/>
</template>
]]></Template>
            </Event>
            <Event>
                <Id>49</Id>
                <Version>0</Version>
                <Channel>Microsoft-Windows-COM/ApartmentInitialize</Channel>
                <Level>Information</Level>
                <Task>COM_ApartmentInitialize</Task>
                <Template><![CDATA[
<template xmlns="http://schemas.microsoft.com/win/2004/08/events">
  <data name="ApartmentId64" inType="win:UInt64" outType="xs:unsignedLong"/>
  <data name="AptId" inType="win:UInt32" outType="xs:unsignedInt"/>
  <data name="AptKind" inType="win:UInt8" outType="xs:unsignedByte"/>
</template>
]]></Template>
            </Event>
            <Event>
                <Id>50</Id>
                <Version>0</Version>
                <Channel>Microsoft-Windows-Runtime/CreateInstance</Channel>
                <Level>Information</Level>
                <Task>Windows_Runtime_DesktopBrokeredActivateInstance</Task>
                <Opcode>Start</Opcode>
                <Template><![CDATA[
]]></Template>
            </Event>
            <Event>
                <Id>51</Id>
                <Version>0</Version>
                <Channel>Microsoft-Windows-Runtime/CreateInstance</Channel>
                <Level>Information</Level>
                <Task>Windows_Runtime_DesktopBrokeredActivateInstance</Task>
                <Opcode>Stop</Opcode>
                <Template><![CDATA[
]]></Template>
            </Event>
            <Event>
                <Id>52</Id>
                <Version>0</Version>
                <Channel>Microsoft-Windows-Runtime/CreateInstance</Channel>
                <Level>Information</Level>
                <Task>Windows_Runtime_DesktopBrokeredGetActivationFactory</Task>
                <Opcode>Start</Opcode>
                <Template><![CDATA[
]]></Template>
            </Event>
            <Event>
                <Id>53</Id>
                <Version>0</Version>
                <Channel>Microsoft-Windows-Runtime/CreateInstance</Channel>
                <Level>Information</Level>
                <Task>Windows_Runtime_DesktopBrokeredGetActivationFactory</Task>
                <Opcode>Stop</Opcode>
                <Template><![CDATA[
]]></Template>
            </Event>
            <Event>
                <Id>54</Id>
                <Version>0</Version>
                <Channel>Microsoft-Windows-COM/ExtensionCatalog</Channel>
                <Level>Information</Level>
                <Task>ExtensionCatalog_RoGetExtensionRegistrationForLaunchContracts</Task>
                <Opcode>Start</Opcode>
                <Template><![CDATA[
<template xmlns="http://schemas.microsoft.com/win/2004/08/events">
  <data name="ContractId" inType="win:UnicodeString" outType="xs:string"/>
  <data name="PackageId" inType="win:UnicodeString" outType="xs:string"/>
</template>
]]></Template>
            </Event>
            <Event>
                <Id>55</Id>
                <Version>0</Version>
                <Channel>Microsoft-Windows-COM/ExtensionCatalog</Channel>
                <Level>Information</Level>
                <Task>ExtensionCatalog_RoGetExtensionRegistrationForLaunchContracts</Task>
                <Opcode>Stop</Opcode>
                <Template><![CDATA[
<template xmlns="http://schemas.microsoft.com/win/2004/08/events">
  <data name="HRESULT" inType="win:Int32" outType="win:Hresult"/>
  <data name="ContractId" inType="win:UnicodeString" outType="xs:string"/>
  <data name="PackageId" inType="win:UnicodeString" outType="xs:string"/>
  <data name="ActivatableClassId" inType="win:UnicodeString" outType="xs:string"/>
  <data name="InboxAppsRegistrationScope" inType="win:Boolean" outType="xs:boolean"/>
</template>
]]></Template>
            </Event>
        </EventMetadata>
    </Provider>
</Providers>
