<Providers>
    <Provider>
        <Name>Microsoft-Windows-Hyper-V-Config</Name>
        <Metadata>
            <Guid>{02F3A5E3-E742-4720-85A5-F64C4184E511}</Guid>
            <ResourceFilePath>%systemroot%\system32\VmDataStore.dll</ResourceFilePath>
            <ParameterFilePath>%systemroot%\system32\ntdll.dll</ParameterFilePath>
            <MessageFilePath>%systemroot%\system32\VmDataStore.dll</MessageFilePath>
            <HelpLink></HelpLink>
            <PublisherMessage>Microsoft-Windows-Hyper-V-Config</PublisherMessage>
            <Channels>
                <Channel>
                    <Message></Message>
                    <Path>Microsoft-Windows-Hyper-V-Config-Admin</Path>
                    <Index>0</Index>
                    <Id>16</Id>
                    <Imported>false</Imported>
                </Channel>
                <Channel>
                    <Message></Message>
                    <Path>Microsoft-Windows-Hyper-V-Config-Operational</Path>
                    <Index>1</Index>
                    <Id>17</Id>
                    <Imported>false</Imported>
                </Channel>
                <Channel>
                    <Message></Message>
                    <Path>Microsoft-Windows-Hyper-V-Config-Analytic</Path>
                    <Index>2</Index>
                    <Id>18</Id>
                    <Imported>false</Imported>
                </Channel>
            </Channels>
            <Levels>
                <Level>
                    <Message>Critical</Message>
                    <Name>win:Critical</Name>
                    <Value>1</Value>
                </Level>
                <Level>
                    <Message>Error</Message>
                    <Name>win:Error</Name>
                    <Value>2</Value>
                </Level>
                <Level>
                    <Message>Warning</Message>
                    <Name>win:Warning</Name>
                    <Value>3</Value>
                </Level>
                <Level>
                    <Message>Information</Message>
                    <Name>win:Informational</Name>
                    <Value>4</Value>
                </Level>
            </Levels>
            <Tasks>
            </Tasks>
            <Opcodes>
            </Opcodes>
            <Keywords>
            </Keywords>
        </Metadata>
        <EventMetadata>
            <Event>
                <Id>256</Id>
                <Version>0</Version>
                <Channel>Microsoft-Windows-Hyper-V-Config-Analytic</Channel>
                <Level>Information</Level>
                <Message><![CDATA[
[VMID %3] %1]]></Message>
                <Template><![CDATA[
<template xmlns="http://schemas.microsoft.com/win/2004/08/events">
  <data name="TraceData" inType="win:UnicodeString" outType="xs:string"/>
  <data name="VmName" inType="win:UnicodeString" outType="xs:string"/>
  <data name="VmId" inType="win:UnicodeString" outType="xs:string"/>
  <data name="StackFrameCount" inType="win:UInt32" outType="xs:unsignedInt"/>
  <data name="StackFrame" inType="win:Pointer" outType="win:HexInt64" count="StackFrameCount"/>
  <data name="ModuleCount" inType="win:UInt32" outType="xs:unsignedInt"/>
  <struct name="Module" count="ModuleCount">
    <data name="Name" inType="win:UnicodeString" outType="xs:string"/>
    <data name="BaseAddress" inType="win:Pointer" outType="win:HexInt64"/>
    <data name="SizeOfImage" inType="win:UInt32" outType="xs:unsignedInt"/>
    <data name="TimeDateStamp" inType="win:UInt32" outType="xs:unsignedInt"/>
  </struct>
</template>
]]></Template>
            </Event>
            <Event>
                <Id>257</Id>
                <Version>0</Version>
                <Channel>Microsoft-Windows-Hyper-V-Config-Analytic</Channel>
                <Level>Warning</Level>
                <Message><![CDATA[
[VMID %3] %1]]></Message>
                <Template><![CDATA[
<template xmlns="http://schemas.microsoft.com/win/2004/08/events">
  <data name="TraceData" inType="win:UnicodeString" outType="xs:string"/>
  <data name="VmName" inType="win:UnicodeString" outType="xs:string"/>
  <data name="VmId" inType="win:UnicodeString" outType="xs:string"/>
  <data name="StackFrameCount" inType="win:UInt32" outType="xs:unsignedInt"/>
  <data name="StackFrame" inType="win:Pointer" outType="win:HexInt64" count="StackFrameCount"/>
  <data name="ModuleCount" inType="win:UInt32" outType="xs:unsignedInt"/>
  <struct name="Module" count="ModuleCount">
    <data name="Name" inType="win:UnicodeString" outType="xs:string"/>
    <data name="BaseAddress" inType="win:Pointer" outType="win:HexInt64"/>
    <data name="SizeOfImage" inType="win:UInt32" outType="xs:unsignedInt"/>
    <data name="TimeDateStamp" inType="win:UInt32" outType="xs:unsignedInt"/>
  </struct>
</template>
]]></Template>
            </Event>
            <Event>
                <Id>258</Id>
                <Version>0</Version>
                <Channel>Microsoft-Windows-Hyper-V-Config-Analytic</Channel>
                <Level>Error</Level>
                <Message><![CDATA[
[VMID %3] %1]]></Message>
                <Template><![CDATA[
<template xmlns="http://schemas.microsoft.com/win/2004/08/events">
  <data name="TraceData" inType="win:UnicodeString" outType="xs:string"/>
  <data name="VmName" inType="win:UnicodeString" outType="xs:string"/>
  <data name="VmId" inType="win:UnicodeString" outType="xs:string"/>
  <data name="StackFrameCount" inType="win:UInt32" outType="xs:unsignedInt"/>
  <data name="StackFrame" inType="win:Pointer" outType="win:HexInt64" count="StackFrameCount"/>
  <data name="ModuleCount" inType="win:UInt32" outType="xs:unsignedInt"/>
  <struct name="Module" count="ModuleCount">
    <data name="Name" inType="win:UnicodeString" outType="xs:string"/>
    <data name="BaseAddress" inType="win:Pointer" outType="win:HexInt64"/>
    <data name="SizeOfImage" inType="win:UInt32" outType="xs:unsignedInt"/>
    <data name="TimeDateStamp" inType="win:UInt32" outType="xs:unsignedInt"/>
  </struct>
</template>
]]></Template>
            </Event>
            <Event>
                <Id>259</Id>
                <Version>0</Version>
                <Channel>Microsoft-Windows-Hyper-V-Config-Analytic</Channel>
                <Level>Critical</Level>
                <Message><![CDATA[
[VMID %3] %1]]></Message>
                <Template><![CDATA[
<template xmlns="http://schemas.microsoft.com/win/2004/08/events">
  <data name="TraceData" inType="win:UnicodeString" outType="xs:string"/>
  <data name="VmName" inType="win:UnicodeString" outType="xs:string"/>
  <data name="VmId" inType="win:UnicodeString" outType="xs:string"/>
  <data name="StackFrameCount" inType="win:UInt32" outType="xs:unsignedInt"/>
  <data name="StackFrame" inType="win:Pointer" outType="win:HexInt64" count="StackFrameCount"/>
  <data name="ModuleCount" inType="win:UInt32" outType="xs:unsignedInt"/>
  <struct name="Module" count="ModuleCount">
    <data name="Name" inType="win:UnicodeString" outType="xs:string"/>
    <data name="BaseAddress" inType="win:Pointer" outType="win:HexInt64"/>
    <data name="SizeOfImage" inType="win:UInt32" outType="xs:unsignedInt"/>
    <data name="TimeDateStamp" inType="win:UInt32" outType="xs:unsignedInt"/>
  </struct>
</template>
]]></Template>
            </Event>
            <Event>
                <Id>512</Id>
                <Version>0</Version>
                <Channel>Microsoft-Windows-Hyper-V-Config-Analytic</Channel>
                <Level>Information</Level>
                <Message><![CDATA[
[VMID %3] %1]]></Message>
                <Template><![CDATA[
<template xmlns="http://schemas.microsoft.com/win/2004/08/events">
  <data name="TraceData" inType="win:UnicodeString" outType="xs:string"/>
  <data name="VmName" inType="win:UnicodeString" outType="xs:string"/>
  <data name="VmId" inType="win:UnicodeString" outType="xs:string"/>
  <data name="StackFrameCount" inType="win:UInt32" outType="xs:unsignedInt"/>
  <data name="StackFrame" inType="win:Pointer" outType="win:HexInt64" count="StackFrameCount"/>
  <data name="ModuleCount" inType="win:UInt32" outType="xs:unsignedInt"/>
  <struct name="Module" count="ModuleCount">
    <data name="Name" inType="win:UnicodeString" outType="xs:string"/>
    <data name="BaseAddress" inType="win:Pointer" outType="win:HexInt64"/>
    <data name="SizeOfImage" inType="win:UInt32" outType="xs:unsignedInt"/>
    <data name="TimeDateStamp" inType="win:UInt32" outType="xs:unsignedInt"/>
  </struct>
</template>
]]></Template>
            </Event>
            <Event>
                <Id>513</Id>
                <Version>0</Version>
                <Channel>Microsoft-Windows-Hyper-V-Config-Analytic</Channel>
                <Level>Warning</Level>
                <Message><![CDATA[
[VMID %3] %1]]></Message>
                <Template><![CDATA[
<template xmlns="http://schemas.microsoft.com/win/2004/08/events">
  <data name="TraceData" inType="win:UnicodeString" outType="xs:string"/>
  <data name="VmName" inType="win:UnicodeString" outType="xs:string"/>
  <data name="VmId" inType="win:UnicodeString" outType="xs:string"/>
  <data name="StackFrameCount" inType="win:UInt32" outType="xs:unsignedInt"/>
  <data name="StackFrame" inType="win:Pointer" outType="win:HexInt64" count="StackFrameCount"/>
  <data name="ModuleCount" inType="win:UInt32" outType="xs:unsignedInt"/>
  <struct name="Module" count="ModuleCount">
    <data name="Name" inType="win:UnicodeString" outType="xs:string"/>
    <data name="BaseAddress" inType="win:Pointer" outType="win:HexInt64"/>
    <data name="SizeOfImage" inType="win:UInt32" outType="xs:unsignedInt"/>
    <data name="TimeDateStamp" inType="win:UInt32" outType="xs:unsignedInt"/>
  </struct>
</template>
]]></Template>
            </Event>
            <Event>
                <Id>514</Id>
                <Version>0</Version>
                <Channel>Microsoft-Windows-Hyper-V-Config-Analytic</Channel>
                <Level>Error</Level>
                <Message><![CDATA[
[VMID %3] %1]]></Message>
                <Template><![CDATA[
<template xmlns="http://schemas.microsoft.com/win/2004/08/events">
  <data name="TraceData" inType="win:UnicodeString" outType="xs:string"/>
  <data name="VmName" inType="win:UnicodeString" outType="xs:string"/>
  <data name="VmId" inType="win:UnicodeString" outType="xs:string"/>
  <data name="StackFrameCount" inType="win:UInt32" outType="xs:unsignedInt"/>
  <data name="StackFrame" inType="win:Pointer" outType="win:HexInt64" count="StackFrameCount"/>
  <data name="ModuleCount" inType="win:UInt32" outType="xs:unsignedInt"/>
  <struct name="Module" count="ModuleCount">
    <data name="Name" inType="win:UnicodeString" outType="xs:string"/>
    <data name="BaseAddress" inType="win:Pointer" outType="win:HexInt64"/>
    <data name="SizeOfImage" inType="win:UInt32" outType="xs:unsignedInt"/>
    <data name="TimeDateStamp" inType="win:UInt32" outType="xs:unsignedInt"/>
  </struct>
</template>
]]></Template>
            </Event>
            <Event>
                <Id>515</Id>
                <Version>0</Version>
                <Channel>Microsoft-Windows-Hyper-V-Config-Analytic</Channel>
                <Level>Critical</Level>
                <Message><![CDATA[
[VMID %3] %1]]></Message>
                <Template><![CDATA[
<template xmlns="http://schemas.microsoft.com/win/2004/08/events">
  <data name="TraceData" inType="win:UnicodeString" outType="xs:string"/>
  <data name="VmName" inType="win:UnicodeString" outType="xs:string"/>
  <data name="VmId" inType="win:UnicodeString" outType="xs:string"/>
  <data name="StackFrameCount" inType="win:UInt32" outType="xs:unsignedInt"/>
  <data name="StackFrame" inType="win:Pointer" outType="win:HexInt64" count="StackFrameCount"/>
  <data name="ModuleCount" inType="win:UInt32" outType="xs:unsignedInt"/>
  <struct name="Module" count="ModuleCount">
    <data name="Name" inType="win:UnicodeString" outType="xs:string"/>
    <data name="BaseAddress" inType="win:Pointer" outType="win:HexInt64"/>
    <data name="SizeOfImage" inType="win:UInt32" outType="xs:unsignedInt"/>
    <data name="TimeDateStamp" inType="win:UInt32" outType="xs:unsignedInt"/>
  </struct>
</template>
]]></Template>
            </Event>
            <Event>
                <Id>768</Id>
                <Version>0</Version>
                <Channel>Microsoft-Windows-Hyper-V-Config-Analytic</Channel>
                <Level>Information</Level>
                <Message><![CDATA[
[VMID %3] %1]]></Message>
                <Template><![CDATA[
<template xmlns="http://schemas.microsoft.com/win/2004/08/events">
  <data name="TraceData" inType="win:UnicodeString" outType="xs:string"/>
  <data name="VmName" inType="win:UnicodeString" outType="xs:string"/>
  <data name="VmId" inType="win:UnicodeString" outType="xs:string"/>
  <data name="StackFrameCount" inType="win:UInt32" outType="xs:unsignedInt"/>
  <data name="StackFrame" inType="win:Pointer" outType="win:HexInt64" count="StackFrameCount"/>
  <data name="ModuleCount" inType="win:UInt32" outType="xs:unsignedInt"/>
  <struct name="Module" count="ModuleCount">
    <data name="Name" inType="win:UnicodeString" outType="xs:string"/>
    <data name="BaseAddress" inType="win:Pointer" outType="win:HexInt64"/>
    <data name="SizeOfImage" inType="win:UInt32" outType="xs:unsignedInt"/>
    <data name="TimeDateStamp" inType="win:UInt32" outType="xs:unsignedInt"/>
  </struct>
</template>
]]></Template>
            </Event>
            <Event>
                <Id>769</Id>
                <Version>0</Version>
                <Channel>Microsoft-Windows-Hyper-V-Config-Analytic</Channel>
                <Level>Warning</Level>
                <Message><![CDATA[
[VMID %3] %1]]></Message>
                <Template><![CDATA[
<template xmlns="http://schemas.microsoft.com/win/2004/08/events">
  <data name="TraceData" inType="win:UnicodeString" outType="xs:string"/>
  <data name="VmName" inType="win:UnicodeString" outType="xs:string"/>
  <data name="VmId" inType="win:UnicodeString" outType="xs:string"/>
  <data name="StackFrameCount" inType="win:UInt32" outType="xs:unsignedInt"/>
  <data name="StackFrame" inType="win:Pointer" outType="win:HexInt64" count="StackFrameCount"/>
  <data name="ModuleCount" inType="win:UInt32" outType="xs:unsignedInt"/>
  <struct name="Module" count="ModuleCount">
    <data name="Name" inType="win:UnicodeString" outType="xs:string"/>
    <data name="BaseAddress" inType="win:Pointer" outType="win:HexInt64"/>
    <data name="SizeOfImage" inType="win:UInt32" outType="xs:unsignedInt"/>
    <data name="TimeDateStamp" inType="win:UInt32" outType="xs:unsignedInt"/>
  </struct>
</template>
]]></Template>
            </Event>
            <Event>
                <Id>770</Id>
                <Version>0</Version>
                <Channel>Microsoft-Windows-Hyper-V-Config-Analytic</Channel>
                <Level>Error</Level>
                <Message><![CDATA[
[VMID %3] %1]]></Message>
                <Template><![CDATA[
<template xmlns="http://schemas.microsoft.com/win/2004/08/events">
  <data name="TraceData" inType="win:UnicodeString" outType="xs:string"/>
  <data name="VmName" inType="win:UnicodeString" outType="xs:string"/>
  <data name="VmId" inType="win:UnicodeString" outType="xs:string"/>
  <data name="StackFrameCount" inType="win:UInt32" outType="xs:unsignedInt"/>
  <data name="StackFrame" inType="win:Pointer" outType="win:HexInt64" count="StackFrameCount"/>
  <data name="ModuleCount" inType="win:UInt32" outType="xs:unsignedInt"/>
  <struct name="Module" count="ModuleCount">
    <data name="Name" inType="win:UnicodeString" outType="xs:string"/>
    <data name="BaseAddress" inType="win:Pointer" outType="win:HexInt64"/>
    <data name="SizeOfImage" inType="win:UInt32" outType="xs:unsignedInt"/>
    <data name="TimeDateStamp" inType="win:UInt32" outType="xs:unsignedInt"/>
  </struct>
</template>
]]></Template>
            </Event>
            <Event>
                <Id>771</Id>
                <Version>0</Version>
                <Channel>Microsoft-Windows-Hyper-V-Config-Analytic</Channel>
                <Level>Critical</Level>
                <Message><![CDATA[
[VMID %3] %1]]></Message>
                <Template><![CDATA[
<template xmlns="http://schemas.microsoft.com/win/2004/08/events">
  <data name="TraceData" inType="win:UnicodeString" outType="xs:string"/>
  <data name="VmName" inType="win:UnicodeString" outType="xs:string"/>
  <data name="VmId" inType="win:UnicodeString" outType="xs:string"/>
  <data name="StackFrameCount" inType="win:UInt32" outType="xs:unsignedInt"/>
  <data name="StackFrame" inType="win:Pointer" outType="win:HexInt64" count="StackFrameCount"/>
  <data name="ModuleCount" inType="win:UInt32" outType="xs:unsignedInt"/>
  <struct name="Module" count="ModuleCount">
    <data name="Name" inType="win:UnicodeString" outType="xs:string"/>
    <data name="BaseAddress" inType="win:Pointer" outType="win:HexInt64"/>
    <data name="SizeOfImage" inType="win:UInt32" outType="xs:unsignedInt"/>
    <data name="TimeDateStamp" inType="win:UInt32" outType="xs:unsignedInt"/>
  </struct>
</template>
]]></Template>
            </Event>
            <Event>
                <Id>1024</Id>
                <Version>0</Version>
                <Channel>Microsoft-Windows-Hyper-V-Config-Analytic</Channel>
                <Level>Information</Level>
                <Message><![CDATA[
[VMID %3] %1]]></Message>
                <Template><![CDATA[
<template xmlns="http://schemas.microsoft.com/win/2004/08/events">
  <data name="TraceData" inType="win:UnicodeString" outType="xs:string"/>
  <data name="VmName" inType="win:UnicodeString" outType="xs:string"/>
  <data name="VmId" inType="win:UnicodeString" outType="xs:string"/>
  <data name="StackFrameCount" inType="win:UInt32" outType="xs:unsignedInt"/>
  <data name="StackFrame" inType="win:Pointer" outType="win:HexInt64" count="StackFrameCount"/>
  <data name="ModuleCount" inType="win:UInt32" outType="xs:unsignedInt"/>
  <struct name="Module" count="ModuleCount">
    <data name="Name" inType="win:UnicodeString" outType="xs:string"/>
    <data name="BaseAddress" inType="win:Pointer" outType="win:HexInt64"/>
    <data name="SizeOfImage" inType="win:UInt32" outType="xs:unsignedInt"/>
    <data name="TimeDateStamp" inType="win:UInt32" outType="xs:unsignedInt"/>
  </struct>
</template>
]]></Template>
            </Event>
            <Event>
                <Id>1025</Id>
                <Version>0</Version>
                <Channel>Microsoft-Windows-Hyper-V-Config-Analytic</Channel>
                <Level>Warning</Level>
                <Message><![CDATA[
[VMID %3] %1]]></Message>
                <Template><![CDATA[
<template xmlns="http://schemas.microsoft.com/win/2004/08/events">
  <data name="TraceData" inType="win:UnicodeString" outType="xs:string"/>
  <data name="VmName" inType="win:UnicodeString" outType="xs:string"/>
  <data name="VmId" inType="win:UnicodeString" outType="xs:string"/>
  <data name="StackFrameCount" inType="win:UInt32" outType="xs:unsignedInt"/>
  <data name="StackFrame" inType="win:Pointer" outType="win:HexInt64" count="StackFrameCount"/>
  <data name="ModuleCount" inType="win:UInt32" outType="xs:unsignedInt"/>
  <struct name="Module" count="ModuleCount">
    <data name="Name" inType="win:UnicodeString" outType="xs:string"/>
    <data name="BaseAddress" inType="win:Pointer" outType="win:HexInt64"/>
    <data name="SizeOfImage" inType="win:UInt32" outType="xs:unsignedInt"/>
    <data name="TimeDateStamp" inType="win:UInt32" outType="xs:unsignedInt"/>
  </struct>
</template>
]]></Template>
            </Event>
            <Event>
                <Id>1026</Id>
                <Version>0</Version>
                <Channel>Microsoft-Windows-Hyper-V-Config-Analytic</Channel>
                <Level>Error</Level>
                <Message><![CDATA[
[VMID %3] %1]]></Message>
                <Template><![CDATA[
<template xmlns="http://schemas.microsoft.com/win/2004/08/events">
  <data name="TraceData" inType="win:UnicodeString" outType="xs:string"/>
  <data name="VmName" inType="win:UnicodeString" outType="xs:string"/>
  <data name="VmId" inType="win:UnicodeString" outType="xs:string"/>
  <data name="StackFrameCount" inType="win:UInt32" outType="xs:unsignedInt"/>
  <data name="StackFrame" inType="win:Pointer" outType="win:HexInt64" count="StackFrameCount"/>
  <data name="ModuleCount" inType="win:UInt32" outType="xs:unsignedInt"/>
  <struct name="Module" count="ModuleCount">
    <data name="Name" inType="win:UnicodeString" outType="xs:string"/>
    <data name="BaseAddress" inType="win:Pointer" outType="win:HexInt64"/>
    <data name="SizeOfImage" inType="win:UInt32" outType="xs:unsignedInt"/>
    <data name="TimeDateStamp" inType="win:UInt32" outType="xs:unsignedInt"/>
  </struct>
</template>
]]></Template>
            </Event>
            <Event>
                <Id>1027</Id>
                <Version>0</Version>
                <Channel>Microsoft-Windows-Hyper-V-Config-Analytic</Channel>
                <Level>Critical</Level>
                <Message><![CDATA[
[VMID %3] %1]]></Message>
                <Template><![CDATA[
<template xmlns="http://schemas.microsoft.com/win/2004/08/events">
  <data name="TraceData" inType="win:UnicodeString" outType="xs:string"/>
  <data name="VmName" inType="win:UnicodeString" outType="xs:string"/>
  <data name="VmId" inType="win:UnicodeString" outType="xs:string"/>
  <data name="StackFrameCount" inType="win:UInt32" outType="xs:unsignedInt"/>
  <data name="StackFrame" inType="win:Pointer" outType="win:HexInt64" count="StackFrameCount"/>
  <data name="ModuleCount" inType="win:UInt32" outType="xs:unsignedInt"/>
  <struct name="Module" count="ModuleCount">
    <data name="Name" inType="win:UnicodeString" outType="xs:string"/>
    <data name="BaseAddress" inType="win:Pointer" outType="win:HexInt64"/>
    <data name="SizeOfImage" inType="win:UInt32" outType="xs:unsignedInt"/>
    <data name="TimeDateStamp" inType="win:UInt32" outType="xs:unsignedInt"/>
  </struct>
</template>
]]></Template>
            </Event>
            <Event>
                <Id>1280</Id>
                <Version>0</Version>
                <Channel>Microsoft-Windows-Hyper-V-Config-Analytic</Channel>
                <Level>Information</Level>
                <Message><![CDATA[
[VMID %3] %1]]></Message>
                <Template><![CDATA[
<template xmlns="http://schemas.microsoft.com/win/2004/08/events">
  <data name="TraceData" inType="win:UnicodeString" outType="xs:string"/>
  <data name="VmName" inType="win:UnicodeString" outType="xs:string"/>
  <data name="VmId" inType="win:UnicodeString" outType="xs:string"/>
  <data name="StackFrameCount" inType="win:UInt32" outType="xs:unsignedInt"/>
  <data name="StackFrame" inType="win:Pointer" outType="win:HexInt64" count="StackFrameCount"/>
  <data name="ModuleCount" inType="win:UInt32" outType="xs:unsignedInt"/>
  <struct name="Module" count="ModuleCount">
    <data name="Name" inType="win:UnicodeString" outType="xs:string"/>
    <data name="BaseAddress" inType="win:Pointer" outType="win:HexInt64"/>
    <data name="SizeOfImage" inType="win:UInt32" outType="xs:unsignedInt"/>
    <data name="TimeDateStamp" inType="win:UInt32" outType="xs:unsignedInt"/>
  </struct>
</template>
]]></Template>
            </Event>
            <Event>
                <Id>1281</Id>
                <Version>0</Version>
                <Channel>Microsoft-Windows-Hyper-V-Config-Analytic</Channel>
                <Level>Warning</Level>
                <Message><![CDATA[
[VMID %3] %1]]></Message>
                <Template><![CDATA[
<template xmlns="http://schemas.microsoft.com/win/2004/08/events">
  <data name="TraceData" inType="win:UnicodeString" outType="xs:string"/>
  <data name="VmName" inType="win:UnicodeString" outType="xs:string"/>
  <data name="VmId" inType="win:UnicodeString" outType="xs:string"/>
  <data name="StackFrameCount" inType="win:UInt32" outType="xs:unsignedInt"/>
  <data name="StackFrame" inType="win:Pointer" outType="win:HexInt64" count="StackFrameCount"/>
  <data name="ModuleCount" inType="win:UInt32" outType="xs:unsignedInt"/>
  <struct name="Module" count="ModuleCount">
    <data name="Name" inType="win:UnicodeString" outType="xs:string"/>
    <data name="BaseAddress" inType="win:Pointer" outType="win:HexInt64"/>
    <data name="SizeOfImage" inType="win:UInt32" outType="xs:unsignedInt"/>
    <data name="TimeDateStamp" inType="win:UInt32" outType="xs:unsignedInt"/>
  </struct>
</template>
]]></Template>
            </Event>
            <Event>
                <Id>1282</Id>
                <Version>0</Version>
                <Channel>Microsoft-Windows-Hyper-V-Config-Analytic</Channel>
                <Level>Error</Level>
                <Message><![CDATA[
[VMID %3] %1]]></Message>
                <Template><![CDATA[
<template xmlns="http://schemas.microsoft.com/win/2004/08/events">
  <data name="TraceData" inType="win:UnicodeString" outType="xs:string"/>
  <data name="VmName" inType="win:UnicodeString" outType="xs:string"/>
  <data name="VmId" inType="win:UnicodeString" outType="xs:string"/>
  <data name="StackFrameCount" inType="win:UInt32" outType="xs:unsignedInt"/>
  <data name="StackFrame" inType="win:Pointer" outType="win:HexInt64" count="StackFrameCount"/>
  <data name="ModuleCount" inType="win:UInt32" outType="xs:unsignedInt"/>
  <struct name="Module" count="ModuleCount">
    <data name="Name" inType="win:UnicodeString" outType="xs:string"/>
    <data name="BaseAddress" inType="win:Pointer" outType="win:HexInt64"/>
    <data name="SizeOfImage" inType="win:UInt32" outType="xs:unsignedInt"/>
    <data name="TimeDateStamp" inType="win:UInt32" outType="xs:unsignedInt"/>
  </struct>
</template>
]]></Template>
            </Event>
            <Event>
                <Id>1283</Id>
                <Version>0</Version>
                <Channel>Microsoft-Windows-Hyper-V-Config-Analytic</Channel>
                <Level>Critical</Level>
                <Message><![CDATA[
[VMID %3] %1]]></Message>
                <Template><![CDATA[
<template xmlns="http://schemas.microsoft.com/win/2004/08/events">
  <data name="TraceData" inType="win:UnicodeString" outType="xs:string"/>
  <data name="VmName" inType="win:UnicodeString" outType="xs:string"/>
  <data name="VmId" inType="win:UnicodeString" outType="xs:string"/>
  <data name="StackFrameCount" inType="win:UInt32" outType="xs:unsignedInt"/>
  <data name="StackFrame" inType="win:Pointer" outType="win:HexInt64" count="StackFrameCount"/>
  <data name="ModuleCount" inType="win:UInt32" outType="xs:unsignedInt"/>
  <struct name="Module" count="ModuleCount">
    <data name="Name" inType="win:UnicodeString" outType="xs:string"/>
    <data name="BaseAddress" inType="win:Pointer" outType="win:HexInt64"/>
    <data name="SizeOfImage" inType="win:UInt32" outType="xs:unsignedInt"/>
    <data name="TimeDateStamp" inType="win:UInt32" outType="xs:unsignedInt"/>
  </struct>
</template>
]]></Template>
            </Event>
            <Event>
                <Id>1536</Id>
                <Version>0</Version>
                <Channel>Microsoft-Windows-Hyper-V-Config-Analytic</Channel>
                <Level>Information</Level>
                <Message><![CDATA[
[VMID %3] %1]]></Message>
                <Template><![CDATA[
<template xmlns="http://schemas.microsoft.com/win/2004/08/events">
  <data name="TraceData" inType="win:UnicodeString" outType="xs:string"/>
  <data name="VmName" inType="win:UnicodeString" outType="xs:string"/>
  <data name="VmId" inType="win:UnicodeString" outType="xs:string"/>
  <data name="StackFrameCount" inType="win:UInt32" outType="xs:unsignedInt"/>
  <data name="StackFrame" inType="win:Pointer" outType="win:HexInt64" count="StackFrameCount"/>
  <data name="ModuleCount" inType="win:UInt32" outType="xs:unsignedInt"/>
  <struct name="Module" count="ModuleCount">
    <data name="Name" inType="win:UnicodeString" outType="xs:string"/>
    <data name="BaseAddress" inType="win:Pointer" outType="win:HexInt64"/>
    <data name="SizeOfImage" inType="win:UInt32" outType="xs:unsignedInt"/>
    <data name="TimeDateStamp" inType="win:UInt32" outType="xs:unsignedInt"/>
  </struct>
</template>
]]></Template>
            </Event>
            <Event>
                <Id>1537</Id>
                <Version>0</Version>
                <Channel>Microsoft-Windows-Hyper-V-Config-Analytic</Channel>
                <Level>Warning</Level>
                <Message><![CDATA[
[VMID %3] %1]]></Message>
                <Template><![CDATA[
<template xmlns="http://schemas.microsoft.com/win/2004/08/events">
  <data name="TraceData" inType="win:UnicodeString" outType="xs:string"/>
  <data name="VmName" inType="win:UnicodeString" outType="xs:string"/>
  <data name="VmId" inType="win:UnicodeString" outType="xs:string"/>
  <data name="StackFrameCount" inType="win:UInt32" outType="xs:unsignedInt"/>
  <data name="StackFrame" inType="win:Pointer" outType="win:HexInt64" count="StackFrameCount"/>
  <data name="ModuleCount" inType="win:UInt32" outType="xs:unsignedInt"/>
  <struct name="Module" count="ModuleCount">
    <data name="Name" inType="win:UnicodeString" outType="xs:string"/>
    <data name="BaseAddress" inType="win:Pointer" outType="win:HexInt64"/>
    <data name="SizeOfImage" inType="win:UInt32" outType="xs:unsignedInt"/>
    <data name="TimeDateStamp" inType="win:UInt32" outType="xs:unsignedInt"/>
  </struct>
</template>
]]></Template>
            </Event>
            <Event>
                <Id>1538</Id>
                <Version>0</Version>
                <Channel>Microsoft-Windows-Hyper-V-Config-Analytic</Channel>
                <Level>Error</Level>
                <Message><![CDATA[
[VMID %3] %1]]></Message>
                <Template><![CDATA[
<template xmlns="http://schemas.microsoft.com/win/2004/08/events">
  <data name="TraceData" inType="win:UnicodeString" outType="xs:string"/>
  <data name="VmName" inType="win:UnicodeString" outType="xs:string"/>
  <data name="VmId" inType="win:UnicodeString" outType="xs:string"/>
  <data name="StackFrameCount" inType="win:UInt32" outType="xs:unsignedInt"/>
  <data name="StackFrame" inType="win:Pointer" outType="win:HexInt64" count="StackFrameCount"/>
  <data name="ModuleCount" inType="win:UInt32" outType="xs:unsignedInt"/>
  <struct name="Module" count="ModuleCount">
    <data name="Name" inType="win:UnicodeString" outType="xs:string"/>
    <data name="BaseAddress" inType="win:Pointer" outType="win:HexInt64"/>
    <data name="SizeOfImage" inType="win:UInt32" outType="xs:unsignedInt"/>
    <data name="TimeDateStamp" inType="win:UInt32" outType="xs:unsignedInt"/>
  </struct>
</template>
]]></Template>
            </Event>
            <Event>
                <Id>1539</Id>
                <Version>0</Version>
                <Channel>Microsoft-Windows-Hyper-V-Config-Analytic</Channel>
                <Level>Critical</Level>
                <Message><![CDATA[
[VMID %3] %1]]></Message>
                <Template><![CDATA[
<template xmlns="http://schemas.microsoft.com/win/2004/08/events">
  <data name="TraceData" inType="win:UnicodeString" outType="xs:string"/>
  <data name="VmName" inType="win:UnicodeString" outType="xs:string"/>
  <data name="VmId" inType="win:UnicodeString" outType="xs:string"/>
  <data name="StackFrameCount" inType="win:UInt32" outType="xs:unsignedInt"/>
  <data name="StackFrame" inType="win:Pointer" outType="win:HexInt64" count="StackFrameCount"/>
  <data name="ModuleCount" inType="win:UInt32" outType="xs:unsignedInt"/>
  <struct name="Module" count="ModuleCount">
    <data name="Name" inType="win:UnicodeString" outType="xs:string"/>
    <data name="BaseAddress" inType="win:Pointer" outType="win:HexInt64"/>
    <data name="SizeOfImage" inType="win:UInt32" outType="xs:unsignedInt"/>
    <data name="TimeDateStamp" inType="win:UInt32" outType="xs:unsignedInt"/>
  </struct>
</template>
]]></Template>
            </Event>
            <Event>
                <Id>1792</Id>
                <Version>0</Version>
                <Channel>Microsoft-Windows-Hyper-V-Config-Analytic</Channel>
                <Level>Information</Level>
                <Message><![CDATA[
[VMID %3] %1]]></Message>
                <Template><![CDATA[
<template xmlns="http://schemas.microsoft.com/win/2004/08/events">
  <data name="TraceData" inType="win:UnicodeString" outType="xs:string"/>
  <data name="VmName" inType="win:UnicodeString" outType="xs:string"/>
  <data name="VmId" inType="win:UnicodeString" outType="xs:string"/>
  <data name="StackFrameCount" inType="win:UInt32" outType="xs:unsignedInt"/>
  <data name="StackFrame" inType="win:Pointer" outType="win:HexInt64" count="StackFrameCount"/>
  <data name="ModuleCount" inType="win:UInt32" outType="xs:unsignedInt"/>
  <struct name="Module" count="ModuleCount">
    <data name="Name" inType="win:UnicodeString" outType="xs:string"/>
    <data name="BaseAddress" inType="win:Pointer" outType="win:HexInt64"/>
    <data name="SizeOfImage" inType="win:UInt32" outType="xs:unsignedInt"/>
    <data name="TimeDateStamp" inType="win:UInt32" outType="xs:unsignedInt"/>
  </struct>
</template>
]]></Template>
            </Event>
            <Event>
                <Id>1793</Id>
                <Version>0</Version>
                <Channel>Microsoft-Windows-Hyper-V-Config-Analytic</Channel>
                <Level>Warning</Level>
                <Message><![CDATA[
[VMID %3] %1]]></Message>
                <Template><![CDATA[
<template xmlns="http://schemas.microsoft.com/win/2004/08/events">
  <data name="TraceData" inType="win:UnicodeString" outType="xs:string"/>
  <data name="VmName" inType="win:UnicodeString" outType="xs:string"/>
  <data name="VmId" inType="win:UnicodeString" outType="xs:string"/>
  <data name="StackFrameCount" inType="win:UInt32" outType="xs:unsignedInt"/>
  <data name="StackFrame" inType="win:Pointer" outType="win:HexInt64" count="StackFrameCount"/>
  <data name="ModuleCount" inType="win:UInt32" outType="xs:unsignedInt"/>
  <struct name="Module" count="ModuleCount">
    <data name="Name" inType="win:UnicodeString" outType="xs:string"/>
    <data name="BaseAddress" inType="win:Pointer" outType="win:HexInt64"/>
    <data name="SizeOfImage" inType="win:UInt32" outType="xs:unsignedInt"/>
    <data name="TimeDateStamp" inType="win:UInt32" outType="xs:unsignedInt"/>
  </struct>
</template>
]]></Template>
            </Event>
            <Event>
                <Id>1794</Id>
                <Version>0</Version>
                <Channel>Microsoft-Windows-Hyper-V-Config-Analytic</Channel>
                <Level>Error</Level>
                <Message><![CDATA[
[VMID %3] %1]]></Message>
                <Template><![CDATA[
<template xmlns="http://schemas.microsoft.com/win/2004/08/events">
  <data name="TraceData" inType="win:UnicodeString" outType="xs:string"/>
  <data name="VmName" inType="win:UnicodeString" outType="xs:string"/>
  <data name="VmId" inType="win:UnicodeString" outType="xs:string"/>
  <data name="StackFrameCount" inType="win:UInt32" outType="xs:unsignedInt"/>
  <data name="StackFrame" inType="win:Pointer" outType="win:HexInt64" count="StackFrameCount"/>
  <data name="ModuleCount" inType="win:UInt32" outType="xs:unsignedInt"/>
  <struct name="Module" count="ModuleCount">
    <data name="Name" inType="win:UnicodeString" outType="xs:string"/>
    <data name="BaseAddress" inType="win:Pointer" outType="win:HexInt64"/>
    <data name="SizeOfImage" inType="win:UInt32" outType="xs:unsignedInt"/>
    <data name="TimeDateStamp" inType="win:UInt32" outType="xs:unsignedInt"/>
  </struct>
</template>
]]></Template>
            </Event>
            <Event>
                <Id>1795</Id>
                <Version>0</Version>
                <Channel>Microsoft-Windows-Hyper-V-Config-Analytic</Channel>
                <Level>Critical</Level>
                <Message><![CDATA[
[VMID %3] %1]]></Message>
                <Template><![CDATA[
<template xmlns="http://schemas.microsoft.com/win/2004/08/events">
  <data name="TraceData" inType="win:UnicodeString" outType="xs:string"/>
  <data name="VmName" inType="win:UnicodeString" outType="xs:string"/>
  <data name="VmId" inType="win:UnicodeString" outType="xs:string"/>
  <data name="StackFrameCount" inType="win:UInt32" outType="xs:unsignedInt"/>
  <data name="StackFrame" inType="win:Pointer" outType="win:HexInt64" count="StackFrameCount"/>
  <data name="ModuleCount" inType="win:UInt32" outType="xs:unsignedInt"/>
  <struct name="Module" count="ModuleCount">
    <data name="Name" inType="win:UnicodeString" outType="xs:string"/>
    <data name="BaseAddress" inType="win:Pointer" outType="win:HexInt64"/>
    <data name="SizeOfImage" inType="win:UInt32" outType="xs:unsignedInt"/>
    <data name="TimeDateStamp" inType="win:UInt32" outType="xs:unsignedInt"/>
  </struct>
</template>
]]></Template>
            </Event>
            <Event>
                <Id>2048</Id>
                <Version>0</Version>
                <Channel>Microsoft-Windows-Hyper-V-Config-Analytic</Channel>
                <Level>Information</Level>
                <Message><![CDATA[
[VMID %3] %1]]></Message>
                <Template><![CDATA[
<template xmlns="http://schemas.microsoft.com/win/2004/08/events">
  <data name="TraceData" inType="win:UnicodeString" outType="xs:string"/>
  <data name="VmName" inType="win:UnicodeString" outType="xs:string"/>
  <data name="VmId" inType="win:UnicodeString" outType="xs:string"/>
  <data name="StackFrameCount" inType="win:UInt32" outType="xs:unsignedInt"/>
  <data name="StackFrame" inType="win:Pointer" outType="win:HexInt64" count="StackFrameCount"/>
  <data name="ModuleCount" inType="win:UInt32" outType="xs:unsignedInt"/>
  <struct name="Module" count="ModuleCount">
    <data name="Name" inType="win:UnicodeString" outType="xs:string"/>
    <data name="BaseAddress" inType="win:Pointer" outType="win:HexInt64"/>
    <data name="SizeOfImage" inType="win:UInt32" outType="xs:unsignedInt"/>
    <data name="TimeDateStamp" inType="win:UInt32" outType="xs:unsignedInt"/>
  </struct>
</template>
]]></Template>
            </Event>
            <Event>
                <Id>2049</Id>
                <Version>0</Version>
                <Channel>Microsoft-Windows-Hyper-V-Config-Analytic</Channel>
                <Level>Warning</Level>
                <Message><![CDATA[
[VMID %3] %1]]></Message>
                <Template><![CDATA[
<template xmlns="http://schemas.microsoft.com/win/2004/08/events">
  <data name="TraceData" inType="win:UnicodeString" outType="xs:string"/>
  <data name="VmName" inType="win:UnicodeString" outType="xs:string"/>
  <data name="VmId" inType="win:UnicodeString" outType="xs:string"/>
  <data name="StackFrameCount" inType="win:UInt32" outType="xs:unsignedInt"/>
  <data name="StackFrame" inType="win:Pointer" outType="win:HexInt64" count="StackFrameCount"/>
  <data name="ModuleCount" inType="win:UInt32" outType="xs:unsignedInt"/>
  <struct name="Module" count="ModuleCount">
    <data name="Name" inType="win:UnicodeString" outType="xs:string"/>
    <data name="BaseAddress" inType="win:Pointer" outType="win:HexInt64"/>
    <data name="SizeOfImage" inType="win:UInt32" outType="xs:unsignedInt"/>
    <data name="TimeDateStamp" inType="win:UInt32" outType="xs:unsignedInt"/>
  </struct>
</template>
]]></Template>
            </Event>
            <Event>
                <Id>2050</Id>
                <Version>0</Version>
                <Channel>Microsoft-Windows-Hyper-V-Config-Analytic</Channel>
                <Level>Error</Level>
                <Message><![CDATA[
[VMID %3] %1]]></Message>
                <Template><![CDATA[
<template xmlns="http://schemas.microsoft.com/win/2004/08/events">
  <data name="TraceData" inType="win:UnicodeString" outType="xs:string"/>
  <data name="VmName" inType="win:UnicodeString" outType="xs:string"/>
  <data name="VmId" inType="win:UnicodeString" outType="xs:string"/>
  <data name="StackFrameCount" inType="win:UInt32" outType="xs:unsignedInt"/>
  <data name="StackFrame" inType="win:Pointer" outType="win:HexInt64" count="StackFrameCount"/>
  <data name="ModuleCount" inType="win:UInt32" outType="xs:unsignedInt"/>
  <struct name="Module" count="ModuleCount">
    <data name="Name" inType="win:UnicodeString" outType="xs:string"/>
    <data name="BaseAddress" inType="win:Pointer" outType="win:HexInt64"/>
    <data name="SizeOfImage" inType="win:UInt32" outType="xs:unsignedInt"/>
    <data name="TimeDateStamp" inType="win:UInt32" outType="xs:unsignedInt"/>
  </struct>
</template>
]]></Template>
            </Event>
            <Event>
                <Id>2051</Id>
                <Version>0</Version>
                <Channel>Microsoft-Windows-Hyper-V-Config-Analytic</Channel>
                <Level>Critical</Level>
                <Message><![CDATA[
[VMID %3] %1]]></Message>
                <Template><![CDATA[
<template xmlns="http://schemas.microsoft.com/win/2004/08/events">
  <data name="TraceData" inType="win:UnicodeString" outType="xs:string"/>
  <data name="VmName" inType="win:UnicodeString" outType="xs:string"/>
  <data name="VmId" inType="win:UnicodeString" outType="xs:string"/>
  <data name="StackFrameCount" inType="win:UInt32" outType="xs:unsignedInt"/>
  <data name="StackFrame" inType="win:Pointer" outType="win:HexInt64" count="StackFrameCount"/>
  <data name="ModuleCount" inType="win:UInt32" outType="xs:unsignedInt"/>
  <struct name="Module" count="ModuleCount">
    <data name="Name" inType="win:UnicodeString" outType="xs:string"/>
    <data name="BaseAddress" inType="win:Pointer" outType="win:HexInt64"/>
    <data name="SizeOfImage" inType="win:UInt32" outType="xs:unsignedInt"/>
    <data name="TimeDateStamp" inType="win:UInt32" outType="xs:unsignedInt"/>
  </struct>
</template>
]]></Template>
            </Event>
            <Event>
                <Id>4096</Id>
                <Version>0</Version>
                <Channel>Microsoft-Windows-Hyper-V-Config-Admin</Channel>
                <Level>Error</Level>
                <Message><![CDATA[
The %1 configuration %2 at '%3' is no longer accessible: %4 (%5).]]></Message>
                <Template><![CDATA[
<template xmlns="http://schemas.microsoft.com/win/2004/08/events">
  <data name="CfgType" inType="win:UnicodeString" outType="xs:string"/>
  <data name="CfgId" inType="win:UnicodeString" outType="xs:string"/>
  <data name="CfgStore" inType="win:UnicodeString" outType="xs:string"/>
  <data name="ErrorMessage" inType="win:UnicodeString" outType="xs:string"/>
  <data name="ErrorCode" inType="win:UnicodeString" outType="xs:string"/>
</template>
]]></Template>
            </Event>
            <Event>
                <Id>4097</Id>
                <Version>0</Version>
                <Channel>Microsoft-Windows-Hyper-V-Config-Admin</Channel>
                <Level>Error</Level>
                <Message><![CDATA[
The %1 configuration %2 at '%3' is no longer accessible: %4 (%5).]]></Message>
                <Template><![CDATA[
<template xmlns="http://schemas.microsoft.com/win/2004/08/events">
  <data name="CfgType" inType="win:UnicodeString" outType="xs:string"/>
  <data name="CfgId" inType="win:UnicodeString" outType="xs:string"/>
  <data name="CfgStore" inType="win:UnicodeString" outType="xs:string"/>
  <data name="ErrorMessage" inType="win:UnicodeString" outType="xs:string"/>
  <data name="ErrorCode" inType="win:UnicodeString" outType="xs:string"/>
</template>
]]></Template>
            </Event>
            <Event>
                <Id>4098</Id>
                <Version>0</Version>
                <Channel>Microsoft-Windows-Hyper-V-Config-Admin</Channel>
                <Level>Information</Level>
                <Message><![CDATA[
The %1 configuration %2 at '%3' is now accessible.]]></Message>
                <Template><![CDATA[
<template xmlns="http://schemas.microsoft.com/win/2004/08/events">
  <data name="CfgType" inType="win:UnicodeString" outType="xs:string"/>
  <data name="CfgId" inType="win:UnicodeString" outType="xs:string"/>
  <data name="CfgStore" inType="win:UnicodeString" outType="xs:string"/>
</template>
]]></Template>
            </Event>
            <Event>
                <Id>4352</Id>
                <Version>0</Version>
                <Channel>Microsoft-Windows-Hyper-V-Config-Admin</Channel>
                <Level>Error</Level>
                <Message><![CDATA[
The configuration store at '%1' is not accessible: %2 (%3).]]></Message>
                <Template><![CDATA[
<template xmlns="http://schemas.microsoft.com/win/2004/08/events">
  <data name="CfgStore" inType="win:UnicodeString" outType="xs:string"/>
  <data name="ErrorMessage" inType="win:UnicodeString" outType="xs:string"/>
  <data name="ErrorCode" inType="win:UnicodeString" outType="xs:string"/>
</template>
]]></Template>
            </Event>
            <Event>
                <Id>4354</Id>
                <Version>0</Version>
                <Channel>Microsoft-Windows-Hyper-V-Config-Admin</Channel>
                <Level>Error</Level>
                <Message><![CDATA[
The configuration store at '%1' is invalid: The default configuration store cannot be remote.]]></Message>
                <Template><![CDATA[
<template xmlns="http://schemas.microsoft.com/win/2004/08/events">
  <data name="CfgStore" inType="win:UnicodeString" outType="xs:string"/>
</template>
]]></Template>
            </Event>
            <Event>
                <Id>8192</Id>
                <Version>0</Version>
                <Channel>Microsoft-Windows-Hyper-V-Config-Admin</Channel>
                <Level>Warning</Level>
                <Message><![CDATA[
Temporarily disabled the configuration store at '%1' because of failures accessing the store. Verify the connectivity to the store path.]]></Message>
                <Template><![CDATA[
<template xmlns="http://schemas.microsoft.com/win/2004/08/events">
  <data name="CfgStore" inType="win:UnicodeString" outType="xs:string"/>
</template>
]]></Template>
            </Event>
            <Event>
                <Id>8194</Id>
                <Version>0</Version>
                <Channel>Microsoft-Windows-Hyper-V-Config-Admin</Channel>
                <Level>Information</Level>
                <Message><![CDATA[
Re-enabled the configuration store at '%1'.]]></Message>
                <Template><![CDATA[
<template xmlns="http://schemas.microsoft.com/win/2004/08/events">
  <data name="CfgStore" inType="win:UnicodeString" outType="xs:string"/>
</template>
]]></Template>
            </Event>
            <Event>
                <Id>8196</Id>
                <Version>0</Version>
                <Channel>Microsoft-Windows-Hyper-V-Config-Admin</Channel>
                <Level>Error</Level>
                <Message><![CDATA[
Failed to open configuration file '%1', the configuration store is disabled because of earlier access failures.]]></Message>
                <Template><![CDATA[
<template xmlns="http://schemas.microsoft.com/win/2004/08/events">
  <data name="CfgStore" inType="win:UnicodeString" outType="xs:string"/>
</template>
]]></Template>
            </Event>
            <Event>
                <Id>8197</Id>
                <Version>0</Version>
                <Channel>Microsoft-Windows-Hyper-V-Config-Admin</Channel>
                <Level>Error</Level>
                <Message><![CDATA[
The configuration store is disabled because of earlier access failures.]]></Message>
                <Template><![CDATA[
<template xmlns="http://schemas.microsoft.com/win/2004/08/events">
  <data name="CfgStore" inType="win:UnicodeString" outType="xs:string"/>
</template>
]]></Template>
            </Event>
            <Event>
                <Id>8198</Id>
                <Version>0</Version>
                <Channel>Microsoft-Windows-Hyper-V-Config-Admin</Channel>
                <Level>Warning</Level>
                <Message><![CDATA[
The repository %2 async I/O %3 has taken longer than %4 ms to complete. (AsyncIo ID %1)]]></Message>
                <Template><![CDATA[
<template xmlns="http://schemas.microsoft.com/win/2004/08/events">
  <data name="AsyncIoId" inType="win:GUID" outType="xs:GUID"/>
  <data name="FileName" inType="win:UnicodeString" outType="xs:string"/>
  <data name="OperationName" inType="win:UnicodeString" outType="xs:string"/>
  <data name="WarningTimeMs" inType="win:UInt32" outType="xs:unsignedInt"/>
</template>
]]></Template>
            </Event>
            <Event>
                <Id>8199</Id>
                <Version>0</Version>
                <Channel>Microsoft-Windows-Hyper-V-Config-Admin</Channel>
                <Level>Warning</Level>
                <Message><![CDATA[
The repository %2 async I/O %3 took %4 ms to complete. (AsyncIo ID %1)]]></Message>
                <Template><![CDATA[
<template xmlns="http://schemas.microsoft.com/win/2004/08/events">
  <data name="AsyncIoId" inType="win:GUID" outType="xs:GUID"/>
  <data name="FileName" inType="win:UnicodeString" outType="xs:string"/>
  <data name="OperationName" inType="win:UnicodeString" outType="xs:string"/>
  <data name="WarningTimeMs" inType="win:UInt32" outType="xs:unsignedInt"/>
</template>
]]></Template>
            </Event>
        </EventMetadata>
    </Provider>
</Providers>
