<Providers>
    <Provider>
        <Name>Microsoft-Windows-ACL-UI</Name>
        <Metadata>
            <Guid>{EA4CC8B8-A150-47A3-AFB9-C8D194B19452}</Guid>
            <ResourceFilePath>%SystemRoot%\system32\aclui.dll</ResourceFilePath>
            <ParameterFilePath></ParameterFilePath>
            <MessageFilePath>%SystemRoot%\system32\aclui.dll</MessageFilePath>
            <HelpLink></HelpLink>
            <PublisherMessage>Microsoft-Windows-ACL-UI</PublisherMessage>
            <Channels>
            </Channels>
            <Levels>
                <Level>
                    <Message>Information</Message>
                    <Name>win:Informational</Name>
                    <Value>4</Value>
                </Level>
            </Levels>
            <Tasks>
                <Task>
                    <Message>Launch Advanced ACL UI</Message>
                    <Name>AclUI_LaunchAdvancedUI</Name>
                    <Value>1</Value>
                </Task>
                <Task>
                    <Message>Download Claim IDs</Message>
                    <Name>AclUI_DownloadClaimIDs</Name>
                    <Value>2</Value>
                </Task>
                <Task>
                    <Message>Display Permissions Dialog when Editing an ACE</Message>
                    <Name>AclUI_EditPermissionUI</Name>
                    <Value>3</Value>
                </Task>
                <Task>
                    <Message>Display Permissions Dialog when Adding an ACE</Message>
                    <Name>AclUI_AddPermissionUI</Name>
                    <Value>4</Value>
                </Task>
                <Task>
                    <Message>Download Central Access Policy IDs</Message>
                    <Name>AclUI_DownloadCapIDs</Name>
                    <Value>5</Value>
                </Task>
                <Task>
                    <Message>Display Effective Permission Report</Message>
                    <Name>AclUI_EvaluateEffectiveAccess</Name>
                    <Value>6</Value>
                </Task>
            </Tasks>
            <Opcodes>
                <Opcode>
                    <Message>Start</Message>
                    <Name>win:Start</Name>
                    <Value>1</Value>
                    <Task>0</Task>
                </Opcode>
                <Opcode>
                    <Message>Stop</Message>
                    <Name>win:Stop</Name>
                    <Value>2</Value>
                    <Task>0</Task>
                </Opcode>
            </Opcodes>
            <Keywords>
            </Keywords>
        </Metadata>
        <EventMetadata>
            <Event>
                <Id>4000</Id>
                <Version>0</Version>
                <Level>Information</Level>
                <Task>Launch Advanced ACL UI</Task>
                <Opcode>Start</Opcode>
                <Template><![CDATA[
]]></Template>
            </Event>
            <Event>
                <Id>4001</Id>
                <Version>0</Version>
                <Level>Information</Level>
                <Task>Launch Advanced ACL UI</Task>
                <Opcode>Stop</Opcode>
                <Template><![CDATA[
]]></Template>
            </Event>
            <Event>
                <Id>4002</Id>
                <Version>0</Version>
                <Level>Information</Level>
                <Task>Download Claim IDs</Task>
                <Opcode>Start</Opcode>
                <Template><![CDATA[
]]></Template>
            </Event>
            <Event>
                <Id>4003</Id>
                <Version>0</Version>
                <Level>Information</Level>
                <Task>Download Claim IDs</Task>
                <Opcode>Stop</Opcode>
                <Template><![CDATA[
]]></Template>
            </Event>
            <Event>
                <Id>4004</Id>
                <Version>0</Version>
                <Level>Information</Level>
                <Task>Display Permissions Dialog when Editing an ACE</Task>
                <Opcode>Start</Opcode>
                <Template><![CDATA[
]]></Template>
            </Event>
            <Event>
                <Id>4005</Id>
                <Version>0</Version>
                <Level>Information</Level>
                <Task>Display Permissions Dialog when Editing an ACE</Task>
                <Opcode>Stop</Opcode>
                <Template><![CDATA[
]]></Template>
            </Event>
            <Event>
                <Id>4006</Id>
                <Version>0</Version>
                <Level>Information</Level>
                <Task>Display Permissions Dialog when Adding an ACE</Task>
                <Opcode>Start</Opcode>
                <Template><![CDATA[
]]></Template>
            </Event>
            <Event>
                <Id>4007</Id>
                <Version>0</Version>
                <Level>Information</Level>
                <Task>Display Permissions Dialog when Adding an ACE</Task>
                <Opcode>Stop</Opcode>
                <Template><![CDATA[
]]></Template>
            </Event>
            <Event>
                <Id>4008</Id>
                <Version>0</Version>
                <Level>Information</Level>
                <Task>Download Central Access Policy IDs</Task>
                <Opcode>Start</Opcode>
                <Template><![CDATA[
]]></Template>
            </Event>
            <Event>
                <Id>4009</Id>
                <Version>0</Version>
                <Level>Information</Level>
                <Task>Download Central Access Policy IDs</Task>
                <Opcode>Stop</Opcode>
                <Template><![CDATA[
]]></Template>
            </Event>
            <Event>
                <Id>4010</Id>
                <Version>0</Version>
                <Level>Information</Level>
                <Task>Display Effective Permission Report</Task>
                <Opcode>Start</Opcode>
                <Template><![CDATA[
]]></Template>
            </Event>
            <Event>
                <Id>4011</Id>
                <Version>0</Version>
                <Level>Information</Level>
                <Task>Display Effective Permission Report</Task>
                <Opcode>Stop</Opcode>
                <Template><![CDATA[
]]></Template>
            </Event>
        </EventMetadata>
    </Provider>
</Providers>
