<Providers>
    <Provider>
        <Name>Microsoft-Windows-Data-Pdf</Name>
        <Metadata>
            <Guid>{B97561FE-B27A-4C48-AA3E-7D3ADDC105B1}</Guid>
            <ResourceFilePath>%Systemroot%\System32\Windows.Data.Pdf.dll</ResourceFilePath>
            <ParameterFilePath></ParameterFilePath>
            <MessageFilePath>%Systemroot%\System32\Windows.Data.Pdf.dll</MessageFilePath>
            <HelpLink></HelpLink>
            <PublisherMessage>Microsoft-Windows-Data-Pdf</PublisherMessage>
            <Channels>
                <Channel>
                    <Message></Message>
                    <Path>Microsoft-Windows-Data-Pdf/Debug</Path>
                    <Index>0</Index>
                    <Id>16</Id>
                    <Imported>false</Imported>
                </Channel>
            </Channels>
            <Levels>
                <Level>
                    <Message>Information</Message>
                    <Name>win:Informational</Name>
                    <Value>4</Value>
                </Level>
            </Levels>
            <Tasks>
                <Task>
                    <Message></Message>
                    <Name>LoadPage</Name>
                    <Value>1</Value>
                </Task>
                <Task>
                    <Message></Message>
                    <Name>UpdatePage</Name>
                    <Value>2</Value>
                </Task>
                <Task>
                    <Message></Message>
                    <Name>RenderPage</Name>
                    <Value>3</Value>
                </Task>
                <Task>
                    <Message></Message>
                    <Name>EncodePageRendering</Name>
                    <Value>4</Value>
                </Task>
                <Task>
                    <Message></Message>
                    <Name>LoadDocument</Name>
                    <Value>5</Value>
                </Task>
            </Tasks>
            <Opcodes>
                <Opcode>
                    <Message>Start</Message>
                    <Name>win:Start</Name>
                    <Value>1</Value>
                    <Task>0</Task>
                </Opcode>
                <Opcode>
                    <Message>Stop</Message>
                    <Name>win:Stop</Name>
                    <Value>2</Value>
                    <Task>0</Task>
                </Opcode>
            </Opcodes>
            <Keywords>
                <Keyword>
                    <Message></Message>
                    <Name>Windows.Data.Pdf</Name>
                    <Value>65536</Value>
                </Keyword>
                <Keyword>
                    <Message>Response Time</Message>
                    <Name>win:ResponseTime</Name>
                    <Value>281474976710656</Value>
                </Keyword>
            </Keywords>
        </Metadata>
        <EventMetadata>
            <Event>
                <Id>1</Id>
                <Version>0</Version>
                <Channel>Microsoft-Windows-Data-Pdf/Debug</Channel>
                <Level>Information</Level>
                <Task>LoadPage</Task>
                <Opcode>Start</Opcode>
                <Keyword>Windows.Data.Pdf</Keyword>
                <Message><![CDATA[
Page Load Start]]></Message>
                <Template><![CDATA[
<template xmlns="http://schemas.microsoft.com/win/2004/08/events">
  <data name="UInt32Param" inType="win:UInt32" outType="xs:unsignedInt"/>
</template>
]]></Template>
            </Event>
            <Event>
                <Id>2</Id>
                <Version>0</Version>
                <Channel>Microsoft-Windows-Data-Pdf/Debug</Channel>
                <Level>Information</Level>
                <Task>LoadPage</Task>
                <Opcode>Stop</Opcode>
                <Keyword>Windows.Data.Pdf</Keyword>
                <Message><![CDATA[
Page Load Stop]]></Message>
                <Template><![CDATA[
<template xmlns="http://schemas.microsoft.com/win/2004/08/events">
  <data name="UInt32Param" inType="win:UInt32" outType="xs:unsignedInt"/>
</template>
]]></Template>
            </Event>
            <Event>
                <Id>5</Id>
                <Version>0</Version>
                <Channel>Microsoft-Windows-Data-Pdf/Debug</Channel>
                <Level>Information</Level>
                <Task>RenderPage</Task>
                <Opcode>Start</Opcode>
                <Keyword>Windows.Data.Pdf</Keyword>
                <Message><![CDATA[
Page Render Start]]></Message>
                <Template><![CDATA[
<template xmlns="http://schemas.microsoft.com/win/2004/08/events">
  <data name="UInt32Param" inType="win:UInt32" outType="xs:unsignedInt"/>
</template>
]]></Template>
            </Event>
            <Event>
                <Id>6</Id>
                <Version>0</Version>
                <Channel>Microsoft-Windows-Data-Pdf/Debug</Channel>
                <Level>Information</Level>
                <Task>RenderPage</Task>
                <Opcode>Stop</Opcode>
                <Keyword>Windows.Data.Pdf</Keyword>
                <Message><![CDATA[
Page Render Stop]]></Message>
                <Template><![CDATA[
<template xmlns="http://schemas.microsoft.com/win/2004/08/events">
  <data name="UInt32Param" inType="win:UInt32" outType="xs:unsignedInt"/>
</template>
]]></Template>
            </Event>
            <Event>
                <Id>7</Id>
                <Version>0</Version>
                <Channel>Microsoft-Windows-Data-Pdf/Debug</Channel>
                <Level>Information</Level>
                <Task>EncodePageRendering</Task>
                <Opcode>Start</Opcode>
                <Keyword>Windows.Data.Pdf</Keyword>
                <Message><![CDATA[
EncodePageRendering Start]]></Message>
                <Template><![CDATA[
<template xmlns="http://schemas.microsoft.com/win/2004/08/events">
  <data name="UInt32Param" inType="win:UInt32" outType="xs:unsignedInt"/>
</template>
]]></Template>
            </Event>
            <Event>
                <Id>8</Id>
                <Version>0</Version>
                <Channel>Microsoft-Windows-Data-Pdf/Debug</Channel>
                <Level>Information</Level>
                <Task>EncodePageRendering</Task>
                <Opcode>Stop</Opcode>
                <Keyword>Windows.Data.Pdf</Keyword>
                <Message><![CDATA[
EncodePageRendering Stop]]></Message>
                <Template><![CDATA[
<template xmlns="http://schemas.microsoft.com/win/2004/08/events">
  <data name="UInt32Param" inType="win:UInt32" outType="xs:unsignedInt"/>
</template>
]]></Template>
            </Event>
            <Event>
                <Id>9</Id>
                <Version>0</Version>
                <Channel>Microsoft-Windows-Data-Pdf/Debug</Channel>
                <Level>Information</Level>
                <Task>LoadDocument</Task>
                <Opcode>Start</Opcode>
                <Keyword>Windows.Data.Pdf</Keyword>
                <Message><![CDATA[
Load Document Start]]></Message>
                <Template><![CDATA[
]]></Template>
            </Event>
            <Event>
                <Id>10</Id>
                <Version>0</Version>
                <Channel>Microsoft-Windows-Data-Pdf/Debug</Channel>
                <Level>Information</Level>
                <Task>LoadDocument</Task>
                <Opcode>Stop</Opcode>
                <Keyword>Windows.Data.Pdf</Keyword>
                <Message><![CDATA[
Load Document Stop]]></Message>
                <Template><![CDATA[
]]></Template>
            </Event>
        </EventMetadata>
    </Provider>
</Providers>
