<Providers>
    <Provider>
        <Name>Microsoft-Windows-BTH-BTHUSB</Name>
        <Metadata>
            <Guid>{33693E1D-246A-471B-83BE-3E75F47A832D}</Guid>
            <ResourceFilePath>%SystemRoot%\system32\drivers\bthusb.sys</ResourceFilePath>
            <ParameterFilePath></ParameterFilePath>
            <MessageFilePath>%SystemRoot%\system32\drivers\bthusb.sys</MessageFilePath>
            <HelpLink></HelpLink>
            <PublisherMessage></PublisherMessage>
            <Channels>
                <Channel>
                    <Message>Microsoft-Windows-BTH-BTHUSB/Operational</Message>
                    <Path>Microsoft-Windows-BTH-BTHUSB/Diagnostic</Path>
                    <Index>0</Index>
                    <Id>16</Id>
                    <Imported>false</Imported>
                </Channel>
                <Channel>
                    <Message>Microsoft-Windows-BTH-BTHUSB/Operational</Message>
                    <Path>Microsoft-Windows-BTH-BTHUSB/Performance</Path>
                    <Index>1</Index>
                    <Id>17</Id>
                    <Imported>false</Imported>
                </Channel>
            </Channels>
            <Levels>
                <Level>
                    <Message>Information</Message>
                    <Name>win:Informational</Name>
                    <Value>4</Value>
                </Level>
            </Levels>
            <Tasks>
                <Task>
                    <Message>Radio Host Controller</Message>
                    <Name>BTHUSB_HOST_CONTROLLER</Name>
                    <Guid>{E3CA7B62-82FE-4D26-8770-5440DAF9A85D}</Guid>
                    <Value>1</Value>
                </Task>
            </Tasks>
            <Opcodes>
                <Opcode>
                    <Message>Info</Message>
                    <Name>win:Info</Name>
                    <Value>0</Value>
                    <Task>0</Task>
                </Opcode>
                <Opcode>
                    <Message>Information</Message>
                    <Name>INFORMATION</Name>
                    <Value>14</Value>
                    <Task>0</Task>
                </Opcode>
            </Opcodes>
            <Keywords>
                <Keyword>
                    <Message></Message>
                    <Name>Diagnostic</Name>
                    <Value>1</Value>
                </Keyword>
            </Keywords>
        </Metadata>
        <EventMetadata>
            <Event>
                <Id>1</Id>
                <Version>0</Version>
                <Channel>Microsoft-Windows-BTH-BTHUSB/Operational</Channel>
                <Level>Information</Level>
                <Task>Radio Host Controller</Task>
                <Opcode>Information</Opcode>
                <Keyword>Diagnostic</Keyword>
                <Message><![CDATA[
Radio Host Controller Information]]></Message>
                <Template><![CDATA[
<template xmlns="http://schemas.microsoft.com/win/2004/08/events">
  <struct name="fid_BTHUSB_HC">
    <data name="USBVendorId" inType="win:UInt16" outType="win:HexInt16"/>
    <data name="USBDeviceId" inType="win:UInt16" outType="win:HexInt16"/>
  </struct>
  <struct name="fid_BTHUSB_HC_SELECTIVE_SUSPEND">
    <data name="RemoteWakeCapable" inType="win:Boolean" outType="xs:boolean"/>
    <data name="SelfPoweredCapable" inType="win:Boolean" outType="xs:boolean"/>
    <data name="SelfPoweredStatus" inType="win:Boolean" outType="xs:boolean"/>
    <data name="SelectiveSuspendDisabledViaRegistry" inType="win:Boolean" outType="xs:boolean"/>
    <data name="SelectiveSuspendEnabled" inType="win:Boolean" outType="xs:boolean"/>
  </struct>
  <data name="fid_BTHUSB_HC_Pdo_Name" inType="win:UnicodeString" outType="xs:string"/>
</template>
]]></Template>
            </Event>
            <Event>
                <Id>2</Id>
                <Version>0</Version>
                <Channel>Microsoft-Windows-BTH-BTHUSB/Operational</Channel>
                <Level>Information</Level>
                <Message><![CDATA[
BTHUSB Sending BIP to USB]]></Message>
                <Template><![CDATA[
<template xmlns="http://schemas.microsoft.com/win/2004/08/events">
  <data name="BIP_Type" inType="win:UInt8" outType="xs:unsignedByte"/>
  <data name="BIP_Length" inType="win:UInt32" outType="xs:unsignedInt"/>
</template>
]]></Template>
            </Event>
            <Event>
                <Id>3</Id>
                <Version>0</Version>
                <Channel>Microsoft-Windows-BTH-BTHUSB/Operational</Channel>
                <Level>Information</Level>
                <Message><![CDATA[
BTHUSB Receiving BIP from USB]]></Message>
                <Template><![CDATA[
<template xmlns="http://schemas.microsoft.com/win/2004/08/events">
  <data name="BIP_Type" inType="win:UInt8" outType="xs:unsignedByte"/>
  <data name="BIP_Length" inType="win:UInt32" outType="xs:unsignedInt"/>
</template>
]]></Template>
            </Event>
        </EventMetadata>
    </Provider>
</Providers>
