<Providers>
    <Provider>
        <Name>Microsoft-Windows-BackgroundTransfer-ContentPrefetcher</Name>
        <Metadata>
            <Guid>{648A0644-7D62-4FD3-8841-440064762F95}</Guid>
            <ResourceFilePath>%SystemRoot%\System32\Windows.Networking.BackgroundTransfer.ContentPrefetchTask.dll</ResourceFilePath>
            <ParameterFilePath></ParameterFilePath>
            <MessageFilePath>%SystemRoot%\System32\Windows.Networking.BackgroundTransfer.ContentPrefetchTask.dll</MessageFilePath>
            <HelpLink></HelpLink>
            <PublisherMessage>Microsoft-Windows-BackgroundTransfer-ContentPrefetcher</PublisherMessage>
            <Channels>
                <Channel>
                    <Message></Message>
                    <Path>Microsoft-Windows-BackgroundTransfer-ContentPrefetcher/Operational</Path>
                    <Index>0</Index>
                    <Id>16</Id>
                    <Imported>false</Imported>
                </Channel>
            </Channels>
            <Levels>
                <Level>
                    <Message>Error</Message>
                    <Name>win:Error</Name>
                    <Value>2</Value>
                </Level>
                <Level>
                    <Message>Warning</Message>
                    <Name>win:Warning</Name>
                    <Value>3</Value>
                </Level>
                <Level>
                    <Message>Information</Message>
                    <Name>win:Informational</Name>
                    <Value>4</Value>
                </Level>
            </Levels>
            <Tasks>
                <Task>
                    <Message>Prefetch Task Activity</Message>
                    <Name>FreshAppsTaskActivity</Name>
                    <Value>100</Value>
                </Task>
                <Task>
                    <Message>URI Fetch</Message>
                    <Name>FreshAppsTaskFetchUri</Name>
                    <Value>101</Value>
                </Task>
                <Task>
                    <Message>Indirect Content URI</Message>
                    <Name>FreshAppsTaskSourceUri</Name>
                    <Value>102</Value>
                </Task>
            </Tasks>
            <Opcodes>
                <Opcode>
                    <Message>Info</Message>
                    <Name>win:Info</Name>
                    <Value>0</Value>
                    <Task>0</Task>
                </Opcode>
            </Opcodes>
            <Keywords>
            </Keywords>
        </Metadata>
        <EventMetadata>
            <Event>
                <Id>0</Id>
                <Version>0</Version>
                <Channel>Microsoft-Windows-BackgroundTransfer-ContentPrefetcher/Operational</Channel>
                <Level>Information</Level>
                <Task>Prefetch Task Activity</Task>
                <Message><![CDATA[
The content prefetcher task has started for app %1]]></Message>
                <Template><![CDATA[
<template xmlns="http://schemas.microsoft.com/win/2004/08/events">
  <data name="appName" inType="win:UnicodeString" outType="xs:string"/>
</template>
]]></Template>
            </Event>
            <Event>
                <Id>1</Id>
                <Version>0</Version>
                <Channel>Microsoft-Windows-BackgroundTransfer-ContentPrefetcher/Operational</Channel>
                <Level>Information</Level>
                <Task>Prefetch Task Activity</Task>
                <Message><![CDATA[
The content prefetcher task has completed for app %1]]></Message>
                <Template><![CDATA[
<template xmlns="http://schemas.microsoft.com/win/2004/08/events">
  <data name="appName" inType="win:UnicodeString" outType="xs:string"/>
</template>
]]></Template>
            </Event>
            <Event>
                <Id>2</Id>
                <Version>0</Version>
                <Channel>Microsoft-Windows-BackgroundTransfer-ContentPrefetcher/Operational</Channel>
                <Level>Information</Level>
                <Task>URI Fetch</Task>
                <Message><![CDATA[
Fetch URI %1 started]]></Message>
                <Template><![CDATA[
<template xmlns="http://schemas.microsoft.com/win/2004/08/events">
  <data name="uri" inType="win:UnicodeString" outType="xs:string"/>
</template>
]]></Template>
            </Event>
            <Event>
                <Id>3</Id>
                <Version>0</Version>
                <Channel>Microsoft-Windows-BackgroundTransfer-ContentPrefetcher/Operational</Channel>
                <Level>Information</Level>
                <Task>URI Fetch</Task>
                <Message><![CDATA[
Fetch Indirect Content URI %1 started]]></Message>
                <Template><![CDATA[
<template xmlns="http://schemas.microsoft.com/win/2004/08/events">
  <data name="uri" inType="win:UnicodeString" outType="xs:string"/>
</template>
]]></Template>
            </Event>
            <Event>
                <Id>4</Id>
                <Version>0</Version>
                <Channel>Microsoft-Windows-BackgroundTransfer-ContentPrefetcher/Operational</Channel>
                <Level>Information</Level>
                <Task>URI Fetch</Task>
                <Message><![CDATA[
Fetch URI %1 completed. Status: %2 %3]]></Message>
                <Template><![CDATA[
<template xmlns="http://schemas.microsoft.com/win/2004/08/events">
  <data name="uri" inType="win:UnicodeString" outType="xs:string"/>
  <data name="httpStatusCode" inType="win:UInt32" outType="xs:unsignedInt"/>
  <data name="errorString" inType="win:UnicodeString" outType="xs:string"/>
</template>
]]></Template>
            </Event>
            <Event>
                <Id>6</Id>
                <Version>0</Version>
                <Channel>Microsoft-Windows-BackgroundTransfer-ContentPrefetcher/Operational</Channel>
                <Level>Error</Level>
                <Task>URI Fetch</Task>
                <Message><![CDATA[
Fetch URI %1 Failed with error %2: %3]]></Message>
                <Template><![CDATA[
<template xmlns="http://schemas.microsoft.com/win/2004/08/events">
  <data name="uri" inType="win:UnicodeString" outType="xs:string"/>
  <data name="statusCode" inType="win:UInt32" outType="win:HexInt32"/>
  <data name="errorString" inType="win:UnicodeString" outType="xs:string"/>
</template>
]]></Template>
            </Event>
            <Event>
                <Id>7</Id>
                <Version>0</Version>
                <Channel>Microsoft-Windows-BackgroundTransfer-ContentPrefetcher/Operational</Channel>
                <Level>Error</Level>
                <Task>URI Fetch</Task>
                <Message><![CDATA[
Fetch URI %1 Failed with error: %2]]></Message>
                <Template><![CDATA[
<template xmlns="http://schemas.microsoft.com/win/2004/08/events">
  <data name="uri" inType="win:UnicodeString" outType="xs:string"/>
  <data name="errorString" inType="win:AnsiString" outType="xs:string"/>
</template>
]]></Template>
            </Event>
            <Event>
                <Id>8</Id>
                <Version>0</Version>
                <Channel>Microsoft-Windows-BackgroundTransfer-ContentPrefetcher/Operational</Channel>
                <Level>Information</Level>
                <Task>Indirect Content URI</Task>
                <Message><![CDATA[
Fetch Indirect URI %1 responded with Xml data:
 %2]]></Message>
                <Template><![CDATA[
<template xmlns="http://schemas.microsoft.com/win/2004/08/events">
  <data name="uri" inType="win:UnicodeString" outType="xs:string"/>
  <data name="xmlBlob" inType="win:AnsiString" outType="xs:string"/>
</template>
]]></Template>
            </Event>
            <Event>
                <Id>9</Id>
                <Version>0</Version>
                <Channel>Microsoft-Windows-BackgroundTransfer-ContentPrefetcher/Operational</Channel>
                <Level>Error</Level>
                <Task>Indirect Content URI</Task>
                <Message><![CDATA[
Processing Indirect Content XML Document failed. 
Error code: %1 
Error reason: %2
Source text:%3
Error offset:%4]]></Message>
                <Template><![CDATA[
<template xmlns="http://schemas.microsoft.com/win/2004/08/events">
  <data name="statusCode" inType="win:UInt32" outType="win:HexInt32"/>
  <data name="errorReason" inType="win:UnicodeString" outType="xs:string"/>
  <data name="sourceText" inType="win:UnicodeString" outType="xs:string"/>
  <data name="errorOffset" inType="win:UInt32" outType="xs:unsignedInt"/>
</template>
]]></Template>
            </Event>
            <Event>
                <Id>10</Id>
                <Version>0</Version>
                <Channel>Microsoft-Windows-BackgroundTransfer-ContentPrefetcher/Operational</Channel>
                <Level>Information</Level>
                <Task>URI Fetch</Task>
                <Message><![CDATA[
Fetching %1 Content URIs.]]></Message>
                <Template><![CDATA[
<template xmlns="http://schemas.microsoft.com/win/2004/08/events">
  <data name="count" inType="win:UInt32" outType="xs:unsignedInt"/>
</template>
]]></Template>
            </Event>
            <Event>
                <Id>11</Id>
                <Version>0</Version>
                <Channel>Microsoft-Windows-BackgroundTransfer-ContentPrefetcher/Operational</Channel>
                <Level>Warning</Level>
                <Task>URI Fetch</Task>
                <Message><![CDATA[
Skipping fetch of URI %1 because the limit has already been exceeded.]]></Message>
                <Template><![CDATA[
<template xmlns="http://schemas.microsoft.com/win/2004/08/events">
  <data name="uri" inType="win:UnicodeString" outType="xs:string"/>
</template>
]]></Template>
            </Event>
            <Event>
                <Id>12</Id>
                <Version>0</Version>
                <Channel>Microsoft-Windows-BackgroundTransfer-ContentPrefetcher/Operational</Channel>
                <Level>Error</Level>
                <Task>Prefetch Task Activity</Task>
                <Message><![CDATA[
The content prefetcher task has completed for app %1 with error %2: %3]]></Message>
                <Template><![CDATA[
<template xmlns="http://schemas.microsoft.com/win/2004/08/events">
  <data name="appName" inType="win:UnicodeString" outType="xs:string"/>
  <data name="httpStatusCode" inType="win:UInt32" outType="win:HexInt32"/>
  <data name="errorString" inType="win:UnicodeString" outType="xs:string"/>
</template>
]]></Template>
            </Event>
            <Event>
                <Id>13</Id>
                <Version>0</Version>
                <Channel>Microsoft-Windows-BackgroundTransfer-ContentPrefetcher/Operational</Channel>
                <Level>Error</Level>
                <Task>Prefetch Task Activity</Task>
                <Message><![CDATA[
The content prefetcher task has completed for app %1 with error %2]]></Message>
                <Template><![CDATA[
<template xmlns="http://schemas.microsoft.com/win/2004/08/events">
  <data name="appName" inType="win:UnicodeString" outType="xs:string"/>
  <data name="errorString" inType="win:AnsiString" outType="xs:string"/>
</template>
]]></Template>
            </Event>
            <Event>
                <Id>14</Id>
                <Version>0</Version>
                <Channel>Microsoft-Windows-BackgroundTransfer-ContentPrefetcher/Operational</Channel>
                <Level>Error</Level>
                <Task>Prefetch Task Activity</Task>
                <Message><![CDATA[
The content prefetcher task has completed for app %1 with an unspecified error]]></Message>
                <Template><![CDATA[
<template xmlns="http://schemas.microsoft.com/win/2004/08/events">
  <data name="appName" inType="win:UnicodeString" outType="xs:string"/>
</template>
]]></Template>
            </Event>
            <Event>
                <Id>15</Id>
                <Version>0</Version>
                <Channel>Microsoft-Windows-BackgroundTransfer-ContentPrefetcher/Operational</Channel>
                <Level>Error</Level>
                <Task>Prefetch Task Activity</Task>
                <Message><![CDATA[
The content prefetcher task has completed for app %1 with error %2]]></Message>
                <Template><![CDATA[
<template xmlns="http://schemas.microsoft.com/win/2004/08/events">
  <data name="appName" inType="win:UnicodeString" outType="xs:string"/>
  <data name="errorString" inType="win:UInt32" outType="win:HexInt32"/>
</template>
]]></Template>
            </Event>
            <Event>
                <Id>16</Id>
                <Version>0</Version>
                <Channel>Microsoft-Windows-BackgroundTransfer-ContentPrefetcher/Operational</Channel>
                <Level>Error</Level>
                <Task>URI Fetch</Task>
                <Message><![CDATA[
Fetch URI %1 Failed with error: %2]]></Message>
                <Template><![CDATA[
<template xmlns="http://schemas.microsoft.com/win/2004/08/events">
  <data name="uri" inType="win:UnicodeString" outType="xs:string"/>
  <data name="statusCode" inType="win:UInt32" outType="win:HexInt32"/>
</template>
]]></Template>
            </Event>
            <Event>
                <Id>17</Id>
                <Version>0</Version>
                <Channel>Microsoft-Windows-BackgroundTransfer-ContentPrefetcher/Operational</Channel>
                <Level>Information</Level>
                <Task>Indirect Content URI</Task>
                <Message><![CDATA[
Fetching %1 Indirect Content URIs.]]></Message>
                <Template><![CDATA[
<template xmlns="http://schemas.microsoft.com/win/2004/08/events">
  <data name="count" inType="win:UInt32" outType="xs:unsignedInt"/>
</template>
]]></Template>
            </Event>
            <Event>
                <Id>18</Id>
                <Version>0</Version>
                <Channel>Microsoft-Windows-BackgroundTransfer-ContentPrefetcher/Operational</Channel>
                <Level>Information</Level>
                <Task>URI Fetch</Task>
                <Message><![CDATA[
The fetch of URI %1 was canceled due to timeout.]]></Message>
                <Template><![CDATA[
<template xmlns="http://schemas.microsoft.com/win/2004/08/events">
  <data name="uri" inType="win:UnicodeString" outType="xs:string"/>
</template>
]]></Template>
            </Event>
        </EventMetadata>
    </Provider>
</Providers>
