<Providers>
    <Provider>
        <Name>Microsoft-Windows-Crypto-DSSEnh</Name>
        <Metadata>
            <Guid>{43DAD447-735F-4829-A6FF-9829A87419FF}</Guid>
            <ResourceFilePath>%SystemRoot%\System32\dssenh.dll</ResourceFilePath>
            <ParameterFilePath></ParameterFilePath>
            <MessageFilePath>%SystemRoot%\System32\dssenh.dll</MessageFilePath>
            <HelpLink></HelpLink>
            <PublisherMessage>Microsoft-Windows-Crypto-DSSEnh</PublisherMessage>
            <Channels>
                <Channel>
                    <Message>Microsoft-Windows-Crypto-DSSEnh/Analytic</Message>
                    <Path>Microsoft-Windows-Crypto-DSSEnh/Analytic</Path>
                    <Index>0</Index>
                    <Id>16</Id>
                    <Imported>false</Imported>
                </Channel>
            </Channels>
            <Levels>
            </Levels>
            <Tasks>
                <Task>
                    <Message></Message>
                    <Name>OperationFailed</Name>
                    <Value>1</Value>
                </Task>
                <Task>
                    <Message></Message>
                    <Name>GetUserStorageAreaFailed</Name>
                    <Value>2</Value>
                </Task>
                <Task>
                    <Message></Message>
                    <Name>OpenFileInStorageArea</Name>
                    <Value>3</Value>
                </Task>
                <Task>
                    <Message></Message>
                    <Name>DeleteFileInStorageArea</Name>
                    <Value>4</Value>
                </Task>
                <Task>
                    <Message></Message>
                    <Name>DeleteKeyContainer</Name>
                    <Value>5</Value>
                </Task>
                <Task>
                    <Message></Message>
                    <Name>MyCreateFile</Name>
                    <Value>6</Value>
                </Task>
                <Task>
                    <Message></Message>
                    <Name>SetSecurityOnContainer</Name>
                    <Value>7</Value>
                </Task>
                <Task>
                    <Message></Message>
                    <Name>CreateFileW</Name>
                    <Value>8</Value>
                </Task>
                <Task>
                    <Message></Message>
                    <Name>DeleteFileW</Name>
                    <Value>9</Value>
                </Task>
                <Task>
                    <Message></Message>
                    <Name>ReadContainerInfo</Name>
                    <Value>10</Value>
                </Task>
                <Task>
                    <Message></Message>
                    <Name>WriteContainerInfo</Name>
                    <Value>11</Value>
                </Task>
                <Task>
                    <Message></Message>
                    <Name>DeleteContainerInfo</Name>
                    <Value>12</Value>
                </Task>
            </Tasks>
            <Opcodes>
            </Opcodes>
            <Keywords>
            </Keywords>
        </Metadata>
        <EventMetadata>
            <Event>
                <Id>1</Id>
                <Version>0</Version>
                <Channel>Microsoft-Windows-Crypto-DSSEnh/Analytic</Channel>
                <Task>OperationFailed</Task>
                <Message><![CDATA[
Operation failed.

 Operation Type: 	%1
 Process: 	%2
 Error code: 	%3
]]></Message>
                <Template><![CDATA[
<template xmlns="http://schemas.microsoft.com/win/2004/08/events">
  <data name="OperationType" inType="win:UInt32" outType="xs:unsignedInt"/>
  <data name="ProcessName" inType="win:UnicodeString" outType="xs:string"/>
  <data name="Status" inType="win:HexInt32" outType="win:ErrorCode"/>
</template>
]]></Template>
            </Event>
            <Event>
                <Id>2</Id>
                <Version>0</Version>
                <Channel>Microsoft-Windows-Crypto-DSSEnh/Analytic</Channel>
                <Task>GetUserStorageAreaFailed</Task>
                <Message><![CDATA[
%6

 Process: 	%1
 Provider type: 	%2
 MachineKeyset: 	%3
 AppContainer: 	%4
 Error code: 	%5
]]></Message>
                <Template><![CDATA[
<template xmlns="http://schemas.microsoft.com/win/2004/08/events">
  <data name="ProcessName" inType="win:UnicodeString" outType="xs:string"/>
  <data name="ProviderType" inType="win:UInt32" outType="xs:unsignedInt"/>
  <data name="MachineKeyset" inType="win:UInt32" outType="xs:unsignedInt"/>
  <data name="AppContainer" inType="win:Boolean" outType="xs:boolean"/>
  <data name="Status" inType="win:UInt32" outType="xs:unsignedInt"/>
  <data name="ErrorDescription" inType="win:UnicodeString" outType="xs:string"/>
</template>
]]></Template>
            </Event>
            <Event>
                <Id>3</Id>
                <Version>0</Version>
                <Channel>Microsoft-Windows-Crypto-DSSEnh/Analytic</Channel>
                <Task>OpenFileInStorageArea</Task>
                <Message><![CDATA[
%7

 Process: 	%1
 User Storage Area: 	%3
 Container Name: 	%4
 MachineKeyset: 	%5
 Error code: 	%6
]]></Message>
                <Template><![CDATA[
<template xmlns="http://schemas.microsoft.com/win/2004/08/events">
  <data name="ProcessName" inType="win:UnicodeString" outType="xs:string"/>
  <data name="MachineKeyset" inType="win:Boolean" outType="xs:boolean"/>
  <data name="DesiredAccess" inType="win:UInt32" outType="xs:unsignedInt"/>
  <data name="UserStorageArea" inType="win:UnicodeString" outType="xs:string"/>
  <data name="FileName" inType="win:UnicodeString" outType="xs:string"/>
  <data name="Status" inType="win:UInt32" outType="xs:unsignedInt"/>
  <data name="ErrorDescription" inType="win:UnicodeString" outType="xs:string"/>
</template>
]]></Template>
            </Event>
            <Event>
                <Id>4</Id>
                <Version>0</Version>
                <Channel>Microsoft-Windows-Crypto-DSSEnh/Analytic</Channel>
                <Task>DeleteFileInStorageArea</Task>
                <Message><![CDATA[
%5

 Process: 	%1
 User Storage Area: 	%2
 New file name: 	%3
 Error code: 	%4
]]></Message>
                <Template><![CDATA[
<template xmlns="http://schemas.microsoft.com/win/2004/08/events">
  <data name="ProcessName" inType="win:UnicodeString" outType="xs:string"/>
  <data name="UserStoragePath" inType="win:UnicodeString" outType="xs:string"/>
  <data name="FileName" inType="win:UnicodeString" outType="xs:string"/>
  <data name="Status" inType="win:UInt32" outType="xs:unsignedInt"/>
  <data name="ErrorDescription" inType="win:UnicodeString" outType="xs:string"/>
</template>
]]></Template>
            </Event>
            <Event>
                <Id>5</Id>
                <Version>0</Version>
                <Channel>Microsoft-Windows-Crypto-DSSEnh/Analytic</Channel>
                <Task>DeleteKeyContainer</Task>
                <Message><![CDATA[
%6

 Process: 	%1
 User Storage Area: 	%2
 File name: 	%3
 AppContainer: 	%4
 Error code: 	%5
]]></Message>
                <Template><![CDATA[
<template xmlns="http://schemas.microsoft.com/win/2004/08/events">
  <data name="ProcessName" inType="win:UnicodeString" outType="xs:string"/>
  <data name="UserStoragePath" inType="win:UnicodeString" outType="xs:string"/>
  <data name="FileName" inType="win:AnsiString" outType="xs:string"/>
  <data name="AppContainer" inType="win:Boolean" outType="xs:boolean"/>
  <data name="Status" inType="win:UInt32" outType="xs:unsignedInt"/>
  <data name="ErrorDescription" inType="win:UnicodeString" outType="xs:string"/>
</template>
]]></Template>
            </Event>
            <Event>
                <Id>6</Id>
                <Version>0</Version>
                <Channel>Microsoft-Windows-Crypto-DSSEnh/Analytic</Channel>
                <Task>MyCreateFile</Task>
                <Message><![CDATA[
%7

 Process: 	%1
 File Path: 	%2
 Desired Access: 	%3
 Share Mode: 	%4
 Creation Disposition: 	%5
 Attributes: 	%6
]]></Message>
                <Template><![CDATA[
<template xmlns="http://schemas.microsoft.com/win/2004/08/events">
  <data name="ProcessName" inType="win:UnicodeString" outType="xs:string"/>
  <data name="MachineKeyset" inType="win:Boolean" outType="xs:boolean"/>
  <data name="FilePath" inType="win:UnicodeString" outType="xs:string"/>
  <data name="DesiredAccess" inType="win:UInt32" outType="xs:unsignedInt"/>
  <data name="ShareMode" inType="win:UInt32" outType="xs:unsignedInt"/>
  <data name="CreationDisposition" inType="win:UInt32" outType="xs:unsignedInt"/>
  <data name="Attributes" inType="win:UInt32" outType="xs:unsignedInt"/>
  <data name="Status" inType="win:UInt32" outType="xs:unsignedInt"/>
  <data name="ErrorDescription" inType="win:UnicodeString" outType="xs:string"/>
</template>
]]></Template>
            </Event>
            <Event>
                <Id>7</Id>
                <Version>0</Version>
                <Channel>Microsoft-Windows-Crypto-DSSEnh/Analytic</Channel>
                <Task>SetSecurityOnContainer</Task>
                <Message><![CDATA[
%7

 Process: 	%1
 File Path: 	%2
 MachineKeyset: 	%3
 SecurityInformation: 	%4
 AppContainer: 	%5
 Error code: 	%6
]]></Message>
                <Template><![CDATA[
<template xmlns="http://schemas.microsoft.com/win/2004/08/events">
  <data name="ProcessName" inType="win:UnicodeString" outType="xs:string"/>
  <data name="FileName" inType="win:UnicodeString" outType="xs:string"/>
  <data name="ProviderType" inType="win:UInt32" outType="xs:unsignedInt"/>
  <data name="MachineKeyset" inType="win:Boolean" outType="xs:boolean"/>
  <data name="SecurityInformation" inType="win:UInt32" outType="xs:unsignedInt"/>
  <data name="AppContainer" inType="win:Boolean" outType="xs:boolean"/>
  <data name="Status" inType="win:UInt32" outType="xs:unsignedInt"/>
  <data name="ErrorDescription" inType="win:UnicodeString" outType="xs:string"/>
</template>
]]></Template>
            </Event>
            <Event>
                <Id>8</Id>
                <Version>0</Version>
                <Channel>Microsoft-Windows-Crypto-DSSEnh/Analytic</Channel>
                <Task>CreateFileW</Task>
                <Message><![CDATA[
%8

 Process: 	%1
 File Path: 	%2
 Provider Type: 	%3
 MachineKeyset: 	%4
 Security Info: 	%5
 AppContainer: 	%6
 Error code: 	%7
]]></Message>
                <Template><![CDATA[
<template xmlns="http://schemas.microsoft.com/win/2004/08/events">
  <data name="ProcessName" inType="win:UnicodeString" outType="xs:string"/>
  <data name="FilePath" inType="win:UnicodeString" outType="xs:string"/>
  <data name="DesiredAccess" inType="win:UInt32" outType="xs:unsignedInt"/>
  <data name="ShareMode" inType="win:UInt32" outType="xs:unsignedInt"/>
  <data name="CreationDisposition" inType="win:UInt32" outType="xs:unsignedInt"/>
  <data name="Attributes" inType="win:UInt32" outType="xs:unsignedInt"/>
  <data name="Status" inType="win:UInt32" outType="xs:unsignedInt"/>
  <data name="ErrorDescription" inType="win:UnicodeString" outType="xs:string"/>
</template>
]]></Template>
            </Event>
            <Event>
                <Id>9</Id>
                <Version>0</Version>
                <Channel>Microsoft-Windows-Crypto-DSSEnh/Analytic</Channel>
                <Task>DeleteFileW</Task>
                <Message><![CDATA[
%4

 Process: 	%1
 File Path: 	%2
 Error code: 	%3
]]></Message>
                <Template><![CDATA[
<template xmlns="http://schemas.microsoft.com/win/2004/08/events">
  <data name="ProcessName" inType="win:UnicodeString" outType="xs:string"/>
  <data name="FilePath" inType="win:UnicodeString" outType="xs:string"/>
  <data name="Status" inType="win:UInt32" outType="xs:unsignedInt"/>
  <data name="ErrorDescription" inType="win:UnicodeString" outType="xs:string"/>
</template>
]]></Template>
            </Event>
            <Event>
                <Id>10</Id>
                <Version>0</Version>
                <Channel>Microsoft-Windows-Crypto-DSSEnh/Analytic</Channel>
                <Task>ReadContainerInfo</Task>
                <Message><![CDATA[
%6

 Process: 	%1
 Provider Type: 	%2
 Container Name: 	%3
 Machine Keyset: 	%4
 Error code: 	%5
]]></Message>
                <Template><![CDATA[
<template xmlns="http://schemas.microsoft.com/win/2004/08/events">
  <data name="ProcessName" inType="win:UnicodeString" outType="xs:string"/>
  <data name="ProviderType" inType="win:UInt32" outType="xs:unsignedInt"/>
  <data name="ContainerName" inType="win:AnsiString" outType="xs:string"/>
  <data name="MachineKeyset" inType="win:Boolean" outType="xs:boolean"/>
  <data name="Status" inType="win:UInt32" outType="xs:unsignedInt"/>
  <data name="ErrorDescription" inType="win:UnicodeString" outType="xs:string"/>
</template>
]]></Template>
            </Event>
            <Event>
                <Id>11</Id>
                <Version>0</Version>
                <Channel>Microsoft-Windows-Crypto-DSSEnh/Analytic</Channel>
                <Task>WriteContainerInfo</Task>
                <Message><![CDATA[
%6

 Process: 	%1
 Provider Type: 	%2
 Container Name: 	%3
 Machine Keyset: 	%4
 Error code: 	%5
]]></Message>
                <Template><![CDATA[
<template xmlns="http://schemas.microsoft.com/win/2004/08/events">
  <data name="ProcessName" inType="win:UnicodeString" outType="xs:string"/>
  <data name="ProviderType" inType="win:UInt32" outType="xs:unsignedInt"/>
  <data name="ContainerName" inType="win:UnicodeString" outType="xs:string"/>
  <data name="MachineKeyset" inType="win:Boolean" outType="xs:boolean"/>
  <data name="Status" inType="win:UInt32" outType="xs:unsignedInt"/>
  <data name="ErrorDescription" inType="win:UnicodeString" outType="xs:string"/>
</template>
]]></Template>
            </Event>
            <Event>
                <Id>12</Id>
                <Version>0</Version>
                <Channel>Microsoft-Windows-Crypto-DSSEnh/Analytic</Channel>
                <Task>DeleteContainerInfo</Task>
                <Message><![CDATA[
%6

 Process: 	%1
 Provider Type: 	%2
 Container Name: 	%3
 Machine Keyset: 	%4
 Error code: 	%5
]]></Message>
                <Template><![CDATA[
<template xmlns="http://schemas.microsoft.com/win/2004/08/events">
  <data name="ProcessName" inType="win:UnicodeString" outType="xs:string"/>
  <data name="ProviderType" inType="win:UInt32" outType="xs:unsignedInt"/>
  <data name="ContainerName" inType="win:AnsiString" outType="xs:string"/>
  <data name="MachineKeyset" inType="win:Boolean" outType="xs:boolean"/>
  <data name="AppContainer" inType="win:Boolean" outType="xs:boolean"/>
  <data name="Status" inType="win:UInt32" outType="xs:unsignedInt"/>
  <data name="ErrorDescription" inType="win:UnicodeString" outType="xs:string"/>
</template>
]]></Template>
            </Event>
            <Event>
                <Id>13</Id>
                <Version>0</Version>
                <Channel>Microsoft-Windows-Crypto-DSSEnh/Analytic</Channel>
                <Task>ReadContainerInfo</Task>
                <Message><![CDATA[
Attempting to read key container info.

 Process: 	%1
 Provider Type: 	%2
 Container Name: 	%3
 Machine Keyset: 	%4
]]></Message>
                <Template><![CDATA[
<template xmlns="http://schemas.microsoft.com/win/2004/08/events">
  <data name="ProcessName" inType="win:UnicodeString" outType="xs:string"/>
  <data name="ProviderType" inType="win:UInt32" outType="xs:unsignedInt"/>
  <data name="ContainerName" inType="win:AnsiString" outType="xs:string"/>
  <data name="MachineKeyset" inType="win:Boolean" outType="xs:boolean"/>
</template>
]]></Template>
            </Event>
            <Event>
                <Id>14</Id>
                <Version>0</Version>
                <Channel>Microsoft-Windows-Crypto-DSSEnh/Analytic</Channel>
                <Task>WriteContainerInfo</Task>
                <Message><![CDATA[
Attempting to write key container info.

 Process: 	%1
 Provider Type: 	%2
 Container Name: 	%3
 Machine Keyset: 	%4
]]></Message>
                <Template><![CDATA[
<template xmlns="http://schemas.microsoft.com/win/2004/08/events">
  <data name="ProcessName" inType="win:UnicodeString" outType="xs:string"/>
  <data name="ProviderType" inType="win:UInt32" outType="xs:unsignedInt"/>
  <data name="ContainerName" inType="win:UnicodeString" outType="xs:string"/>
  <data name="MachineKeyset" inType="win:Boolean" outType="xs:boolean"/>
</template>
]]></Template>
            </Event>
            <Event>
                <Id>15</Id>
                <Version>0</Version>
                <Channel>Microsoft-Windows-Crypto-DSSEnh/Analytic</Channel>
                <Task>DeleteContainerInfo</Task>
                <Message><![CDATA[
Attempting to delete key container info.

 Process: 	%1
 Provider Type: 	%2
 Container Name: 	%3
 Machine Keyset: 	%4
]]></Message>
                <Template><![CDATA[
<template xmlns="http://schemas.microsoft.com/win/2004/08/events">
  <data name="ProcessName" inType="win:UnicodeString" outType="xs:string"/>
  <data name="ProviderType" inType="win:UInt32" outType="xs:unsignedInt"/>
  <data name="ContainerName" inType="win:AnsiString" outType="xs:string"/>
  <data name="MachineKeyset" inType="win:Boolean" outType="xs:boolean"/>
  <data name="AppContainer" inType="win:Boolean" outType="xs:boolean"/>
</template>
]]></Template>
            </Event>
        </EventMetadata>
    </Provider>
</Providers>
