<Providers>
    <Provider>
        <Name>Microsoft-Windows-CertificationAuthorityClient-CertCli</Name>
        <Metadata>
            <Guid>{98BF1CD3-583E-4926-95EE-A61BF3F46470}</Guid>
            <ResourceFilePath>%SystemRoot%\system32\certcli.dll</ResourceFilePath>
            <ParameterFilePath></ParameterFilePath>
            <MessageFilePath>%SystemRoot%\system32\certcli.dll</MessageFilePath>
            <HelpLink></HelpLink>
            <PublisherMessage>Microsoft-Windows-CertificationAuthorityClient-CertCli</PublisherMessage>
            <Channels>
                <Channel>
                    <Message>Application</Message>
                    <Path>Application</Path>
                    <Index>0</Index>
                    <Id>9</Id>
                    <Imported>true</Imported>
                </Channel>
            </Channels>
            <Levels>
            </Levels>
            <Tasks>
            </Tasks>
            <Opcodes>
            </Opcodes>
            <Keywords>
                <Keyword>
                    <Message>Classic</Message>
                    <Name>win:EventlogClassic</Name>
                    <Value>36028797018963968</Value>
                </Keyword>
            </Keywords>
        </Metadata>
        <EventMetadata>
            <Event>
                <Id>10000</Id>
                <Version>0</Version>
                <Message><![CDATA[
Certificate Enrollment Server %1 was not able to process the request: %2]]></Message>
                <Template><![CDATA[
<template xmlns="http://schemas.microsoft.com/win/2004/08/events">
  <data name="ServerURL" inType="win:UnicodeString" outType="xs:string"/>
  <data name="FaultString" inType="win:UnicodeString" outType="xs:string"/>
</template>
]]></Template>
            </Event>
        </EventMetadata>
    </Provider>
</Providers>
