<Providers>
    <Provider>
        <Name>Microsoft-Windows-Deplorch</Name>
        <Metadata>
            <Guid>{B9DA9FE6-AE5F-4F3E-B2FA-8E623C11DC75}</Guid>
            <ResourceFilePath>%SystemRoot%\system32\setupetw.dll</ResourceFilePath>
            <ParameterFilePath></ParameterFilePath>
            <MessageFilePath>%SystemRoot%\system32\setupetw.dll</MessageFilePath>
            <HelpLink></HelpLink>
            <PublisherMessage>Microsoft-Windows-Deplorch</PublisherMessage>
            <Channels>
                <Channel>
                    <Message></Message>
                    <Path>Microsoft-Windows-Deplorch/Analytic</Path>
                    <Index>0</Index>
                    <Id>16</Id>
                    <Imported>false</Imported>
                </Channel>
                <Channel>
                    <Message></Message>
                    <Path>Setup</Path>
                    <Index>1</Index>
                    <Id>17</Id>
                    <Imported>true</Imported>
                </Channel>
            </Channels>
            <Levels>
                <Level>
                    <Message>Information</Message>
                    <Name>win:Informational</Name>
                    <Value>4</Value>
                </Level>
            </Levels>
            <Tasks>
                <Task>
                    <Message>Start System Services</Message>
                    <Name>tskStartSystemServices</Name>
                    <Guid>{0D12CC84-14BA-4C48-9C41-00C4FE15566E}</Guid>
                    <Value>1000</Value>
                </Task>
            </Tasks>
            <Opcodes>
                <Opcode>
                    <Message>Start</Message>
                    <Name>win:Start</Name>
                    <Value>1</Value>
                    <Task>0</Task>
                </Opcode>
                <Opcode>
                    <Message>Stop</Message>
                    <Name>win:Stop</Name>
                    <Value>2</Value>
                    <Task>0</Task>
                </Opcode>
            </Opcodes>
            <Keywords>
                <Keyword>
                    <Message>Performance</Message>
                    <Name>keyPerformance</Name>
                    <Value>1</Value>
                </Keyword>
                <Keyword>
                    <Message></Message>
                    <Name>ms:ReservedKeyword44</Name>
                    <Value>17592186044416</Value>
                </Keyword>
                <Keyword>
                    <Message></Message>
                    <Name>ms:Telemetry</Name>
                    <Value>35184372088832</Value>
                </Keyword>
                <Keyword>
                    <Message></Message>
                    <Name>ms:Measures</Name>
                    <Value>70368744177664</Value>
                </Keyword>
                <Keyword>
                    <Message></Message>
                    <Name>ms:CriticalData</Name>
                    <Value>140737488355328</Value>
                </Keyword>
            </Keywords>
        </Metadata>
        <EventMetadata>
            <Event>
                <Id>1001</Id>
                <Version>0</Version>
                <Channel>Microsoft-Windows-Deplorch/Analytic</Channel>
                <Level>Information</Level>
                <Task>Start System Services</Task>
                <Opcode>Start</Opcode>
                <Keyword>Performance</Keyword>
                <Message><![CDATA[
Starting system services.]]></Message>
                <Template><![CDATA[
]]></Template>
            </Event>
            <Event>
                <Id>1002</Id>
                <Version>0</Version>
                <Channel>Microsoft-Windows-Deplorch/Analytic</Channel>
                <Level>Information</Level>
                <Task>Start System Services</Task>
                <Opcode>Stop</Opcode>
                <Keyword>Performance</Keyword>
                <Message><![CDATA[
Finished starting system services with status %1.]]></Message>
                <Template><![CDATA[
<template xmlns="http://schemas.microsoft.com/win/2004/08/events">
  <data name="ErrorCode" inType="win:UInt32" outType="xs:unsignedInt"/>
</template>
]]></Template>
            </Event>
        </EventMetadata>
    </Provider>
</Providers>
