<Providers>
    <Provider>
        <Name>Microsoft-Windows-Defrag-Core</Name>
        <Metadata>
            <Guid>{E3257C8C-C7CB-444F-9DA0-5D92A2625289}</Guid>
            <ResourceFilePath>%SystemRoot%\System32\defragres.dll</ResourceFilePath>
            <ParameterFilePath></ParameterFilePath>
            <MessageFilePath>%SystemRoot%\System32\defragres.dll</MessageFilePath>
            <HelpLink></HelpLink>
            <PublisherMessage></PublisherMessage>
            <Channels>
                <Channel>
                    <Message></Message>
                    <Path>Microsoft-Windows-Defrag-Core/Debug</Path>
                    <Index>0</Index>
                    <Id>16</Id>
                    <Imported>false</Imported>
                </Channel>
            </Channels>
            <Levels>
            </Levels>
            <Tasks>
                <Task>
                    <Message></Message>
                    <Name>TierOptimization</Name>
                    <Value>1</Value>
                </Task>
                <Task>
                    <Message></Message>
                    <Name>TierOptimizationReconcile</Name>
                    <Value>2</Value>
                </Task>
                <Task>
                    <Message></Message>
                    <Name>TierOptimizationHeatProcessing</Name>
                    <Value>3</Value>
                </Task>
                <Task>
                    <Message></Message>
                    <Name>TierOptimizationMove</Name>
                    <Value>4</Value>
                </Task>
                <Task>
                    <Message></Message>
                    <Name>TierOptimizationDefrag</Name>
                    <Value>5</Value>
                </Task>
                <Task>
                    <Message></Message>
                    <Name>TierOptimizationStats</Name>
                    <Value>6</Value>
                </Task>
            </Tasks>
            <Opcodes>
                <Opcode>
                    <Message>Start</Message>
                    <Name>win:Start</Name>
                    <Value>1</Value>
                    <Task>0</Task>
                </Opcode>
                <Opcode>
                    <Message>Stop</Message>
                    <Name>win:Stop</Name>
                    <Value>2</Value>
                    <Task>0</Task>
                </Opcode>
            </Opcodes>
            <Keywords>
            </Keywords>
        </Metadata>
        <EventMetadata>
            <Event>
                <Id>1</Id>
                <Version>0</Version>
                <Channel>Microsoft-Windows-Defrag-Core/Debug</Channel>
                <Task>TierOptimization</Task>
                <Opcode>Start</Opcode>
                <Template><![CDATA[
]]></Template>
            </Event>
            <Event>
                <Id>2</Id>
                <Version>0</Version>
                <Channel>Microsoft-Windows-Defrag-Core/Debug</Channel>
                <Task>TierOptimization</Task>
                <Opcode>Stop</Opcode>
                <Template><![CDATA[
]]></Template>
            </Event>
            <Event>
                <Id>3</Id>
                <Version>0</Version>
                <Channel>Microsoft-Windows-Defrag-Core/Debug</Channel>
                <Task>TierOptimization</Task>
                <Opcode>Start</Opcode>
                <Template><![CDATA[
]]></Template>
            </Event>
            <Event>
                <Id>4</Id>
                <Version>0</Version>
                <Channel>Microsoft-Windows-Defrag-Core/Debug</Channel>
                <Task>TierOptimization</Task>
                <Opcode>Stop</Opcode>
                <Template><![CDATA[
]]></Template>
            </Event>
            <Event>
                <Id>5</Id>
                <Version>0</Version>
                <Channel>Microsoft-Windows-Defrag-Core/Debug</Channel>
                <Task>TierOptimization</Task>
                <Opcode>Start</Opcode>
                <Template><![CDATA[
]]></Template>
            </Event>
            <Event>
                <Id>6</Id>
                <Version>0</Version>
                <Channel>Microsoft-Windows-Defrag-Core/Debug</Channel>
                <Task>TierOptimization</Task>
                <Opcode>Stop</Opcode>
                <Template><![CDATA[
]]></Template>
            </Event>
            <Event>
                <Id>7</Id>
                <Version>0</Version>
                <Channel>Microsoft-Windows-Defrag-Core/Debug</Channel>
                <Task>TierOptimization</Task>
                <Opcode>Start</Opcode>
                <Template><![CDATA[
]]></Template>
            </Event>
            <Event>
                <Id>8</Id>
                <Version>0</Version>
                <Channel>Microsoft-Windows-Defrag-Core/Debug</Channel>
                <Task>TierOptimization</Task>
                <Opcode>Stop</Opcode>
                <Template><![CDATA[
]]></Template>
            </Event>
            <Event>
                <Id>9</Id>
                <Version>0</Version>
                <Channel>Microsoft-Windows-Defrag-Core/Debug</Channel>
                <Task>TierOptimization</Task>
                <Opcode>Start</Opcode>
                <Template><![CDATA[
]]></Template>
            </Event>
            <Event>
                <Id>10</Id>
                <Version>0</Version>
                <Channel>Microsoft-Windows-Defrag-Core/Debug</Channel>
                <Task>TierOptimization</Task>
                <Opcode>Stop</Opcode>
                <Template><![CDATA[
]]></Template>
            </Event>
            <Event>
                <Id>11</Id>
                <Version>0</Version>
                <Channel>Microsoft-Windows-Defrag-Core/Debug</Channel>
                <Task>TierOptimization</Task>
                <Opcode>Start</Opcode>
                <Template><![CDATA[
]]></Template>
            </Event>
            <Event>
                <Id>12</Id>
                <Version>0</Version>
                <Channel>Microsoft-Windows-Defrag-Core/Debug</Channel>
                <Task>TierOptimization</Task>
                <Opcode>Stop</Opcode>
                <Template><![CDATA[
]]></Template>
            </Event>
        </EventMetadata>
    </Provider>
</Providers>
