<Providers>
    <Provider>
        <Name>Microsoft-Windows-Containers-BindFlt-Mapping</Name>
        <Metadata>
            <Guid>{8FE0DD83-1368-5786-3A82-F746C6F1DD62}</Guid>
            <ResourceFilePath>%SystemRoot%\system32\drivers\bindflt.sys</ResourceFilePath>
            <ParameterFilePath>%SystemRoot%\system32\drivers\bindflt.sys</ParameterFilePath>
            <MessageFilePath>%SystemRoot%\system32\drivers\bindflt.sys</MessageFilePath>
            <HelpLink></HelpLink>
        </Metadata>
        <EventMetadata>
        </EventMetadata>
    </Provider>
</Providers>
