<Providers>
    <Provider>
        <Name>Microsoft-Windows-Direct3D10_1</Name>
        <Metadata>
            <Guid>{9B7E4C8F-342C-4106-A19F-4F2704F689F0}</Guid>
            <ResourceFilePath>%SystemRoot%\system32\d3d10_1core.dll</ResourceFilePath>
            <ParameterFilePath></ParameterFilePath>
            <MessageFilePath>%SystemRoot%\system32\d3d10_1core.dll</MessageFilePath>
            <HelpLink></HelpLink>
            <PublisherMessage></PublisherMessage>
            <Channels>
                <Channel>
                    <Message></Message>
                    <Path>Microsoft-Windows-Direct3D10_1/Analytic</Path>
                    <Index>0</Index>
                    <Id>16</Id>
                    <Imported>false</Imported>
                </Channel>
            </Channels>
            <Levels>
                <Level>
                    <Message>Log Always</Message>
                    <Name>win:LogAlways</Name>
                    <Value>0</Value>
                </Level>
            </Levels>
            <Tasks>
                <Task>
                    <Message></Message>
                    <Name>Name</Name>
                    <Value>1</Value>
                </Task>
                <Task>
                    <Message></Message>
                    <Name>Device</Name>
                    <Value>2</Value>
                </Task>
                <Task>
                    <Message></Message>
                    <Name>Buffer</Name>
                    <Value>4</Value>
                </Task>
                <Task>
                    <Message></Message>
                    <Name>Texture1D</Name>
                    <Value>5</Value>
                </Task>
                <Task>
                    <Message></Message>
                    <Name>Texture2D</Name>
                    <Value>6</Value>
                </Task>
                <Task>
                    <Message></Message>
                    <Name>Texture3D</Name>
                    <Value>7</Value>
                </Task>
            </Tasks>
            <Opcodes>
                <Opcode>
                    <Message>Info</Message>
                    <Name>win:Info</Name>
                    <Value>0</Value>
                    <Task>0</Task>
                </Opcode>
                <Opcode>
                    <Message>Start</Message>
                    <Name>win:Start</Name>
                    <Value>1</Value>
                    <Task>0</Task>
                </Opcode>
                <Opcode>
                    <Message>Stop</Message>
                    <Name>win:Stop</Name>
                    <Value>2</Value>
                    <Task>0</Task>
                </Opcode>
                <Opcode>
                    <Message>DCStart</Message>
                    <Name>win:DC_Start</Name>
                    <Value>3</Value>
                    <Task>0</Task>
                </Opcode>
            </Opcodes>
            <Keywords>
                <Keyword>
                    <Message></Message>
                    <Name>Names</Name>
                    <Value>1</Value>
                </Keyword>
                <Keyword>
                    <Message></Message>
                    <Name>Devices</Name>
                    <Value>2</Value>
                </Keyword>
                <Keyword>
                    <Message></Message>
                    <Name>Resources</Name>
                    <Value>4</Value>
                </Keyword>
            </Keywords>
        </Metadata>
        <EventMetadata>
            <Event>
                <Id>1</Id>
                <Version>0</Version>
                <Channel>Microsoft-Windows-Direct3D10_1/Analytic</Channel>
                <Task>Name</Task>
                <Keyword>Names</Keyword>
                <Template><![CDATA[
<template xmlns="http://schemas.microsoft.com/win/2004/08/events">
  <data name="pObject" inType="win:Pointer" outType="win:HexInt64"/>
  <data name="CchOldDebugObjectName" inType="win:UInt32" outType="xs:unsignedInt"/>
  <data name="OldDebugObjectName" inType="win:AnsiString" outType="xs:string" length="CchOldDebugObjectName"/>
  <data name="CchNewDebugObjectName" inType="win:UInt32" outType="xs:unsignedInt"/>
  <data name="NewDebugObjectName" inType="win:AnsiString" outType="xs:string" length="CchNewDebugObjectName"/>
</template>
]]></Template>
            </Event>
            <Event>
                <Id>2</Id>
                <Version>0</Version>
                <Channel>Microsoft-Windows-Direct3D10_1/Analytic</Channel>
                <Task>Name</Task>
                <Opcode>DCStart</Opcode>
                <Keyword>Names</Keyword>
                <Template><![CDATA[
<template xmlns="http://schemas.microsoft.com/win/2004/08/events">
  <data name="pObject" inType="win:Pointer" outType="win:HexInt64"/>
  <data name="CchDebugObjectName" inType="win:UInt32" outType="xs:unsignedInt"/>
  <data name="DebugObjectName" inType="win:AnsiString" outType="xs:string" length="CchDebugObjectName"/>
</template>
]]></Template>
            </Event>
            <Event>
                <Id>3</Id>
                <Version>0</Version>
                <Channel>Microsoft-Windows-Direct3D10_1/Analytic</Channel>
                <Task>Device</Task>
                <Opcode>Start</Opcode>
                <Keyword>Devices</Keyword>
                <Template><![CDATA[
<template xmlns="http://schemas.microsoft.com/win/2004/08/events">
  <data name="pID3D10_1Device" inType="win:Pointer" outType="win:HexInt64"/>
  <data name="pIDXGIDevice" inType="win:Pointer" outType="win:HexInt64"/>
  <data name="pIDXGIAdapter" inType="win:Pointer" outType="win:HexInt64"/>
  <data name="CreationFlags" inType="win:UInt32" outType="xs:unsignedInt"/>
  <data name="FeatureLevel" inType="win:UInt32" outType="xs:unsignedInt"/>
  <data name="hKMAdapter" inType="win:UInt32" outType="win:HexInt32"/>
  <data name="hUMAdapter" inType="win:Pointer" outType="win:HexInt64"/>
  <data name="UMAdapterVersion" inType="win:UInt64" outType="win:HexInt64"/>
  <data name="hKMDevice" inType="win:UInt32" outType="win:HexInt32"/>
  <data name="hUMDevice" inType="win:Pointer" outType="win:HexInt64"/>
  <data name="UMDeviceVersion" inType="win:UInt64" outType="win:HexInt64"/>
  <data name="UMDeviceFlags" inType="win:UInt32" outType="xs:unsignedInt"/>
</template>
]]></Template>
            </Event>
            <Event>
                <Id>4</Id>
                <Version>0</Version>
                <Channel>Microsoft-Windows-Direct3D10_1/Analytic</Channel>
                <Task>Device</Task>
                <Opcode>Stop</Opcode>
                <Keyword>Devices</Keyword>
                <Template><![CDATA[
<template xmlns="http://schemas.microsoft.com/win/2004/08/events">
  <data name="pID3D10_1Device" inType="win:Pointer" outType="win:HexInt64"/>
  <data name="pIDXGIDevice" inType="win:Pointer" outType="win:HexInt64"/>
  <data name="pIDXGIAdapter" inType="win:Pointer" outType="win:HexInt64"/>
  <data name="CreationFlags" inType="win:UInt32" outType="xs:unsignedInt"/>
  <data name="FeatureLevel" inType="win:UInt32" outType="xs:unsignedInt"/>
  <data name="hKMAdapter" inType="win:UInt32" outType="win:HexInt32"/>
  <data name="hUMAdapter" inType="win:Pointer" outType="win:HexInt64"/>
  <data name="UMAdapterVersion" inType="win:UInt64" outType="win:HexInt64"/>
  <data name="hKMDevice" inType="win:UInt32" outType="win:HexInt32"/>
  <data name="hUMDevice" inType="win:Pointer" outType="win:HexInt64"/>
  <data name="UMDeviceVersion" inType="win:UInt64" outType="win:HexInt64"/>
  <data name="UMDeviceFlags" inType="win:UInt32" outType="xs:unsignedInt"/>
</template>
]]></Template>
            </Event>
            <Event>
                <Id>5</Id>
                <Version>0</Version>
                <Channel>Microsoft-Windows-Direct3D10_1/Analytic</Channel>
                <Task>Device</Task>
                <Opcode>DCStart</Opcode>
                <Keyword>Devices</Keyword>
                <Template><![CDATA[
<template xmlns="http://schemas.microsoft.com/win/2004/08/events">
  <data name="pID3D10_1Device" inType="win:Pointer" outType="win:HexInt64"/>
  <data name="pIDXGIDevice" inType="win:Pointer" outType="win:HexInt64"/>
  <data name="pIDXGIAdapter" inType="win:Pointer" outType="win:HexInt64"/>
  <data name="CreationFlags" inType="win:UInt32" outType="xs:unsignedInt"/>
  <data name="FeatureLevel" inType="win:UInt32" outType="xs:unsignedInt"/>
  <data name="hKMAdapter" inType="win:UInt32" outType="win:HexInt32"/>
  <data name="hUMAdapter" inType="win:Pointer" outType="win:HexInt64"/>
  <data name="UMAdapterVersion" inType="win:UInt64" outType="win:HexInt64"/>
  <data name="hKMDevice" inType="win:UInt32" outType="win:HexInt32"/>
  <data name="hUMDevice" inType="win:Pointer" outType="win:HexInt64"/>
  <data name="UMDeviceVersion" inType="win:UInt64" outType="win:HexInt64"/>
  <data name="UMDeviceFlags" inType="win:UInt32" outType="xs:unsignedInt"/>
</template>
]]></Template>
            </Event>
            <Event>
                <Id>6</Id>
                <Version>0</Version>
                <Channel>Microsoft-Windows-Direct3D10_1/Analytic</Channel>
                <Task>Buffer</Task>
                <Opcode>Start</Opcode>
                <Keyword>Resources</Keyword>
                <Template><![CDATA[
<template xmlns="http://schemas.microsoft.com/win/2004/08/events">
  <data name="pID3D10Resource" inType="win:Pointer" outType="win:HexInt64"/>
  <data name="pIDXGISurface" inType="win:Pointer" outType="win:HexInt64"/>
  <data name="pID3D10_1Device" inType="win:Pointer" outType="win:HexInt64"/>
  <data name="Dimension" inType="win:UInt32" outType="xs:unsignedInt"/>
  <data name="Usage" inType="win:UInt32" outType="xs:unsignedInt"/>
  <data name="Width" inType="win:UInt32" outType="xs:unsignedInt"/>
  <data name="Height" inType="win:UInt32" outType="xs:unsignedInt"/>
  <data name="Depth" inType="win:UInt32" outType="xs:unsignedInt"/>
  <data name="MipLevels" inType="win:UInt32" outType="xs:unsignedInt"/>
  <data name="ArraySize" inType="win:UInt32" outType="xs:unsignedInt"/>
  <data name="Format" inType="win:UInt32" outType="xs:unsignedInt"/>
  <data name="SampleCount" inType="win:UInt32" outType="xs:unsignedInt"/>
  <data name="SampleQuality" inType="win:UInt32" outType="xs:unsignedInt"/>
  <data name="BindFlags" inType="win:UInt32" outType="xs:unsignedInt"/>
  <data name="CPUAccessFlags" inType="win:UInt32" outType="xs:unsignedInt"/>
  <data name="MiscFlags" inType="win:UInt32" outType="xs:unsignedInt"/>
  <data name="hKMResource" inType="win:UInt32" outType="win:HexInt32"/>
  <data name="hUMResource" inType="win:Pointer" outType="win:HexInt64"/>
  <data name="UMResourceMiscFlags" inType="win:UInt32" outType="xs:unsignedInt"/>
</template>
]]></Template>
            </Event>
            <Event>
                <Id>7</Id>
                <Version>0</Version>
                <Channel>Microsoft-Windows-Direct3D10_1/Analytic</Channel>
                <Task>Buffer</Task>
                <Opcode>Stop</Opcode>
                <Keyword>Resources</Keyword>
                <Template><![CDATA[
<template xmlns="http://schemas.microsoft.com/win/2004/08/events">
  <data name="pID3D10Resource" inType="win:Pointer" outType="win:HexInt64"/>
  <data name="pIDXGISurface" inType="win:Pointer" outType="win:HexInt64"/>
  <data name="pID3D10_1Device" inType="win:Pointer" outType="win:HexInt64"/>
  <data name="Dimension" inType="win:UInt32" outType="xs:unsignedInt"/>
  <data name="Usage" inType="win:UInt32" outType="xs:unsignedInt"/>
  <data name="Width" inType="win:UInt32" outType="xs:unsignedInt"/>
  <data name="Height" inType="win:UInt32" outType="xs:unsignedInt"/>
  <data name="Depth" inType="win:UInt32" outType="xs:unsignedInt"/>
  <data name="MipLevels" inType="win:UInt32" outType="xs:unsignedInt"/>
  <data name="ArraySize" inType="win:UInt32" outType="xs:unsignedInt"/>
  <data name="Format" inType="win:UInt32" outType="xs:unsignedInt"/>
  <data name="SampleCount" inType="win:UInt32" outType="xs:unsignedInt"/>
  <data name="SampleQuality" inType="win:UInt32" outType="xs:unsignedInt"/>
  <data name="BindFlags" inType="win:UInt32" outType="xs:unsignedInt"/>
  <data name="CPUAccessFlags" inType="win:UInt32" outType="xs:unsignedInt"/>
  <data name="MiscFlags" inType="win:UInt32" outType="xs:unsignedInt"/>
  <data name="hKMResource" inType="win:UInt32" outType="win:HexInt32"/>
  <data name="hUMResource" inType="win:Pointer" outType="win:HexInt64"/>
  <data name="UMResourceMiscFlags" inType="win:UInt32" outType="xs:unsignedInt"/>
</template>
]]></Template>
            </Event>
            <Event>
                <Id>8</Id>
                <Version>0</Version>
                <Channel>Microsoft-Windows-Direct3D10_1/Analytic</Channel>
                <Task>Buffer</Task>
                <Opcode>DCStart</Opcode>
                <Keyword>Resources</Keyword>
                <Template><![CDATA[
<template xmlns="http://schemas.microsoft.com/win/2004/08/events">
  <data name="pID3D10Resource" inType="win:Pointer" outType="win:HexInt64"/>
  <data name="pIDXGISurface" inType="win:Pointer" outType="win:HexInt64"/>
  <data name="pID3D10_1Device" inType="win:Pointer" outType="win:HexInt64"/>
  <data name="Dimension" inType="win:UInt32" outType="xs:unsignedInt"/>
  <data name="Usage" inType="win:UInt32" outType="xs:unsignedInt"/>
  <data name="Width" inType="win:UInt32" outType="xs:unsignedInt"/>
  <data name="Height" inType="win:UInt32" outType="xs:unsignedInt"/>
  <data name="Depth" inType="win:UInt32" outType="xs:unsignedInt"/>
  <data name="MipLevels" inType="win:UInt32" outType="xs:unsignedInt"/>
  <data name="ArraySize" inType="win:UInt32" outType="xs:unsignedInt"/>
  <data name="Format" inType="win:UInt32" outType="xs:unsignedInt"/>
  <data name="SampleCount" inType="win:UInt32" outType="xs:unsignedInt"/>
  <data name="SampleQuality" inType="win:UInt32" outType="xs:unsignedInt"/>
  <data name="BindFlags" inType="win:UInt32" outType="xs:unsignedInt"/>
  <data name="CPUAccessFlags" inType="win:UInt32" outType="xs:unsignedInt"/>
  <data name="MiscFlags" inType="win:UInt32" outType="xs:unsignedInt"/>
  <data name="hKMResource" inType="win:UInt32" outType="win:HexInt32"/>
  <data name="hUMResource" inType="win:Pointer" outType="win:HexInt64"/>
  <data name="UMResourceMiscFlags" inType="win:UInt32" outType="xs:unsignedInt"/>
</template>
]]></Template>
            </Event>
            <Event>
                <Id>9</Id>
                <Version>0</Version>
                <Channel>Microsoft-Windows-Direct3D10_1/Analytic</Channel>
                <Task>Texture1D</Task>
                <Opcode>Start</Opcode>
                <Keyword>Resources</Keyword>
                <Template><![CDATA[
<template xmlns="http://schemas.microsoft.com/win/2004/08/events">
  <data name="pID3D10Resource" inType="win:Pointer" outType="win:HexInt64"/>
  <data name="pIDXGISurface" inType="win:Pointer" outType="win:HexInt64"/>
  <data name="pID3D10_1Device" inType="win:Pointer" outType="win:HexInt64"/>
  <data name="Dimension" inType="win:UInt32" outType="xs:unsignedInt"/>
  <data name="Usage" inType="win:UInt32" outType="xs:unsignedInt"/>
  <data name="Width" inType="win:UInt32" outType="xs:unsignedInt"/>
  <data name="Height" inType="win:UInt32" outType="xs:unsignedInt"/>
  <data name="Depth" inType="win:UInt32" outType="xs:unsignedInt"/>
  <data name="MipLevels" inType="win:UInt32" outType="xs:unsignedInt"/>
  <data name="ArraySize" inType="win:UInt32" outType="xs:unsignedInt"/>
  <data name="Format" inType="win:UInt32" outType="xs:unsignedInt"/>
  <data name="SampleCount" inType="win:UInt32" outType="xs:unsignedInt"/>
  <data name="SampleQuality" inType="win:UInt32" outType="xs:unsignedInt"/>
  <data name="BindFlags" inType="win:UInt32" outType="xs:unsignedInt"/>
  <data name="CPUAccessFlags" inType="win:UInt32" outType="xs:unsignedInt"/>
  <data name="MiscFlags" inType="win:UInt32" outType="xs:unsignedInt"/>
  <data name="hKMResource" inType="win:UInt32" outType="win:HexInt32"/>
  <data name="hUMResource" inType="win:Pointer" outType="win:HexInt64"/>
  <data name="UMResourceMiscFlags" inType="win:UInt32" outType="xs:unsignedInt"/>
</template>
]]></Template>
            </Event>
            <Event>
                <Id>10</Id>
                <Version>0</Version>
                <Channel>Microsoft-Windows-Direct3D10_1/Analytic</Channel>
                <Task>Texture1D</Task>
                <Opcode>Stop</Opcode>
                <Keyword>Resources</Keyword>
                <Template><![CDATA[
<template xmlns="http://schemas.microsoft.com/win/2004/08/events">
  <data name="pID3D10Resource" inType="win:Pointer" outType="win:HexInt64"/>
  <data name="pIDXGISurface" inType="win:Pointer" outType="win:HexInt64"/>
  <data name="pID3D10_1Device" inType="win:Pointer" outType="win:HexInt64"/>
  <data name="Dimension" inType="win:UInt32" outType="xs:unsignedInt"/>
  <data name="Usage" inType="win:UInt32" outType="xs:unsignedInt"/>
  <data name="Width" inType="win:UInt32" outType="xs:unsignedInt"/>
  <data name="Height" inType="win:UInt32" outType="xs:unsignedInt"/>
  <data name="Depth" inType="win:UInt32" outType="xs:unsignedInt"/>
  <data name="MipLevels" inType="win:UInt32" outType="xs:unsignedInt"/>
  <data name="ArraySize" inType="win:UInt32" outType="xs:unsignedInt"/>
  <data name="Format" inType="win:UInt32" outType="xs:unsignedInt"/>
  <data name="SampleCount" inType="win:UInt32" outType="xs:unsignedInt"/>
  <data name="SampleQuality" inType="win:UInt32" outType="xs:unsignedInt"/>
  <data name="BindFlags" inType="win:UInt32" outType="xs:unsignedInt"/>
  <data name="CPUAccessFlags" inType="win:UInt32" outType="xs:unsignedInt"/>
  <data name="MiscFlags" inType="win:UInt32" outType="xs:unsignedInt"/>
  <data name="hKMResource" inType="win:UInt32" outType="win:HexInt32"/>
  <data name="hUMResource" inType="win:Pointer" outType="win:HexInt64"/>
  <data name="UMResourceMiscFlags" inType="win:UInt32" outType="xs:unsignedInt"/>
</template>
]]></Template>
            </Event>
            <Event>
                <Id>11</Id>
                <Version>0</Version>
                <Channel>Microsoft-Windows-Direct3D10_1/Analytic</Channel>
                <Task>Texture1D</Task>
                <Opcode>DCStart</Opcode>
                <Keyword>Resources</Keyword>
                <Template><![CDATA[
<template xmlns="http://schemas.microsoft.com/win/2004/08/events">
  <data name="pID3D10Resource" inType="win:Pointer" outType="win:HexInt64"/>
  <data name="pIDXGISurface" inType="win:Pointer" outType="win:HexInt64"/>
  <data name="pID3D10_1Device" inType="win:Pointer" outType="win:HexInt64"/>
  <data name="Dimension" inType="win:UInt32" outType="xs:unsignedInt"/>
  <data name="Usage" inType="win:UInt32" outType="xs:unsignedInt"/>
  <data name="Width" inType="win:UInt32" outType="xs:unsignedInt"/>
  <data name="Height" inType="win:UInt32" outType="xs:unsignedInt"/>
  <data name="Depth" inType="win:UInt32" outType="xs:unsignedInt"/>
  <data name="MipLevels" inType="win:UInt32" outType="xs:unsignedInt"/>
  <data name="ArraySize" inType="win:UInt32" outType="xs:unsignedInt"/>
  <data name="Format" inType="win:UInt32" outType="xs:unsignedInt"/>
  <data name="SampleCount" inType="win:UInt32" outType="xs:unsignedInt"/>
  <data name="SampleQuality" inType="win:UInt32" outType="xs:unsignedInt"/>
  <data name="BindFlags" inType="win:UInt32" outType="xs:unsignedInt"/>
  <data name="CPUAccessFlags" inType="win:UInt32" outType="xs:unsignedInt"/>
  <data name="MiscFlags" inType="win:UInt32" outType="xs:unsignedInt"/>
  <data name="hKMResource" inType="win:UInt32" outType="win:HexInt32"/>
  <data name="hUMResource" inType="win:Pointer" outType="win:HexInt64"/>
  <data name="UMResourceMiscFlags" inType="win:UInt32" outType="xs:unsignedInt"/>
</template>
]]></Template>
            </Event>
            <Event>
                <Id>12</Id>
                <Version>0</Version>
                <Channel>Microsoft-Windows-Direct3D10_1/Analytic</Channel>
                <Task>Texture2D</Task>
                <Opcode>Start</Opcode>
                <Keyword>Resources</Keyword>
                <Template><![CDATA[
<template xmlns="http://schemas.microsoft.com/win/2004/08/events">
  <data name="pID3D10Resource" inType="win:Pointer" outType="win:HexInt64"/>
  <data name="pIDXGISurface" inType="win:Pointer" outType="win:HexInt64"/>
  <data name="pID3D10_1Device" inType="win:Pointer" outType="win:HexInt64"/>
  <data name="Dimension" inType="win:UInt32" outType="xs:unsignedInt"/>
  <data name="Usage" inType="win:UInt32" outType="xs:unsignedInt"/>
  <data name="Width" inType="win:UInt32" outType="xs:unsignedInt"/>
  <data name="Height" inType="win:UInt32" outType="xs:unsignedInt"/>
  <data name="Depth" inType="win:UInt32" outType="xs:unsignedInt"/>
  <data name="MipLevels" inType="win:UInt32" outType="xs:unsignedInt"/>
  <data name="ArraySize" inType="win:UInt32" outType="xs:unsignedInt"/>
  <data name="Format" inType="win:UInt32" outType="xs:unsignedInt"/>
  <data name="SampleCount" inType="win:UInt32" outType="xs:unsignedInt"/>
  <data name="SampleQuality" inType="win:UInt32" outType="xs:unsignedInt"/>
  <data name="BindFlags" inType="win:UInt32" outType="xs:unsignedInt"/>
  <data name="CPUAccessFlags" inType="win:UInt32" outType="xs:unsignedInt"/>
  <data name="MiscFlags" inType="win:UInt32" outType="xs:unsignedInt"/>
  <data name="hKMResource" inType="win:UInt32" outType="win:HexInt32"/>
  <data name="hUMResource" inType="win:Pointer" outType="win:HexInt64"/>
  <data name="UMResourceMiscFlags" inType="win:UInt32" outType="xs:unsignedInt"/>
</template>
]]></Template>
            </Event>
            <Event>
                <Id>13</Id>
                <Version>0</Version>
                <Channel>Microsoft-Windows-Direct3D10_1/Analytic</Channel>
                <Task>Texture2D</Task>
                <Opcode>Stop</Opcode>
                <Keyword>Resources</Keyword>
                <Template><![CDATA[
<template xmlns="http://schemas.microsoft.com/win/2004/08/events">
  <data name="pID3D10Resource" inType="win:Pointer" outType="win:HexInt64"/>
  <data name="pIDXGISurface" inType="win:Pointer" outType="win:HexInt64"/>
  <data name="pID3D10_1Device" inType="win:Pointer" outType="win:HexInt64"/>
  <data name="Dimension" inType="win:UInt32" outType="xs:unsignedInt"/>
  <data name="Usage" inType="win:UInt32" outType="xs:unsignedInt"/>
  <data name="Width" inType="win:UInt32" outType="xs:unsignedInt"/>
  <data name="Height" inType="win:UInt32" outType="xs:unsignedInt"/>
  <data name="Depth" inType="win:UInt32" outType="xs:unsignedInt"/>
  <data name="MipLevels" inType="win:UInt32" outType="xs:unsignedInt"/>
  <data name="ArraySize" inType="win:UInt32" outType="xs:unsignedInt"/>
  <data name="Format" inType="win:UInt32" outType="xs:unsignedInt"/>
  <data name="SampleCount" inType="win:UInt32" outType="xs:unsignedInt"/>
  <data name="SampleQuality" inType="win:UInt32" outType="xs:unsignedInt"/>
  <data name="BindFlags" inType="win:UInt32" outType="xs:unsignedInt"/>
  <data name="CPUAccessFlags" inType="win:UInt32" outType="xs:unsignedInt"/>
  <data name="MiscFlags" inType="win:UInt32" outType="xs:unsignedInt"/>
  <data name="hKMResource" inType="win:UInt32" outType="win:HexInt32"/>
  <data name="hUMResource" inType="win:Pointer" outType="win:HexInt64"/>
  <data name="UMResourceMiscFlags" inType="win:UInt32" outType="xs:unsignedInt"/>
</template>
]]></Template>
            </Event>
            <Event>
                <Id>14</Id>
                <Version>0</Version>
                <Channel>Microsoft-Windows-Direct3D10_1/Analytic</Channel>
                <Task>Texture2D</Task>
                <Opcode>DCStart</Opcode>
                <Keyword>Resources</Keyword>
                <Template><![CDATA[
<template xmlns="http://schemas.microsoft.com/win/2004/08/events">
  <data name="pID3D10Resource" inType="win:Pointer" outType="win:HexInt64"/>
  <data name="pIDXGISurface" inType="win:Pointer" outType="win:HexInt64"/>
  <data name="pID3D10_1Device" inType="win:Pointer" outType="win:HexInt64"/>
  <data name="Dimension" inType="win:UInt32" outType="xs:unsignedInt"/>
  <data name="Usage" inType="win:UInt32" outType="xs:unsignedInt"/>
  <data name="Width" inType="win:UInt32" outType="xs:unsignedInt"/>
  <data name="Height" inType="win:UInt32" outType="xs:unsignedInt"/>
  <data name="Depth" inType="win:UInt32" outType="xs:unsignedInt"/>
  <data name="MipLevels" inType="win:UInt32" outType="xs:unsignedInt"/>
  <data name="ArraySize" inType="win:UInt32" outType="xs:unsignedInt"/>
  <data name="Format" inType="win:UInt32" outType="xs:unsignedInt"/>
  <data name="SampleCount" inType="win:UInt32" outType="xs:unsignedInt"/>
  <data name="SampleQuality" inType="win:UInt32" outType="xs:unsignedInt"/>
  <data name="BindFlags" inType="win:UInt32" outType="xs:unsignedInt"/>
  <data name="CPUAccessFlags" inType="win:UInt32" outType="xs:unsignedInt"/>
  <data name="MiscFlags" inType="win:UInt32" outType="xs:unsignedInt"/>
  <data name="hKMResource" inType="win:UInt32" outType="win:HexInt32"/>
  <data name="hUMResource" inType="win:Pointer" outType="win:HexInt64"/>
  <data name="UMResourceMiscFlags" inType="win:UInt32" outType="xs:unsignedInt"/>
</template>
]]></Template>
            </Event>
            <Event>
                <Id>15</Id>
                <Version>0</Version>
                <Channel>Microsoft-Windows-Direct3D10_1/Analytic</Channel>
                <Task>Texture3D</Task>
                <Opcode>Start</Opcode>
                <Keyword>Resources</Keyword>
                <Template><![CDATA[
<template xmlns="http://schemas.microsoft.com/win/2004/08/events">
  <data name="pID3D10Resource" inType="win:Pointer" outType="win:HexInt64"/>
  <data name="pIDXGISurface" inType="win:Pointer" outType="win:HexInt64"/>
  <data name="pID3D10_1Device" inType="win:Pointer" outType="win:HexInt64"/>
  <data name="Dimension" inType="win:UInt32" outType="xs:unsignedInt"/>
  <data name="Usage" inType="win:UInt32" outType="xs:unsignedInt"/>
  <data name="Width" inType="win:UInt32" outType="xs:unsignedInt"/>
  <data name="Height" inType="win:UInt32" outType="xs:unsignedInt"/>
  <data name="Depth" inType="win:UInt32" outType="xs:unsignedInt"/>
  <data name="MipLevels" inType="win:UInt32" outType="xs:unsignedInt"/>
  <data name="ArraySize" inType="win:UInt32" outType="xs:unsignedInt"/>
  <data name="Format" inType="win:UInt32" outType="xs:unsignedInt"/>
  <data name="SampleCount" inType="win:UInt32" outType="xs:unsignedInt"/>
  <data name="SampleQuality" inType="win:UInt32" outType="xs:unsignedInt"/>
  <data name="BindFlags" inType="win:UInt32" outType="xs:unsignedInt"/>
  <data name="CPUAccessFlags" inType="win:UInt32" outType="xs:unsignedInt"/>
  <data name="MiscFlags" inType="win:UInt32" outType="xs:unsignedInt"/>
  <data name="hKMResource" inType="win:UInt32" outType="win:HexInt32"/>
  <data name="hUMResource" inType="win:Pointer" outType="win:HexInt64"/>
  <data name="UMResourceMiscFlags" inType="win:UInt32" outType="xs:unsignedInt"/>
</template>
]]></Template>
            </Event>
            <Event>
                <Id>16</Id>
                <Version>0</Version>
                <Channel>Microsoft-Windows-Direct3D10_1/Analytic</Channel>
                <Task>Texture3D</Task>
                <Opcode>Stop</Opcode>
                <Keyword>Resources</Keyword>
                <Template><![CDATA[
<template xmlns="http://schemas.microsoft.com/win/2004/08/events">
  <data name="pID3D10Resource" inType="win:Pointer" outType="win:HexInt64"/>
  <data name="pIDXGISurface" inType="win:Pointer" outType="win:HexInt64"/>
  <data name="pID3D10_1Device" inType="win:Pointer" outType="win:HexInt64"/>
  <data name="Dimension" inType="win:UInt32" outType="xs:unsignedInt"/>
  <data name="Usage" inType="win:UInt32" outType="xs:unsignedInt"/>
  <data name="Width" inType="win:UInt32" outType="xs:unsignedInt"/>
  <data name="Height" inType="win:UInt32" outType="xs:unsignedInt"/>
  <data name="Depth" inType="win:UInt32" outType="xs:unsignedInt"/>
  <data name="MipLevels" inType="win:UInt32" outType="xs:unsignedInt"/>
  <data name="ArraySize" inType="win:UInt32" outType="xs:unsignedInt"/>
  <data name="Format" inType="win:UInt32" outType="xs:unsignedInt"/>
  <data name="SampleCount" inType="win:UInt32" outType="xs:unsignedInt"/>
  <data name="SampleQuality" inType="win:UInt32" outType="xs:unsignedInt"/>
  <data name="BindFlags" inType="win:UInt32" outType="xs:unsignedInt"/>
  <data name="CPUAccessFlags" inType="win:UInt32" outType="xs:unsignedInt"/>
  <data name="MiscFlags" inType="win:UInt32" outType="xs:unsignedInt"/>
  <data name="hKMResource" inType="win:UInt32" outType="win:HexInt32"/>
  <data name="hUMResource" inType="win:Pointer" outType="win:HexInt64"/>
  <data name="UMResourceMiscFlags" inType="win:UInt32" outType="xs:unsignedInt"/>
</template>
]]></Template>
            </Event>
            <Event>
                <Id>17</Id>
                <Version>0</Version>
                <Channel>Microsoft-Windows-Direct3D10_1/Analytic</Channel>
                <Task>Texture3D</Task>
                <Opcode>DCStart</Opcode>
                <Keyword>Resources</Keyword>
                <Template><![CDATA[
<template xmlns="http://schemas.microsoft.com/win/2004/08/events">
  <data name="pID3D10Resource" inType="win:Pointer" outType="win:HexInt64"/>
  <data name="pIDXGISurface" inType="win:Pointer" outType="win:HexInt64"/>
  <data name="pID3D10_1Device" inType="win:Pointer" outType="win:HexInt64"/>
  <data name="Dimension" inType="win:UInt32" outType="xs:unsignedInt"/>
  <data name="Usage" inType="win:UInt32" outType="xs:unsignedInt"/>
  <data name="Width" inType="win:UInt32" outType="xs:unsignedInt"/>
  <data name="Height" inType="win:UInt32" outType="xs:unsignedInt"/>
  <data name="Depth" inType="win:UInt32" outType="xs:unsignedInt"/>
  <data name="MipLevels" inType="win:UInt32" outType="xs:unsignedInt"/>
  <data name="ArraySize" inType="win:UInt32" outType="xs:unsignedInt"/>
  <data name="Format" inType="win:UInt32" outType="xs:unsignedInt"/>
  <data name="SampleCount" inType="win:UInt32" outType="xs:unsignedInt"/>
  <data name="SampleQuality" inType="win:UInt32" outType="xs:unsignedInt"/>
  <data name="BindFlags" inType="win:UInt32" outType="xs:unsignedInt"/>
  <data name="CPUAccessFlags" inType="win:UInt32" outType="xs:unsignedInt"/>
  <data name="MiscFlags" inType="win:UInt32" outType="xs:unsignedInt"/>
  <data name="hKMResource" inType="win:UInt32" outType="win:HexInt32"/>
  <data name="hUMResource" inType="win:Pointer" outType="win:HexInt64"/>
  <data name="UMResourceMiscFlags" inType="win:UInt32" outType="xs:unsignedInt"/>
</template>
]]></Template>
            </Event>
            <Event>
                <Id>18</Id>
                <Version>0</Version>
                <Channel>Microsoft-Windows-Direct3D10_1/Analytic</Channel>
                <Task>Texture2D</Task>
                <Keyword>Resources</Keyword>
                <Template><![CDATA[
<template xmlns="http://schemas.microsoft.com/win/2004/08/events">
  <data name="Resources" inType="win:UInt32" outType="xs:unsignedInt"/>
  <data name="pIDXGISurfaces" inType="win:Pointer" outType="win:HexInt64" count="Resources"/>
  <data name="hNewKMResources" inType="win:UInt32" outType="win:HexInt32" count="Resources"/>
</template>
]]></Template>
            </Event>
        </EventMetadata>
    </Provider>
</Providers>
