<Providers>
    <Provider>
        <Name>Microsoft-Windows-KeyboardFilter</Name>
        <Metadata>
            <Guid>{84DE80EB-86E8-4FF6-85A6-9319ABD578A4}</Guid>
            <ResourceFilePath>%SystemRoot%\system32\KeyboardFilterSvc.dll</ResourceFilePath>
            <ParameterFilePath></ParameterFilePath>
            <MessageFilePath>%SystemRoot%\system32\KeyboardFilterSvc.dll</MessageFilePath>
            <HelpLink></HelpLink>
            <PublisherMessage></PublisherMessage>
            <Channels>
                <Channel>
                    <Message></Message>
                    <Path>Microsoft-Windows-KeyboardFilter/Operational</Path>
                    <Index>0</Index>
                    <Id>16</Id>
                    <Imported>false</Imported>
                </Channel>
                <Channel>
                    <Message></Message>
                    <Path>Microsoft-Windows-KeyboardFilter/Admin</Path>
                    <Index>1</Index>
                    <Id>17</Id>
                    <Imported>false</Imported>
                </Channel>
                <Channel>
                    <Message></Message>
                    <Path>Microsoft-Windows-KeyboardFilter/Performance</Path>
                    <Index>2</Index>
                    <Id>18</Id>
                    <Imported>false</Imported>
                </Channel>
            </Channels>
            <Levels>
                <Level>
                    <Message>Error</Message>
                    <Name>win:Error</Name>
                    <Value>2</Value>
                </Level>
                <Level>
                    <Message>Warning</Message>
                    <Name>win:Warning</Name>
                    <Value>3</Value>
                </Level>
                <Level>
                    <Message>Information</Message>
                    <Name>win:Informational</Name>
                    <Value>4</Value>
                </Level>
                <Level>
                    <Message>Verbose</Message>
                    <Name>win:Verbose</Name>
                    <Value>5</Value>
                </Level>
            </Levels>
            <Tasks>
                <Task>
                    <Message>Microsoft KeyboardFilter Service</Message>
                    <Name>tskService</Name>
                    <Guid>{0063F949-7837-4FA4-B4F1-223C60E9644F}</Guid>
                    <Value>1000</Value>
                </Task>
                <Task>
                    <Message>KeyboardFilter Configuration</Message>
                    <Name>tskFilter</Name>
                    <Guid>{087BC848-A4C1-4C6F-A518-70DBB64D9FB4}</Guid>
                    <Value>1001</Value>
                </Task>
                <Task>
                    <Message>Hardware keyboard input</Message>
                    <Name>KeyboardFilter_HwInput</Name>
                    <Guid>{0A186991-5E89-4A2F-9F56-CDE7FB96ED0A}</Guid>
                    <Value>1002</Value>
                </Task>
                <Task>
                    <Message>Software keyboard input</Message>
                    <Name>KeyboardFilter_SwInput</Name>
                    <Guid>{0B61675C-1441-4557-9304-C69FA45C9429}</Guid>
                    <Value>1003</Value>
                </Task>
                <Task>
                    <Message>Load Configuration</Message>
                    <Name>KeyboardFilter_LoadConfig</Name>
                    <Guid>{48567B39-1BF2-46D7-A052-34E8DD3BB2F9}</Guid>
                    <Value>1004</Value>
                </Task>
                <Task>
                    <Message>Keybaord Layout Change</Message>
                    <Name>KeyboardFilter_LayoutChg</Name>
                    <Guid>{2F898DB2-2DD9-47C2-9649-22C1FD7F35CB}</Guid>
                    <Value>1005</Value>
                </Task>
                <Task>
                    <Message>Desktop Change</Message>
                    <Name>KeyboardFilter_DesktopChg</Name>
                    <Guid>{6354A48D-F5C1-4B23-A310-1415534AACDA}</Guid>
                    <Value>1006</Value>
                </Task>
                <Task>
                    <Message>User login</Message>
                    <Name>KeyboardFilter_Login</Name>
                    <Guid>{000D62C4-7CB3-467B-9177-722481A025C4}</Guid>
                    <Value>1007</Value>
                </Task>
                <Task>
                    <Message>User logout</Message>
                    <Name>KeyboardFilter_Logout</Name>
                    <Guid>{F6E8A96B-94E0-4A92-87C0-EE3C6BF57A09}</Guid>
                    <Value>1008</Value>
                </Task>
            </Tasks>
            <Opcodes>
                <Opcode>
                    <Message>Info</Message>
                    <Name>win:Info</Name>
                    <Value>0</Value>
                    <Task>0</Task>
                </Opcode>
                <Opcode>
                    <Message>Start</Message>
                    <Name>win:Start</Name>
                    <Value>1</Value>
                    <Task>0</Task>
                </Opcode>
                <Opcode>
                    <Message>Stop</Message>
                    <Name>win:Stop</Name>
                    <Value>2</Value>
                    <Task>0</Task>
                </Opcode>
                <Opcode>
                    <Message>Read Registry</Message>
                    <Name>ReadRegistry</Name>
                    <Value>100</Value>
                    <Task>1000</Task>
                </Opcode>
                <Opcode>
                    <Message>Write Driver</Message>
                    <Name>WriteDriver</Name>
                    <Value>101</Value>
                    <Task>1000</Task>
                </Opcode>
            </Opcodes>
            <Keywords>
            </Keywords>
        </Metadata>
        <EventMetadata>
            <Event>
                <Id>10001</Id>
                <Version>0</Version>
                <Channel>Microsoft-Windows-KeyboardFilter/Admin</Channel>
                <Level>Error</Level>
                <Task>Microsoft KeyboardFilter Service</Task>
                <Opcode>Start</Opcode>
                <Message><![CDATA[
The Keyboard Filter Service was unable to obtain the session token from the session id: %1 (%2).   Please verify that Terminal Services client is installed and the service is running under the LocalSystem user.]]></Message>
                <Template><![CDATA[
<template xmlns="http://schemas.microsoft.com/win/2004/08/events">
  <data name="Message" inType="win:UnicodeString" outType="xs:string"/>
  <data name="ErrorCode" inType="win:UInt32" outType="xs:unsignedInt"/>
</template>
]]></Template>
            </Event>
            <Event>
                <Id>10002</Id>
                <Version>0</Version>
                <Channel>Microsoft-Windows-KeyboardFilter/Admin</Channel>
                <Level>Error</Level>
                <Task>Microsoft KeyboardFilter Service</Task>
                <Opcode>Start</Opcode>
                <Message><![CDATA[
The Keyboard Filter Service was unable to obtain access to Terminal Services: %1 (%2). Please verify that the Terminal Services client is installed and the service is running under the LocalSystem user.]]></Message>
                <Template><![CDATA[
<template xmlns="http://schemas.microsoft.com/win/2004/08/events">
  <data name="Message" inType="win:UnicodeString" outType="xs:string"/>
  <data name="ErrorCode" inType="win:UInt32" outType="xs:unsignedInt"/>
</template>
]]></Template>
            </Event>
            <Event>
                <Id>10003</Id>
                <Version>0</Version>
                <Channel>Microsoft-Windows-KeyboardFilter/Admin</Channel>
                <Level>Error</Level>
                <Task>Microsoft KeyboardFilter Service</Task>
                <Message><![CDATA[
Could not obtain a lock on local policy settings for update detection, %1 (%2).]]></Message>
                <Template><![CDATA[
<template xmlns="http://schemas.microsoft.com/win/2004/08/events">
  <data name="Message" inType="win:UnicodeString" outType="xs:string"/>
  <data name="ErrorCode" inType="win:UInt32" outType="xs:unsignedInt"/>
</template>
]]></Template>
            </Event>
            <Event>
                <Id>10004</Id>
                <Version>0</Version>
                <Channel>Microsoft-Windows-KeyboardFilter/Admin</Channel>
                <Level>Error</Level>
                <Task>Microsoft KeyboardFilter Service</Task>
                <Message><![CDATA[
Could not update keyboard filter subsystem, %1 (%2).]]></Message>
                <Template><![CDATA[
<template xmlns="http://schemas.microsoft.com/win/2004/08/events">
  <data name="Message" inType="win:UnicodeString" outType="xs:string"/>
  <data name="ErrorCode" inType="win:UInt32" outType="xs:unsignedInt"/>
</template>
]]></Template>
            </Event>
            <Event>
                <Id>10005</Id>
                <Version>0</Version>
                <Channel>Microsoft-Windows-KeyboardFilter/Admin</Channel>
                <Level>Error</Level>
                <Task>Microsoft KeyboardFilter Service</Task>
                <Message><![CDATA[
The Keyboard Filter Service could not start session monitor. The session monitor ensures keyboard layout changes are reflected within the service and that on-screen keyboards work correctly.  Check to make sure system permissions are set up correctly.  Reason, %1 (%2).]]></Message>
                <Template><![CDATA[
<template xmlns="http://schemas.microsoft.com/win/2004/08/events">
  <data name="Message" inType="win:UnicodeString" outType="xs:string"/>
  <data name="ErrorCode" inType="win:UInt32" outType="xs:unsignedInt"/>
</template>
]]></Template>
            </Event>
            <Event>
                <Id>10006</Id>
                <Version>0</Version>
                <Channel>Microsoft-Windows-KeyboardFilter/Admin</Channel>
                <Level>Error</Level>
                <Task>Microsoft KeyboardFilter Service</Task>
                <Message><![CDATA[
Session Manager handle to Keyboard Filter process was abandoned. Handle will be removed from the session list.]]></Message>
                <Template><![CDATA[
<template xmlns="http://schemas.microsoft.com/win/2004/08/events">
</template>
]]></Template>
            </Event>
            <Event>
                <Id>10007</Id>
                <Version>0</Version>
                <Channel>Microsoft-Windows-KeyboardFilter/Admin</Channel>
                <Level>Warning</Level>
                <Task>Microsoft KeyboardFilter Service</Task>
                <Message><![CDATA[
The Keyboard Filter Service failed to launch hook process.  Reason: %1]]></Message>
                <Template><![CDATA[
<template xmlns="http://schemas.microsoft.com/win/2004/08/events">
  <data name="Message" inType="win:UnicodeString" outType="xs:string"/>
  <data name="ErrorCode" inType="win:UInt32" outType="xs:unsignedInt"/>
</template>
]]></Template>
            </Event>
            <Event>
                <Id>10008</Id>
                <Version>0</Version>
                <Channel>Microsoft-Windows-KeyboardFilter/Admin</Channel>
                <Level>Warning</Level>
                <Task>Microsoft KeyboardFilter Service</Task>
                <Message><![CDATA[
'sdbinst -q (%1)' has probably failed, exit code of (%2).]]></Message>
                <Template><![CDATA[
<template xmlns="http://schemas.microsoft.com/win/2004/08/events">
  <data name="SdbPath" inType="win:UnicodeString" outType="xs:string"/>
  <data name="ExitCode" inType="win:UInt32" outType="xs:unsignedInt"/>
</template>
]]></Template>
            </Event>
            <Event>
                <Id>10009</Id>
                <Version>0</Version>
                <Channel>Microsoft-Windows-KeyboardFilter/Admin</Channel>
                <Level>Warning</Level>
                <Task>Microsoft KeyboardFilter Service</Task>
                <Message><![CDATA[
Unsupported (e.g. remote) session was disconnected by Keyboard Filter Service.]]></Message>
                <Template><![CDATA[
<template xmlns="http://schemas.microsoft.com/win/2004/08/events">
</template>
]]></Template>
            </Event>
            <Event>
                <Id>10010</Id>
                <Version>0</Version>
                <Channel>Microsoft-Windows-KeyboardFilter/Admin</Channel>
                <Level>Error</Level>
                <Task>Microsoft KeyboardFilter Service</Task>
                <Message><![CDATA[
Keyboard Filter Driver could not start and has unloaded.  Reason, %1 (%2).]]></Message>
                <Template><![CDATA[
<template xmlns="http://schemas.microsoft.com/win/2004/08/events">
  <data name="ErrorCode" inType="win:UInt32" outType="win:HexInt32"/>
  <data name="Reason" inType="win:UInt32" outType="win:HexInt32"/>
</template>
]]></Template>
            </Event>
            <Event>
                <Id>10011</Id>
                <Version>0</Version>
                <Channel>Microsoft-Windows-KeyboardFilter/Admin</Channel>
                <Level>Error</Level>
                <Task>Microsoft KeyboardFilter Service</Task>
                <Message><![CDATA[
The Keyboard Filter Driver could not attach to keyboard.  Reason, %1 (%2).]]></Message>
                <Template><![CDATA[
<template xmlns="http://schemas.microsoft.com/win/2004/08/events">
  <data name="ErrorCode" inType="win:UInt32" outType="win:HexInt32"/>
  <data name="Reason" inType="win:UInt32" outType="win:HexInt32"/>
</template>
]]></Template>
            </Event>
            <Event>
                <Id>10012</Id>
                <Version>0</Version>
                <Channel>Microsoft-Windows-KeyboardFilter/Admin</Channel>
                <Level>Error</Level>
                <Task>Microsoft KeyboardFilter Service</Task>
                <Message><![CDATA[
The Keyboard Filter Driver could not properly filter keystroke information.  Reason, %1 (%2).]]></Message>
                <Template><![CDATA[
<template xmlns="http://schemas.microsoft.com/win/2004/08/events">
  <data name="ErrorCode" inType="win:UInt32" outType="win:HexInt32"/>
  <data name="Reason" inType="win:UInt32" outType="win:HexInt32"/>
</template>
]]></Template>
            </Event>
            <Event>
                <Id>10013</Id>
                <Version>0</Version>
                <Channel>Microsoft-Windows-KeyboardFilter/Admin</Channel>
                <Level>Error</Level>
                <Task>Microsoft KeyboardFilter Service</Task>
                <Message><![CDATA[
The Keyboard Filter Driver could not update filter configuration.  Reason, %1 (%2).]]></Message>
                <Template><![CDATA[
<template xmlns="http://schemas.microsoft.com/win/2004/08/events">
  <data name="ErrorCode" inType="win:UInt32" outType="win:HexInt32"/>
  <data name="Reason" inType="win:UInt32" outType="win:HexInt32"/>
</template>
]]></Template>
            </Event>
            <Event>
                <Id>10014</Id>
                <Version>0</Version>
                <Channel>Microsoft-Windows-KeyboardFilter/Admin</Channel>
                <Level>Warning</Level>
                <Task>Microsoft KeyboardFilter Service</Task>
                <Message><![CDATA[
A non-empty list of keyboard filter rules resulted in an empty scancode list.]]></Message>
                <Template><![CDATA[
<template xmlns="http://schemas.microsoft.com/win/2004/08/events">
</template>
]]></Template>
            </Event>
            <Event>
                <Id>10015</Id>
                <Version>0</Version>
                <Channel>Microsoft-Windows-KeyboardFilter/Admin</Channel>
                <Level>Warning</Level>
                <Task>Microsoft KeyboardFilter Service</Task>
                <Message><![CDATA[
Error was returned when trying to transform a keyboard filter rule to a scancode.]]></Message>
                <Template><![CDATA[
<template xmlns="http://schemas.microsoft.com/win/2004/08/events">
  <data name="Message" inType="win:UnicodeString" outType="xs:string"/>
  <data name="ErrorCode" inType="win:UInt32" outType="xs:unsignedInt"/>
</template>
]]></Template>
            </Event>
            <Event>
                <Id>10016</Id>
                <Version>0</Version>
                <Channel>Microsoft-Windows-KeyboardFilter/Operational</Channel>
                <Level>Warning</Level>
                <Task>Microsoft KeyboardFilter Service</Task>
                <Message><![CDATA[
Attempting to launch the keyboard filter hook process.]]></Message>
                <Template><![CDATA[
<template xmlns="http://schemas.microsoft.com/win/2004/08/events">
</template>
]]></Template>
            </Event>
            <Event>
                <Id>10050</Id>
                <Version>0</Version>
                <Channel>Microsoft-Windows-KeyboardFilter/Admin</Channel>
                <Level>Error</Level>
                <Task>Microsoft KeyboardFilter Service</Task>
                <Message><![CDATA[
Failed to attach session %1 (%2)]]></Message>
                <Template><![CDATA[
<template xmlns="http://schemas.microsoft.com/win/2004/08/events">
  <data name="Message" inType="win:UnicodeString" outType="xs:string"/>
  <data name="ErrorCode" inType="win:UInt32" outType="xs:unsignedInt"/>
</template>
]]></Template>
            </Event>
            <Event>
                <Id>10051</Id>
                <Version>0</Version>
                <Channel>Microsoft-Windows-KeyboardFilter/Admin</Channel>
                <Level>Error</Level>
                <Task>Microsoft KeyboardFilter Service</Task>
                <Message><![CDATA[
Failed to detach session %1 (%2)]]></Message>
                <Template><![CDATA[
<template xmlns="http://schemas.microsoft.com/win/2004/08/events">
  <data name="Message" inType="win:UnicodeString" outType="xs:string"/>
  <data name="ErrorCode" inType="win:UInt32" outType="xs:unsignedInt"/>
</template>
]]></Template>
            </Event>
            <Event>
                <Id>10052</Id>
                <Version>0</Version>
                <Channel>Microsoft-Windows-KeyboardFilter/Admin</Channel>
                <Level>Error</Level>
                <Task>Microsoft KeyboardFilter Service</Task>
                <Message><![CDATA[
Missing Breakout keycode]]></Message>
                <Template><![CDATA[
<template xmlns="http://schemas.microsoft.com/win/2004/08/events">
</template>
]]></Template>
            </Event>
            <Event>
                <Id>10053</Id>
                <Version>0</Version>
                <Channel>Microsoft-Windows-KeyboardFilter/Admin</Channel>
                <Level>Error</Level>
                <Task>Microsoft KeyboardFilter Service</Task>
                <Message><![CDATA[
IOCTLReadBreakoutKeyFailed %1 (%2)]]></Message>
                <Template><![CDATA[
<template xmlns="http://schemas.microsoft.com/win/2004/08/events">
  <data name="Message" inType="win:UnicodeString" outType="xs:string"/>
  <data name="ErrorCode" inType="win:UInt32" outType="xs:unsignedInt"/>
</template>
]]></Template>
            </Event>
            <Event>
                <Id>10054</Id>
                <Version>0</Version>
                <Channel>Microsoft-Windows-KeyboardFilter/Admin</Channel>
                <Level>Error</Level>
                <Task>Microsoft KeyboardFilter Service</Task>
                <Message><![CDATA[
CreateResources failed %1 (%2)]]></Message>
                <Template><![CDATA[
<template xmlns="http://schemas.microsoft.com/win/2004/08/events">
  <data name="Message" inType="win:UnicodeString" outType="xs:string"/>
  <data name="ErrorCode" inType="win:UInt32" outType="xs:unsignedInt"/>
</template>
]]></Template>
            </Event>
            <Event>
                <Id>10055</Id>
                <Version>0</Version>
                <Channel>Microsoft-Windows-KeyboardFilter/Admin</Channel>
                <Level>Error</Level>
                <Task>Microsoft KeyboardFilter Service</Task>
                <Message><![CDATA[
RPC initialization failed %1 (%2)]]></Message>
                <Template><![CDATA[
<template xmlns="http://schemas.microsoft.com/win/2004/08/events">
  <data name="Message" inType="win:UnicodeString" outType="xs:string"/>
  <data name="ErrorCode" inType="win:UInt32" outType="xs:unsignedInt"/>
</template>
]]></Template>
            </Event>
            <Event>
                <Id>10056</Id>
                <Version>0</Version>
                <Channel>Microsoft-Windows-KeyboardFilter/Admin</Channel>
                <Level>Error</Level>
                <Task>Microsoft KeyboardFilter Service</Task>
                <Message><![CDATA[
BreakoutKey thread launch failure %1 (%2)]]></Message>
                <Template><![CDATA[
<template xmlns="http://schemas.microsoft.com/win/2004/08/events">
  <data name="Message" inType="win:UnicodeString" outType="xs:string"/>
  <data name="ErrorCode" inType="win:UInt32" outType="xs:unsignedInt"/>
</template>
]]></Template>
            </Event>
            <Event>
                <Id>10057</Id>
                <Version>0</Version>
                <Channel>Microsoft-Windows-KeyboardFilter/Admin</Channel>
                <Level>Error</Level>
                <Task>Microsoft KeyboardFilter Service</Task>
                <Message><![CDATA[
Run failed while waiting on handles %1 (%2)]]></Message>
                <Template><![CDATA[
<template xmlns="http://schemas.microsoft.com/win/2004/08/events">
  <data name="Message" inType="win:UnicodeString" outType="xs:string"/>
  <data name="ErrorCode" inType="win:UInt32" outType="xs:unsignedInt"/>
</template>
]]></Template>
            </Event>
            <Event>
                <Id>10058</Id>
                <Version>0</Version>
                <Channel>Microsoft-Windows-KeyboardFilter/Admin</Channel>
                <Level>Error</Level>
                <Task>Microsoft KeyboardFilter Service</Task>
                <Message><![CDATA[
Set KeyboardLayout failed %1 (%2)]]></Message>
                <Template><![CDATA[
<template xmlns="http://schemas.microsoft.com/win/2004/08/events">
  <data name="Message" inType="win:UnicodeString" outType="xs:string"/>
  <data name="ErrorCode" inType="win:UInt32" outType="xs:unsignedInt"/>
</template>
]]></Template>
            </Event>
            <Event>
                <Id>10059</Id>
                <Version>0</Version>
                <Channel>Microsoft-Windows-KeyboardFilter/Admin</Channel>
                <Level>Error</Level>
                <Task>Microsoft KeyboardFilter Service</Task>
                <Message><![CDATA[
RegisterDeviceNotification failed %1 (%2)]]></Message>
                <Template><![CDATA[
<template xmlns="http://schemas.microsoft.com/win/2004/08/events">
  <data name="Message" inType="win:UnicodeString" outType="xs:string"/>
  <data name="ErrorCode" inType="win:UInt32" outType="xs:unsignedInt"/>
</template>
]]></Template>
            </Event>
            <Event>
                <Id>10101</Id>
                <Version>0</Version>
                <Channel>Microsoft-Windows-KeyboardFilter/Operational</Channel>
                <Level>Information</Level>
                <Task>Microsoft KeyboardFilter Service</Task>
                <Message><![CDATA[
The Keyboard Filter Service has Started]]></Message>
                <Template><![CDATA[
<template xmlns="http://schemas.microsoft.com/win/2004/08/events">
</template>
]]></Template>
            </Event>
            <Event>
                <Id>10102</Id>
                <Version>0</Version>
                <Channel>Microsoft-Windows-KeyboardFilter/Operational</Channel>
                <Level>Information</Level>
                <Task>Microsoft KeyboardFilter Service</Task>
                <Opcode>Stop</Opcode>
                <Message><![CDATA[
The Keyboard Filter Service has stopped]]></Message>
                <Template><![CDATA[
<template xmlns="http://schemas.microsoft.com/win/2004/08/events">
</template>
]]></Template>
            </Event>
            <Event>
                <Id>10103</Id>
                <Version>0</Version>
                <Channel>Microsoft-Windows-KeyboardFilter/Operational</Channel>
                <Level>Information</Level>
                <Task>Microsoft KeyboardFilter Service</Task>
                <Message><![CDATA[
Generic Keyboard Filter Service message: %1]]></Message>
                <Template><![CDATA[
<template xmlns="http://schemas.microsoft.com/win/2004/08/events">
  <data name="Command" inType="win:UnicodeString" outType="xs:string"/>
</template>
]]></Template>
            </Event>
            <Event>
                <Id>10104</Id>
                <Version>0</Version>
                <Channel>Microsoft-Windows-KeyboardFilter/Operational</Channel>
                <Level>Information</Level>
                <Task>Microsoft KeyboardFilter Service</Task>
                <Message><![CDATA[
'sdbinst -q (%1)' executed, exit code (%2)]]></Message>
                <Template><![CDATA[
<template xmlns="http://schemas.microsoft.com/win/2004/08/events">
  <data name="SdbPath" inType="win:UnicodeString" outType="xs:string"/>
  <data name="ExitCode" inType="win:UInt32" outType="xs:unsignedInt"/>
</template>
]]></Template>
            </Event>
            <Event>
                <Id>10201</Id>
                <Version>0</Version>
                <Channel>Microsoft-Windows-KeyboardFilter/Operational</Channel>
                <Level>Information</Level>
                <Task>Microsoft KeyboardFilter Service</Task>
                <Message><![CDATA[
Administrator user %1 is now logged on, keyboard filtering is disabled for this session.]]></Message>
                <Template><![CDATA[
<template xmlns="http://schemas.microsoft.com/win/2004/08/events">
  <data name="UserName" inType="win:UnicodeString" outType="xs:string"/>
</template>
]]></Template>
            </Event>
            <Event>
                <Id>10202</Id>
                <Version>0</Version>
                <Channel>Microsoft-Windows-KeyboardFilter/Operational</Channel>
                <Level>Information</Level>
                <Task>Microsoft KeyboardFilter Service</Task>
                <Message><![CDATA[
User %1 logged off. Keyboard filtering is disabled for the Windows Logon Screen.]]></Message>
                <Template><![CDATA[
<template xmlns="http://schemas.microsoft.com/win/2004/08/events">
  <data name="UserName" inType="win:UnicodeString" outType="xs:string"/>
</template>
]]></Template>
            </Event>
            <Event>
                <Id>10203</Id>
                <Version>0</Version>
                <Channel>Microsoft-Windows-KeyboardFilter/Operational</Channel>
                <Level>Information</Level>
                <Task>Microsoft KeyboardFilter Service</Task>
                <Message><![CDATA[
User %1 logged off. Keyboard filtering is disabled.]]></Message>
                <Template><![CDATA[
<template xmlns="http://schemas.microsoft.com/win/2004/08/events">
  <data name="UserName" inType="win:UnicodeString" outType="xs:string"/>
</template>
]]></Template>
            </Event>
            <Event>
                <Id>10204</Id>
                <Version>0</Version>
                <Channel>Microsoft-Windows-KeyboardFilter/Operational</Channel>
                <Level>Information</Level>
                <Task>Microsoft KeyboardFilter Service</Task>
                <Message><![CDATA[
User %1 is now logged on. Keyboard filtering is now in effect.]]></Message>
                <Template><![CDATA[
<template xmlns="http://schemas.microsoft.com/win/2004/08/events">
  <data name="UserName" inType="win:UnicodeString" outType="xs:string"/>
</template>
]]></Template>
            </Event>
            <Event>
                <Id>10205</Id>
                <Version>0</Version>
                <Channel>Microsoft-Windows-KeyboardFilter/Operational</Channel>
                <Level>Information</Level>
                <Task>Microsoft KeyboardFilter Service</Task>
                <Opcode>Read Registry</Opcode>
                <Message><![CDATA[
The Keyboard Filter Service has detected Policy changes and is reloading them]]></Message>
                <Template><![CDATA[
<template xmlns="http://schemas.microsoft.com/win/2004/08/events">
</template>
]]></Template>
            </Event>
            <Event>
                <Id>10206</Id>
                <Version>0</Version>
                <Channel>Microsoft-Windows-KeyboardFilter/Operational</Channel>
                <Level>Information</Level>
                <Task>Microsoft KeyboardFilter Service</Task>
                <Message><![CDATA[
The Keyboard Filter Service has detected a layout change to %1.]]></Message>
                <Template><![CDATA[
<template xmlns="http://schemas.microsoft.com/win/2004/08/events">
  <data name="Layout" inType="win:UnicodeString" outType="xs:string"/>
</template>
]]></Template>
            </Event>
            <Event>
                <Id>10207</Id>
                <Version>0</Version>
                <Channel>Microsoft-Windows-KeyboardFilter/Operational</Channel>
                <Level>Verbose</Level>
                <Task>Microsoft KeyboardFilter Service</Task>
                <Opcode>Read Registry</Opcode>
                <Message><![CDATA[
The Keyboard Filter Service has found the following enabled policies.]]></Message>
                <Template><![CDATA[
<template xmlns="http://schemas.microsoft.com/win/2004/08/events">
  <data name="Count" inType="win:UInt32" outType="xs:unsignedInt"/>
  <data name="Policy" inType="win:UnicodeString" outType="xs:string" count="Count"/>
</template>
]]></Template>
            </Event>
            <Event>
                <Id>10208</Id>
                <Version>0</Version>
                <Channel>Microsoft-Windows-KeyboardFilter/Operational</Channel>
                <Level>Information</Level>
                <Task>Microsoft KeyboardFilter Service</Task>
                <Opcode>Write Driver</Opcode>
                <Message><![CDATA[
The Keyboard Filter Service is sending scancodes to the Filter Driver.]]></Message>
                <Template><![CDATA[
<template xmlns="http://schemas.microsoft.com/win/2004/08/events">
  <data name="Count" inType="win:UInt32" outType="xs:unsignedInt"/>
  <struct name="KeyData" count="Count">
    <data name="Modifiers" inType="win:UInt16" outType="xs:unsignedShort"/>
    <data name="Extended" inType="win:UInt16" outType="xs:unsignedShort"/>
    <data name="Scancode" inType="win:UInt16" outType="xs:unsignedShort"/>
  </struct>
</template>
]]></Template>
            </Event>
            <Event>
                <Id>10301</Id>
                <Version>0</Version>
                <Channel>Microsoft-Windows-KeyboardFilter/Admin</Channel>
                <Level>Warning</Level>
                <Task>KeyboardFilter Configuration</Task>
                <Message><![CDATA[
A custom filter (%1) appears to have an invalid modifier (system) key. Valid modifiers include Ctrl or Control, Alt, Shift, and Win or Windows. Each key must be separated from the one that follows with a plus (+).]]></Message>
                <Template><![CDATA[
<template xmlns="http://schemas.microsoft.com/win/2004/08/events">
  <data name="Filter" inType="win:UnicodeString" outType="xs:string"/>
</template>
]]></Template>
            </Event>
            <Event>
                <Id>10302</Id>
                <Version>0</Version>
                <Channel>Microsoft-Windows-KeyboardFilter/Admin</Channel>
                <Level>Warning</Level>
                <Task>KeyboardFilter Configuration</Task>
                <Message><![CDATA[
A custom filter (%1) appears to have an invalid key. Keys can be any character on the system's keyboard or it's name. Please see documentation for the names of all valid keys.]]></Message>
                <Template><![CDATA[
<template xmlns="http://schemas.microsoft.com/win/2004/08/events">
  <data name="Filter" inType="win:UnicodeString" outType="xs:string"/>
</template>
]]></Template>
            </Event>
            <Event>
                <Id>10303</Id>
                <Version>0</Version>
                <Channel>Microsoft-Windows-KeyboardFilter/Admin</Channel>
                <Level>Warning</Level>
                <Task>KeyboardFilter Configuration</Task>
                <Message><![CDATA[
A custom filter (%1) appears to be invalid.  A valid filter has zero or more modifiers, and a single key.  Each modifier and key must be separated by (+).]]></Message>
                <Template><![CDATA[
<template xmlns="http://schemas.microsoft.com/win/2004/08/events">
  <data name="Filter" inType="win:UnicodeString" outType="xs:string"/>
</template>
]]></Template>
            </Event>
            <Event>
                <Id>10304</Id>
                <Version>0</Version>
                <Channel>Microsoft-Windows-KeyboardFilter/Admin</Channel>
                <Level>Warning</Level>
                <Task>KeyboardFilter Configuration</Task>
                <Message><![CDATA[
Too many custom filters have been enabled.  No more than %1 custom and fixed filters may be defined.]]></Message>
                <Template><![CDATA[
<template xmlns="http://schemas.microsoft.com/win/2004/08/events">
  <data name="Maximum" inType="win:Int32" outType="xs:int"/>
</template>
]]></Template>
            </Event>
            <Event>
                <Id>11000</Id>
                <Version>0</Version>
                <Channel>Microsoft-Windows-KeyboardFilter/Performance</Channel>
                <Level>Information</Level>
                <Task>Hardware keyboard input</Task>
                <Opcode>Start</Opcode>
                <Message><![CDATA[
Hardware keyboard input]]></Message>
                <Template><![CDATA[
]]></Template>
            </Event>
            <Event>
                <Id>11001</Id>
                <Version>0</Version>
                <Channel>Microsoft-Windows-KeyboardFilter/Performance</Channel>
                <Level>Information</Level>
                <Task>Hardware keyboard input</Task>
                <Opcode>Stop</Opcode>
                <Message><![CDATA[
Hardware keyboard input]]></Message>
                <Template><![CDATA[
]]></Template>
            </Event>
            <Event>
                <Id>11002</Id>
                <Version>0</Version>
                <Channel>Microsoft-Windows-KeyboardFilter/Performance</Channel>
                <Level>Information</Level>
                <Task>Software keyboard input</Task>
                <Opcode>Start</Opcode>
                <Message><![CDATA[
Software keyboard input]]></Message>
                <Template><![CDATA[
]]></Template>
            </Event>
            <Event>
                <Id>11003</Id>
                <Version>0</Version>
                <Channel>Microsoft-Windows-KeyboardFilter/Performance</Channel>
                <Level>Information</Level>
                <Task>Software keyboard input</Task>
                <Opcode>Stop</Opcode>
                <Message><![CDATA[
Software keyboard input]]></Message>
                <Template><![CDATA[
]]></Template>
            </Event>
            <Event>
                <Id>11004</Id>
                <Version>0</Version>
                <Channel>Microsoft-Windows-KeyboardFilter/Performance</Channel>
                <Level>Information</Level>
                <Task>Load Configuration</Task>
                <Opcode>Start</Opcode>
                <Message><![CDATA[
Load Configuration]]></Message>
                <Template><![CDATA[
]]></Template>
            </Event>
            <Event>
                <Id>11005</Id>
                <Version>0</Version>
                <Channel>Microsoft-Windows-KeyboardFilter/Performance</Channel>
                <Level>Information</Level>
                <Task>Load Configuration</Task>
                <Opcode>Stop</Opcode>
                <Message><![CDATA[
Load Configuration]]></Message>
                <Template><![CDATA[
]]></Template>
            </Event>
            <Event>
                <Id>11006</Id>
                <Version>0</Version>
                <Channel>Microsoft-Windows-KeyboardFilter/Performance</Channel>
                <Level>Information</Level>
                <Task>Keybaord Layout Change</Task>
                <Opcode>Start</Opcode>
                <Message><![CDATA[
Keybaord Layout Change]]></Message>
                <Template><![CDATA[
]]></Template>
            </Event>
            <Event>
                <Id>11007</Id>
                <Version>0</Version>
                <Channel>Microsoft-Windows-KeyboardFilter/Performance</Channel>
                <Level>Information</Level>
                <Task>Keybaord Layout Change</Task>
                <Opcode>Stop</Opcode>
                <Message><![CDATA[
Keybaord Layout Change]]></Message>
                <Template><![CDATA[
]]></Template>
            </Event>
            <Event>
                <Id>11008</Id>
                <Version>0</Version>
                <Channel>Microsoft-Windows-KeyboardFilter/Performance</Channel>
                <Level>Information</Level>
                <Task>Desktop Change</Task>
                <Opcode>Start</Opcode>
                <Message><![CDATA[
Desktop Change]]></Message>
                <Template><![CDATA[
]]></Template>
            </Event>
            <Event>
                <Id>11009</Id>
                <Version>0</Version>
                <Channel>Microsoft-Windows-KeyboardFilter/Performance</Channel>
                <Level>Information</Level>
                <Task>Desktop Change</Task>
                <Opcode>Stop</Opcode>
                <Message><![CDATA[
Desktop Change]]></Message>
                <Template><![CDATA[
]]></Template>
            </Event>
            <Event>
                <Id>11010</Id>
                <Version>0</Version>
                <Channel>Microsoft-Windows-KeyboardFilter/Performance</Channel>
                <Level>Information</Level>
                <Task>User login</Task>
                <Opcode>Start</Opcode>
                <Message><![CDATA[
User login]]></Message>
                <Template><![CDATA[
]]></Template>
            </Event>
            <Event>
                <Id>11011</Id>
                <Version>0</Version>
                <Channel>Microsoft-Windows-KeyboardFilter/Performance</Channel>
                <Level>Information</Level>
                <Task>User login</Task>
                <Opcode>Stop</Opcode>
                <Message><![CDATA[
User login]]></Message>
                <Template><![CDATA[
]]></Template>
            </Event>
            <Event>
                <Id>11012</Id>
                <Version>0</Version>
                <Channel>Microsoft-Windows-KeyboardFilter/Performance</Channel>
                <Level>Information</Level>
                <Task>User logout</Task>
                <Opcode>Start</Opcode>
                <Message><![CDATA[
User logout]]></Message>
                <Template><![CDATA[
]]></Template>
            </Event>
            <Event>
                <Id>11013</Id>
                <Version>0</Version>
                <Channel>Microsoft-Windows-KeyboardFilter/Performance</Channel>
                <Level>Information</Level>
                <Task>User logout</Task>
                <Opcode>Stop</Opcode>
                <Message><![CDATA[
User logout]]></Message>
                <Template><![CDATA[
]]></Template>
            </Event>
        </EventMetadata>
    </Provider>
</Providers>
