<Providers>
    <Provider>
        <Name>Microsoft-Windows-ComDlg32</Name>
        <Metadata>
            <Guid>{7F912B92-21AD-496E-B97A-88622A72BC42}</Guid>
            <ResourceFilePath>%systemroot%\system32\ComDlg32.dll</ResourceFilePath>
            <ParameterFilePath></ParameterFilePath>
            <MessageFilePath>%systemroot%\system32\comdlg32.dll</MessageFilePath>
            <HelpLink></HelpLink>
            <PublisherMessage>Microsoft-Windows-ComDlg32</PublisherMessage>
            <Channels>
                <Channel>
                    <Message>Debug</Message>
                    <Path>Microsoft-Windows-ComDlg32/Debug</Path>
                    <Index>0</Index>
                    <Id>16</Id>
                    <Imported>false</Imported>
                </Channel>
                <Channel>
                    <Message>Analytical</Message>
                    <Path>Microsoft-Windows-ComDlg32/Analytic</Path>
                    <Index>1</Index>
                    <Id>17</Id>
                    <Imported>false</Imported>
                </Channel>
            </Channels>
            <Levels>
                <Level>
                    <Message>Information</Message>
                    <Name>win:Informational</Name>
                    <Value>4</Value>
                </Level>
            </Levels>
            <Tasks>
                <Task>
                    <Message></Message>
                    <Name>PerfTrack_DisplayChooseFont</Name>
                    <Value>30</Value>
                </Task>
                <Task>
                    <Message>Font Chooser Common Dialog</Message>
                    <Name>ChooseFont</Name>
                    <Value>31</Value>
                </Task>
            </Tasks>
            <Opcodes>
                <Opcode>
                    <Message>Start</Message>
                    <Name>win:Start</Name>
                    <Value>1</Value>
                    <Task>0</Task>
                </Opcode>
                <Opcode>
                    <Message>Stop</Message>
                    <Name>win:Stop</Name>
                    <Value>2</Value>
                    <Task>0</Task>
                </Opcode>
                <Opcode>
                    <Message>ComDlg32 Operation</Message>
                    <Name>Operation</Name>
                    <Value>200</Value>
                    <Task>0</Task>
                </Opcode>
                <Opcode>
                    <Message>ChooseFont Entered</Message>
                    <Name>ChooseFontEnter</Name>
                    <Value>201</Value>
                    <Task>0</Task>
                </Opcode>
                <Opcode>
                    <Message>ChooseFont Exited</Message>
                    <Name>ChooseFontExit</Name>
                    <Value>203</Value>
                    <Task>0</Task>
                </Opcode>
                <Opcode>
                    <Message>ChooseFont start building enumerator</Message>
                    <Name>ChooseFontInitEnumeratorStart</Name>
                    <Value>204</Value>
                    <Task>0</Task>
                </Opcode>
                <Opcode>
                    <Message>ChooseFont finished building enumerator</Message>
                    <Name>ChooseFontInitEnumeratorEnd</Name>
                    <Value>205</Value>
                    <Task>0</Task>
                </Opcode>
                <Opcode>
                    <Message>ChooseFont create dialog</Message>
                    <Name>ChooseFontCreateDialog</Name>
                    <Value>206</Value>
                    <Task>0</Task>
                </Opcode>
                <Opcode>
                    <Message>ChooseFont start WM_INITDIALOG</Message>
                    <Name>ChooseFontWmInitDialogStart</Name>
                    <Value>207</Value>
                    <Task>0</Task>
                </Opcode>
                <Opcode>
                    <Message>ChooseFont end WM_INITDIALOG</Message>
                    <Name>ChooseFontWmInitDialogEnd</Name>
                    <Value>208</Value>
                    <Task>0</Task>
                </Opcode>
                <Opcode>
                    <Message>ChooseFont get families 1 start</Message>
                    <Name>ChooseFontGetFamilies1Start</Name>
                    <Value>209</Value>
                    <Task>0</Task>
                </Opcode>
                <Opcode>
                    <Message>ChooseFont get families 1 end</Message>
                    <Name>ChooseFontGetFamilies1End</Name>
                    <Value>210</Value>
                    <Task>0</Task>
                </Opcode>
                <Opcode>
                    <Message>ChooseFont get families 2 start</Message>
                    <Name>ChooseFontGetFamilies2Start</Name>
                    <Value>211</Value>
                    <Task>0</Task>
                </Opcode>
                <Opcode>
                    <Message>ChooseFont get families 2 end</Message>
                    <Name>ChooseFontGetFamilies2End</Name>
                    <Value>212</Value>
                    <Task>0</Task>
                </Opcode>
                <Opcode>
                    <Message>ChooseFont insert family start</Message>
                    <Name>ChooseFontInsertFamilyStart</Name>
                    <Value>213</Value>
                    <Task>0</Task>
                </Opcode>
                <Opcode>
                    <Message>ChooseFont insert family end</Message>
                    <Name>ChooseFontInsertFamilyEnd</Name>
                    <Value>214</Value>
                    <Task>0</Task>
                </Opcode>
                <Opcode>
                    <Message>ChooseFont GetFontStylesAndSizes start</Message>
                    <Name>ChooseFontGetFontStylesAndSizesEnter</Name>
                    <Value>215</Value>
                    <Task>0</Task>
                </Opcode>
                <Opcode>
                    <Message>ChooseFont GetFontStylesAndSizes end</Message>
                    <Name>ChooseFontGetFontStylesAndSizesExit</Name>
                    <Value>216</Value>
                    <Task>0</Task>
                </Opcode>
            </Opcodes>
            <Keywords>
                <Keyword>
                    <Message>Response Time</Message>
                    <Name>win:ResponseTime</Name>
                    <Value>281474976710656</Value>
                </Keyword>
            </Keywords>
        </Metadata>
        <EventMetadata>
            <Event>
                <Id>30000</Id>
                <Version>0</Version>
                <Channel>Analytical</Channel>
                <Level>Information</Level>
                <Task>PerfTrack_DisplayChooseFont</Task>
                <Opcode>Start</Opcode>
                <Template><![CDATA[
]]></Template>
            </Event>
            <Event>
                <Id>30001</Id>
                <Version>0</Version>
                <Channel>Analytical</Channel>
                <Level>Information</Level>
                <Task>PerfTrack_DisplayChooseFont</Task>
                <Opcode>Stop</Opcode>
                <Template><![CDATA[
]]></Template>
            </Event>
            <Event>
                <Id>40000</Id>
                <Version>0</Version>
                <Channel>Debug</Channel>
                <Level>Information</Level>
                <Task>Font Chooser Common Dialog</Task>
                <Opcode>ChooseFont Entered</Opcode>
                <Template><![CDATA[
]]></Template>
            </Event>
            <Event>
                <Id>40010</Id>
                <Version>0</Version>
                <Channel>Debug</Channel>
                <Level>Information</Level>
                <Task>Font Chooser Common Dialog</Task>
                <Opcode>ChooseFont Exited</Opcode>
                <Template><![CDATA[
]]></Template>
            </Event>
            <Event>
                <Id>40020</Id>
                <Version>0</Version>
                <Channel>Debug</Channel>
                <Level>Information</Level>
                <Task>Font Chooser Common Dialog</Task>
                <Opcode>ChooseFont start building enumerator</Opcode>
                <Template><![CDATA[
]]></Template>
            </Event>
            <Event>
                <Id>40030</Id>
                <Version>0</Version>
                <Channel>Debug</Channel>
                <Level>Information</Level>
                <Task>Font Chooser Common Dialog</Task>
                <Opcode>ChooseFont finished building enumerator</Opcode>
                <Template><![CDATA[
]]></Template>
            </Event>
            <Event>
                <Id>40040</Id>
                <Version>0</Version>
                <Channel>Debug</Channel>
                <Level>Information</Level>
                <Task>Font Chooser Common Dialog</Task>
                <Opcode>ChooseFont create dialog</Opcode>
                <Template><![CDATA[
]]></Template>
            </Event>
            <Event>
                <Id>40050</Id>
                <Version>0</Version>
                <Channel>Debug</Channel>
                <Level>Information</Level>
                <Task>Font Chooser Common Dialog</Task>
                <Opcode>ChooseFont start WM_INITDIALOG</Opcode>
                <Template><![CDATA[
]]></Template>
            </Event>
            <Event>
                <Id>40060</Id>
                <Version>0</Version>
                <Channel>Debug</Channel>
                <Level>Information</Level>
                <Task>Font Chooser Common Dialog</Task>
                <Opcode>ChooseFont end WM_INITDIALOG</Opcode>
                <Template><![CDATA[
]]></Template>
            </Event>
            <Event>
                <Id>40070</Id>
                <Version>0</Version>
                <Channel>Debug</Channel>
                <Level>Information</Level>
                <Task>Font Chooser Common Dialog</Task>
                <Opcode>ChooseFont get families 1 start</Opcode>
                <Template><![CDATA[
]]></Template>
            </Event>
            <Event>
                <Id>40080</Id>
                <Version>0</Version>
                <Channel>Debug</Channel>
                <Level>Information</Level>
                <Task>Font Chooser Common Dialog</Task>
                <Opcode>ChooseFont get families 1 end</Opcode>
                <Template><![CDATA[
]]></Template>
            </Event>
            <Event>
                <Id>40090</Id>
                <Version>0</Version>
                <Channel>Debug</Channel>
                <Level>Information</Level>
                <Task>Font Chooser Common Dialog</Task>
                <Opcode>ChooseFont get families 2 start</Opcode>
                <Template><![CDATA[
]]></Template>
            </Event>
            <Event>
                <Id>40100</Id>
                <Version>0</Version>
                <Channel>Debug</Channel>
                <Level>Information</Level>
                <Task>Font Chooser Common Dialog</Task>
                <Opcode>ChooseFont get families 2 end</Opcode>
                <Template><![CDATA[
]]></Template>
            </Event>
            <Event>
                <Id>40110</Id>
                <Version>0</Version>
                <Channel>Debug</Channel>
                <Level>Information</Level>
                <Task>Font Chooser Common Dialog</Task>
                <Opcode>ChooseFont insert family start</Opcode>
                <Template><![CDATA[
]]></Template>
            </Event>
            <Event>
                <Id>40120</Id>
                <Version>0</Version>
                <Channel>Debug</Channel>
                <Level>Information</Level>
                <Task>Font Chooser Common Dialog</Task>
                <Opcode>ChooseFont insert family end</Opcode>
                <Template><![CDATA[
<template xmlns="http://schemas.microsoft.com/win/2004/08/events">
  <data name="FamiliesAdded" inType="win:UInt32" outType="xs:unsignedInt"/>
</template>
]]></Template>
            </Event>
            <Event>
                <Id>40130</Id>
                <Version>0</Version>
                <Channel>Debug</Channel>
                <Level>Information</Level>
                <Task>Font Chooser Common Dialog</Task>
                <Opcode>ChooseFont GetFontStylesAndSizes start</Opcode>
                <Template><![CDATA[
]]></Template>
            </Event>
            <Event>
                <Id>40140</Id>
                <Version>0</Version>
                <Channel>Debug</Channel>
                <Level>Information</Level>
                <Task>Font Chooser Common Dialog</Task>
                <Opcode>ChooseFont GetFontStylesAndSizes end</Opcode>
                <Template><![CDATA[
]]></Template>
            </Event>
        </EventMetadata>
    </Provider>
</Providers>
