<Providers>
    <Provider>
        <Name>Microsoft-Windows-CDROM</Name>
        <Metadata>
            <Guid>{9B6123DC-9AF6-4430-80D7-7D36F054FB9F}</Guid>
            <ResourceFilePath>%SystemRoot%\system32\drivers\cdrom.sys</ResourceFilePath>
            <ParameterFilePath></ParameterFilePath>
            <MessageFilePath>%SystemRoot%\system32\drivers\cdrom.sys</MessageFilePath>
            <HelpLink></HelpLink>
            <PublisherMessage></PublisherMessage>
            <Channels>
                <Channel>
                    <Message></Message>
                    <Path>Microsoft-Windows-CDROM/Operational</Path>
                    <Index>0</Index>
                    <Id>16</Id>
                    <Imported>false</Imported>
                </Channel>
            </Channels>
            <Levels>
                <Level>
                    <Message>Information</Message>
                    <Name>win:Informational</Name>
                    <Value>4</Value>
                </Level>
            </Levels>
            <Tasks>
                <Task>
                    <Message></Message>
                    <Name>CDROM_DRIVER</Name>
                    <Guid>{9125EB0F-B65B-44AD-B490-ED2E42B0B506}</Guid>
                    <Value>1</Value>
                </Task>
                <Task>
                    <Message>Setting device power for Zero Power ODD.</Message>
                    <Name>ZeroPowerODDSetPower</Name>
                    <Value>2</Value>
                </Task>
            </Tasks>
            <Opcodes>
                <Opcode>
                    <Message>Info</Message>
                    <Name>win:Info</Name>
                    <Value>0</Value>
                    <Task>0</Task>
                </Opcode>
                <Opcode>
                    <Message>Start</Message>
                    <Name>win:Start</Name>
                    <Value>1</Value>
                    <Task>0</Task>
                </Opcode>
                <Opcode>
                    <Message>Stop</Message>
                    <Name>win:Stop</Name>
                    <Value>2</Value>
                    <Task>0</Task>
                </Opcode>
            </Opcodes>
            <Keywords>
                <Keyword>
                    <Message>Response Time</Message>
                    <Name>win:ResponseTime</Name>
                    <Value>281474976710656</Value>
                </Keyword>
            </Keywords>
        </Metadata>
        <EventMetadata>
            <Event>
                <Id>100</Id>
                <Version>0</Version>
                <Level>Information</Level>
                <Task>CDROM_DRIVER</Task>
                <Template><![CDATA[
<template xmlns="http://schemas.microsoft.com/win/2004/08/events">
  <data name="DeviceName" inType="win:UnicodeString" outType="xs:string"/>
</template>
]]></Template>
            </Event>
            <Event>
                <Id>103</Id>
                <Version>0</Version>
                <Channel>Microsoft-Windows-CDROM/Operational</Channel>
                <Level>Information</Level>
                <Task>Setting device power for Zero Power ODD.</Task>
                <Opcode>Start</Opcode>
                <Message><![CDATA[
Zero Power ODD power on start.]]></Message>
                <Template><![CDATA[
]]></Template>
            </Event>
            <Event>
                <Id>104</Id>
                <Version>0</Version>
                <Channel>Microsoft-Windows-CDROM/Operational</Channel>
                <Level>Information</Level>
                <Task>Setting device power for Zero Power ODD.</Task>
                <Opcode>Stop</Opcode>
                <Message><![CDATA[
Zero Power ODD power on stop.]]></Message>
                <Template><![CDATA[
]]></Template>
            </Event>
        </EventMetadata>
    </Provider>
</Providers>
