<Providers>
    <Provider>
        <Name>Microsoft-Windows-Kernel-WHEA</Name>
        <Metadata>
            <Guid>{7B563579-53C8-44E7-8236-0F87B9FE6594}</Guid>
            <ResourceFilePath>%SystemRoot%\system32\PSHED.DLL</ResourceFilePath>
            <ParameterFilePath></ParameterFilePath>
            <MessageFilePath>%SystemRoot%\system32\PSHED.DLL</MessageFilePath>
            <HelpLink></HelpLink>
            <PublisherMessage>Microsoft-Windows-Kernel-WHEA</PublisherMessage>
            <Channels>
                <Channel>
                    <Message>System</Message>
                    <Path>System</Path>
                    <Index>0</Index>
                    <Id>8</Id>
                    <Imported>true</Imported>
                </Channel>
                <Channel>
                    <Message></Message>
                    <Path>Microsoft-Windows-Kernel-WHEA/Errors</Path>
                    <Index>1</Index>
                    <Id>16</Id>
                    <Imported>false</Imported>
                </Channel>
                <Channel>
                    <Message></Message>
                    <Path>Microsoft-Windows-Kernel-WHEA/Operational</Path>
                    <Index>2</Index>
                    <Id>17</Id>
                    <Imported>false</Imported>
                </Channel>
            </Channels>
            <Levels>
                <Level>
                    <Message>Error</Message>
                    <Name>win:Error</Name>
                    <Value>2</Value>
                </Level>
                <Level>
                    <Message>Warning</Message>
                    <Name>win:Warning</Name>
                    <Value>3</Value>
                </Level>
                <Level>
                    <Message>Information</Message>
                    <Name>win:Informational</Name>
                    <Value>4</Value>
                </Level>
            </Levels>
            <Tasks>
            </Tasks>
            <Opcodes>
                <Opcode>
                    <Message>Stop</Message>
                    <Name>win:Stop</Name>
                    <Value>2</Value>
                    <Task>0</Task>
                </Opcode>
            </Opcodes>
            <Keywords>
                <Keyword>
                    <Message>WHEA Event Log Entries</Message>
                    <Name>WheaEventLog</Name>
                    <Value>1024</Value>
                </Keyword>
                <Keyword>
                    <Message>WHEA Error Events</Message>
                    <Name>WheaError</Name>
                    <Value>2048</Value>
                </Keyword>
                <Keyword>
                    <Message>SQM</Message>
                    <Name>win:SQM</Name>
                    <Value>2251799813685248</Value>
                </Keyword>
            </Keywords>
        </Metadata>
        <EventMetadata>
            <Event>
                <Id>1</Id>
                <Version>0</Version>
                <Channel>System</Channel>
                <Level>Warning</Level>
                <Message><![CDATA[
A non-fatal hardware error occurred.]]></Message>
                <Template><![CDATA[
<template xmlns="http://schemas.microsoft.com/win/2004/08/events">
  <data name="Signature" inType="win:UInt32" outType="xs:unsignedInt"/>
  <data name="Revision" inType="win:UInt16" outType="xs:unsignedShort"/>
  <data name="Reserved1" inType="win:UInt16" outType="xs:unsignedShort"/>
  <data name="Reserved2" inType="win:UInt16" outType="xs:unsignedShort"/>
  <data name="SectionCount" inType="win:UInt16" outType="xs:unsignedShort"/>
  <data name="Severity" inType="win:UInt32" outType="xs:unsignedInt"/>
  <data name="ValidationBits" inType="win:UInt32" outType="xs:unsignedInt"/>
  <data name="Length" inType="win:UInt32" outType="xs:unsignedInt"/>
  <data name="Timestamp" inType="win:UInt64" outType="xs:unsignedLong"/>
  <data name="PlatformId" inType="win:GUID" outType="xs:GUID"/>
  <data name="PartitionId" inType="win:GUID" outType="xs:GUID"/>
  <data name="CreatorId" inType="win:GUID" outType="xs:GUID"/>
  <data name="NotifyType" inType="win:GUID" outType="xs:GUID"/>
  <data name="RecordId" inType="win:UInt64" outType="xs:unsignedLong"/>
  <data name="Flags" inType="win:UInt32" outType="xs:unsignedInt"/>
  <data name="RawData" inType="win:Binary" outType="xs:hexBinary" length="Length"/>
</template>
]]></Template>
            </Event>
            <Event>
                <Id>2</Id>
                <Version>0</Version>
                <Channel>System</Channel>
                <Level>Error</Level>
                <Message><![CDATA[
A fatal hardware error occurred.]]></Message>
                <Template><![CDATA[
<template xmlns="http://schemas.microsoft.com/win/2004/08/events">
  <data name="Signature" inType="win:UInt32" outType="xs:unsignedInt"/>
  <data name="Revision" inType="win:UInt16" outType="xs:unsignedShort"/>
  <data name="Reserved1" inType="win:UInt16" outType="xs:unsignedShort"/>
  <data name="Reserved2" inType="win:UInt16" outType="xs:unsignedShort"/>
  <data name="SectionCount" inType="win:UInt16" outType="xs:unsignedShort"/>
  <data name="Severity" inType="win:UInt32" outType="xs:unsignedInt"/>
  <data name="ValidationBits" inType="win:UInt32" outType="xs:unsignedInt"/>
  <data name="Length" inType="win:UInt32" outType="xs:unsignedInt"/>
  <data name="Timestamp" inType="win:UInt64" outType="xs:unsignedLong"/>
  <data name="PlatformId" inType="win:GUID" outType="xs:GUID"/>
  <data name="PartitionId" inType="win:GUID" outType="xs:GUID"/>
  <data name="CreatorId" inType="win:GUID" outType="xs:GUID"/>
  <data name="NotifyType" inType="win:GUID" outType="xs:GUID"/>
  <data name="RecordId" inType="win:UInt64" outType="xs:unsignedLong"/>
  <data name="Flags" inType="win:UInt32" outType="xs:unsignedInt"/>
  <data name="RawData" inType="win:Binary" outType="xs:hexBinary" length="Length"/>
</template>
]]></Template>
            </Event>
            <Event>
                <Id>3</Id>
                <Version>0</Version>
                <Channel>Microsoft-Windows-Kernel-WHEA/Errors</Channel>
                <Level>Warning</Level>
                <Message><![CDATA[
A non-fatal hardware error occurred.]]></Message>
                <Template><![CDATA[
<template xmlns="http://schemas.microsoft.com/win/2004/08/events">
  <data name="Signature" inType="win:UInt32" outType="xs:unsignedInt"/>
  <data name="Revision" inType="win:UInt16" outType="xs:unsignedShort"/>
  <data name="Reserved1" inType="win:UInt16" outType="xs:unsignedShort"/>
  <data name="Reserved2" inType="win:UInt16" outType="xs:unsignedShort"/>
  <data name="SectionCount" inType="win:UInt16" outType="xs:unsignedShort"/>
  <data name="Severity" inType="win:UInt32" outType="xs:unsignedInt"/>
  <data name="ValidationBits" inType="win:UInt32" outType="xs:unsignedInt"/>
  <data name="Length" inType="win:UInt32" outType="xs:unsignedInt"/>
  <data name="Timestamp" inType="win:UInt64" outType="xs:unsignedLong"/>
  <data name="PlatformId" inType="win:GUID" outType="xs:GUID"/>
  <data name="PartitionId" inType="win:GUID" outType="xs:GUID"/>
  <data name="CreatorId" inType="win:GUID" outType="xs:GUID"/>
  <data name="NotifyType" inType="win:GUID" outType="xs:GUID"/>
  <data name="RecordId" inType="win:UInt64" outType="xs:unsignedLong"/>
  <data name="Flags" inType="win:UInt32" outType="xs:unsignedInt"/>
  <data name="RawData" inType="win:Binary" outType="xs:hexBinary" length="Length"/>
</template>
]]></Template>
            </Event>
            <Event>
                <Id>4</Id>
                <Version>0</Version>
                <Channel>Microsoft-Windows-Kernel-WHEA/Errors</Channel>
                <Level>Error</Level>
                <Message><![CDATA[
A fatal hardware error occurred.]]></Message>
                <Template><![CDATA[
<template xmlns="http://schemas.microsoft.com/win/2004/08/events">
  <data name="Signature" inType="win:UInt32" outType="xs:unsignedInt"/>
  <data name="Revision" inType="win:UInt16" outType="xs:unsignedShort"/>
  <data name="Reserved1" inType="win:UInt16" outType="xs:unsignedShort"/>
  <data name="Reserved2" inType="win:UInt16" outType="xs:unsignedShort"/>
  <data name="SectionCount" inType="win:UInt16" outType="xs:unsignedShort"/>
  <data name="Severity" inType="win:UInt32" outType="xs:unsignedInt"/>
  <data name="ValidationBits" inType="win:UInt32" outType="xs:unsignedInt"/>
  <data name="Length" inType="win:UInt32" outType="xs:unsignedInt"/>
  <data name="Timestamp" inType="win:UInt64" outType="xs:unsignedLong"/>
  <data name="PlatformId" inType="win:GUID" outType="xs:GUID"/>
  <data name="PartitionId" inType="win:GUID" outType="xs:GUID"/>
  <data name="CreatorId" inType="win:GUID" outType="xs:GUID"/>
  <data name="NotifyType" inType="win:GUID" outType="xs:GUID"/>
  <data name="RecordId" inType="win:UInt64" outType="xs:unsignedLong"/>
  <data name="Flags" inType="win:UInt32" outType="xs:unsignedInt"/>
  <data name="RawData" inType="win:Binary" outType="xs:hexBinary" length="Length"/>
</template>
]]></Template>
            </Event>
            <Event>
                <Id>5</Id>
                <Version>0</Version>
                <Channel>Microsoft-Windows-Kernel-WHEA/Operational</Channel>
                <Level>Information</Level>
                <Message><![CDATA[
WHEA successfully initialized.
   %1 error sources are active
   Error record format version is %2.]]></Message>
                <Template><![CDATA[
<template xmlns="http://schemas.microsoft.com/win/2004/08/events">
  <data name="ErrorSourceCount" inType="win:UInt32" outType="xs:unsignedInt"/>
  <data name="ErrorRecordFormat" inType="win:UInt32" outType="xs:unsignedInt"/>
  <data name="ErrorSourceTableLength" inType="win:UInt32" outType="xs:unsignedInt"/>
  <data name="ErrorSourceTable" inType="win:Binary" outType="xs:hexBinary" length="ErrorSourceTableLength"/>
</template>
]]></Template>
            </Event>
            <Event>
                <Id>6</Id>
                <Version>0</Version>
                <Channel>System</Channel>
                <Level>Error</Level>
                <Message><![CDATA[
Machine Check Event reported is a fatal memory hierarchy error.
 Trasaction Type: %1
 Memory Hierarchy Level: %5
 Request Type: %3
 Address: %6]]></Message>
                <Template><![CDATA[
<template xmlns="http://schemas.microsoft.com/win/2004/08/events">
  <data name="TransactionType" inType="win:UInt32" outType="win:HexInt32"/>
  <data name="Participation" inType="win:UInt32" outType="win:HexInt32"/>
  <data name="RequestType" inType="win:UInt32" outType="win:HexInt32"/>
  <data name="MemorIO" inType="win:UInt32" outType="win:HexInt32"/>
  <data name="MemHierarchyLvl" inType="win:UInt32" outType="win:HexInt32"/>
  <data name="Address" inType="win:UInt64" outType="win:HexInt64"/>
  <data name="Length" inType="win:UInt32" outType="xs:unsignedInt"/>
  <data name="RawData" inType="win:Binary" outType="xs:hexBinary" length="Length"/>
</template>
]]></Template>
            </Event>
            <Event>
                <Id>7</Id>
                <Version>0</Version>
                <Channel>Microsoft-Windows-Kernel-WHEA/Errors</Channel>
                <Level>Warning</Level>
                <Message><![CDATA[
Machine Check Event reported is a memory hierarchy error.
 Trasaction Type: %1
 Memory Hierarchy Level: %5
 Request Type: %3
 Address: %6]]></Message>
                <Template><![CDATA[
<template xmlns="http://schemas.microsoft.com/win/2004/08/events">
  <data name="TransactionType" inType="win:UInt32" outType="win:HexInt32"/>
  <data name="Participation" inType="win:UInt32" outType="win:HexInt32"/>
  <data name="RequestType" inType="win:UInt32" outType="win:HexInt32"/>
  <data name="MemorIO" inType="win:UInt32" outType="win:HexInt32"/>
  <data name="MemHierarchyLvl" inType="win:UInt32" outType="win:HexInt32"/>
  <data name="Address" inType="win:UInt64" outType="win:HexInt64"/>
  <data name="Length" inType="win:UInt32" outType="xs:unsignedInt"/>
  <data name="RawData" inType="win:Binary" outType="xs:hexBinary" length="Length"/>
</template>
]]></Template>
            </Event>
            <Event>
                <Id>8</Id>
                <Version>0</Version>
                <Channel>System</Channel>
                <Level>Error</Level>
                <Message><![CDATA[
Machine Check Event reported is a fatal TLB error.
 Transaction Type: %1
 Memory Hierarchy Level: %5
 Address: %6]]></Message>
                <Template><![CDATA[
<template xmlns="http://schemas.microsoft.com/win/2004/08/events">
  <data name="TransactionType" inType="win:UInt32" outType="win:HexInt32"/>
  <data name="Participation" inType="win:UInt32" outType="win:HexInt32"/>
  <data name="RequestType" inType="win:UInt32" outType="win:HexInt32"/>
  <data name="MemorIO" inType="win:UInt32" outType="win:HexInt32"/>
  <data name="MemHierarchyLvl" inType="win:UInt32" outType="win:HexInt32"/>
  <data name="Address" inType="win:UInt64" outType="win:HexInt64"/>
  <data name="Length" inType="win:UInt32" outType="xs:unsignedInt"/>
  <data name="RawData" inType="win:Binary" outType="xs:hexBinary" length="Length"/>
</template>
]]></Template>
            </Event>
            <Event>
                <Id>9</Id>
                <Version>0</Version>
                <Channel>Microsoft-Windows-Kernel-WHEA/Errors</Channel>
                <Level>Warning</Level>
                <Message><![CDATA[
Machine Check Event reported is a TLB error.
 Transaction Type: %1
 Memory Hierarchy Level: %5
 Address: %6]]></Message>
                <Template><![CDATA[
<template xmlns="http://schemas.microsoft.com/win/2004/08/events">
  <data name="TransactionType" inType="win:UInt32" outType="win:HexInt32"/>
  <data name="Participation" inType="win:UInt32" outType="win:HexInt32"/>
  <data name="RequestType" inType="win:UInt32" outType="win:HexInt32"/>
  <data name="MemorIO" inType="win:UInt32" outType="win:HexInt32"/>
  <data name="MemHierarchyLvl" inType="win:UInt32" outType="win:HexInt32"/>
  <data name="Address" inType="win:UInt64" outType="win:HexInt64"/>
  <data name="Length" inType="win:UInt32" outType="xs:unsignedInt"/>
  <data name="RawData" inType="win:Binary" outType="xs:hexBinary" length="Length"/>
</template>
]]></Template>
            </Event>
            <Event>
                <Id>10</Id>
                <Version>0</Version>
                <Channel>System</Channel>
                <Level>Error</Level>
                <Message><![CDATA[
Machine Check Event reported is a fatal Bus or Interconnect error.
 Memory Hierarchy Level: %5
 Participation: %2
 Request Type: %3
 Memory/IO: %4
 Address: %6]]></Message>
                <Template><![CDATA[
<template xmlns="http://schemas.microsoft.com/win/2004/08/events">
  <data name="TransactionType" inType="win:UInt32" outType="win:HexInt32"/>
  <data name="Participation" inType="win:UInt32" outType="win:HexInt32"/>
  <data name="RequestType" inType="win:UInt32" outType="win:HexInt32"/>
  <data name="MemorIO" inType="win:UInt32" outType="win:HexInt32"/>
  <data name="MemHierarchyLvl" inType="win:UInt32" outType="win:HexInt32"/>
  <data name="Address" inType="win:UInt64" outType="win:HexInt64"/>
  <data name="Length" inType="win:UInt32" outType="xs:unsignedInt"/>
  <data name="RawData" inType="win:Binary" outType="xs:hexBinary" length="Length"/>
</template>
]]></Template>
            </Event>
            <Event>
                <Id>11</Id>
                <Version>0</Version>
                <Channel>Microsoft-Windows-Kernel-WHEA/Errors</Channel>
                <Level>Warning</Level>
                <Message><![CDATA[
Machine Check Event reported is a Bus or Interconnect error.
 Memory Hierarchy Level: %5
 Participation: %2
 Request Type: %3
 Memory/IO: %4
 Address: %6]]></Message>
                <Template><![CDATA[
<template xmlns="http://schemas.microsoft.com/win/2004/08/events">
  <data name="TransactionType" inType="win:UInt32" outType="win:HexInt32"/>
  <data name="Participation" inType="win:UInt32" outType="win:HexInt32"/>
  <data name="RequestType" inType="win:UInt32" outType="win:HexInt32"/>
  <data name="MemorIO" inType="win:UInt32" outType="win:HexInt32"/>
  <data name="MemHierarchyLvl" inType="win:UInt32" outType="win:HexInt32"/>
  <data name="Address" inType="win:UInt64" outType="win:HexInt64"/>
  <data name="Length" inType="win:UInt32" outType="xs:unsignedInt"/>
  <data name="RawData" inType="win:Binary" outType="xs:hexBinary" length="Length"/>
</template>
]]></Template>
            </Event>
            <Event>
                <Id>12</Id>
                <Version>0</Version>
                <Channel>System</Channel>
                <Level>Error</Level>
                <Message><![CDATA[
Machine Check Event reported is a fatal Bus or Interconnect timeout error.
 Memory Hierarchy Level: %5
 Participation: %2
 Request Type: %3
 Memory/IO: %4
 Address: %6]]></Message>
                <Template><![CDATA[
<template xmlns="http://schemas.microsoft.com/win/2004/08/events">
  <data name="TransactionType" inType="win:UInt32" outType="win:HexInt32"/>
  <data name="Participation" inType="win:UInt32" outType="win:HexInt32"/>
  <data name="RequestType" inType="win:UInt32" outType="win:HexInt32"/>
  <data name="MemorIO" inType="win:UInt32" outType="win:HexInt32"/>
  <data name="MemHierarchyLvl" inType="win:UInt32" outType="win:HexInt32"/>
  <data name="Address" inType="win:UInt64" outType="win:HexInt64"/>
  <data name="Length" inType="win:UInt32" outType="xs:unsignedInt"/>
  <data name="RawData" inType="win:Binary" outType="xs:hexBinary" length="Length"/>
</template>
]]></Template>
            </Event>
            <Event>
                <Id>13</Id>
                <Version>0</Version>
                <Channel>Microsoft-Windows-Kernel-WHEA/Errors</Channel>
                <Level>Warning</Level>
                <Message><![CDATA[
Machine Check Event reported is a Bus or Interconnect timeout error.
 Memory Hierarchy Level: %5
 Participation: %2
 Request Type: %3
 Memory/IO: %4
 Address: %6]]></Message>
                <Template><![CDATA[
<template xmlns="http://schemas.microsoft.com/win/2004/08/events">
  <data name="TransactionType" inType="win:UInt32" outType="win:HexInt32"/>
  <data name="Participation" inType="win:UInt32" outType="win:HexInt32"/>
  <data name="RequestType" inType="win:UInt32" outType="win:HexInt32"/>
  <data name="MemorIO" inType="win:UInt32" outType="win:HexInt32"/>
  <data name="MemHierarchyLvl" inType="win:UInt32" outType="win:HexInt32"/>
  <data name="Address" inType="win:UInt64" outType="win:HexInt64"/>
  <data name="Length" inType="win:UInt32" outType="xs:unsignedInt"/>
  <data name="RawData" inType="win:Binary" outType="xs:hexBinary" length="Length"/>
</template>
]]></Template>
            </Event>
            <Event>
                <Id>14</Id>
                <Version>0</Version>
                <Channel>System</Channel>
                <Level>Error</Level>
                <Message><![CDATA[
Machine Check Event reported is a fatal internal watchdog timer error.]]></Message>
                <Template><![CDATA[
<template xmlns="http://schemas.microsoft.com/win/2004/08/events">
  <data name="TransactionType" inType="win:UInt32" outType="win:HexInt32"/>
  <data name="Participation" inType="win:UInt32" outType="win:HexInt32"/>
  <data name="RequestType" inType="win:UInt32" outType="win:HexInt32"/>
  <data name="MemorIO" inType="win:UInt32" outType="win:HexInt32"/>
  <data name="MemHierarchyLvl" inType="win:UInt32" outType="win:HexInt32"/>
  <data name="Address" inType="win:UInt64" outType="win:HexInt64"/>
  <data name="Length" inType="win:UInt32" outType="xs:unsignedInt"/>
  <data name="RawData" inType="win:Binary" outType="xs:hexBinary" length="Length"/>
</template>
]]></Template>
            </Event>
            <Event>
                <Id>15</Id>
                <Version>0</Version>
                <Channel>Microsoft-Windows-Kernel-WHEA/Errors</Channel>
                <Level>Error</Level>
                <Message><![CDATA[
Machine Check Event reported is a fatal microcode ROM parity error.]]></Message>
                <Template><![CDATA[
<template xmlns="http://schemas.microsoft.com/win/2004/08/events">
  <data name="TransactionType" inType="win:UInt32" outType="win:HexInt32"/>
  <data name="Participation" inType="win:UInt32" outType="win:HexInt32"/>
  <data name="RequestType" inType="win:UInt32" outType="win:HexInt32"/>
  <data name="MemorIO" inType="win:UInt32" outType="win:HexInt32"/>
  <data name="MemHierarchyLvl" inType="win:UInt32" outType="win:HexInt32"/>
  <data name="Address" inType="win:UInt64" outType="win:HexInt64"/>
  <data name="Length" inType="win:UInt32" outType="xs:unsignedInt"/>
  <data name="RawData" inType="win:Binary" outType="xs:hexBinary" length="Length"/>
</template>
]]></Template>
            </Event>
            <Event>
                <Id>16</Id>
                <Version>0</Version>
                <Channel>System</Channel>
                <Level>Error</Level>
                <Message><![CDATA[
Machine Check Event reported is a fatal condition. A processor received an external signal that an unrecoverable error has occurred.]]></Message>
                <Template><![CDATA[
<template xmlns="http://schemas.microsoft.com/win/2004/08/events">
  <data name="TransactionType" inType="win:UInt32" outType="win:HexInt32"/>
  <data name="Participation" inType="win:UInt32" outType="win:HexInt32"/>
  <data name="RequestType" inType="win:UInt32" outType="win:HexInt32"/>
  <data name="MemorIO" inType="win:UInt32" outType="win:HexInt32"/>
  <data name="MemHierarchyLvl" inType="win:UInt32" outType="win:HexInt32"/>
  <data name="Address" inType="win:UInt64" outType="win:HexInt64"/>
  <data name="Length" inType="win:UInt32" outType="xs:unsignedInt"/>
  <data name="RawData" inType="win:Binary" outType="xs:hexBinary" length="Length"/>
</template>
]]></Template>
            </Event>
            <Event>
                <Id>17</Id>
                <Version>0</Version>
                <Channel>System</Channel>
                <Level>Error</Level>
                <Message><![CDATA[
Machine Check Event reported is a fatal functional redundancy check error.]]></Message>
                <Template><![CDATA[
<template xmlns="http://schemas.microsoft.com/win/2004/08/events">
  <data name="TransactionType" inType="win:UInt32" outType="win:HexInt32"/>
  <data name="Participation" inType="win:UInt32" outType="win:HexInt32"/>
  <data name="RequestType" inType="win:UInt32" outType="win:HexInt32"/>
  <data name="MemorIO" inType="win:UInt32" outType="win:HexInt32"/>
  <data name="MemHierarchyLvl" inType="win:UInt32" outType="win:HexInt32"/>
  <data name="Address" inType="win:UInt64" outType="win:HexInt64"/>
  <data name="Length" inType="win:UInt32" outType="xs:unsignedInt"/>
  <data name="RawData" inType="win:Binary" outType="xs:hexBinary" length="Length"/>
</template>
]]></Template>
            </Event>
            <Event>
                <Id>18</Id>
                <Version>0</Version>
                <Channel>System</Channel>
                <Level>Error</Level>
                <Message><![CDATA[
PCI Express reported a fatal error.
 Device Identifier: Bus %1 Device %2 Function %3
 Uncorrectable Error Status: %4
 Correctable Error Status: %5
 Header Log: %6 %7 %8 %9]]></Message>
                <Template><![CDATA[
<template xmlns="http://schemas.microsoft.com/win/2004/08/events">
  <data name="SourceIdBus" inType="win:UInt32" outType="win:HexInt32"/>
  <data name="SourceIdDev" inType="win:UInt32" outType="win:HexInt32"/>
  <data name="SourceIdFun" inType="win:UInt32" outType="win:HexInt32"/>
  <data name="UncorrectableErrorStatus" inType="win:UInt32" outType="win:HexInt32"/>
  <data name="CorrectableErrorStatus" inType="win:UInt32" outType="win:HexInt32"/>
  <data name="HeaderLog0" inType="win:UInt32" outType="win:HexInt32"/>
  <data name="HeaderLog1" inType="win:UInt32" outType="win:HexInt32"/>
  <data name="HeaderLog2" inType="win:UInt32" outType="win:HexInt32"/>
  <data name="HeaderLog3" inType="win:UInt32" outType="win:HexInt32"/>
  <data name="Length" inType="win:UInt32" outType="xs:unsignedInt"/>
  <data name="RawData" inType="win:Binary" outType="xs:hexBinary" length="Length"/>
</template>
]]></Template>
            </Event>
            <Event>
                <Id>19</Id>
                <Version>0</Version>
                <Channel>Microsoft-Windows-Kernel-WHEA/Errors</Channel>
                <Level>Warning</Level>
                <Message><![CDATA[
PCI Express reported a non-fatal error.
 Device Identifier: Bus %1 Device %2 Function %3
 Uncorrectable Error Status: %4
 Correctable Error Status: %5
 Header Log: %6 %7 %8 %9]]></Message>
                <Template><![CDATA[
<template xmlns="http://schemas.microsoft.com/win/2004/08/events">
  <data name="SourceIdBus" inType="win:UInt32" outType="win:HexInt32"/>
  <data name="SourceIdDev" inType="win:UInt32" outType="win:HexInt32"/>
  <data name="SourceIdFun" inType="win:UInt32" outType="win:HexInt32"/>
  <data name="UncorrectableErrorStatus" inType="win:UInt32" outType="win:HexInt32"/>
  <data name="CorrectableErrorStatus" inType="win:UInt32" outType="win:HexInt32"/>
  <data name="HeaderLog0" inType="win:UInt32" outType="win:HexInt32"/>
  <data name="HeaderLog1" inType="win:UInt32" outType="win:HexInt32"/>
  <data name="HeaderLog2" inType="win:UInt32" outType="win:HexInt32"/>
  <data name="HeaderLog3" inType="win:UInt32" outType="win:HexInt32"/>
  <data name="Length" inType="win:UInt32" outType="xs:unsignedInt"/>
  <data name="RawData" inType="win:Binary" outType="xs:hexBinary" length="Length"/>
</template>
]]></Template>
            </Event>
            <Event>
                <Id>20</Id>
                <Version>0</Version>
                <Channel>Microsoft-Windows-Kernel-WHEA/Errors</Channel>
                <Level>Information</Level>
                <Keyword>WHEA Error Events</Keyword>
                <Message><![CDATA[
WHEA Event]]></Message>
                <Template><![CDATA[
<template xmlns="http://schemas.microsoft.com/win/2004/08/events">
  <data name="Length" inType="win:UInt32" outType="xs:unsignedInt"/>
  <data name="RawData" inType="win:Binary" outType="xs:hexBinary" length="Length"/>
</template>
]]></Template>
            </Event>
            <Event>
                <Id>21</Id>
                <Version>0</Version>
                <Channel>Microsoft-Windows-Kernel-WHEA/Errors</Channel>
                <Level>Information</Level>
                <Keyword>WHEA Error Events</Keyword>
                <Message><![CDATA[
WHEA Event]]></Message>
                <Template><![CDATA[
<template xmlns="http://schemas.microsoft.com/win/2004/08/events">
  <data name="RecordId" inType="win:UInt32" outType="xs:unsignedInt"/>
  <data name="SeqNum" inType="win:UInt32" outType="xs:unsignedInt"/>
  <data name="Length" inType="win:UInt32" outType="xs:unsignedInt"/>
  <data name="RawData" inType="win:Binary" outType="xs:hexBinary" length="Length"/>
</template>
]]></Template>
            </Event>
            <Event>
                <Id>31</Id>
                <Version>0</Version>
                <Channel>System</Channel>
                <Level>Information</Level>
                <Keyword>WHEA Error Events</Keyword>
                <Message><![CDATA[
The memory page located at physical address %1 %2 %3 %4. %5]]></Message>
                <Template><![CDATA[
<template xmlns="http://schemas.microsoft.com/win/2004/08/events">
  <data name="PhysicalAddress" inType="win:HexInt64" outType="win:HexInt64"/>
  <data name="Pending" inType="win:UInt8" outType="xs:unsignedByte"/>
  <data name="PlatformDirected" inType="win:UInt8" outType="xs:unsignedByte"/>
  <data name="Uncorrected" inType="win:UInt8" outType="xs:unsignedByte"/>
  <data name="Persisted" inType="win:UInt8" outType="xs:unsignedByte"/>
</template>
]]></Template>
            </Event>
            <Event>
                <Id>32</Id>
                <Version>0</Version>
                <Level>Information</Level>
                <Template><![CDATA[
<template xmlns="http://schemas.microsoft.com/win/2004/08/events">
  <data name="SqmType" inType="win:UInt32" outType="xs:unsignedInt"/>
  <data name="SqmSessionGuid" inType="win:GUID" outType="xs:GUID"/>
  <data name="SqmSid" inType="win:SID" outType="xs:string"/>
  <data name="SqmWindowsSessionId" inType="win:UInt32" outType="xs:unsignedInt"/>
  <data name="SqmSessionFlags" inType="win:UInt32" outType="xs:unsignedInt"/>
</template>
]]></Template>
            </Event>
            <Event>
                <Id>33</Id>
                <Version>0</Version>
                <Level>Information</Level>
                <Template><![CDATA[
<template xmlns="http://schemas.microsoft.com/win/2004/08/events">
  <data name="SqmType" inType="win:UInt32" outType="xs:unsignedInt"/>
  <data name="SqmSessionGuid" inType="win:GUID" outType="xs:GUID"/>
</template>
]]></Template>
            </Event>
            <Event>
                <Id>34</Id>
                <Version>0</Version>
                <Level>Information</Level>
                <Template><![CDATA[
<template xmlns="http://schemas.microsoft.com/win/2004/08/events">
  <data name="SqmType" inType="win:UInt32" outType="xs:unsignedInt"/>
  <data name="SqmSessionGuid" inType="win:GUID" outType="xs:GUID"/>
  <data name="SqmID" inType="win:UInt32" outType="xs:unsignedInt"/>
  <data name="SqmDWORDDatapointValue" inType="win:UInt32" outType="xs:unsignedInt"/>
</template>
]]></Template>
            </Event>
            <Event>
                <Id>35</Id>
                <Version>0</Version>
                <Level>Information</Level>
                <Opcode>Stop</Opcode>
                <Template><![CDATA[
<template xmlns="http://schemas.microsoft.com/win/2004/08/events">
  <data name="SqmType" inType="win:UInt32" outType="xs:unsignedInt"/>
  <data name="SqmSessionGuid" inType="win:GUID" outType="xs:GUID"/>
  <data name="SqmID" inType="win:UInt32" outType="xs:unsignedInt"/>
  <data name="SqmDWORDDatapointValue" inType="win:UInt32" outType="xs:unsignedInt"/>
</template>
]]></Template>
            </Event>
            <Event>
                <Id>36</Id>
                <Version>0</Version>
                <Level>Information</Level>
                <Template><![CDATA[
<template xmlns="http://schemas.microsoft.com/win/2004/08/events">
  <data name="SqmType" inType="win:UInt32" outType="xs:unsignedInt"/>
  <data name="SqmSessionGuid" inType="win:GUID" outType="xs:GUID"/>
  <data name="SqmID" inType="win:UInt32" outType="xs:unsignedInt"/>
  <data name="SqmDWORDDatapointValue" inType="win:UInt32" outType="xs:unsignedInt"/>
</template>
]]></Template>
            </Event>
            <Event>
                <Id>37</Id>
                <Version>0</Version>
                <Level>Information</Level>
                <Template><![CDATA[
<template xmlns="http://schemas.microsoft.com/win/2004/08/events">
  <data name="SqmType" inType="win:UInt32" outType="xs:unsignedInt"/>
  <data name="SqmSessionGuid" inType="win:GUID" outType="xs:GUID"/>
  <data name="SqmID" inType="win:UInt32" outType="xs:unsignedInt"/>
  <data name="SqmDWORDDatapointValue" inType="win:UInt32" outType="xs:unsignedInt"/>
</template>
]]></Template>
            </Event>
            <Event>
                <Id>38</Id>
                <Version>0</Version>
                <Level>Information</Level>
                <Template><![CDATA[
<template xmlns="http://schemas.microsoft.com/win/2004/08/events">
  <data name="SqmType" inType="win:UInt32" outType="xs:unsignedInt"/>
  <data name="SqmSessionGuid" inType="win:GUID" outType="xs:GUID"/>
  <data name="SqmID" inType="win:UInt32" outType="xs:unsignedInt"/>
  <data name="SqmDWORDDatapointValue" inType="win:UInt32" outType="xs:unsignedInt"/>
</template>
]]></Template>
            </Event>
            <Event>
                <Id>39</Id>
                <Version>0</Version>
                <Level>Information</Level>
                <Template><![CDATA[
<template xmlns="http://schemas.microsoft.com/win/2004/08/events">
  <data name="SqmType" inType="win:UInt32" outType="xs:unsignedInt"/>
  <data name="SqmSessionGuid" inType="win:GUID" outType="xs:GUID"/>
  <data name="SqmID" inType="win:UInt32" outType="xs:unsignedInt"/>
  <data name="SqmStringDatapointValue" inType="win:UnicodeString" outType="xs:string"/>
</template>
]]></Template>
            </Event>
            <Event>
                <Id>40</Id>
                <Version>0</Version>
                <Level>Information</Level>
                <Template><![CDATA[
<template xmlns="http://schemas.microsoft.com/win/2004/08/events">
  <data name="SqmType" inType="win:UInt32" outType="xs:unsignedInt"/>
  <data name="SqmSessionGuid" inType="win:GUID" outType="xs:GUID"/>
  <data name="SqmID" inType="win:UInt32" outType="xs:unsignedInt"/>
  <data name="SqmStreamRowLength" inType="win:UInt32" outType="xs:unsignedInt"/>
  <struct name="SqmStreamRow" count="SqmStreamRowLength">
    <data name="SqmTypeEntry" inType="win:UInt32" outType="xs:unsignedInt"/>
    <data name="SqmDWORDEntry" inType="win:UInt32" outType="xs:unsignedInt"/>
    <data name="SqmStringEntry" inType="win:UnicodeString" outType="xs:string"/>
  </struct>
</template>
]]></Template>
            </Event>
            <Event>
                <Id>41</Id>
                <Version>0</Version>
                <Channel>System</Channel>
                <Level>Information</Level>
                <Keyword>WHEA Error Events</Keyword>
                <Message><![CDATA[
A processs was terminated due to an uncorrected hardware error.
 Process ID: %1
 Image name: %2]]></Message>
                <Template><![CDATA[
<template xmlns="http://schemas.microsoft.com/win/2004/08/events">
  <data name="ProcessId" inType="win:UInt32" outType="win:PID"/>
  <data name="ProcessName" inType="win:UnicodeString" outType="xs:string"/>
</template>
]]></Template>
            </Event>
            <Event>
                <Id>42</Id>
                <Version>0</Version>
                <Channel>Microsoft-Windows-Kernel-WHEA/Operational</Channel>
                <Level>Information</Level>
                <Keyword>WHEA Event Log Entries</Keyword>
                <Message><![CDATA[
WHEA event log entry]]></Message>
                <Template><![CDATA[
<template xmlns="http://schemas.microsoft.com/win/2004/08/events">
  <data name="Type" inType="win:UInt32" outType="xs:unsignedInt"/>
  <data name="Owner" inType="win:UInt32" outType="xs:unsignedInt"/>
  <data name="Id" inType="win:UInt32" outType="xs:unsignedInt"/>
  <data name="Flags" inType="win:UInt32" outType="xs:unsignedInt"/>
  <data name="Length" inType="win:UInt32" outType="xs:unsignedInt"/>
  <data name="RawData" inType="win:Binary" outType="xs:hexBinary" length="Length"/>
</template>
]]></Template>
            </Event>
        </EventMetadata>
    </Provider>
</Providers>
