<Providers>
    <Provider>
        <Name>Microsoft-Windows-DNS-Client-DiagTrack</Name>
        <Metadata>
            <Guid>{80E30BFE-62CF-5C77-5DC4-425D2C7734A3}</Guid>
            <ResourceFilePath>%SystemRoot%\system32\dnsapi.dll</ResourceFilePath>
            <ParameterFilePath></ParameterFilePath>
            <MessageFilePath>%SystemRoot%\system32\dnsapi.dll</MessageFilePath>
            <HelpLink></HelpLink>
        </Metadata>
        <EventMetadata>
        </EventMetadata>
    </Provider>
</Providers>
