<Providers>
    <Provider>
        <Name>Microsoft-Windows-FirstUX-PerfInstrumentation</Name>
        <Metadata>
            <Guid>{FBEF8096-2CA3-4082-ACDE-DCFB47E96B72}</Guid>
            <ResourceFilePath>%SystemRoot%\System32\oobe\winlgdep.dll</ResourceFilePath>
            <ParameterFilePath></ParameterFilePath>
            <MessageFilePath>%SystemRoot%\System32\oobe\winlgdep.dll</MessageFilePath>
            <HelpLink></HelpLink>
            <PublisherMessage></PublisherMessage>
            <Channels>
                <Channel>
                    <Message>Setup splash window performance</Message>
                    <Path>FirstUXPerf-Analytic</Path>
                    <Index>0</Index>
                    <Id>16</Id>
                    <Imported>false</Imported>
                </Channel>
            </Channels>
            <Levels>
                <Level>
                    <Message>Information</Message>
                    <Name>win:Informational</Name>
                    <Value>4</Value>
                </Level>
            </Levels>
            <Tasks>
                <Task>
                    <Message>Setup splash window initialization</Message>
                    <Name>FirstUX</Name>
                    <Guid>{D6EE3839-617F-4994-B3C9-6F370DBF4345}</Guid>
                    <Value>1</Value>
                </Task>
            </Tasks>
            <Opcodes>
                <Opcode>
                    <Message>Start</Message>
                    <Name>win:Start</Name>
                    <Value>1</Value>
                    <Task>0</Task>
                </Opcode>
                <Opcode>
                    <Message>Stop</Message>
                    <Name>win:Stop</Name>
                    <Value>2</Value>
                    <Task>0</Task>
                </Opcode>
            </Opcodes>
            <Keywords>
                <Keyword>
                    <Message>Response Time</Message>
                    <Name>win:ResponseTime</Name>
                    <Value>281474976710656</Value>
                </Keyword>
            </Keywords>
        </Metadata>
        <EventMetadata>
            <Event>
                <Id>0</Id>
                <Version>0</Version>
                <Channel>Setup splash window performance</Channel>
                <Level>Information</Level>
                <Task>Setup splash window initialization</Task>
                <Opcode>Start</Opcode>
                <Message><![CDATA[
The creation of the first setup splash window started]]></Message>
                <Template><![CDATA[
]]></Template>
            </Event>
            <Event>
                <Id>1</Id>
                <Version>0</Version>
                <Channel>Setup splash window performance</Channel>
                <Level>Information</Level>
                <Task>Setup splash window initialization</Task>
                <Opcode>Stop</Opcode>
                <Message><![CDATA[
The creation of the first setup splash window stopped]]></Message>
                <Template><![CDATA[
]]></Template>
            </Event>
            <Event>
                <Id>2</Id>
                <Version>0</Version>
                <Channel>Setup splash window performance</Channel>
                <Level>Information</Level>
                <Task>Setup splash window initialization</Task>
                <Opcode>Start</Opcode>
                <Message><![CDATA[
The creation of the second setup splash window started]]></Message>
                <Template><![CDATA[
]]></Template>
            </Event>
            <Event>
                <Id>3</Id>
                <Version>0</Version>
                <Channel>Setup splash window performance</Channel>
                <Level>Information</Level>
                <Task>Setup splash window initialization</Task>
                <Opcode>Stop</Opcode>
                <Message><![CDATA[
The creation of the second setup splash window stopped]]></Message>
                <Template><![CDATA[
]]></Template>
            </Event>
        </EventMetadata>
    </Provider>
</Providers>
