<Providers>
    <Provider>
        <Name>Microsoft-Windows-Hyper-V-Debug</Name>
        <Metadata>
            <Guid>{EDED5085-79D0-4E31-9B4E-4299B78CBEEB}</Guid>
            <ResourceFilePath>%systemroot%\system32\vmdebug.dll</ResourceFilePath>
            <ParameterFilePath>%systemroot%\system32\wbem\wmiutils.dll</ParameterFilePath>
            <MessageFilePath>%systemroot%\system32\vmdebug.dll</MessageFilePath>
            <HelpLink></HelpLink>
            <PublisherMessage>Microsoft-Windows-Hyper-V-Debug</PublisherMessage>
            <Channels>
                <Channel>
                    <Message></Message>
                    <Path>Microsoft-Windows-Hyper-V-Worker-Admin</Path>
                    <Index>0</Index>
                    <Id>16</Id>
                    <Imported>true</Imported>
                </Channel>
                <Channel>
                    <Message></Message>
                    <Path>Microsoft-Windows-Hyper-V-Worker-Analytic</Path>
                    <Index>1</Index>
                    <Id>17</Id>
                    <Imported>true</Imported>
                </Channel>
            </Channels>
            <Levels>
                <Level>
                    <Message>Critical</Message>
                    <Name>win:Critical</Name>
                    <Value>1</Value>
                </Level>
                <Level>
                    <Message>Error</Message>
                    <Name>win:Error</Name>
                    <Value>2</Value>
                </Level>
                <Level>
                    <Message>Warning</Message>
                    <Name>win:Warning</Name>
                    <Value>3</Value>
                </Level>
                <Level>
                    <Message>Information</Message>
                    <Name>win:Informational</Name>
                    <Value>4</Value>
                </Level>
            </Levels>
            <Tasks>
            </Tasks>
            <Opcodes>
            </Opcodes>
            <Keywords>
            </Keywords>
        </Metadata>
        <EventMetadata>
            <Event>
                <Id>1500</Id>
                <Version>0</Version>
                <Channel>Microsoft-Windows-Hyper-V-Worker-Analytic</Channel>
                <Level>Information</Level>
                <Message><![CDATA[
[Virtual machine %3] %1]]></Message>
                <Template><![CDATA[
<template xmlns="http://schemas.microsoft.com/win/2004/08/events">
  <data name="TraceData" inType="win:UnicodeString" outType="xs:string"/>
  <data name="VmName" inType="win:UnicodeString" outType="xs:string"/>
  <data name="VmId" inType="win:UnicodeString" outType="xs:string"/>
  <data name="StackFrameCount" inType="win:UInt32" outType="xs:unsignedInt"/>
  <data name="StackFrame" inType="win:Pointer" outType="win:HexInt64" count="StackFrameCount"/>
  <data name="ModuleCount" inType="win:UInt32" outType="xs:unsignedInt"/>
  <struct name="Module" count="ModuleCount">
    <data name="Name" inType="win:UnicodeString" outType="xs:string"/>
    <data name="BaseAddress" inType="win:Pointer" outType="win:HexInt64"/>
    <data name="SizeOfImage" inType="win:UInt32" outType="xs:unsignedInt"/>
    <data name="TimeDateStamp" inType="win:UInt32" outType="xs:unsignedInt"/>
  </struct>
</template>
]]></Template>
            </Event>
            <Event>
                <Id>1510</Id>
                <Version>0</Version>
                <Channel>Microsoft-Windows-Hyper-V-Worker-Analytic</Channel>
                <Level>Warning</Level>
                <Message><![CDATA[
[Virtual machine %3] %1]]></Message>
                <Template><![CDATA[
<template xmlns="http://schemas.microsoft.com/win/2004/08/events">
  <data name="TraceData" inType="win:UnicodeString" outType="xs:string"/>
  <data name="VmName" inType="win:UnicodeString" outType="xs:string"/>
  <data name="VmId" inType="win:UnicodeString" outType="xs:string"/>
  <data name="StackFrameCount" inType="win:UInt32" outType="xs:unsignedInt"/>
  <data name="StackFrame" inType="win:Pointer" outType="win:HexInt64" count="StackFrameCount"/>
  <data name="ModuleCount" inType="win:UInt32" outType="xs:unsignedInt"/>
  <struct name="Module" count="ModuleCount">
    <data name="Name" inType="win:UnicodeString" outType="xs:string"/>
    <data name="BaseAddress" inType="win:Pointer" outType="win:HexInt64"/>
    <data name="SizeOfImage" inType="win:UInt32" outType="xs:unsignedInt"/>
    <data name="TimeDateStamp" inType="win:UInt32" outType="xs:unsignedInt"/>
  </struct>
</template>
]]></Template>
            </Event>
            <Event>
                <Id>1520</Id>
                <Version>0</Version>
                <Channel>Microsoft-Windows-Hyper-V-Worker-Analytic</Channel>
                <Level>Error</Level>
                <Message><![CDATA[
[Virtual machine %3] %1]]></Message>
                <Template><![CDATA[
<template xmlns="http://schemas.microsoft.com/win/2004/08/events">
  <data name="TraceData" inType="win:UnicodeString" outType="xs:string"/>
  <data name="VmName" inType="win:UnicodeString" outType="xs:string"/>
  <data name="VmId" inType="win:UnicodeString" outType="xs:string"/>
  <data name="StackFrameCount" inType="win:UInt32" outType="xs:unsignedInt"/>
  <data name="StackFrame" inType="win:Pointer" outType="win:HexInt64" count="StackFrameCount"/>
  <data name="ModuleCount" inType="win:UInt32" outType="xs:unsignedInt"/>
  <struct name="Module" count="ModuleCount">
    <data name="Name" inType="win:UnicodeString" outType="xs:string"/>
    <data name="BaseAddress" inType="win:Pointer" outType="win:HexInt64"/>
    <data name="SizeOfImage" inType="win:UInt32" outType="xs:unsignedInt"/>
    <data name="TimeDateStamp" inType="win:UInt32" outType="xs:unsignedInt"/>
  </struct>
</template>
]]></Template>
            </Event>
            <Event>
                <Id>1530</Id>
                <Version>0</Version>
                <Channel>Microsoft-Windows-Hyper-V-Worker-Analytic</Channel>
                <Level>Critical</Level>
                <Message><![CDATA[
[Virtual machine %3] %1]]></Message>
                <Template><![CDATA[
<template xmlns="http://schemas.microsoft.com/win/2004/08/events">
  <data name="TraceData" inType="win:UnicodeString" outType="xs:string"/>
  <data name="VmName" inType="win:UnicodeString" outType="xs:string"/>
  <data name="VmId" inType="win:UnicodeString" outType="xs:string"/>
  <data name="StackFrameCount" inType="win:UInt32" outType="xs:unsignedInt"/>
  <data name="StackFrame" inType="win:Pointer" outType="win:HexInt64" count="StackFrameCount"/>
  <data name="ModuleCount" inType="win:UInt32" outType="xs:unsignedInt"/>
  <struct name="Module" count="ModuleCount">
    <data name="Name" inType="win:UnicodeString" outType="xs:string"/>
    <data name="BaseAddress" inType="win:Pointer" outType="win:HexInt64"/>
    <data name="SizeOfImage" inType="win:UInt32" outType="xs:unsignedInt"/>
    <data name="TimeDateStamp" inType="win:UInt32" outType="xs:unsignedInt"/>
  </struct>
</template>
]]></Template>
            </Event>
            <Event>
                <Id>23015</Id>
                <Version>0</Version>
                <Channel>Microsoft-Windows-Hyper-V-Worker-Admin</Channel>
                <Level>Warning</Level>
                <Message><![CDATA[
Virtual machine '%1' cannot assign the UDP port %2 to the synthetic debug device because is in use by another program.]]></Message>
                <Template><![CDATA[
<template xmlns="http://schemas.microsoft.com/win/2004/08/events">
  <data name="VmName" inType="win:UnicodeString" outType="xs:string"/>
  <data name="Parameter0" inType="win:Int16" outType="xs:short"/>
</template>
]]></Template>
            </Event>
            <Event>
                <Id>23016</Id>
                <Version>0</Version>
                <Channel>Microsoft-Windows-Hyper-V-Worker-Admin</Channel>
                <Level>Warning</Level>
                <Message><![CDATA[
Virtual machine '%1' cannot assign the UDP port %2 to the synthetic debug device because is not a valid port.]]></Message>
                <Template><![CDATA[
<template xmlns="http://schemas.microsoft.com/win/2004/08/events">
  <data name="VmName" inType="win:UnicodeString" outType="xs:string"/>
  <data name="Parameter0" inType="win:Int64" outType="xs:long"/>
</template>
]]></Template>
            </Event>
            <Event>
                <Id>23017</Id>
                <Version>0</Version>
                <Channel>Microsoft-Windows-Hyper-V-Worker-Admin</Channel>
                <Level>Warning</Level>
                <Message><![CDATA[
Virtual machine '%1' the synthetic debug device DebugPortEnabled value %2 is not valid.]]></Message>
                <Template><![CDATA[
<template xmlns="http://schemas.microsoft.com/win/2004/08/events">
  <data name="VmName" inType="win:UnicodeString" outType="xs:string"/>
  <data name="Parameter0" inType="win:Int64" outType="xs:long"/>
</template>
]]></Template>
            </Event>
            <Event>
                <Id>23018</Id>
                <Version>0</Version>
                <Channel>Microsoft-Windows-Hyper-V-Worker-Admin</Channel>
                <Level>Warning</Level>
                <Message><![CDATA[
Virtual machine '%1' the synthetic debug device failed to configure the UDP port. Error %2.]]></Message>
                <Template><![CDATA[
<template xmlns="http://schemas.microsoft.com/win/2004/08/events">
  <data name="VmName" inType="win:UnicodeString" outType="xs:string"/>
  <data name="Parameter0" inType="win:Int32" outType="xs:int"/>
</template>
]]></Template>
            </Event>
            <Event>
                <Id>23019</Id>
                <Version>0</Version>
                <Channel>Microsoft-Windows-Hyper-V-Worker-Admin</Channel>
                <Level>Warning</Level>
                <Message><![CDATA[
Virtual machine '%1' the synthetic debug device failed to write to the repository. Error %2.]]></Message>
                <Template><![CDATA[
<template xmlns="http://schemas.microsoft.com/win/2004/08/events">
  <data name="VmName" inType="win:UnicodeString" outType="xs:string"/>
  <data name="Parameter0" inType="win:Int32" outType="xs:int"/>
</template>
]]></Template>
            </Event>
            <Event>
                <Id>23020</Id>
                <Version>0</Version>
                <Channel>Microsoft-Windows-Hyper-V-Worker-Admin</Channel>
                <Level>Error</Level>
                <Message><![CDATA[
The virtual machine %1 cannot load device %3 because there are no mutually supported protocol versions. The server version is %4 and the client version is %5 (Virtual machine ID %2).]]></Message>
                <Template><![CDATA[
<template xmlns="http://schemas.microsoft.com/win/2004/08/events">
  <data name="VmName" inType="win:UnicodeString" outType="xs:string"/>
  <data name="VmId" inType="win:UnicodeString" outType="xs:string"/>
  <data name="Device" inType="win:UnicodeString" outType="xs:string"/>
  <data name="ServerVersion" inType="win:UnicodeString" outType="xs:string"/>
  <data name="ClientVersion" inType="win:UnicodeString" outType="xs:string"/>
</template>
]]></Template>
            </Event>
            <Event>
                <Id>23021</Id>
                <Version>0</Version>
                <Channel>Microsoft-Windows-Hyper-V-Worker-Admin</Channel>
                <Level>Error</Level>
                <Message><![CDATA[
The device %3 cannot be loaded because there are no mutually support protocol versions between the server and client.]]></Message>
                <Template><![CDATA[
<template xmlns="http://schemas.microsoft.com/win/2004/08/events">
  <data name="VmName" inType="win:UnicodeString" outType="xs:string"/>
  <data name="VmId" inType="win:UnicodeString" outType="xs:string"/>
  <data name="Device" inType="win:UnicodeString" outType="xs:string"/>
  <data name="ServerVersion" inType="win:UnicodeString" outType="xs:string"/>
  <data name="ClientVersion" inType="win:UnicodeString" outType="xs:string"/>
</template>
]]></Template>
            </Event>
        </EventMetadata>
    </Provider>
</Providers>
