<Providers>
    <Provider>
        <Name>Microsoft-Windows-Kernel-Interrupt-Steering</Name>
        <Metadata>
            <Guid>{951B41EA-C830-44DC-A671-E2C9958809B8}</Guid>
            <ResourceFilePath>%systemroot%\system32\microsoft-windows-kernel-processor-power-events.dll</ResourceFilePath>
            <ParameterFilePath></ParameterFilePath>
            <MessageFilePath>%systemroot%\system32\microsoft-windows-kernel-processor-power-events.dll</MessageFilePath>
            <HelpLink></HelpLink>
            <PublisherMessage>Microsoft-Windows-Kernel-Processor-Power</PublisherMessage>
            <Channels>
                <Channel>
                    <Message>System</Message>
                    <Path>System</Path>
                    <Index>0</Index>
                    <Id>8</Id>
                    <Imported>true</Imported>
                </Channel>
                <Channel>
                    <Message></Message>
                    <Path>Microsoft-Windows-Kernel-Interrupt-Steering/Diagnostic</Path>
                    <Index>1</Index>
                    <Id>16</Id>
                    <Imported>false</Imported>
                </Channel>
            </Channels>
            <Levels>
                <Level>
                    <Message>Information</Message>
                    <Name>win:Informational</Name>
                    <Value>4</Value>
                </Level>
            </Levels>
            <Tasks>
                <Task>
                    <Message></Message>
                    <Name>InterruptSteeringMaskRundown</Name>
                    <Value>1</Value>
                </Task>
                <Task>
                    <Message></Message>
                    <Name>InterruptSteeringMaskChange</Name>
                    <Value>2</Value>
                </Task>
                <Task>
                    <Message></Message>
                    <Name>InterruptSteeringStateRundown</Name>
                    <Value>3</Value>
                </Task>
                <Task>
                    <Message></Message>
                    <Name>InterruptSteeringStateConnect</Name>
                    <Value>4</Value>
                </Task>
                <Task>
                    <Message></Message>
                    <Name>InterruptSteeringStateDisconnect</Name>
                    <Value>5</Value>
                </Task>
                <Task>
                    <Message></Message>
                    <Name>InterruptSteeringStateRetarget</Name>
                    <Value>6</Value>
                </Task>
                <Task>
                    <Message></Message>
                    <Name>InterruptSteeringProcRundown</Name>
                    <Value>7</Value>
                </Task>
                <Task>
                    <Message></Message>
                    <Name>InterruptSteeringProcChange</Name>
                    <Value>8</Value>
                </Task>
            </Tasks>
            <Opcodes>
                <Opcode>
                    <Message>Info</Message>
                    <Name>win:Info</Name>
                    <Value>0</Value>
                    <Task>0</Task>
                </Opcode>
            </Opcodes>
            <Keywords>
                <Keyword>
                    <Message></Message>
                    <Name>IntSteer</Name>
                    <Value>1</Value>
                </Keyword>
            </Keywords>
        </Metadata>
        <EventMetadata>
            <Event>
                <Id>1</Id>
                <Version>0</Version>
                <Level>Information</Level>
                <Task>InterruptSteeringMaskRundown</Task>
                <Keyword>IntSteer</Keyword>
                <Template><![CDATA[
<template xmlns="http://schemas.microsoft.com/win/2004/08/events">
  <data name="LoadPercent" inType="win:UInt32" outType="xs:unsignedInt"/>
  <data name="GsivCount" inType="win:UInt32" outType="xs:unsignedInt"/>
  <data name="MaskCount" inType="win:UInt32" outType="xs:unsignedInt"/>
  <data name="GroupCount" inType="win:UInt16" outType="xs:unsignedShort"/>
  <data name="Mask" inType="win:Pointer" outType="win:HexInt64" count="GroupCount"/>
</template>
]]></Template>
            </Event>
            <Event>
                <Id>2</Id>
                <Version>0</Version>
                <Level>Information</Level>
                <Task>InterruptSteeringMaskChange</Task>
                <Keyword>IntSteer</Keyword>
                <Template><![CDATA[
<template xmlns="http://schemas.microsoft.com/win/2004/08/events">
  <data name="LoadPercent" inType="win:UInt32" outType="xs:unsignedInt"/>
  <data name="GsivCount" inType="win:UInt32" outType="xs:unsignedInt"/>
  <data name="MaskCount" inType="win:UInt32" outType="xs:unsignedInt"/>
  <data name="GroupCount" inType="win:UInt16" outType="xs:unsignedShort"/>
  <data name="Mask" inType="win:Pointer" outType="win:HexInt64" count="GroupCount"/>
</template>
]]></Template>
            </Event>
            <Event>
                <Id>3</Id>
                <Version>0</Version>
                <Level>Information</Level>
                <Task>InterruptSteeringStateRundown</Task>
                <Keyword>IntSteer</Keyword>
                <Template><![CDATA[
<template xmlns="http://schemas.microsoft.com/win/2004/08/events">
  <data name="Gsiv" inType="win:UInt32" outType="xs:unsignedInt"/>
  <data name="NewTarget" inType="win:UInt32" outType="xs:unsignedInt"/>
  <data name="OldTarget" inType="win:UInt32" outType="xs:unsignedInt"/>
  <data name="Vector" inType="win:UInt32" outType="xs:unsignedInt"/>
  <data name="ServiceRoutine" inType="win:Pointer" outType="win:HexInt64"/>
  <data name="IsrLoad" inType="win:UInt32" outType="xs:unsignedInt"/>
  <data name="DpcLoad" inType="win:UInt32" outType="xs:unsignedInt"/>
</template>
]]></Template>
            </Event>
            <Event>
                <Id>3</Id>
                <Version>1</Version>
                <Level>Information</Level>
                <Task>InterruptSteeringStateRundown</Task>
                <Keyword>IntSteer</Keyword>
                <Template><![CDATA[
<template xmlns="http://schemas.microsoft.com/win/2004/08/events">
  <data name="Gsiv" inType="win:UInt32" outType="win:HexInt32"/>
  <data name="Group" inType="win:UInt16" outType="xs:unsignedShort"/>
  <data name="NewTarget" inType="win:Pointer" outType="win:HexInt64"/>
  <data name="OldTarget" inType="win:Pointer" outType="win:HexInt64"/>
  <data name="Vector" inType="win:UInt32" outType="win:HexInt32"/>
  <data name="ServiceRoutine" inType="win:Pointer" outType="win:HexInt64"/>
  <data name="IsrLoad" inType="win:UInt64" outType="xs:unsignedLong"/>
  <data name="DpcLoad" inType="win:UInt64" outType="xs:unsignedLong"/>
</template>
]]></Template>
            </Event>
            <Event>
                <Id>4</Id>
                <Version>0</Version>
                <Level>Information</Level>
                <Task>InterruptSteeringStateConnect</Task>
                <Keyword>IntSteer</Keyword>
                <Template><![CDATA[
<template xmlns="http://schemas.microsoft.com/win/2004/08/events">
  <data name="Gsiv" inType="win:UInt32" outType="xs:unsignedInt"/>
  <data name="NewTarget" inType="win:UInt32" outType="xs:unsignedInt"/>
  <data name="OldTarget" inType="win:UInt32" outType="xs:unsignedInt"/>
  <data name="Vector" inType="win:UInt32" outType="xs:unsignedInt"/>
  <data name="ServiceRoutine" inType="win:Pointer" outType="win:HexInt64"/>
  <data name="IsrLoad" inType="win:UInt32" outType="xs:unsignedInt"/>
  <data name="DpcLoad" inType="win:UInt32" outType="xs:unsignedInt"/>
</template>
]]></Template>
            </Event>
            <Event>
                <Id>4</Id>
                <Version>1</Version>
                <Level>Information</Level>
                <Task>InterruptSteeringStateConnect</Task>
                <Keyword>IntSteer</Keyword>
                <Template><![CDATA[
<template xmlns="http://schemas.microsoft.com/win/2004/08/events">
  <data name="Gsiv" inType="win:UInt32" outType="win:HexInt32"/>
  <data name="Group" inType="win:UInt16" outType="xs:unsignedShort"/>
  <data name="NewTarget" inType="win:Pointer" outType="win:HexInt64"/>
  <data name="OldTarget" inType="win:Pointer" outType="win:HexInt64"/>
  <data name="Vector" inType="win:UInt32" outType="win:HexInt32"/>
  <data name="ServiceRoutine" inType="win:Pointer" outType="win:HexInt64"/>
  <data name="IsrLoad" inType="win:UInt64" outType="xs:unsignedLong"/>
  <data name="DpcLoad" inType="win:UInt64" outType="xs:unsignedLong"/>
</template>
]]></Template>
            </Event>
            <Event>
                <Id>5</Id>
                <Version>0</Version>
                <Level>Information</Level>
                <Task>InterruptSteeringStateDisconnect</Task>
                <Keyword>IntSteer</Keyword>
                <Template><![CDATA[
<template xmlns="http://schemas.microsoft.com/win/2004/08/events">
  <data name="Gsiv" inType="win:UInt32" outType="xs:unsignedInt"/>
  <data name="NewTarget" inType="win:UInt32" outType="xs:unsignedInt"/>
  <data name="OldTarget" inType="win:UInt32" outType="xs:unsignedInt"/>
  <data name="Vector" inType="win:UInt32" outType="xs:unsignedInt"/>
  <data name="ServiceRoutine" inType="win:Pointer" outType="win:HexInt64"/>
  <data name="IsrLoad" inType="win:UInt32" outType="xs:unsignedInt"/>
  <data name="DpcLoad" inType="win:UInt32" outType="xs:unsignedInt"/>
</template>
]]></Template>
            </Event>
            <Event>
                <Id>5</Id>
                <Version>1</Version>
                <Level>Information</Level>
                <Task>InterruptSteeringStateDisconnect</Task>
                <Keyword>IntSteer</Keyword>
                <Template><![CDATA[
<template xmlns="http://schemas.microsoft.com/win/2004/08/events">
  <data name="Gsiv" inType="win:UInt32" outType="win:HexInt32"/>
  <data name="Group" inType="win:UInt16" outType="xs:unsignedShort"/>
  <data name="NewTarget" inType="win:Pointer" outType="win:HexInt64"/>
  <data name="OldTarget" inType="win:Pointer" outType="win:HexInt64"/>
  <data name="Vector" inType="win:UInt32" outType="win:HexInt32"/>
  <data name="ServiceRoutine" inType="win:Pointer" outType="win:HexInt64"/>
  <data name="IsrLoad" inType="win:UInt64" outType="xs:unsignedLong"/>
  <data name="DpcLoad" inType="win:UInt64" outType="xs:unsignedLong"/>
</template>
]]></Template>
            </Event>
            <Event>
                <Id>6</Id>
                <Version>0</Version>
                <Level>Information</Level>
                <Task>InterruptSteeringStateRetarget</Task>
                <Keyword>IntSteer</Keyword>
                <Template><![CDATA[
<template xmlns="http://schemas.microsoft.com/win/2004/08/events">
  <data name="Gsiv" inType="win:UInt32" outType="xs:unsignedInt"/>
  <data name="NewTarget" inType="win:UInt32" outType="xs:unsignedInt"/>
  <data name="OldTarget" inType="win:UInt32" outType="xs:unsignedInt"/>
  <data name="Vector" inType="win:UInt32" outType="xs:unsignedInt"/>
  <data name="ServiceRoutine" inType="win:Pointer" outType="win:HexInt64"/>
  <data name="IsrLoad" inType="win:UInt32" outType="xs:unsignedInt"/>
  <data name="DpcLoad" inType="win:UInt32" outType="xs:unsignedInt"/>
</template>
]]></Template>
            </Event>
            <Event>
                <Id>6</Id>
                <Version>1</Version>
                <Level>Information</Level>
                <Task>InterruptSteeringStateRetarget</Task>
                <Keyword>IntSteer</Keyword>
                <Template><![CDATA[
<template xmlns="http://schemas.microsoft.com/win/2004/08/events">
  <data name="Gsiv" inType="win:UInt32" outType="win:HexInt32"/>
  <data name="Group" inType="win:UInt16" outType="xs:unsignedShort"/>
  <data name="NewTarget" inType="win:Pointer" outType="win:HexInt64"/>
  <data name="OldTarget" inType="win:Pointer" outType="win:HexInt64"/>
  <data name="Vector" inType="win:UInt32" outType="win:HexInt32"/>
  <data name="ServiceRoutine" inType="win:Pointer" outType="win:HexInt64"/>
  <data name="IsrLoad" inType="win:UInt64" outType="xs:unsignedLong"/>
  <data name="DpcLoad" inType="win:UInt64" outType="xs:unsignedLong"/>
</template>
]]></Template>
            </Event>
            <Event>
                <Id>7</Id>
                <Version>0</Version>
                <Level>Information</Level>
                <Task>InterruptSteeringProcRundown</Task>
                <Keyword>IntSteer</Keyword>
                <Template><![CDATA[
<template xmlns="http://schemas.microsoft.com/win/2004/08/events">
  <data name="ProcIndex" inType="win:UInt32" outType="xs:unsignedInt"/>
  <data name="DeviceInterrupts" inType="win:UInt32" outType="xs:unsignedInt"/>
</template>
]]></Template>
            </Event>
            <Event>
                <Id>8</Id>
                <Version>0</Version>
                <Level>Information</Level>
                <Task>InterruptSteeringProcChange</Task>
                <Keyword>IntSteer</Keyword>
                <Template><![CDATA[
<template xmlns="http://schemas.microsoft.com/win/2004/08/events">
  <data name="ProcIndex" inType="win:UInt32" outType="xs:unsignedInt"/>
  <data name="DeviceInterrupts" inType="win:UInt32" outType="xs:unsignedInt"/>
</template>
]]></Template>
            </Event>
        </EventMetadata>
    </Provider>
</Providers>
