<Providers>
    <Provider>
        <Name>Microsoft-Windows-Dot3MM</Name>
        <Metadata>
            <Guid>{F3419A17-E994-4C40-B593-79B8EDEC54E9}</Guid>
            <ResourceFilePath>%windir%\system32\dot3mm.dll</ResourceFilePath>
            <ParameterFilePath></ParameterFilePath>
            <MessageFilePath>%windir%\system32\dot3mm.dll</MessageFilePath>
            <HelpLink></HelpLink>
            <PublisherMessage>Microsoft-Windows-Dot3MM</PublisherMessage>
            <Channels>
                <Channel>
                    <Message>Microsoft-Windows-Dot3MM/Diagnostic</Message>
                    <Path>Microsoft-Windows-Dot3MM/Diagnostic</Path>
                    <Index>0</Index>
                    <Id>16</Id>
                    <Imported>false</Imported>
                </Channel>
            </Channels>
            <Levels>
                <Level>
                    <Message>Information</Message>
                    <Name>win:Informational</Name>
                    <Value>4</Value>
                </Level>
            </Levels>
            <Tasks>
                <Task>
                    <Message></Message>
                    <Name>Init</Name>
                    <Value>1</Value>
                </Task>
                <Task>
                    <Message></Message>
                    <Name>Enumerate</Name>
                    <Value>2</Value>
                </Task>
            </Tasks>
            <Opcodes>
                <Opcode>
                    <Message>Start</Message>
                    <Name>win:Start</Name>
                    <Value>1</Value>
                    <Task>0</Task>
                </Opcode>
                <Opcode>
                    <Message>Stop</Message>
                    <Name>win:Stop</Name>
                    <Value>2</Value>
                    <Task>0</Task>
                </Opcode>
            </Opcodes>
            <Keywords>
                <Keyword>
                    <Message>Response Time</Message>
                    <Name>win:ResponseTime</Name>
                    <Value>281474976710656</Value>
                </Keyword>
            </Keywords>
        </Metadata>
        <EventMetadata>
            <Event>
                <Id>8001</Id>
                <Version>0</Version>
                <Channel>Microsoft-Windows-Dot3MM/Diagnostic</Channel>
                <Level>Information</Level>
                <Task>Init</Task>
                <Opcode>Start</Opcode>
                <Template><![CDATA[
]]></Template>
            </Event>
            <Event>
                <Id>8002</Id>
                <Version>0</Version>
                <Channel>Microsoft-Windows-Dot3MM/Diagnostic</Channel>
                <Level>Information</Level>
                <Task>Init</Task>
                <Opcode>Stop</Opcode>
                <Template><![CDATA[
]]></Template>
            </Event>
            <Event>
                <Id>8003</Id>
                <Version>0</Version>
                <Channel>Microsoft-Windows-Dot3MM/Diagnostic</Channel>
                <Level>Information</Level>
                <Task>Enumerate</Task>
                <Opcode>Start</Opcode>
                <Template><![CDATA[
]]></Template>
            </Event>
            <Event>
                <Id>8004</Id>
                <Version>0</Version>
                <Channel>Microsoft-Windows-Dot3MM/Diagnostic</Channel>
                <Level>Information</Level>
                <Task>Enumerate</Task>
                <Opcode>Stop</Opcode>
                <Template><![CDATA[
]]></Template>
            </Event>
        </EventMetadata>
    </Provider>
</Providers>
