<Providers>
    <Provider>
        <Name>Microsoft-Windows-ATAPort</Name>
        <Metadata>
            <Guid>{CB587AD1-CC35-4EF1-AD93-36CC82A2D319}</Guid>
            <ResourceFilePath>%SystemRoot%\system32\drivers\ataport.sys</ResourceFilePath>
            <ParameterFilePath></ParameterFilePath>
            <MessageFilePath>%SystemRoot%\system32\drivers\ataport.sys</MessageFilePath>
            <HelpLink></HelpLink>
            <PublisherMessage></PublisherMessage>
            <Channels>
                <Channel>
                    <Message></Message>
                    <Path>Microsoft-Windows-ATAPort/SATA-LPM</Path>
                    <Index>0</Index>
                    <Id>16</Id>
                    <Imported>false</Imported>
                </Channel>
                <Channel>
                    <Message></Message>
                    <Path>Microsoft-Windows-ATAPort/General</Path>
                    <Index>1</Index>
                    <Id>17</Id>
                    <Imported>false</Imported>
                </Channel>
                <Channel>
                    <Message></Message>
                    <Path>Microsoft-Windows-Storage-ATAPort/Diagnose</Path>
                    <Index>2</Index>
                    <Id>18</Id>
                    <Imported>false</Imported>
                </Channel>
                <Channel>
                    <Message></Message>
                    <Path>Microsoft-Windows-Storage-ATAPort/Debug</Path>
                    <Index>3</Index>
                    <Id>19</Id>
                    <Imported>false</Imported>
                </Channel>
                <Channel>
                    <Message></Message>
                    <Path>Microsoft-Windows-Storage-ATAPort/Analytic</Path>
                    <Index>4</Index>
                    <Id>20</Id>
                    <Imported>false</Imported>
                </Channel>
                <Channel>
                    <Message></Message>
                    <Path>Microsoft-Windows-Storage-ATAPort/Operational</Path>
                    <Index>5</Index>
                    <Id>21</Id>
                    <Imported>false</Imported>
                </Channel>
                <Channel>
                    <Message></Message>
                    <Path>Microsoft-Windows-Storage-ATAPort/Admin</Path>
                    <Index>6</Index>
                    <Id>22</Id>
                    <Imported>false</Imported>
                </Channel>
            </Channels>
            <Levels>
                <Level>
                    <Message>Information</Message>
                    <Name>win:Informational</Name>
                    <Value>4</Value>
                </Level>
                <Level>
                    <Message>Verbose</Message>
                    <Name>win:Verbose</Name>
                    <Value>5</Value>
                </Level>
            </Levels>
            <Tasks>
                <Task>
                    <Message>LPM state change</Message>
                    <Name>ATAPORT_TASK_SATA_LPM</Name>
                    <Value>1</Value>
                </Task>
                <Task>
                    <Message>ATAport General</Message>
                    <Name>ATAPORT_TASK_GENERAL</Name>
                    <Value>2</Value>
                </Task>
                <Task>
                    <Message>Port</Message>
                    <Name>Port</Name>
                    <Value>201</Value>
                </Task>
            </Tasks>
            <Opcodes>
                <Opcode>
                    <Message>Info</Message>
                    <Name>win:Info</Name>
                    <Value>0</Value>
                    <Task>0</Task>
                </Opcode>
                <Opcode>
                    <Message></Message>
                    <Name>ATAPORT_OPCODE_DEV_ENUM_INIT</Name>
                    <Value>10</Value>
                    <Task>0</Task>
                </Opcode>
                <Opcode>
                    <Message></Message>
                    <Name>ATAPORT_OPCODE_DEV_ENUM_COMPLETE</Name>
                    <Value>11</Value>
                    <Task>0</Task>
                </Opcode>
                <Opcode>
                    <Message></Message>
                    <Name>ATAPORT_OPCODE_XFER_MODE_CHANGE</Name>
                    <Value>12</Value>
                    <Task>0</Task>
                </Opcode>
                <Opcode>
                    <Message></Message>
                    <Name>ATAPORT_OPCODE_IO_REQUEST_COMPLETE</Name>
                    <Value>13</Value>
                    <Task>0</Task>
                </Opcode>
                <Opcode>
                    <Message></Message>
                    <Name>ATAPORT_OPCODE_IO_REQUEST_TIMEOUT</Name>
                    <Value>14</Value>
                    <Task>0</Task>
                </Opcode>
                <Opcode>
                    <Message></Message>
                    <Name>ATAPORT_OPCODE_IO_REQUEST_TRANSPORT_ERROR</Name>
                    <Value>15</Value>
                    <Task>0</Task>
                </Opcode>
                <Opcode>
                    <Message></Message>
                    <Name>ATAPORT_OPCODE_DEVICE_MISSING</Name>
                    <Value>16</Value>
                    <Task>0</Task>
                </Opcode>
                <Opcode>
                    <Message></Message>
                    <Name>ATAPORT_OPCODE_CHANNEL_RESET_INIT</Name>
                    <Value>17</Value>
                    <Task>0</Task>
                </Opcode>
                <Opcode>
                    <Message></Message>
                    <Name>ATAPORT_OPCODE_CHANNEL_RESET_COMPLETE</Name>
                    <Value>18</Value>
                    <Task>0</Task>
                </Opcode>
                <Opcode>
                    <Message></Message>
                    <Name>ATAPORT_OPCODE_DEVICE_RESET_INIT</Name>
                    <Value>19</Value>
                    <Task>0</Task>
                </Opcode>
                <Opcode>
                    <Message></Message>
                    <Name>ATAPORT_OPCODE_DEVICE_RESET_COMPLETE</Name>
                    <Value>20</Value>
                    <Task>0</Task>
                </Opcode>
                <Opcode>
                    <Message></Message>
                    <Name>ATAPORT_OPCODE_CHANNEL_START_INIT</Name>
                    <Value>21</Value>
                    <Task>0</Task>
                </Opcode>
                <Opcode>
                    <Message></Message>
                    <Name>ATAPORT_OPCODE_CHANNEL_START_COMPLETE</Name>
                    <Value>22</Value>
                    <Task>0</Task>
                </Opcode>
                <Opcode>
                    <Message></Message>
                    <Name>ATAPORT_OPCODE_GET_TELEMETRY_INIT</Name>
                    <Value>23</Value>
                    <Task>0</Task>
                </Opcode>
                <Opcode>
                    <Message></Message>
                    <Name>ATAPORT_OPCODE_GET_TELEMETRY_COMPLETE</Name>
                    <Value>24</Value>
                    <Task>0</Task>
                </Opcode>
                <Opcode>
                    <Message>Dispatching of request.</Message>
                    <Name>Dispatch</Name>
                    <Value>100</Value>
                    <Task>0</Task>
                </Opcode>
                <Opcode>
                    <Message>Completion of request.</Message>
                    <Name>Completion</Name>
                    <Value>101</Value>
                    <Task>0</Task>
                </Opcode>
                <Opcode>
                    <Message>Request timeout handling.</Message>
                    <Name>Timeout</Name>
                    <Value>102</Value>
                    <Task>0</Task>
                </Opcode>
                <Opcode>
                    <Message>Request error handling.</Message>
                    <Name>Error</Name>
                    <Value>103</Value>
                    <Task>0</Task>
                </Opcode>
                <Opcode>
                    <Message>Retry handling.</Message>
                    <Name>Retry</Name>
                    <Value>104</Value>
                    <Task>0</Task>
                </Opcode>
                <Opcode>
                    <Message>Miniport handling of request.</Message>
                    <Name>Miniport</Name>
                    <Value>105</Value>
                    <Task>0</Task>
                </Opcode>
                <Opcode>
                    <Message>Queue-related operation.</Message>
                    <Name>Queue</Name>
                    <Value>106</Value>
                    <Task>0</Task>
                </Opcode>
                <Opcode>
                    <Message>State transition.</Message>
                    <Name>StateTransition</Name>
                    <Value>107</Value>
                    <Task>0</Task>
                </Opcode>
                <Opcode>
                    <Message></Message>
                    <Name>ATAPORT_OPCODE_LPM_POWERSTATE_PARTIAL</Name>
                    <Value>200</Value>
                    <Task>0</Task>
                </Opcode>
                <Opcode>
                    <Message></Message>
                    <Name>ATAPORT_OPCODE_LPM_POWERSTATE_SLUMBER</Name>
                    <Value>201</Value>
                    <Task>0</Task>
                </Opcode>
            </Opcodes>
            <Keywords>
                <Keyword>
                    <Message></Message>
                    <Name>AllIORequests</Name>
                    <Value>1</Value>
                </Keyword>
                <Keyword>
                    <Message></Message>
                    <Name>DeviceEnumeration</Name>
                    <Value>2</Value>
                </Keyword>
                <Keyword>
                    <Message></Message>
                    <Name>IOErrors</Name>
                    <Value>4</Value>
                </Keyword>
                <Keyword>
                    <Message></Message>
                    <Name>Reset</Name>
                    <Value>8</Value>
                </Keyword>
                <Keyword>
                    <Message></Message>
                    <Name>XferModeChange</Name>
                    <Value>16</Value>
                </Keyword>
                <Keyword>
                    <Message></Message>
                    <Name>LinkPowerMgmt</Name>
                    <Value>32</Value>
                </Keyword>
                <Keyword>
                    <Message></Message>
                    <Name>GetTelemetry</Name>
                    <Value>64</Value>
                </Keyword>
                <Keyword>
                    <Message>IO Performance measurement</Message>
                    <Name>IO_Performance</Name>
                    <Value>1048576</Value>
                </Keyword>
                <Keyword>
                    <Message>Read request</Message>
                    <Name>Read</Name>
                    <Value>2097152</Value>
                </Keyword>
                <Keyword>
                    <Message>Write request</Message>
                    <Name>Write</Name>
                    <Value>4194304</Value>
                </Keyword>
                <Keyword>
                    <Message>Paging Read request</Message>
                    <Name>PagingRead</Name>
                    <Value>8388608</Value>
                </Keyword>
                <Keyword>
                    <Message>Paging Write request</Message>
                    <Name>PagingWrite</Name>
                    <Value>16777216</Value>
                </Keyword>
                <Keyword>
                    <Message>Low memory Read request</Message>
                    <Name>LowMemoryRead</Name>
                    <Value>33554432</Value>
                </Keyword>
                <Keyword>
                    <Message>Low memory write request</Message>
                    <Name>LowMemoryWrite</Name>
                    <Value>67108864</Value>
                </Keyword>
                <Keyword>
                    <Message>Non-Read/Write request</Message>
                    <Name>NonReadWrite</Name>
                    <Value>134217728</Value>
                </Keyword>
                <Keyword>
                    <Message>Pass-Through request</Message>
                    <Name>PassThrough</Name>
                    <Value>268435456</Value>
                </Keyword>
                <Keyword>
                    <Message>Flush request</Message>
                    <Name>Flush</Name>
                    <Value>536870912</Value>
                </Keyword>
                <Keyword>
                    <Message>Device I/O control request</Message>
                    <Name>IOCTL</Name>
                    <Value>1073741824</Value>
                </Keyword>
                <Keyword>
                    <Message>WMI request</Message>
                    <Name>WMI</Name>
                    <Value>2147483648</Value>
                </Keyword>
                <Keyword>
                    <Message>Power request</Message>
                    <Name>Power</Name>
                    <Value>4294967296</Value>
                </Keyword>
                <Keyword>
                    <Message>PnP request</Message>
                    <Name>PnP</Name>
                    <Value>8589934592</Value>
                </Keyword>
                <Keyword>
                    <Message>Device enumeration handling</Message>
                    <Name>Enum</Name>
                    <Value>17179869184</Value>
                </Keyword>
                <Keyword>
                    <Message>Queue-related operation</Message>
                    <Name>Queue</Name>
                    <Value>34359738368</Value>
                </Keyword>
                <Keyword>
                    <Message>Interrupt Service Routine processing</Message>
                    <Name>ISR</Name>
                    <Value>68719476736</Value>
                </Keyword>
                <Keyword>
                    <Message>Deferred Procedure Call handling</Message>
                    <Name>DPC</Name>
                    <Value>137438953472</Value>
                </Keyword>
                <Keyword>
                    <Message>Timer-related operation</Message>
                    <Name>Timer</Name>
                    <Value>274877906944</Value>
                </Keyword>
                <Keyword>
                    <Message>Bus protocol specific operation</Message>
                    <Name>Protocol</Name>
                    <Value>549755813888</Value>
                </Keyword>
                <Keyword>
                    <Message>Target-related operation</Message>
                    <Name>Target</Name>
                    <Value>1099511627776</Value>
                </Keyword>
                <Keyword>
                    <Message>Controller or Host Bus Adapter related operation</Message>
                    <Name>Adapter</Name>
                    <Value>2199023255552</Value>
                </Keyword>
                <Keyword>
                    <Message>Retry handling</Message>
                    <Name>Retry</Name>
                    <Value>4398046511104</Value>
                </Keyword>
                <Keyword>
                    <Message>Timeout handling</Message>
                    <Name>Timeout</Name>
                    <Value>8796093022208</Value>
                </Keyword>
                <Keyword>
                    <Message>Reset handling</Message>
                    <Name>ReSet</Name>
                    <Value>17592186044416</Value>
                </Keyword>
                <Keyword>
                    <Message>Activity between port and miniport</Message>
                    <Name>MiniportInterface</Name>
                    <Value>35184372088832</Value>
                </Keyword>
                <Keyword>
                    <Message>Testing-specific processing</Message>
                    <Name>Test</Name>
                    <Value>140737488355328</Value>
                </Keyword>
            </Keywords>
        </Metadata>
        <EventMetadata>
            <Event>
                <Id>0</Id>
                <Version>0</Version>
                <Channel>Microsoft-Windows-ATAPort/SATA-LPM</Channel>
                <Level>Verbose</Level>
                <Task>LPM state change</Task>
                <Opcode>ATAPORT_OPCODE_LPM_POWERSTATE_PARTIAL</Opcode>
                <Keyword>LinkPowerMgmt</Keyword>
                <Message><![CDATA[
Entering Partial state.]]></Message>
                <Template><![CDATA[
<template xmlns="http://schemas.microsoft.com/win/2004/08/events">
  <data name="SCSIAddressSize" inType="win:UInt32" outType="xs:unsignedInt"/>
  <data name="PortNumber" inType="win:UInt8" outType="xs:unsignedByte"/>
  <data name="PathID" inType="win:UInt8" outType="xs:unsignedByte"/>
  <data name="TargetID" inType="win:UInt8" outType="xs:unsignedByte"/>
  <data name="LUN" inType="win:UInt8" outType="xs:unsignedByte"/>
  <data name="DeviceType" inType="win:UInt32" outType="xs:unsignedInt"/>
  <data name="Result" inType="win:UInt32" outType="xs:unsignedInt"/>
</template>
]]></Template>
            </Event>
            <Event>
                <Id>1</Id>
                <Version>0</Version>
                <Channel>Microsoft-Windows-ATAPort/SATA-LPM</Channel>
                <Level>Verbose</Level>
                <Task>LPM state change</Task>
                <Opcode>ATAPORT_OPCODE_LPM_POWERSTATE_SLUMBER</Opcode>
                <Keyword>LinkPowerMgmt</Keyword>
                <Message><![CDATA[
Entering Slumber state.]]></Message>
                <Template><![CDATA[
<template xmlns="http://schemas.microsoft.com/win/2004/08/events">
  <data name="SCSIAddressSize" inType="win:UInt32" outType="xs:unsignedInt"/>
  <data name="PortNumber" inType="win:UInt8" outType="xs:unsignedByte"/>
  <data name="PathID" inType="win:UInt8" outType="xs:unsignedByte"/>
  <data name="TargetID" inType="win:UInt8" outType="xs:unsignedByte"/>
  <data name="LUN" inType="win:UInt8" outType="xs:unsignedByte"/>
  <data name="DeviceType" inType="win:UInt32" outType="xs:unsignedInt"/>
  <data name="Result" inType="win:UInt32" outType="xs:unsignedInt"/>
</template>
]]></Template>
            </Event>
            <Event>
                <Id>100</Id>
                <Version>0</Version>
                <Channel>Microsoft-Windows-ATAPort/General</Channel>
                <Level>Verbose</Level>
                <Task>ATAport General</Task>
                <Opcode>ATAPORT_OPCODE_DEV_ENUM_INIT</Opcode>
                <Keyword>DeviceEnumeration</Keyword>
                <Message><![CDATA[
Device Enumeration Starts.]]></Message>
                <Template><![CDATA[
<template xmlns="http://schemas.microsoft.com/win/2004/08/events">
  <data name="SCSIAddressSize" inType="win:UInt32" outType="xs:unsignedInt"/>
  <data name="PortNumber" inType="win:UInt8" outType="xs:unsignedByte"/>
  <data name="PathID" inType="win:UInt8" outType="xs:unsignedByte"/>
  <data name="TargetID" inType="win:UInt8" outType="xs:unsignedByte"/>
  <data name="LUN" inType="win:UInt8" outType="xs:unsignedByte"/>
  <data name="DeviceType" inType="win:UInt32" outType="xs:unsignedInt"/>
</template>
]]></Template>
            </Event>
            <Event>
                <Id>101</Id>
                <Version>0</Version>
                <Channel>Microsoft-Windows-ATAPort/General</Channel>
                <Level>Verbose</Level>
                <Task>ATAport General</Task>
                <Opcode>ATAPORT_OPCODE_DEV_ENUM_COMPLETE</Opcode>
                <Keyword>DeviceEnumeration</Keyword>
                <Message><![CDATA[
Device Enumeration Completes.]]></Message>
                <Template><![CDATA[
<template xmlns="http://schemas.microsoft.com/win/2004/08/events">
  <data name="SCSIAddressSize" inType="win:UInt32" outType="xs:unsignedInt"/>
  <data name="PortNumber" inType="win:UInt8" outType="xs:unsignedByte"/>
  <data name="PathID" inType="win:UInt8" outType="xs:unsignedByte"/>
  <data name="TargetID" inType="win:UInt8" outType="xs:unsignedByte"/>
  <data name="LUN" inType="win:UInt8" outType="xs:unsignedByte"/>
  <data name="DeviceType" inType="win:UInt32" outType="xs:unsignedInt"/>
</template>
]]></Template>
            </Event>
            <Event>
                <Id>102</Id>
                <Version>0</Version>
                <Channel>Microsoft-Windows-ATAPort/General</Channel>
                <Level>Verbose</Level>
                <Task>ATAport General</Task>
                <Opcode>ATAPORT_OPCODE_XFER_MODE_CHANGE</Opcode>
                <Keyword>XferModeChange</Keyword>
                <Message><![CDATA[
Transfer Mode Changed.]]></Message>
                <Template><![CDATA[
<template xmlns="http://schemas.microsoft.com/win/2004/08/events">
  <data name="SCSIAddressSize" inType="win:UInt32" outType="xs:unsignedInt"/>
  <data name="PortNumber" inType="win:UInt8" outType="xs:unsignedByte"/>
  <data name="PathID" inType="win:UInt8" outType="xs:unsignedByte"/>
  <data name="TargetID" inType="win:UInt8" outType="xs:unsignedByte"/>
  <data name="LUN" inType="win:UInt8" outType="xs:unsignedByte"/>
  <data name="DMAtoPIO" inType="win:UInt8" outType="xs:unsignedByte"/>
  <data name="StepDownInDMAModes" inType="win:UInt8" outType="xs:unsignedByte"/>
</template>
]]></Template>
            </Event>
            <Event>
                <Id>103</Id>
                <Version>0</Version>
                <Channel>Microsoft-Windows-ATAPort/General</Channel>
                <Level>Verbose</Level>
                <Task>ATAport General</Task>
                <Opcode>ATAPORT_OPCODE_IO_REQUEST_COMPLETE</Opcode>
                <Keyword>AllIORequests</Keyword>
                <Message><![CDATA[
Request is Completed.]]></Message>
                <Template><![CDATA[
<template xmlns="http://schemas.microsoft.com/win/2004/08/events">
  <data name="DeviceAddress" inType="win:UInt32" outType="xs:unsignedInt"/>
  <data name="RequestSequence" inType="win:UInt32" outType="xs:unsignedInt"/>
  <data name="QueueTime" inType="win:UInt64" outType="xs:unsignedLong"/>
  <data name="DeviceTime" inType="win:UInt64" outType="xs:unsignedLong"/>
  <data name="MasterIRP" inType="win:Pointer" outType="win:HexInt64"/>
  <data name="ActiveRequestCount" inType="win:UInt32" outType="xs:unsignedInt"/>
  <data name="IRBFunction" inType="win:UInt16" outType="xs:unsignedShort"/>
  <data name="DeviceCommand" inType="win:UInt8" outType="xs:unsignedByte"/>
  <data name="IRBStatus" inType="win:UInt8" outType="xs:unsignedByte"/>
  <data name="ATAStatus" inType="win:UInt8" outType="xs:unsignedByte"/>
</template>
]]></Template>
            </Event>
            <Event>
                <Id>104</Id>
                <Version>0</Version>
                <Channel>Microsoft-Windows-ATAPort/General</Channel>
                <Level>Verbose</Level>
                <Task>ATAport General</Task>
                <Opcode>ATAPORT_OPCODE_IO_REQUEST_TIMEOUT</Opcode>
                <Keyword>IOErrors</Keyword>
                <Message><![CDATA[
Request Timed Out.]]></Message>
                <Template><![CDATA[
<template xmlns="http://schemas.microsoft.com/win/2004/08/events">
  <data name="DeviceAddress" inType="win:UInt32" outType="xs:unsignedInt"/>
  <data name="RequestSequence" inType="win:UInt32" outType="xs:unsignedInt"/>
  <data name="QueueTime" inType="win:UInt64" outType="xs:unsignedLong"/>
  <data name="DeviceTime" inType="win:UInt64" outType="xs:unsignedLong"/>
  <data name="MasterIRP" inType="win:Pointer" outType="win:HexInt64"/>
  <data name="ActiveRequestCount" inType="win:UInt32" outType="xs:unsignedInt"/>
  <data name="IRBFunction" inType="win:UInt16" outType="xs:unsignedShort"/>
  <data name="DeviceCommand" inType="win:UInt8" outType="xs:unsignedByte"/>
  <data name="IRBStatus" inType="win:UInt8" outType="xs:unsignedByte"/>
  <data name="ATAStatus" inType="win:UInt8" outType="xs:unsignedByte"/>
</template>
]]></Template>
            </Event>
            <Event>
                <Id>105</Id>
                <Version>0</Version>
                <Channel>Microsoft-Windows-ATAPort/General</Channel>
                <Level>Verbose</Level>
                <Task>ATAport General</Task>
                <Opcode>ATAPORT_OPCODE_IO_REQUEST_TRANSPORT_ERROR</Opcode>
                <Keyword>IOErrors</Keyword>
                <Message><![CDATA[
Request Failed because of Transportation Error.]]></Message>
                <Template><![CDATA[
<template xmlns="http://schemas.microsoft.com/win/2004/08/events">
  <data name="DeviceAddress" inType="win:UInt32" outType="xs:unsignedInt"/>
  <data name="RequestSequence" inType="win:UInt32" outType="xs:unsignedInt"/>
  <data name="QueueTime" inType="win:UInt64" outType="xs:unsignedLong"/>
  <data name="DeviceTime" inType="win:UInt64" outType="xs:unsignedLong"/>
  <data name="MasterIRP" inType="win:Pointer" outType="win:HexInt64"/>
  <data name="ActiveRequestCount" inType="win:UInt32" outType="xs:unsignedInt"/>
  <data name="IRBFunction" inType="win:UInt16" outType="xs:unsignedShort"/>
  <data name="DeviceCommand" inType="win:UInt8" outType="xs:unsignedByte"/>
  <data name="IRBStatus" inType="win:UInt8" outType="xs:unsignedByte"/>
  <data name="ATAStatus" inType="win:UInt8" outType="xs:unsignedByte"/>
</template>
]]></Template>
            </Event>
            <Event>
                <Id>106</Id>
                <Version>0</Version>
                <Channel>Microsoft-Windows-ATAPort/General</Channel>
                <Level>Verbose</Level>
                <Task>ATAport General</Task>
                <Opcode>ATAPORT_OPCODE_DEVICE_MISSING</Opcode>
                <Keyword>DeviceEnumeration</Keyword>
                <Message><![CDATA[
Device Lost.]]></Message>
                <Template><![CDATA[
<template xmlns="http://schemas.microsoft.com/win/2004/08/events">
  <data name="SCSIAddressSize" inType="win:UInt32" outType="xs:unsignedInt"/>
  <data name="PortNumber" inType="win:UInt8" outType="xs:unsignedByte"/>
  <data name="PathID" inType="win:UInt8" outType="xs:unsignedByte"/>
  <data name="TargetID" inType="win:UInt8" outType="xs:unsignedByte"/>
  <data name="LUN" inType="win:UInt8" outType="xs:unsignedByte"/>
  <data name="DeviceType" inType="win:UInt32" outType="xs:unsignedInt"/>
</template>
]]></Template>
            </Event>
            <Event>
                <Id>107</Id>
                <Version>0</Version>
                <Channel>Microsoft-Windows-ATAPort/General</Channel>
                <Level>Verbose</Level>
                <Task>ATAport General</Task>
                <Opcode>ATAPORT_OPCODE_CHANNEL_RESET_INIT</Opcode>
                <Keyword>Reset</Keyword>
                <Message><![CDATA[
Channel Reset Starts.]]></Message>
                <Template><![CDATA[
<template xmlns="http://schemas.microsoft.com/win/2004/08/events">
  <data name="SCSIAddressSize" inType="win:UInt32" outType="xs:unsignedInt"/>
  <data name="PortNumber" inType="win:UInt8" outType="xs:unsignedByte"/>
  <data name="PathID" inType="win:UInt8" outType="xs:unsignedByte"/>
  <data name="TargetID" inType="win:UInt8" outType="xs:unsignedByte"/>
  <data name="LUN" inType="win:UInt8" outType="xs:unsignedByte"/>
  <data name="DeviceType" inType="win:UInt32" outType="xs:unsignedInt"/>
  <data name="Result" inType="win:UInt32" outType="xs:unsignedInt"/>
</template>
]]></Template>
            </Event>
            <Event>
                <Id>108</Id>
                <Version>0</Version>
                <Channel>Microsoft-Windows-ATAPort/General</Channel>
                <Level>Verbose</Level>
                <Task>ATAport General</Task>
                <Opcode>ATAPORT_OPCODE_CHANNEL_RESET_COMPLETE</Opcode>
                <Keyword>Reset</Keyword>
                <Message><![CDATA[
Channel Reset Complets.]]></Message>
                <Template><![CDATA[
<template xmlns="http://schemas.microsoft.com/win/2004/08/events">
  <data name="SCSIAddressSize" inType="win:UInt32" outType="xs:unsignedInt"/>
  <data name="PortNumber" inType="win:UInt8" outType="xs:unsignedByte"/>
  <data name="PathID" inType="win:UInt8" outType="xs:unsignedByte"/>
  <data name="TargetID" inType="win:UInt8" outType="xs:unsignedByte"/>
  <data name="LUN" inType="win:UInt8" outType="xs:unsignedByte"/>
  <data name="DeviceType" inType="win:UInt32" outType="xs:unsignedInt"/>
  <data name="Result" inType="win:UInt32" outType="xs:unsignedInt"/>
</template>
]]></Template>
            </Event>
            <Event>
                <Id>109</Id>
                <Version>0</Version>
                <Channel>Microsoft-Windows-ATAPort/General</Channel>
                <Level>Verbose</Level>
                <Task>ATAport General</Task>
                <Opcode>ATAPORT_OPCODE_DEVICE_RESET_INIT</Opcode>
                <Keyword>Reset</Keyword>
                <Message><![CDATA[
Device Reset Starts.]]></Message>
                <Template><![CDATA[
<template xmlns="http://schemas.microsoft.com/win/2004/08/events">
  <data name="SCSIAddressSize" inType="win:UInt32" outType="xs:unsignedInt"/>
  <data name="PortNumber" inType="win:UInt8" outType="xs:unsignedByte"/>
  <data name="PathID" inType="win:UInt8" outType="xs:unsignedByte"/>
  <data name="TargetID" inType="win:UInt8" outType="xs:unsignedByte"/>
  <data name="LUN" inType="win:UInt8" outType="xs:unsignedByte"/>
  <data name="DeviceType" inType="win:UInt32" outType="xs:unsignedInt"/>
  <data name="Result" inType="win:UInt32" outType="xs:unsignedInt"/>
</template>
]]></Template>
            </Event>
            <Event>
                <Id>110</Id>
                <Version>0</Version>
                <Channel>Microsoft-Windows-ATAPort/General</Channel>
                <Level>Verbose</Level>
                <Task>ATAport General</Task>
                <Opcode>ATAPORT_OPCODE_DEVICE_RESET_COMPLETE</Opcode>
                <Keyword>Reset</Keyword>
                <Message><![CDATA[
Device Reset Complets.]]></Message>
                <Template><![CDATA[
<template xmlns="http://schemas.microsoft.com/win/2004/08/events">
  <data name="SCSIAddressSize" inType="win:UInt32" outType="xs:unsignedInt"/>
  <data name="PortNumber" inType="win:UInt8" outType="xs:unsignedByte"/>
  <data name="PathID" inType="win:UInt8" outType="xs:unsignedByte"/>
  <data name="TargetID" inType="win:UInt8" outType="xs:unsignedByte"/>
  <data name="LUN" inType="win:UInt8" outType="xs:unsignedByte"/>
  <data name="DeviceType" inType="win:UInt32" outType="xs:unsignedInt"/>
  <data name="Result" inType="win:UInt32" outType="xs:unsignedInt"/>
</template>
]]></Template>
            </Event>
            <Event>
                <Id>111</Id>
                <Version>0</Version>
                <Channel>Microsoft-Windows-ATAPort/General</Channel>
                <Level>Verbose</Level>
                <Task>ATAport General</Task>
                <Opcode>ATAPORT_OPCODE_CHANNEL_START_INIT</Opcode>
                <Keyword>DeviceEnumeration</Keyword>
                <Message><![CDATA[
Channel Start Phase Begins.]]></Message>
                <Template><![CDATA[
]]></Template>
            </Event>
            <Event>
                <Id>112</Id>
                <Version>0</Version>
                <Channel>Microsoft-Windows-ATAPort/General</Channel>
                <Level>Verbose</Level>
                <Task>ATAport General</Task>
                <Opcode>ATAPORT_OPCODE_CHANNEL_START_COMPLETE</Opcode>
                <Keyword>DeviceEnumeration</Keyword>
                <Message><![CDATA[
Channel Start Phase Completes.]]></Message>
                <Template><![CDATA[
]]></Template>
            </Event>
            <Event>
                <Id>113</Id>
                <Version>0</Version>
                <Channel>Microsoft-Windows-ATAPort/General</Channel>
                <Level>Verbose</Level>
                <Task>ATAport General</Task>
                <Opcode>ATAPORT_OPCODE_GET_TELEMETRY_INIT</Opcode>
                <Keyword>Reset</Keyword>
                <Message><![CDATA[
Getting device and driver telemetry begins.]]></Message>
                <Template><![CDATA[
<template xmlns="http://schemas.microsoft.com/win/2004/08/events">
  <data name="SCSIAddressSize" inType="win:UInt32" outType="xs:unsignedInt"/>
  <data name="PortNumber" inType="win:UInt8" outType="xs:unsignedByte"/>
  <data name="PathID" inType="win:UInt8" outType="xs:unsignedByte"/>
  <data name="TargetID" inType="win:UInt8" outType="xs:unsignedByte"/>
  <data name="LUN" inType="win:UInt8" outType="xs:unsignedByte"/>
  <data name="DeviceType" inType="win:UInt32" outType="xs:unsignedInt"/>
  <data name="Result" inType="win:UInt32" outType="xs:unsignedInt"/>
</template>
]]></Template>
            </Event>
            <Event>
                <Id>113</Id>
                <Version>1</Version>
                <Channel>Microsoft-Windows-Storage-ATAPort/Diagnose</Channel>
                <Level>Information</Level>
                <Task>Port</Task>
                <Keyword>Read request Write request Paging Read request Paging Write request Low memory Read request Low memory write request</Keyword>
                <Message><![CDATA[
Indicates device failure and the reason for it.]]></Message>
                <Template><![CDATA[
<template xmlns="http://schemas.microsoft.com/win/2004/08/events">
  <data name="PortNumber" inType="win:UInt8" outType="xs:unsignedByte"/>
  <data name="BusNumber" inType="win:UInt8" outType="xs:unsignedByte"/>
  <data name="TargetId" inType="win:UInt8" outType="xs:unsignedByte"/>
  <data name="LUN" inType="win:UInt8" outType="xs:unsignedByte"/>
  <data name="FailureReason" inType="win:UInt32" outType="xs:unsignedInt"/>
</template>
]]></Template>
            </Event>
            <Event>
                <Id>114</Id>
                <Version>0</Version>
                <Channel>Microsoft-Windows-ATAPort/General</Channel>
                <Level>Verbose</Level>
                <Task>ATAport General</Task>
                <Opcode>ATAPORT_OPCODE_GET_TELEMETRY_COMPLETE</Opcode>
                <Keyword>Reset</Keyword>
                <Message><![CDATA[
Getting device and driver telemetry completes.]]></Message>
                <Template><![CDATA[
<template xmlns="http://schemas.microsoft.com/win/2004/08/events">
  <data name="SCSIAddressSize" inType="win:UInt32" outType="xs:unsignedInt"/>
  <data name="PortNumber" inType="win:UInt8" outType="xs:unsignedByte"/>
  <data name="PathID" inType="win:UInt8" outType="xs:unsignedByte"/>
  <data name="TargetID" inType="win:UInt8" outType="xs:unsignedByte"/>
  <data name="LUN" inType="win:UInt8" outType="xs:unsignedByte"/>
  <data name="DeviceType" inType="win:UInt32" outType="xs:unsignedInt"/>
  <data name="Result" inType="win:UInt32" outType="xs:unsignedInt"/>
</template>
]]></Template>
            </Event>
            <Event>
                <Id>114</Id>
                <Version>1</Version>
                <Channel>Microsoft-Windows-Storage-ATAPort/Diagnose</Channel>
                <Level>Information</Level>
                <Task>Port</Task>
                <Keyword>Read request Write request Paging Read request Paging Write request Low memory Read request Low memory write request</Keyword>
                <Message><![CDATA[
IO Transfer mode transition (either from DMA to PIO or vice versa).]]></Message>
                <Template><![CDATA[
<template xmlns="http://schemas.microsoft.com/win/2004/08/events">
  <data name="Irp" inType="win:Pointer" outType="win:HexInt64"/>
  <data name="TransferModeChangeType" inType="win:UInt8" outType="xs:unsignedByte"/>
</template>
]]></Template>
            </Event>
            <Event>
                <Id>200</Id>
                <Version>1</Version>
                <Channel>Microsoft-Windows-Storage-ATAPort/Analytic</Channel>
                <Level>Information</Level>
                <Task>Port</Task>
                <Keyword>IO Performance measurement</Keyword>
                <Message><![CDATA[
Request servicing time taken by target device.]]></Message>
                <Template><![CDATA[
<template xmlns="http://schemas.microsoft.com/win/2004/08/events">
  <data name="RequestDuration (in 100ns)" inType="win:UInt64" outType="xs:unsignedLong"/>
  <data name="Irp" inType="win:Pointer" outType="win:HexInt64"/>
  <data name="Command" inType="win:UInt8" outType="win:HexInt8"/>
  <data name="SrbStatus" inType="win:UInt8" outType="win:HexInt8"/>
  <data name="OriginalIrp" inType="win:Pointer" outType="win:HexInt64"/>
</template>
]]></Template>
            </Event>
            <Event>
                <Id>201</Id>
                <Version>1</Version>
                <Channel>Microsoft-Windows-Storage-ATAPort/Analytic</Channel>
                <Level>Information</Level>
                <Task>Port</Task>
                <Keyword>IO Performance measurement</Keyword>
                <Message><![CDATA[
Request servicing time taken by lower driver stack(s).]]></Message>
                <Template><![CDATA[
<template xmlns="http://schemas.microsoft.com/win/2004/08/events">
  <data name="RequestDuration (in 100ns)" inType="win:UInt64" outType="xs:unsignedLong"/>
  <data name="Irp" inType="win:Pointer" outType="win:HexInt64"/>
  <data name="Command" inType="win:UInt8" outType="win:HexInt8"/>
  <data name="SrbStatus" inType="win:UInt8" outType="win:HexInt8"/>
  <data name="OriginalIrp" inType="win:Pointer" outType="win:HexInt64"/>
</template>
]]></Template>
            </Event>
            <Event>
                <Id>202</Id>
                <Version>1</Version>
                <Channel>Microsoft-Windows-Storage-ATAPort/Diagnose</Channel>
                <Level>Information</Level>
                <Task>Port</Task>
                <Opcode>Dispatching of request.</Opcode>
                <Keyword>Read request</Keyword>
                <Message><![CDATA[
Dispatching a read request.]]></Message>
                <Template><![CDATA[
<template xmlns="http://schemas.microsoft.com/win/2004/08/events">
  <data name="Irp" inType="win:Pointer" outType="win:HexInt64"/>
  <data name="Command" inType="win:UInt8" outType="win:HexInt8"/>
  <data name="LengthOfTransfer (in bytes)" inType="win:UInt64" outType="xs:unsignedLong"/>
  <data name="LBA" inType="win:HexInt64" outType="win:HexInt64"/>
  <data name="OriginalIrp" inType="win:Pointer" outType="win:HexInt64"/>
</template>
]]></Template>
            </Event>
            <Event>
                <Id>203</Id>
                <Version>1</Version>
                <Channel>Microsoft-Windows-Storage-ATAPort/Diagnose</Channel>
                <Level>Information</Level>
                <Task>Port</Task>
                <Opcode>Dispatching of request.</Opcode>
                <Keyword>Write request</Keyword>
                <Message><![CDATA[
Dispatching a write request.]]></Message>
                <Template><![CDATA[
<template xmlns="http://schemas.microsoft.com/win/2004/08/events">
  <data name="Irp" inType="win:Pointer" outType="win:HexInt64"/>
  <data name="Command" inType="win:UInt8" outType="win:HexInt8"/>
  <data name="LengthOfTransfer (in bytes)" inType="win:UInt64" outType="xs:unsignedLong"/>
  <data name="LBA" inType="win:HexInt64" outType="win:HexInt64"/>
  <data name="OriginalIrp" inType="win:Pointer" outType="win:HexInt64"/>
</template>
]]></Template>
            </Event>
            <Event>
                <Id>204</Id>
                <Version>1</Version>
                <Channel>Microsoft-Windows-Storage-ATAPort/Diagnose</Channel>
                <Level>Information</Level>
                <Task>Port</Task>
                <Opcode>Dispatching of request.</Opcode>
                <Keyword>Read request Paging Read request</Keyword>
                <Message><![CDATA[
Dispatching a read request.]]></Message>
                <Template><![CDATA[
<template xmlns="http://schemas.microsoft.com/win/2004/08/events">
  <data name="Irp" inType="win:Pointer" outType="win:HexInt64"/>
  <data name="Command" inType="win:UInt8" outType="win:HexInt8"/>
  <data name="LengthOfTransfer (in bytes)" inType="win:UInt64" outType="xs:unsignedLong"/>
  <data name="LBA" inType="win:HexInt64" outType="win:HexInt64"/>
  <data name="OriginalIrp" inType="win:Pointer" outType="win:HexInt64"/>
</template>
]]></Template>
            </Event>
            <Event>
                <Id>205</Id>
                <Version>1</Version>
                <Channel>Microsoft-Windows-Storage-ATAPort/Diagnose</Channel>
                <Level>Information</Level>
                <Task>Port</Task>
                <Opcode>Dispatching of request.</Opcode>
                <Keyword>Write request Paging Write request</Keyword>
                <Message><![CDATA[
Dispatching a write request.]]></Message>
                <Template><![CDATA[
<template xmlns="http://schemas.microsoft.com/win/2004/08/events">
  <data name="Irp" inType="win:Pointer" outType="win:HexInt64"/>
  <data name="Command" inType="win:UInt8" outType="win:HexInt8"/>
  <data name="LengthOfTransfer (in bytes)" inType="win:UInt64" outType="xs:unsignedLong"/>
  <data name="LBA" inType="win:HexInt64" outType="win:HexInt64"/>
  <data name="OriginalIrp" inType="win:Pointer" outType="win:HexInt64"/>
</template>
]]></Template>
            </Event>
            <Event>
                <Id>206</Id>
                <Version>1</Version>
                <Channel>Microsoft-Windows-Storage-ATAPort/Diagnose</Channel>
                <Level>Information</Level>
                <Task>Port</Task>
                <Opcode>Dispatching of request.</Opcode>
                <Keyword>Read request Low memory Read request</Keyword>
                <Message><![CDATA[
Dispatching a read request.]]></Message>
                <Template><![CDATA[
<template xmlns="http://schemas.microsoft.com/win/2004/08/events">
  <data name="Irp" inType="win:Pointer" outType="win:HexInt64"/>
  <data name="Command" inType="win:UInt8" outType="win:HexInt8"/>
  <data name="LengthOfTransfer (in bytes)" inType="win:UInt64" outType="xs:unsignedLong"/>
  <data name="LBA" inType="win:HexInt64" outType="win:HexInt64"/>
  <data name="OriginalIrp" inType="win:Pointer" outType="win:HexInt64"/>
</template>
]]></Template>
            </Event>
            <Event>
                <Id>207</Id>
                <Version>1</Version>
                <Channel>Microsoft-Windows-Storage-ATAPort/Diagnose</Channel>
                <Level>Information</Level>
                <Task>Port</Task>
                <Opcode>Dispatching of request.</Opcode>
                <Keyword>Write request Low memory write request</Keyword>
                <Message><![CDATA[
Dispatching a write request.]]></Message>
                <Template><![CDATA[
<template xmlns="http://schemas.microsoft.com/win/2004/08/events">
  <data name="Irp" inType="win:Pointer" outType="win:HexInt64"/>
  <data name="Command" inType="win:UInt8" outType="win:HexInt8"/>
  <data name="LengthOfTransfer (in bytes)" inType="win:UInt64" outType="xs:unsignedLong"/>
  <data name="LBA" inType="win:HexInt64" outType="win:HexInt64"/>
  <data name="OriginalIrp" inType="win:Pointer" outType="win:HexInt64"/>
</template>
]]></Template>
            </Event>
            <Event>
                <Id>208</Id>
                <Version>1</Version>
                <Channel>Microsoft-Windows-Storage-ATAPort/Diagnose</Channel>
                <Level>Information</Level>
                <Task>Port</Task>
                <Opcode>Completion of request.</Opcode>
                <Keyword>Read request Write request Paging Read request Paging Write request Low memory Read request Low memory write request</Keyword>
                <Message><![CDATA[
Completing an IO (read/write) request.]]></Message>
                <Template><![CDATA[
<template xmlns="http://schemas.microsoft.com/win/2004/08/events">
  <data name="Irp" inType="win:Pointer" outType="win:HexInt64"/>
  <data name="NTStatus" inType="win:HexInt32" outType="win:NTStatus"/>
  <data name="SrbStatus" inType="win:UInt8" outType="win:HexInt8"/>
  <data name="ScsiStatus" inType="win:UInt8" outType="win:HexInt8"/>
  <data name="SenseKey" inType="win:UInt8" outType="win:HexInt8"/>
  <data name="AddSense" inType="win:UInt8" outType="win:HexInt8"/>
  <data name="AddSenseQ" inType="win:UInt8" outType="win:HexInt8"/>
  <data name="OriginalIrp" inType="win:Pointer" outType="win:HexInt64"/>
</template>
]]></Template>
            </Event>
            <Event>
                <Id>209</Id>
                <Version>1</Version>
                <Channel>Microsoft-Windows-Storage-ATAPort/Diagnose</Channel>
                <Level>Information</Level>
                <Task>Port</Task>
                <Opcode>Retry handling.</Opcode>
                <Keyword>Read request Write request Paging Read request Paging Write request Low memory Read request Low memory write request</Keyword>
                <Message><![CDATA[
Retrying an IO (read/write) request.]]></Message>
                <Template><![CDATA[
<template xmlns="http://schemas.microsoft.com/win/2004/08/events">
  <data name="Irp" inType="win:Pointer" outType="win:HexInt64"/>
  <data name="CurrentRetryCount" inType="win:UInt32" outType="xs:unsignedInt"/>
</template>
]]></Template>
            </Event>
            <Event>
                <Id>210</Id>
                <Version>1</Version>
                <Channel>Microsoft-Windows-Storage-ATAPort/Diagnose</Channel>
                <Level>Information</Level>
                <Task>Port</Task>
                <Keyword>Flush request</Keyword>
                <Message><![CDATA[
Flush request.]]></Message>
                <Template><![CDATA[
<template xmlns="http://schemas.microsoft.com/win/2004/08/events">
  <data name="Irp" inType="win:Pointer" outType="win:HexInt64"/>
  <data name="Bus" inType="win:UInt8" outType="win:HexInt8"/>
  <data name="Target" inType="win:UInt8" outType="win:HexInt8"/>
  <data name="LUN" inType="win:UInt8" outType="win:HexInt8"/>
</template>
]]></Template>
            </Event>
            <Event>
                <Id>211</Id>
                <Version>1</Version>
                <Channel>Microsoft-Windows-Storage-ATAPort/Diagnose</Channel>
                <Level>Information</Level>
                <Task>Port</Task>
                <Opcode>Completion of request.</Opcode>
                <Keyword>Flush request</Keyword>
                <Message><![CDATA[
Flush request.]]></Message>
                <Template><![CDATA[
<template xmlns="http://schemas.microsoft.com/win/2004/08/events">
  <data name="Irp" inType="win:Pointer" outType="win:HexInt64"/>
  <data name="NTStatus" inType="win:HexInt32" outType="win:NTStatus"/>
  <data name="SrbStatus" inType="win:UInt8" outType="win:HexInt8"/>
  <data name="ScsiStatus" inType="win:UInt8" outType="win:HexInt8"/>
  <data name="SenseKey" inType="win:UInt8" outType="win:HexInt8"/>
  <data name="AddSense" inType="win:UInt8" outType="win:HexInt8"/>
  <data name="AddSenseQ" inType="win:UInt8" outType="win:HexInt8"/>
  <data name="OriginalIrp" inType="win:Pointer" outType="win:HexInt64"/>
</template>
]]></Template>
            </Event>
            <Event>
                <Id>212</Id>
                <Version>1</Version>
                <Channel>Microsoft-Windows-Storage-ATAPort/Diagnose</Channel>
                <Level>Information</Level>
                <Task>Port</Task>
                <Opcode>Dispatching of request.</Opcode>
                <Keyword>Device I/O control request</Keyword>
                <Message><![CDATA[
Dispatching an IOCTL.]]></Message>
                <Template><![CDATA[
<template xmlns="http://schemas.microsoft.com/win/2004/08/events">
  <data name="Irp" inType="win:Pointer" outType="win:HexInt64"/>
  <data name="MajorFunction" inType="win:HexInt32" outType="win:HexInt32"/>
  <data name="MinorFunction" inType="win:HexInt32" outType="win:HexInt32"/>
  <data name="Parameter" inType="win:HexInt32" outType="win:HexInt32"/>
</template>
]]></Template>
            </Event>
            <Event>
                <Id>213</Id>
                <Version>1</Version>
                <Channel>Microsoft-Windows-Storage-ATAPort/Diagnose</Channel>
                <Level>Information</Level>
                <Task>Port</Task>
                <Opcode>Dispatching of request.</Opcode>
                <Keyword>WMI request</Keyword>
                <Message><![CDATA[
Dispatching a WMI request.]]></Message>
                <Template><![CDATA[
<template xmlns="http://schemas.microsoft.com/win/2004/08/events">
  <data name="Irp" inType="win:Pointer" outType="win:HexInt64"/>
  <data name="MajorFunction" inType="win:HexInt32" outType="win:HexInt32"/>
  <data name="MinorFunction" inType="win:HexInt32" outType="win:HexInt32"/>
  <data name="Parameter" inType="win:HexInt32" outType="win:HexInt32"/>
</template>
]]></Template>
            </Event>
            <Event>
                <Id>214</Id>
                <Version>1</Version>
                <Channel>Microsoft-Windows-Storage-ATAPort/Diagnose</Channel>
                <Level>Information</Level>
                <Task>Port</Task>
                <Opcode>Completion of request.</Opcode>
                <Keyword>Device I/O control request WMI request</Keyword>
                <Message><![CDATA[
Completing a non-read/write request.]]></Message>
                <Template><![CDATA[
<template xmlns="http://schemas.microsoft.com/win/2004/08/events">
  <data name="Irp" inType="win:Pointer" outType="win:HexInt64"/>
  <data name="Status" inType="win:HexInt32" outType="win:NTStatus"/>
</template>
]]></Template>
            </Event>
            <Event>
                <Id>215</Id>
                <Version>1</Version>
                <Channel>Microsoft-Windows-Storage-ATAPort/Diagnose</Channel>
                <Level>Information</Level>
                <Task>Port</Task>
                <Opcode>Dispatching of request.</Opcode>
                <Message><![CDATA[
Dispatching a power request.]]></Message>
                <Template><![CDATA[
<template xmlns="http://schemas.microsoft.com/win/2004/08/events">
  <data name="Irp" inType="win:Pointer" outType="win:HexInt64"/>
  <data name="MinorFunction" inType="win:HexInt32" outType="win:HexInt32"/>
  <data name="Type" inType="win:UInt8" outType="win:HexInt8"/>
  <data name="OldState" inType="win:HexInt32" outType="win:HexInt32"/>
  <data name="NewState" inType="win:HexInt32" outType="win:HexInt32"/>
  <data name="Action" inType="win:HexInt32" outType="win:HexInt32"/>
  <data name="PowerStateContext" inType="win:HexInt32" outType="win:HexInt32"/>
</template>
]]></Template>
            </Event>
            <Event>
                <Id>216</Id>
                <Version>1</Version>
                <Channel>Microsoft-Windows-Storage-ATAPort/Diagnose</Channel>
                <Level>Information</Level>
                <Task>Port</Task>
                <Opcode>Completion of request.</Opcode>
                <Message><![CDATA[
Completing a power request.]]></Message>
                <Template><![CDATA[
<template xmlns="http://schemas.microsoft.com/win/2004/08/events">
  <data name="Irp" inType="win:Pointer" outType="win:HexInt64"/>
  <data name="Status" inType="win:HexInt32" outType="win:NTStatus"/>
</template>
]]></Template>
            </Event>
            <Event>
                <Id>217</Id>
                <Version>1</Version>
                <Channel>Microsoft-Windows-Storage-ATAPort/Diagnose</Channel>
                <Level>Information</Level>
                <Task>Port</Task>
                <Opcode>Dispatching of request.</Opcode>
                <Message><![CDATA[
Dispatching a PnP request.]]></Message>
                <Template><![CDATA[
<template xmlns="http://schemas.microsoft.com/win/2004/08/events">
  <data name="Irp" inType="win:Pointer" outType="win:HexInt64"/>
  <data name="MinorFunction" inType="win:HexInt32" outType="win:HexInt32"/>
  <data name="Type" inType="win:HexInt32" outType="win:HexInt32"/>
  <data name="DeviceObject" inType="win:Pointer" outType="win:HexInt64"/>
</template>
]]></Template>
            </Event>
            <Event>
                <Id>218</Id>
                <Version>1</Version>
                <Channel>Microsoft-Windows-Storage-ATAPort/Diagnose</Channel>
                <Level>Information</Level>
                <Task>Port</Task>
                <Opcode>Completion of request.</Opcode>
                <Message><![CDATA[
Completing a PnP request.]]></Message>
                <Template><![CDATA[
<template xmlns="http://schemas.microsoft.com/win/2004/08/events">
  <data name="Irp" inType="win:Pointer" outType="win:HexInt64"/>
  <data name="Status" inType="win:HexInt32" outType="win:NTStatus"/>
</template>
]]></Template>
            </Event>
            <Event>
                <Id>219</Id>
                <Version>1</Version>
                <Channel>Microsoft-Windows-Storage-ATAPort/Diagnose</Channel>
                <Level>Information</Level>
                <Task>Port</Task>
                <Opcode>Completion of request.</Opcode>
                <Message><![CDATA[
Completing a PnP enumeration request.]]></Message>
                <Template><![CDATA[
<template xmlns="http://schemas.microsoft.com/win/2004/08/events">
  <data name="Irp" inType="win:Pointer" outType="win:HexInt64"/>
  <data name="NumberOfChildren" inType="win:UInt32" outType="xs:unsignedInt"/>
  <data name="Status" inType="win:HexInt32" outType="win:NTStatus"/>
</template>
]]></Template>
            </Event>
            <Event>
                <Id>220</Id>
                <Version>1</Version>
                <Channel>Microsoft-Windows-Storage-ATAPort/Diagnose</Channel>
                <Level>Information</Level>
                <Task>Port</Task>
                <Opcode>Queue-related operation.</Opcode>
                <Message><![CDATA[
Performing a queue-related operation.]]></Message>
                <Template><![CDATA[
<template xmlns="http://schemas.microsoft.com/win/2004/08/events">
  <data name="QueueTag" inType="win:HexInt32" outType="win:HexInt32"/>
  <data name="Operation" inType="win:UInt8" outType="win:HexInt8"/>
  <data name="Status" inType="win:HexInt32" outType="win:NTStatus"/>
</template>
]]></Template>
            </Event>
            <Event>
                <Id>221</Id>
                <Version>1</Version>
                <Channel>Microsoft-Windows-Storage-ATAPort/Diagnose</Channel>
                <Level>Information</Level>
                <Task>Port</Task>
                <Opcode>Dispatching of request.</Opcode>
                <Keyword>Pass-Through request Device I/O control request</Keyword>
                <Message><![CDATA[
Dispatching a PassThrough request.]]></Message>
                <Template><![CDATA[
<template xmlns="http://schemas.microsoft.com/win/2004/08/events">
  <data name="Irp" inType="win:Pointer" outType="win:HexInt64"/>
  <data name="MajorFunction" inType="win:HexInt32" outType="win:HexInt32"/>
  <data name="MinorFunction" inType="win:HexInt32" outType="win:HexInt32"/>
  <data name="Parameter" inType="win:HexInt32" outType="win:HexInt32"/>
</template>
]]></Template>
            </Event>
        </EventMetadata>
    </Provider>
</Providers>
