<Providers>
    <Provider>
        <Name>Microsoft-Windows-DistributedCOM</Name>
        <Metadata>
            <Guid>{1B562E86-B7AA-4131-BADC-B6F3A001407E}</Guid>
            <ResourceFilePath>%systemroot%\system32\combase.dll</ResourceFilePath>
            <ParameterFilePath></ParameterFilePath>
            <MessageFilePath>%systemroot%\system32\combase.dll</MessageFilePath>
            <HelpLink></HelpLink>
            <PublisherMessage>Microsoft-Windows-DistributedCOM</PublisherMessage>
            <Channels>
                <Channel>
                    <Message>System</Message>
                    <Path>System</Path>
                    <Index>0</Index>
                    <Id>8</Id>
                    <Imported>true</Imported>
                </Channel>
            </Channels>
            <Levels>
                <Level>
                    <Message>Error</Message>
                    <Name>win:Error</Name>
                    <Value>2</Value>
                </Level>
            </Levels>
            <Tasks>
            </Tasks>
            <Opcodes>
            </Opcodes>
            <Keywords>
                <Keyword>
                    <Message>Classic</Message>
                    <Name>win:EventlogClassic</Name>
                    <Value>36028797018963968</Value>
                </Keyword>
            </Keywords>
        </Metadata>
        <EventMetadata>
            <Event>
                <Id>10000</Id>
                <Version>0</Version>
                <Level>Error</Level>
                <Message><![CDATA[
Unable to start a DCOM Server: %3. The error:
"%2"
Happened while starting this command:
%1]]></Message>
                <Template><![CDATA[
<template xmlns="http://schemas.microsoft.com/win/2004/08/events">
  <data name="param1" inType="win:UnicodeString" outType="xs:string"/>
  <data name="param2" inType="win:UnicodeString" outType="xs:string"/>
  <data name="param3" inType="win:UnicodeString" outType="xs:string"/>
</template>
]]></Template>
            </Event>
            <Event>
                <Id>10001</Id>
                <Version>0</Version>
                <Level>Error</Level>
                <Message><![CDATA[
Unable to start a DCOM Server: %3 as %4/%5. The error:
"%2"
Happened while starting this command:
%1]]></Message>
                <Template><![CDATA[
<template xmlns="http://schemas.microsoft.com/win/2004/08/events">
  <data name="param1" inType="win:UnicodeString" outType="xs:string"/>
  <data name="param2" inType="win:UnicodeString" outType="xs:string"/>
  <data name="param3" inType="win:UnicodeString" outType="xs:string"/>
  <data name="param4" inType="win:UnicodeString" outType="xs:string"/>
  <data name="param5" inType="win:UnicodeString" outType="xs:string"/>
</template>
]]></Template>
            </Event>
            <Event>
                <Id>3221235474</Id>
                <Version>0</Version>
                <Message><![CDATA[
Access denied attempting to launch a DCOM Server. The server is:
%1
The user is %2/%3, SID=%4.]]></Message>
                <Template><![CDATA[
<template xmlns="http://schemas.microsoft.com/win/2004/08/events">
  <data name="param1" inType="win:UnicodeString" outType="xs:string"/>
  <data name="param2" inType="win:UnicodeString" outType="xs:string"/>
  <data name="param3" inType="win:UnicodeString" outType="xs:string"/>
  <data name="param4" inType="win:UnicodeString" outType="xs:string"/>
</template>
]]></Template>
            </Event>
            <Event>
                <Id>3221235475</Id>
                <Version>0</Version>
                <Message><![CDATA[
Access denied attempting to launch a DCOM Server using DefaultLaunchPermssion. The server is:
%1
The user is %2/%3, SID=%4.]]></Message>
                <Template><![CDATA[
<template xmlns="http://schemas.microsoft.com/win/2004/08/events">
  <data name="param1" inType="win:UnicodeString" outType="xs:string"/>
  <data name="param2" inType="win:UnicodeString" outType="xs:string"/>
  <data name="param3" inType="win:UnicodeString" outType="xs:string"/>
  <data name="param4" inType="win:UnicodeString" outType="xs:string"/>
</template>
]]></Template>
            </Event>
            <Event>
                <Id>10004</Id>
                <Version>0</Version>
                <Level>Error</Level>
                <Message><![CDATA[
DCOM got error "%1" and was unable to logon %2\%3 in order to run the server:
%4]]></Message>
                <Template><![CDATA[
<template xmlns="http://schemas.microsoft.com/win/2004/08/events">
  <data name="param1" inType="win:UnicodeString" outType="xs:string"/>
  <data name="param2" inType="win:UnicodeString" outType="xs:string"/>
  <data name="param3" inType="win:UnicodeString" outType="xs:string"/>
  <data name="param4" inType="win:UnicodeString" outType="xs:string"/>
</template>
]]></Template>
            </Event>
            <Event>
                <Id>10005</Id>
                <Version>0</Version>
                <Level>Error</Level>
                <Message><![CDATA[
DCOM got error "%1" attempting to start the service %2 with arguments "%3" in order to run the server:
%4]]></Message>
                <Template><![CDATA[
<template xmlns="http://schemas.microsoft.com/win/2004/08/events">
  <data name="param1" inType="win:UnicodeString" outType="xs:string"/>
  <data name="param2" inType="win:UnicodeString" outType="xs:string"/>
  <data name="param3" inType="win:UnicodeString" outType="xs:string"/>
  <data name="param4" inType="win:UnicodeString" outType="xs:string"/>
</template>
]]></Template>
            </Event>
            <Event>
                <Id>10006</Id>
                <Version>0</Version>
                <Level>Error</Level>
                <Message><![CDATA[
DCOM got error "%1" from the computer %2 when attempting to activate the server:
%3]]></Message>
                <Template><![CDATA[
<template xmlns="http://schemas.microsoft.com/win/2004/08/events">
  <data name="param1" inType="win:UnicodeString" outType="xs:string"/>
  <data name="param2" inType="win:UnicodeString" outType="xs:string"/>
  <data name="param3" inType="win:UnicodeString" outType="xs:string"/>
</template>
]]></Template>
            </Event>
            <Event>
                <Id>3221235479</Id>
                <Version>0</Version>
                <Message><![CDATA[
DCOM got error "%1" when attempting to activate the server:
%2]]></Message>
                <Template><![CDATA[
<template xmlns="http://schemas.microsoft.com/win/2004/08/events">
  <data name="param1" inType="win:UnicodeString" outType="xs:string"/>
  <data name="param2" inType="win:UnicodeString" outType="xs:string"/>
</template>
]]></Template>
            </Event>
            <Event>
                <Id>10008</Id>
                <Version>0</Version>
                <Level>Error</Level>
                <Message><![CDATA[
DCOM got error "%1" from the computer %2 when attempting to the server:
%3 with file %4.]]></Message>
                <Template><![CDATA[
<template xmlns="http://schemas.microsoft.com/win/2004/08/events">
  <data name="param1" inType="win:UnicodeString" outType="xs:string"/>
  <data name="param2" inType="win:UnicodeString" outType="xs:string"/>
  <data name="param3" inType="win:UnicodeString" outType="xs:string"/>
  <data name="param4" inType="win:UnicodeString" outType="xs:string"/>
</template>
]]></Template>
            </Event>
            <Event>
                <Id>3221235481</Id>
                <Version>0</Version>
                <Message><![CDATA[
DCOM was unable to communicate with the computer %1 using any of the configured protocols.]]></Message>
                <Template><![CDATA[
<template xmlns="http://schemas.microsoft.com/win/2004/08/events">
  <data name="param1" inType="win:UnicodeString" outType="xs:string"/>
  <data name="__binLength" inType="win:UInt32" outType="xs:unsignedInt"/>
  <data name="binary" inType="win:Binary" outType="xs:hexBinary" length="__binLength"/>
</template>
]]></Template>
            </Event>
            <Event>
                <Id>10010</Id>
                <Version>0</Version>
                <Level>Error</Level>
                <Message><![CDATA[
The server %1 did not register with DCOM within the required timeout.]]></Message>
                <Template><![CDATA[
<template xmlns="http://schemas.microsoft.com/win/2004/08/events">
  <data name="param1" inType="win:UnicodeString" outType="xs:string"/>
</template>
]]></Template>
            </Event>
            <Event>
                <Id>3221235483</Id>
                <Version>0</Version>
                <Message><![CDATA[
The server %1 could not be contacted to establish the connection to the client]]></Message>
                <Template><![CDATA[
<template xmlns="http://schemas.microsoft.com/win/2004/08/events">
  <data name="param1" inType="win:UnicodeString" outType="xs:string"/>
</template>
]]></Template>
            </Event>
            <Event>
                <Id>3221235484</Id>
                <Version>0</Version>
                <Message><![CDATA[
There is an assertion failure in DCOM.  Context follows: %1 %2 %3]]></Message>
                <Template><![CDATA[
<template xmlns="http://schemas.microsoft.com/win/2004/08/events">
  <data name="param1" inType="win:UnicodeString" outType="xs:string"/>
  <data name="param2" inType="win:UnicodeString" outType="xs:string"/>
  <data name="param3" inType="win:UnicodeString" outType="xs:string"/>
</template>
]]></Template>
            </Event>
            <Event>
                <Id>10014</Id>
                <Version>0</Version>
                <Level>Error</Level>
                <Message><![CDATA[
The activation for CLSID %1 failed because remote activations for COM+ are disabled. To enable this functionality use Server Manager to install the COM+ Network Access feature in the Application Server role.]]></Message>
                <Template><![CDATA[
<template xmlns="http://schemas.microsoft.com/win/2004/08/events">
  <data name="param1" inType="win:UnicodeString" outType="xs:string"/>
</template>
]]></Template>
            </Event>
            <Event>
                <Id>10015</Id>
                <Version>0</Version>
                <Level>Error</Level>
                <Message><![CDATA[
The machine wide limit settings do not grant %1 %2 permission for the COM Server application with CLSID 
%3
 and APPID 
%4
 to the user %5\%6 SID (%7) from address %8 running in the application container %9 SID (%10). This security permission can be modified using the Component Services administrative tool.]]></Message>
                <Template><![CDATA[
<template xmlns="http://schemas.microsoft.com/win/2004/08/events">
  <data name="param1" inType="win:UnicodeString" outType="xs:string"/>
  <data name="param2" inType="win:UnicodeString" outType="xs:string"/>
  <data name="param3" inType="win:UnicodeString" outType="xs:string"/>
  <data name="param4" inType="win:UnicodeString" outType="xs:string"/>
  <data name="param5" inType="win:UnicodeString" outType="xs:string"/>
  <data name="param6" inType="win:UnicodeString" outType="xs:string"/>
  <data name="param7" inType="win:UnicodeString" outType="xs:string"/>
  <data name="param8" inType="win:UnicodeString" outType="xs:string"/>
  <data name="param9" inType="win:UnicodeString" outType="xs:string"/>
  <data name="param10" inType="win:UnicodeString" outType="xs:string"/>
</template>
]]></Template>
            </Event>
            <Event>
                <Id>10016</Id>
                <Version>0</Version>
                <Level>Error</Level>
                <Message><![CDATA[
The %1 permission settings do not grant %2 %3 permission for the COM Server application with CLSID 
%4
 and APPID 
%5
 to the user %6\%7 SID (%8) from address %9 running in the application container %10 SID (%11). This security permission can be modified using the Component Services administrative tool.]]></Message>
                <Template><![CDATA[
<template xmlns="http://schemas.microsoft.com/win/2004/08/events">
  <data name="param1" inType="win:UnicodeString" outType="xs:string"/>
  <data name="param2" inType="win:UnicodeString" outType="xs:string"/>
  <data name="param3" inType="win:UnicodeString" outType="xs:string"/>
  <data name="param4" inType="win:UnicodeString" outType="xs:string"/>
  <data name="param5" inType="win:UnicodeString" outType="xs:string"/>
  <data name="param6" inType="win:UnicodeString" outType="xs:string"/>
  <data name="param7" inType="win:UnicodeString" outType="xs:string"/>
  <data name="param8" inType="win:UnicodeString" outType="xs:string"/>
  <data name="param9" inType="win:UnicodeString" outType="xs:string"/>
  <data name="param10" inType="win:UnicodeString" outType="xs:string"/>
  <data name="param11" inType="win:UnicodeString" outType="xs:string"/>
</template>
]]></Template>
            </Event>
            <Event>
                <Id>10017</Id>
                <Version>0</Version>
                <Level>Error</Level>
                <Message><![CDATA[
The %1 permission settings do not grant %2 access permission to the COM Server application %3 with APPID 
%4
 to the user %5\%6 SID (%7) from address %8 running in the application container %9 SID (%10). This security permission can be modified using the Component Services administrative tool.]]></Message>
                <Template><![CDATA[
<template xmlns="http://schemas.microsoft.com/win/2004/08/events">
  <data name="param1" inType="win:UnicodeString" outType="xs:string"/>
  <data name="param2" inType="win:UnicodeString" outType="xs:string"/>
  <data name="param3" inType="win:UnicodeString" outType="xs:string"/>
  <data name="param4" inType="win:UnicodeString" outType="xs:string"/>
  <data name="param5" inType="win:UnicodeString" outType="xs:string"/>
  <data name="param6" inType="win:UnicodeString" outType="xs:string"/>
  <data name="param7" inType="win:UnicodeString" outType="xs:string"/>
  <data name="param8" inType="win:UnicodeString" outType="xs:string"/>
  <data name="param9" inType="win:UnicodeString" outType="xs:string"/>
  <data name="param10" inType="win:UnicodeString" outType="xs:string"/>
</template>
]]></Template>
            </Event>
            <Event>
                <Id>10018</Id>
                <Version>0</Version>
                <Level>Error</Level>
                <Message><![CDATA[
The application-specific permission settings do not grant %1 access permission to the COM Server application %2 with APPID 
%3
 to the user %4\%5 SID (%6) from address %7 running in the application container %8 SID (%9). The application set this security permission programmatically; to modify this security permission contact the application vendor.]]></Message>
                <Template><![CDATA[
<template xmlns="http://schemas.microsoft.com/win/2004/08/events">
  <data name="param1" inType="win:UnicodeString" outType="xs:string"/>
  <data name="param2" inType="win:UnicodeString" outType="xs:string"/>
  <data name="param3" inType="win:UnicodeString" outType="xs:string"/>
  <data name="param4" inType="win:UnicodeString" outType="xs:string"/>
  <data name="param5" inType="win:UnicodeString" outType="xs:string"/>
  <data name="param6" inType="win:UnicodeString" outType="xs:string"/>
  <data name="param7" inType="win:UnicodeString" outType="xs:string"/>
  <data name="param8" inType="win:UnicodeString" outType="xs:string"/>
  <data name="param9" inType="win:UnicodeString" outType="xs:string"/>
</template>
]]></Template>
            </Event>
            <Event>
                <Id>10019</Id>
                <Version>0</Version>
                <Level>Error</Level>
                <Message><![CDATA[
The machine wide limit settings do not grant %1 access permission to the COM Server application %2 with APPID 
%3
 to the user %4\%5 SID (%6) from address %7 running in the application container %8 SID (%9). This security permission can be modified using the Component Services administrative tool.]]></Message>
                <Template><![CDATA[
<template xmlns="http://schemas.microsoft.com/win/2004/08/events">
  <data name="param1" inType="win:UnicodeString" outType="xs:string"/>
  <data name="param2" inType="win:UnicodeString" outType="xs:string"/>
  <data name="param3" inType="win:UnicodeString" outType="xs:string"/>
  <data name="param4" inType="win:UnicodeString" outType="xs:string"/>
  <data name="param5" inType="win:UnicodeString" outType="xs:string"/>
  <data name="param6" inType="win:UnicodeString" outType="xs:string"/>
  <data name="param7" inType="win:UnicodeString" outType="xs:string"/>
  <data name="param8" inType="win:UnicodeString" outType="xs:string"/>
  <data name="param9" inType="win:UnicodeString" outType="xs:string"/>
</template>
]]></Template>
            </Event>
            <Event>
                <Id>10020</Id>
                <Version>0</Version>
                <Level>Error</Level>
                <Message><![CDATA[
The machine wide %1 %2 security descriptor is invalid. It contains Access Control Entries with permissions that are invalid. The requested action was therefore not performed. This security permission can be corrected using the Component Services administrative tool.]]></Message>
                <Template><![CDATA[
<template xmlns="http://schemas.microsoft.com/win/2004/08/events">
  <data name="param1" inType="win:UnicodeString" outType="xs:string"/>
  <data name="param2" inType="win:UnicodeString" outType="xs:string"/>
</template>
]]></Template>
            </Event>
            <Event>
                <Id>10021</Id>
                <Version>0</Version>
                <Level>Error</Level>
                <Message><![CDATA[
The launch and activation security descriptor for the COM Server application with APPID 
%1
 is invalid. It contains Access Control Entries with permissions that are invalid. The requested action was therefore not performed. This security permission can be corrected using the Component Services administrative tool.]]></Message>
                <Template><![CDATA[
<template xmlns="http://schemas.microsoft.com/win/2004/08/events">
  <data name="param1" inType="win:UnicodeString" outType="xs:string"/>
</template>
]]></Template>
            </Event>
            <Event>
                <Id>10022</Id>
                <Version>0</Version>
                <Level>Error</Level>
                <Message><![CDATA[
The %1 access security descriptor for the COM Server application %2 with APPID 
%3
 is invalid. It contains Access Control Entries with permissions that are invalid. The requested action was therefore not performed. This security permission can be corrected using the Component Services administrative tool.]]></Message>
                <Template><![CDATA[
<template xmlns="http://schemas.microsoft.com/win/2004/08/events">
  <data name="param1" inType="win:UnicodeString" outType="xs:string"/>
  <data name="param2" inType="win:UnicodeString" outType="xs:string"/>
  <data name="param3" inType="win:UnicodeString" outType="xs:string"/>
</template>
]]></Template>
            </Event>
            <Event>
                <Id>10023</Id>
                <Version>0</Version>
                <Level>Error</Level>
                <Message><![CDATA[
The application-specific access security descriptor for the COM Server application %1 with APPID 
%2
 is invalid. It contains Access Control Entries with permissions that are invalid. The requested action was therefore not performed.  The application set this security permission programmatically; to modify this security permission contact the application vendor.]]></Message>
                <Template><![CDATA[
<template xmlns="http://schemas.microsoft.com/win/2004/08/events">
  <data name="param1" inType="win:UnicodeString" outType="xs:string"/>
  <data name="param2" inType="win:UnicodeString" outType="xs:string"/>
</template>
]]></Template>
            </Event>
            <Event>
                <Id>10024</Id>
                <Version>0</Version>
                <Level>Error</Level>
                <Message><![CDATA[
The machine wide group policy %1 Limits security descriptor is invalid. The security descriptor is defined as an invalid Security Descriptor Definitions Language (SDDL) string. The requested action was therefore not performed. Please contact your administrator to get the security descriptor corrected in the Group Policy settings.]]></Message>
                <Template><![CDATA[
<template xmlns="http://schemas.microsoft.com/win/2004/08/events">
  <data name="param1" inType="win:UnicodeString" outType="xs:string"/>
</template>
]]></Template>
            </Event>
            <Event>
                <Id>1073751850</Id>
                <Version>0</Version>
                <Message><![CDATA[
The COM sub system is suppressing duplicate event log entries for a duration of %1 seconds.  The suppression timeout can be controlled by a REG_DWORD value named %2 under the following registry key: HKLM\%3.]]></Message>
                <Template><![CDATA[
<template xmlns="http://schemas.microsoft.com/win/2004/08/events">
  <data name="param1" inType="win:UnicodeString" outType="xs:string"/>
  <data name="param2" inType="win:UnicodeString" outType="xs:string"/>
  <data name="param3" inType="win:UnicodeString" outType="xs:string"/>
</template>
]]></Template>
            </Event>
            <Event>
                <Id>10027</Id>
                <Version>0</Version>
                <Level>Error</Level>
                <Message><![CDATA[
The machine wide limit settings do not grant %1 %2 permission for COM Server applications to the user %3\%4 SID (%5) from address %6 running in the application container %7 SID (%8). This security permission can be modified using the Component Services administrative tool.]]></Message>
                <Template><![CDATA[
<template xmlns="http://schemas.microsoft.com/win/2004/08/events">
  <data name="param1" inType="win:UnicodeString" outType="xs:string"/>
  <data name="param2" inType="win:UnicodeString" outType="xs:string"/>
  <data name="param3" inType="win:UnicodeString" outType="xs:string"/>
  <data name="param4" inType="win:UnicodeString" outType="xs:string"/>
  <data name="param5" inType="win:UnicodeString" outType="xs:string"/>
  <data name="param6" inType="win:UnicodeString" outType="xs:string"/>
  <data name="param7" inType="win:UnicodeString" outType="xs:string"/>
  <data name="param8" inType="win:UnicodeString" outType="xs:string"/>
</template>
]]></Template>
            </Event>
            <Event>
                <Id>10028</Id>
                <Version>0</Version>
                <Level>Error</Level>
                <Message><![CDATA[
DCOM was unable to communicate with the computer %1 using any of the configured protocols; requested by PID %2 (%3), while activating CLSID %4.]]></Message>
                <Template><![CDATA[
<template xmlns="http://schemas.microsoft.com/win/2004/08/events">
  <data name="param1" inType="win:UnicodeString" outType="xs:string"/>
  <data name="param2" inType="win:UnicodeString" outType="xs:string"/>
  <data name="param3" inType="win:UnicodeString" outType="xs:string"/>
  <data name="param4" inType="win:UnicodeString" outType="xs:string"/>
  <data name="__binLength" inType="win:UInt32" outType="xs:unsignedInt"/>
  <data name="binary" inType="win:Binary" outType="xs:hexBinary" length="__binLength"/>
</template>
]]></Template>
            </Event>
            <Event>
                <Id>10029</Id>
                <Version>0</Version>
                <Level>Error</Level>
                <Message><![CDATA[
The activation of the CLSID %1 timed out waiting for the service %2 to stop.]]></Message>
                <Template><![CDATA[
<template xmlns="http://schemas.microsoft.com/win/2004/08/events">
  <data name="param1" inType="win:UnicodeString" outType="xs:string"/>
  <data name="param2" inType="win:UnicodeString" outType="xs:string"/>
</template>
]]></Template>
            </Event>
            <Event>
                <Id>10030</Id>
                <Version>0</Version>
                <Level>Error</Level>
                <Message><![CDATA[
Unable to start a COM Server for debugging: %3. The error:
"%2"
Happened while starting this command:
%1]]></Message>
                <Template><![CDATA[
<template xmlns="http://schemas.microsoft.com/win/2004/08/events">
  <data name="param1" inType="win:UnicodeString" outType="xs:string"/>
  <data name="param2" inType="win:UnicodeString" outType="xs:string"/>
  <data name="param3" inType="win:UnicodeString" outType="xs:string"/>
</template>
]]></Template>
            </Event>
            <Event>
                <Id>10031</Id>
                <Version>0</Version>
                <Level>Error</Level>
                <Message><![CDATA[
An unmarshaling policy check was performed when unmarshaling a custom marshaled object and the class %1 was rejected]]></Message>
                <Template><![CDATA[
<template xmlns="http://schemas.microsoft.com/win/2004/08/events">
  <data name="param1" inType="win:UnicodeString" outType="xs:string"/>
</template>
]]></Template>
            </Event>
            <Event>
                <Id>10032</Id>
                <Version>0</Version>
                <Level>Error</Level>
                <Message><![CDATA[
An unmarshaling policy check was performed when unmarshaling a custom inproc handler and the class %1 was rejected]]></Message>
                <Template><![CDATA[
<template xmlns="http://schemas.microsoft.com/win/2004/08/events">
  <data name="param1" inType="win:UnicodeString" outType="xs:string"/>
</template>
]]></Template>
            </Event>
            <Event>
                <Id>10033</Id>
                <Version>0</Version>
                <Level>Error</Level>
                <Message><![CDATA[
An unmarshaling policy check was performed when unmarshaling a COM+ envoy context property and the class %1 was rejected]]></Message>
                <Template><![CDATA[
<template xmlns="http://schemas.microsoft.com/win/2004/08/events">
  <data name="param1" inType="win:UnicodeString" outType="xs:string"/>
</template>
]]></Template>
            </Event>
            <Event>
                <Id>10034</Id>
                <Version>0</Version>
                <Level>Error</Level>
                <Message><![CDATA[
An unmarshaling policy check was performed due to CLSCTX_NO_CUSTOM_MARSHAL and the class %1 was rejected]]></Message>
                <Template><![CDATA[
<template xmlns="http://schemas.microsoft.com/win/2004/08/events">
  <data name="param1" inType="win:UnicodeString" outType="xs:string"/>
</template>
]]></Template>
            </Event>
            <Event>
                <Id>10035</Id>
                <Version>0</Version>
                <Level>Error</Level>
                <Message><![CDATA[
The COM standard marshaler was unable to fix a mismatch between the IID %1 provided by the server and the IID %2 requested by the client, with handler CLSID %3. The error code was %4.]]></Message>
                <Template><![CDATA[
<template xmlns="http://schemas.microsoft.com/win/2004/08/events">
  <data name="ProvidedIid" inType="win:UnicodeString" outType="xs:string"/>
  <data name="RequestedIid" inType="win:UnicodeString" outType="xs:string"/>
  <data name="HandlerClsid" inType="win:UnicodeString" outType="xs:string"/>
  <data name="HRESULT" inType="win:UnicodeString" outType="xs:string"/>
</template>
]]></Template>
            </Event>
            <Event>
                <Id>10036</Id>
                <Version>0</Version>
                <Level>Error</Level>
                <Message><![CDATA[
The server-side authentication level policy does not allow the user %1\%2 SID (%3) from address %4 to activate DCOM server. Please raise the activation authentication level at least to RPC_C_AUTHN_LEVEL_PKT_INTEGRITY in client application.]]></Message>
                <Template><![CDATA[
<template xmlns="http://schemas.microsoft.com/win/2004/08/events">
  <data name="Domain Name" inType="win:UnicodeString" outType="xs:string"/>
  <data name="User Name" inType="win:UnicodeString" outType="xs:string"/>
  <data name="SID" inType="win:UnicodeString" outType="xs:string"/>
  <data name="Client IP Address" inType="win:UnicodeString" outType="xs:string"/>
</template>
]]></Template>
            </Event>
            <Event>
                <Id>10037</Id>
                <Version>0</Version>
                <Level>Error</Level>
                <Message><![CDATA[
Application %1 with PID %2 is requesting to activate CLSID %3 on computer %4 with explicitly set authentication level at %5. The lowest activation authentication level required by DCOM is 5(RPC_C_AUTHN_LEVEL_PKT_INTEGRITY). To raise the activation authentication level, please contact the application vendor.]]></Message>
                <Template><![CDATA[
<template xmlns="http://schemas.microsoft.com/win/2004/08/events">
  <data name="Application Name" inType="win:UnicodeString" outType="xs:string"/>
  <data name="PID" inType="win:UnicodeString" outType="xs:string"/>
  <data name="CLSID" inType="win:UnicodeString" outType="xs:string"/>
  <data name="Computer Name" inType="win:UnicodeString" outType="xs:string"/>
  <data name="Activation Authentication Level" inType="win:UnicodeString" outType="xs:string"/>
</template>
]]></Template>
            </Event>
            <Event>
                <Id>10038</Id>
                <Version>0</Version>
                <Level>Error</Level>
                <Message><![CDATA[
Application %1 with PID %2 is requesting to activate CLSID %3 on computer %4 with default activation authentication level at %5. The lowest activation authentication level required by DCOM is 5(RPC_C_AUTHN_LEVEL_PKT_INTEGRITY). To raise the activation authentication level, please contact the application vendor.]]></Message>
                <Template><![CDATA[
<template xmlns="http://schemas.microsoft.com/win/2004/08/events">
  <data name="Application Name" inType="win:UnicodeString" outType="xs:string"/>
  <data name="PID" inType="win:UnicodeString" outType="xs:string"/>
  <data name="CLSID" inType="win:UnicodeString" outType="xs:string"/>
  <data name="Computer Name" inType="win:UnicodeString" outType="xs:string"/>
  <data name="Activation Authentication Level" inType="win:UnicodeString" outType="xs:string"/>
</template>
]]></Template>
            </Event>
        </EventMetadata>
    </Provider>
</Providers>
