<Providers>
    <Provider>
        <Name>Microsoft-Windows-Diagnostics-PerfTrack</Name>
        <Metadata>
            <Guid>{030F2F57-ABD0-4427-BCF1-3A3587D7DC7D}</Guid>
            <ResourceFilePath>%SystemRoot%\system32\diagtrack.dll</ResourceFilePath>
            <ParameterFilePath></ParameterFilePath>
            <MessageFilePath>%SystemRoot%\system32\diagtrack.dll</MessageFilePath>
            <HelpLink></HelpLink>
            <PublisherMessage>Microsoft-Windows-Diagnostics-PerfTrack</PublisherMessage>
            <Channels>
                <Channel>
                    <Message></Message>
                    <Path>Microsoft-Windows-Diagnostics-PerfTrack/Diagnostic</Path>
                    <Index>0</Index>
                    <Id>16</Id>
                    <Imported>false</Imported>
                </Channel>
            </Channels>
            <Levels>
                <Level>
                    <Message>Information</Message>
                    <Name>win:Informational</Name>
                    <Value>4</Value>
                </Level>
                <Level>
                    <Message>Verbose</Message>
                    <Name>win:Verbose</Name>
                    <Value>5</Value>
                </Level>
            </Levels>
            <Tasks>
                <Task>
                    <Message></Message>
                    <Name>PerfPipe_TraceCapture_StartEnd</Name>
                    <Value>200</Value>
                </Task>
                <Task>
                    <Message></Message>
                    <Name>PerfPipe_TraceCapture_Trigger</Name>
                    <Value>218</Value>
                </Task>
                <Task>
                    <Message></Message>
                    <Name>SqmLogger_AddToScenarioStream</Name>
                    <Value>500</Value>
                </Task>
                <Task>
                    <Message></Message>
                    <Name>ConfigCriteria_Result</Name>
                    <Value>800</Value>
                </Task>
                <Task>
                    <Message></Message>
                    <Name>IdleDetection_PostBoot</Name>
                    <Value>1100</Value>
                </Task>
                <Task>
                    <Message></Message>
                    <Name>IdleDetection_PostResumeFromSleep</Name>
                    <Value>1101</Value>
                </Task>
                <Task>
                    <Message></Message>
                    <Name>IdleDetection_PostResumeFromHibernate</Name>
                    <Value>1102</Value>
                </Task>
                <Task>
                    <Message></Message>
                    <Name>IdleDetection_Stop</Name>
                    <Value>1103</Value>
                </Task>
                <Task>
                    <Message></Message>
                    <Name>IdleDetection_Cancel</Name>
                    <Value>1104</Value>
                </Task>
                <Task>
                    <Message></Message>
                    <Name>IdleDetection_Parameters</Name>
                    <Value>1105</Value>
                </Task>
                <Task>
                    <Message></Message>
                    <Name>IdleDetection_Sample</Name>
                    <Value>1106</Value>
                </Task>
                <Task>
                    <Message></Message>
                    <Name>IdleDetection_Sample_Error</Name>
                    <Value>1107</Value>
                </Task>
                <Task>
                    <Message></Message>
                    <Name>IdleDetection_SliceSummary</Name>
                    <Value>1108</Value>
                </Task>
                <Task>
                    <Message></Message>
                    <Name>IdleDetection_Disk_OpenedDisk</Name>
                    <Value>1109</Value>
                </Task>
                <Task>
                    <Message></Message>
                    <Name>IdleDetection_Status_Info</Name>
                    <Value>1110</Value>
                </Task>
                <Task>
                    <Message></Message>
                    <Name>IdleDetection_PostResumeFromHybridboot</Name>
                    <Value>1111</Value>
                </Task>
                <Task>
                    <Message></Message>
                    <Name>IdleDetection_PostResumeFromConnectedStandby</Name>
                    <Value>1112</Value>
                </Task>
                <Task>
                    <Message></Message>
                    <Name>IdleDetection_MeasureStop</Name>
                    <Value>1113</Value>
                </Task>
                <Task>
                    <Message></Message>
                    <Name>MainPath_HybridBoot</Name>
                    <Value>1500</Value>
                </Task>
                <Task>
                    <Message></Message>
                    <Name>PerfTrack_moStart</Name>
                    <Value>1501</Value>
                </Task>
                <Task>
                    <Message></Message>
                    <Name>PerfTrack_moStop_metadata</Name>
                    <Value>1502</Value>
                </Task>
                <Task>
                    <Message></Message>
                    <Name>PerfTrack_moStop</Name>
                    <Value>1503</Value>
                </Task>
                <Task>
                    <Message></Message>
                    <Name>PerfTrack_moTrigger_metadata</Name>
                    <Value>1504</Value>
                </Task>
                <Task>
                    <Message></Message>
                    <Name>PerfTrack_moTrigger</Name>
                    <Value>1505</Value>
                </Task>
                <Task>
                    <Message></Message>
                    <Name>PerfTrack_moStop_launchVisibleComplete</Name>
                    <Value>1506</Value>
                </Task>
                <Task>
                    <Message></Message>
                    <Name>PerfTrack_moStop_launchResponsive</Name>
                    <Value>1507</Value>
                </Task>
                <Task>
                    <Message></Message>
                    <Name>PerfTrack_moStop_resumeVisibleComplete</Name>
                    <Value>1508</Value>
                </Task>
                <Task>
                    <Message></Message>
                    <Name>PerfTrack_moStop_resumeResponsive</Name>
                    <Value>1509</Value>
                </Task>
                <Task>
                    <Message></Message>
                    <Name>PerfTrack_moStop_resizeVisibleComplete</Name>
                    <Value>1510</Value>
                </Task>
                <Task>
                    <Message></Message>
                    <Name>PerfTrack_moStop_resizeResponsive</Name>
                    <Value>1511</Value>
                </Task>
            </Tasks>
            <Opcodes>
                <Opcode>
                    <Message>Info</Message>
                    <Name>win:Info</Name>
                    <Value>0</Value>
                    <Task>0</Task>
                </Opcode>
                <Opcode>
                    <Message>Start</Message>
                    <Name>win:Start</Name>
                    <Value>1</Value>
                    <Task>0</Task>
                </Opcode>
                <Opcode>
                    <Message>Stop</Message>
                    <Name>win:Stop</Name>
                    <Value>2</Value>
                    <Task>0</Task>
                </Opcode>
            </Opcodes>
            <Keywords>
                <Keyword>
                    <Message>PerfTrack Status</Message>
                    <Name>PerfTrackStatus</Name>
                    <Value>65536</Value>
                </Keyword>
                <Keyword>
                    <Message>SQM Status</Message>
                    <Name>SQMStatus</Name>
                    <Value>131072</Value>
                </Keyword>
                <Keyword>
                    <Message>Response Time</Message>
                    <Name>win:ResponseTime</Name>
                    <Value>281474976710656</Value>
                </Keyword>
            </Keywords>
        </Metadata>
        <EventMetadata>
            <Event>
                <Id>200</Id>
                <Version>0</Version>
                <Channel>Microsoft-Windows-Diagnostics-PerfTrack/Diagnostic</Channel>
                <Level>Information</Level>
                <Task>PerfPipe_TraceCapture_StartEnd</Task>
                <Keyword>PerfTrack Status</Keyword>
                <Template><![CDATA[
<template xmlns="http://schemas.microsoft.com/win/2004/08/events">
  <data name="StartTimeStamp" inType="win:Int64" outType="xs:long"/>
  <data name="StartProviderId" inType="win:GUID" outType="xs:GUID"/>
  <data name="StartEventId" inType="win:UInt16" outType="xs:unsignedShort"/>
  <data name="StartEventVersion" inType="win:UInt8" outType="xs:unsignedByte"/>
  <data name="StopTimeStamp" inType="win:Int64" outType="xs:long"/>
  <data name="StopProviderId" inType="win:GUID" outType="xs:GUID"/>
  <data name="StopEventId" inType="win:UInt16" outType="xs:unsignedShort"/>
  <data name="StopEventVersion" inType="win:UInt8" outType="xs:unsignedByte"/>
  <data name="ScenarioId" inType="win:GUID" outType="xs:GUID"/>
  <data name="SqmId" inType="win:UInt32" outType="xs:unsignedInt"/>
  <data name="Duration" inType="win:UInt32" outType="xs:unsignedInt"/>
  <data name="RuleId" inType="win:UInt32" outType="xs:unsignedInt"/>
</template>
]]></Template>
            </Event>
            <Event>
                <Id>218</Id>
                <Version>0</Version>
                <Channel>Microsoft-Windows-Diagnostics-PerfTrack/Diagnostic</Channel>
                <Level>Information</Level>
                <Task>PerfPipe_TraceCapture_Trigger</Task>
                <Keyword>PerfTrack Status</Keyword>
                <Template><![CDATA[
<template xmlns="http://schemas.microsoft.com/win/2004/08/events">
  <data name="TriggerTimeStamp" inType="win:Int64" outType="xs:long"/>
  <data name="TriggerProviderId" inType="win:GUID" outType="xs:GUID"/>
  <data name="TriggerEventId" inType="win:UInt16" outType="xs:unsignedShort"/>
  <data name="TriggerEventVersion" inType="win:UInt8" outType="xs:unsignedByte"/>
  <data name="ScenarioId" inType="win:GUID" outType="xs:GUID"/>
  <data name="SqmId" inType="win:UInt32" outType="xs:unsignedInt"/>
  <data name="Duration" inType="win:UInt32" outType="xs:unsignedInt"/>
  <data name="RuleId" inType="win:UInt32" outType="xs:unsignedInt"/>
</template>
]]></Template>
            </Event>
            <Event>
                <Id>500</Id>
                <Version>0</Version>
                <Channel>Microsoft-Windows-Diagnostics-PerfTrack/Diagnostic</Channel>
                <Level>Information</Level>
                <Task>SqmLogger_AddToScenarioStream</Task>
                <Keyword>SQM Status</Keyword>
                <Template><![CDATA[
<template xmlns="http://schemas.microsoft.com/win/2004/08/events">
  <data name="CanAddToScenarioStream" inType="win:UInt32" outType="xs:unsignedInt"/>
  <data name="ScenarioId" inType="win:UInt32" outType="xs:unsignedInt"/>
  <data name="ScenarioDuration" inType="win:UInt32" outType="xs:unsignedInt"/>
  <data name="ScenarioPackedContext" inType="win:UInt32" outType="xs:unsignedInt"/>
  <data name="MoshTimeValue" inType="win:UInt32" outType="xs:unsignedInt"/>
  <data name="ScenarioMetadata" inType="win:UnicodeString" outType="xs:string"/>
</template>
]]></Template>
            </Event>
            <Event>
                <Id>800</Id>
                <Version>0</Version>
                <Channel>Microsoft-Windows-Diagnostics-PerfTrack/Diagnostic</Channel>
                <Level>Information</Level>
                <Task>ConfigCriteria_Result</Task>
                <Keyword>PerfTrack Status</Keyword>
                <Template><![CDATA[
<template xmlns="http://schemas.microsoft.com/win/2004/08/events">
  <data name="SqmId" inType="win:UInt32" outType="xs:unsignedInt"/>
  <data name="SqmValue" inType="win:UInt32" outType="xs:unsignedInt"/>
</template>
]]></Template>
            </Event>
            <Event>
                <Id>1100</Id>
                <Version>0</Version>
                <Channel>Microsoft-Windows-Diagnostics-PerfTrack/Diagnostic</Channel>
                <Level>Information</Level>
                <Task>IdleDetection_PostBoot</Task>
                <Opcode>Start</Opcode>
                <Template><![CDATA[
<template xmlns="http://schemas.microsoft.com/win/2004/08/events">
  <data name="MostRecentPreviousBuild" inType="win:UnicodeString" outType="xs:string"/>
  <data name="WhenUpgradedFrom" inType="win:UInt64" outType="xs:unsignedLong"/>
</template>
]]></Template>
            </Event>
            <Event>
                <Id>1101</Id>
                <Version>0</Version>
                <Channel>Microsoft-Windows-Diagnostics-PerfTrack/Diagnostic</Channel>
                <Level>Information</Level>
                <Task>IdleDetection_PostResumeFromSleep</Task>
                <Opcode>Start</Opcode>
                <Template><![CDATA[
<template xmlns="http://schemas.microsoft.com/win/2004/08/events">
  <data name="MostRecentPreviousBuild" inType="win:UnicodeString" outType="xs:string"/>
  <data name="WhenUpgradedFrom" inType="win:UInt64" outType="xs:unsignedLong"/>
</template>
]]></Template>
            </Event>
            <Event>
                <Id>1102</Id>
                <Version>0</Version>
                <Channel>Microsoft-Windows-Diagnostics-PerfTrack/Diagnostic</Channel>
                <Level>Information</Level>
                <Task>IdleDetection_PostResumeFromHibernate</Task>
                <Opcode>Start</Opcode>
                <Template><![CDATA[
<template xmlns="http://schemas.microsoft.com/win/2004/08/events">
  <data name="MostRecentPreviousBuild" inType="win:UnicodeString" outType="xs:string"/>
  <data name="WhenUpgradedFrom" inType="win:UInt64" outType="xs:unsignedLong"/>
</template>
]]></Template>
            </Event>
            <Event>
                <Id>1103</Id>
                <Version>0</Version>
                <Channel>Microsoft-Windows-Diagnostics-PerfTrack/Diagnostic</Channel>
                <Level>Information</Level>
                <Task>IdleDetection_Stop</Task>
                <Opcode>Stop</Opcode>
                <Template><![CDATA[
]]></Template>
            </Event>
            <Event>
                <Id>1104</Id>
                <Version>0</Version>
                <Channel>Microsoft-Windows-Diagnostics-PerfTrack/Diagnostic</Channel>
                <Level>Information</Level>
                <Task>IdleDetection_Cancel</Task>
                <Opcode>Stop</Opcode>
                <Template><![CDATA[
]]></Template>
            </Event>
            <Event>
                <Id>1105</Id>
                <Version>0</Version>
                <Channel>Microsoft-Windows-Diagnostics-PerfTrack/Diagnostic</Channel>
                <Level>Information</Level>
                <Task>IdleDetection_Parameters</Task>
                <Keyword>PerfTrack Status</Keyword>
                <Template><![CDATA[
<template xmlns="http://schemas.microsoft.com/win/2004/08/events">
  <data name="Resource" inType="win:UnicodeString" outType="xs:string"/>
  <data name="NumResources" inType="win:UInt32" outType="xs:unsignedInt"/>
  <data name="SliceDuration_msec" inType="win:UInt32" outType="xs:unsignedInt"/>
  <data name="RequiredIdleDuration_msec" inType="win:UInt32" outType="xs:unsignedInt"/>
  <data name="NumOverlaps" inType="win:UInt32" outType="xs:unsignedInt"/>
  <data name="MaximumUsagePerSlice_Percent" inType="win:UInt32" outType="xs:unsignedInt"/>
  <data name="NormalizeTime" inType="win:Boolean" outType="xs:boolean"/>
</template>
]]></Template>
            </Event>
            <Event>
                <Id>1106</Id>
                <Version>0</Version>
                <Channel>Microsoft-Windows-Diagnostics-PerfTrack/Diagnostic</Channel>
                <Level>Verbose</Level>
                <Task>IdleDetection_Sample</Task>
                <Keyword>PerfTrack Status</Keyword>
                <Template><![CDATA[
<template xmlns="http://schemas.microsoft.com/win/2004/08/events">
  <data name="Resource" inType="win:UnicodeString" outType="xs:string"/>
  <data name="ResourceId" inType="win:UInt32" outType="xs:unsignedInt"/>
  <data name="BusyPercentage" inType="win:UInt32" outType="xs:unsignedInt"/>
  <data name="LastIdleTime" inType="win:Int64" outType="xs:long"/>
  <data name="LastTotalTime" inType="win:Int64" outType="xs:long"/>
  <data name="CurrentIdleTime" inType="win:Int64" outType="xs:long"/>
  <data name="CurrentTotalTime" inType="win:Int64" outType="xs:long"/>
</template>
]]></Template>
            </Event>
            <Event>
                <Id>1107</Id>
                <Version>0</Version>
                <Channel>Microsoft-Windows-Diagnostics-PerfTrack/Diagnostic</Channel>
                <Level>Verbose</Level>
                <Task>IdleDetection_Sample_Error</Task>
                <Keyword>PerfTrack Status</Keyword>
                <Template><![CDATA[
<template xmlns="http://schemas.microsoft.com/win/2004/08/events">
  <data name="Resource" inType="win:UnicodeString" outType="xs:string"/>
  <data name="HResult" inType="win:UInt32" outType="win:HexInt32"/>
</template>
]]></Template>
            </Event>
            <Event>
                <Id>1108</Id>
                <Version>0</Version>
                <Channel>Microsoft-Windows-Diagnostics-PerfTrack/Diagnostic</Channel>
                <Level>Verbose</Level>
                <Task>IdleDetection_SliceSummary</Task>
                <Keyword>PerfTrack Status</Keyword>
                <Template><![CDATA[
<template xmlns="http://schemas.microsoft.com/win/2004/08/events">
  <data name="Resource" inType="win:UnicodeString" outType="xs:string"/>
  <data name="CombinedBusyPercentage" inType="win:UInt32" outType="xs:unsignedInt"/>
  <data name="IsIdle" inType="win:Boolean" outType="xs:boolean"/>
  <data name="IdleTimeFound" inType="win:UInt64" outType="xs:unsignedLong"/>
</template>
]]></Template>
            </Event>
            <Event>
                <Id>1109</Id>
                <Version>0</Version>
                <Channel>Microsoft-Windows-Diagnostics-PerfTrack/Diagnostic</Channel>
                <Level>Verbose</Level>
                <Task>IdleDetection_Disk_OpenedDisk</Task>
                <Keyword>PerfTrack Status</Keyword>
                <Template><![CDATA[
<template xmlns="http://schemas.microsoft.com/win/2004/08/events">
  <data name="DevicePath" inType="win:UnicodeString" outType="xs:string"/>
</template>
]]></Template>
            </Event>
            <Event>
                <Id>1110</Id>
                <Version>0</Version>
                <Channel>Microsoft-Windows-Diagnostics-PerfTrack/Diagnostic</Channel>
                <Level>Verbose</Level>
                <Task>IdleDetection_Status_Info</Task>
                <Keyword>PerfTrack Status</Keyword>
                <Template><![CDATA[
<template xmlns="http://schemas.microsoft.com/win/2004/08/events">
  <data name="AccumulatedIdleTime" inType="win:Int64" outType="xs:long"/>
</template>
]]></Template>
            </Event>
            <Event>
                <Id>1111</Id>
                <Version>0</Version>
                <Channel>Microsoft-Windows-Diagnostics-PerfTrack/Diagnostic</Channel>
                <Level>Information</Level>
                <Task>IdleDetection_PostResumeFromHybridboot</Task>
                <Opcode>Start</Opcode>
                <Template><![CDATA[
<template xmlns="http://schemas.microsoft.com/win/2004/08/events">
  <data name="MostRecentPreviousBuild" inType="win:UnicodeString" outType="xs:string"/>
  <data name="WhenUpgradedFrom" inType="win:UInt64" outType="xs:unsignedLong"/>
</template>
]]></Template>
            </Event>
            <Event>
                <Id>1112</Id>
                <Version>0</Version>
                <Channel>Microsoft-Windows-Diagnostics-PerfTrack/Diagnostic</Channel>
                <Level>Information</Level>
                <Task>IdleDetection_PostResumeFromConnectedStandby</Task>
                <Opcode>Start</Opcode>
                <Template><![CDATA[
<template xmlns="http://schemas.microsoft.com/win/2004/08/events">
  <data name="MostRecentPreviousBuild" inType="win:UnicodeString" outType="xs:string"/>
  <data name="WhenUpgradedFrom" inType="win:UInt64" outType="xs:unsignedLong"/>
</template>
]]></Template>
            </Event>
            <Event>
                <Id>1113</Id>
                <Version>0</Version>
                <Channel>Microsoft-Windows-Diagnostics-PerfTrack/Diagnostic</Channel>
                <Level>Information</Level>
                <Task>IdleDetection_MeasureStop</Task>
                <Opcode>Stop</Opcode>
                <Template><![CDATA[
]]></Template>
            </Event>
            <Event>
                <Id>1500</Id>
                <Version>0</Version>
                <Channel>Microsoft-Windows-Diagnostics-PerfTrack/Diagnostic</Channel>
                <Level>Information</Level>
                <Task>MainPath_HybridBoot</Task>
                <Template><![CDATA[
<template xmlns="http://schemas.microsoft.com/win/2004/08/events">
  <data name="MainPathHybridbootTimeMs" inType="win:UInt32" outType="xs:unsignedInt"/>
  <data name="PostTimeMs" inType="win:UInt32" outType="xs:unsignedInt"/>
  <data name="ResumeTimeMs" inType="win:UInt32" outType="xs:unsignedInt"/>
  <data name="AdditionalMetadata" inType="win:UInt32" outType="xs:unsignedInt"/>
</template>
]]></Template>
            </Event>
            <Event>
                <Id>1500</Id>
                <Version>1</Version>
                <Channel>Microsoft-Windows-Diagnostics-PerfTrack/Diagnostic</Channel>
                <Level>Information</Level>
                <Task>MainPath_HybridBoot</Task>
                <Template><![CDATA[
<template xmlns="http://schemas.microsoft.com/win/2004/08/events">
  <data name="MainPathHybridbootTimeMs" inType="win:UInt32" outType="xs:unsignedInt"/>
  <data name="PostTimeMs" inType="win:UInt32" outType="xs:unsignedInt"/>
  <data name="ResumeTimeMs" inType="win:UInt32" outType="xs:unsignedInt"/>
  <data name="AdditionalMetadata" inType="win:UInt32" outType="xs:unsignedInt"/>
  <data name="ReadyBootTrainingCountSinceLastServicing" inType="win:UInt32" outType="xs:unsignedInt"/>
</template>
]]></Template>
            </Event>
            <Event>
                <Id>1501</Id>
                <Version>0</Version>
                <Channel>Microsoft-Windows-Diagnostics-PerfTrack/Diagnostic</Channel>
                <Level>Information</Level>
                <Task>PerfTrack_moStart</Task>
                <Opcode>Start</Opcode>
                <Template><![CDATA[
<template xmlns="http://schemas.microsoft.com/win/2004/08/events">
  <data name="ScenarioId" inType="win:UInt32" outType="xs:unsignedInt"/>
  <data name="ControlFlags" inType="win:UInt32" outType="xs:unsignedInt"/>
  <data name="MatchKey" inType="win:UnicodeString" outType="xs:string"/>
  <data name="ScenarioName" inType="win:UnicodeString" outType="xs:string"/>
</template>
]]></Template>
            </Event>
            <Event>
                <Id>1502</Id>
                <Version>0</Version>
                <Channel>Microsoft-Windows-Diagnostics-PerfTrack/Diagnostic</Channel>
                <Level>Information</Level>
                <Task>PerfTrack_moStop_metadata</Task>
                <Opcode>Stop</Opcode>
                <Template><![CDATA[
<template xmlns="http://schemas.microsoft.com/win/2004/08/events">
  <data name="ScenarioId" inType="win:UInt32" outType="xs:unsignedInt"/>
  <data name="ControlFlags" inType="win:UInt32" outType="xs:unsignedInt"/>
  <data name="MatchKey" inType="win:UnicodeString" outType="xs:string"/>
  <data name="ScenarioName" inType="win:UnicodeString" outType="xs:string"/>
  <data name="PackageFullName" inType="win:UnicodeString" outType="xs:string"/>
  <data name="PRAID" inType="win:UnicodeString" outType="xs:string"/>
  <data name="Dword1" inType="win:UInt32" outType="xs:unsignedInt"/>
  <data name="Dword2" inType="win:UInt32" outType="xs:unsignedInt"/>
  <data name="Dword3" inType="win:UInt32" outType="xs:unsignedInt"/>
  <data name="Dword4" inType="win:UInt32" outType="xs:unsignedInt"/>
  <data name="Dword5" inType="win:UInt32" outType="xs:unsignedInt"/>
  <data name="String1" inType="win:UnicodeString" outType="xs:string"/>
  <data name="String2" inType="win:UnicodeString" outType="xs:string"/>
</template>
]]></Template>
            </Event>
            <Event>
                <Id>1503</Id>
                <Version>0</Version>
                <Channel>Microsoft-Windows-Diagnostics-PerfTrack/Diagnostic</Channel>
                <Level>Information</Level>
                <Task>PerfTrack_moStop</Task>
                <Opcode>Stop</Opcode>
                <Template><![CDATA[
<template xmlns="http://schemas.microsoft.com/win/2004/08/events">
  <data name="ScenarioId" inType="win:UInt32" outType="xs:unsignedInt"/>
  <data name="ControlFlags" inType="win:UInt32" outType="xs:unsignedInt"/>
  <data name="MatchKey" inType="win:UnicodeString" outType="xs:string"/>
  <data name="ScenarioName" inType="win:UnicodeString" outType="xs:string"/>
  <data name="PackageFullName" inType="win:UnicodeString" outType="xs:string"/>
  <data name="PRAID" inType="win:UnicodeString" outType="xs:string"/>
</template>
]]></Template>
            </Event>
            <Event>
                <Id>1504</Id>
                <Version>0</Version>
                <Channel>Microsoft-Windows-Diagnostics-PerfTrack/Diagnostic</Channel>
                <Level>Information</Level>
                <Task>PerfTrack_moTrigger_metadata</Task>
                <Template><![CDATA[
<template xmlns="http://schemas.microsoft.com/win/2004/08/events">
  <data name="Duration" inType="win:UInt32" outType="xs:unsignedInt"/>
  <data name="ScenarioId" inType="win:UInt32" outType="xs:unsignedInt"/>
  <data name="ControlFlags" inType="win:UInt32" outType="xs:unsignedInt"/>
  <data name="ScenarioName" inType="win:UnicodeString" outType="xs:string"/>
  <data name="PackageFullName" inType="win:UnicodeString" outType="xs:string"/>
  <data name="PRAID" inType="win:UnicodeString" outType="xs:string"/>
  <data name="Dword1" inType="win:UInt32" outType="xs:unsignedInt"/>
  <data name="Dword2" inType="win:UInt32" outType="xs:unsignedInt"/>
  <data name="Dword3" inType="win:UInt32" outType="xs:unsignedInt"/>
  <data name="Dword4" inType="win:UInt32" outType="xs:unsignedInt"/>
  <data name="Dword5" inType="win:UInt32" outType="xs:unsignedInt"/>
  <data name="String1" inType="win:UnicodeString" outType="xs:string"/>
  <data name="String2" inType="win:UnicodeString" outType="xs:string"/>
</template>
]]></Template>
            </Event>
            <Event>
                <Id>1505</Id>
                <Version>0</Version>
                <Channel>Microsoft-Windows-Diagnostics-PerfTrack/Diagnostic</Channel>
                <Level>Information</Level>
                <Task>PerfTrack_moTrigger</Task>
                <Template><![CDATA[
<template xmlns="http://schemas.microsoft.com/win/2004/08/events">
  <data name="Duration" inType="win:UInt32" outType="xs:unsignedInt"/>
  <data name="ScenarioId" inType="win:UInt32" outType="xs:unsignedInt"/>
  <data name="ControlFlags" inType="win:UInt32" outType="xs:unsignedInt"/>
  <data name="ScenarioName" inType="win:UnicodeString" outType="xs:string"/>
  <data name="PackageFullName" inType="win:UnicodeString" outType="xs:string"/>
  <data name="PRAID" inType="win:UnicodeString" outType="xs:string"/>
</template>
]]></Template>
            </Event>
            <Event>
                <Id>1506</Id>
                <Version>0</Version>
                <Channel>Microsoft-Windows-Diagnostics-PerfTrack/Diagnostic</Channel>
                <Level>Information</Level>
                <Task>PerfTrack_moStop_launchVisibleComplete</Task>
                <Opcode>Stop</Opcode>
                <Template><![CDATA[
<template xmlns="http://schemas.microsoft.com/win/2004/08/events">
  <data name="ControlFlags" inType="win:UInt32" outType="xs:unsignedInt"/>
  <data name="MatchKey" inType="win:UnicodeString" outType="xs:string"/>
  <data name="PackageFullName" inType="win:UnicodeString" outType="xs:string"/>
  <data name="AUMID" inType="win:UnicodeString" outType="xs:string"/>
  <data name="ActivationKind" inType="win:UInt32" outType="xs:unsignedInt"/>
</template>
]]></Template>
            </Event>
            <Event>
                <Id>1507</Id>
                <Version>0</Version>
                <Channel>Microsoft-Windows-Diagnostics-PerfTrack/Diagnostic</Channel>
                <Level>Information</Level>
                <Task>PerfTrack_moStop_launchResponsive</Task>
                <Opcode>Stop</Opcode>
                <Template><![CDATA[
<template xmlns="http://schemas.microsoft.com/win/2004/08/events">
  <data name="ControlFlags" inType="win:UInt32" outType="xs:unsignedInt"/>
  <data name="MatchKey" inType="win:UnicodeString" outType="xs:string"/>
  <data name="PackageFullName" inType="win:UnicodeString" outType="xs:string"/>
  <data name="AUMID" inType="win:UnicodeString" outType="xs:string"/>
  <data name="ActivationKind" inType="win:UInt32" outType="xs:unsignedInt"/>
</template>
]]></Template>
            </Event>
            <Event>
                <Id>1508</Id>
                <Version>0</Version>
                <Channel>Microsoft-Windows-Diagnostics-PerfTrack/Diagnostic</Channel>
                <Level>Information</Level>
                <Task>PerfTrack_moStop_resumeVisibleComplete</Task>
                <Opcode>Stop</Opcode>
                <Template><![CDATA[
<template xmlns="http://schemas.microsoft.com/win/2004/08/events">
  <data name="ControlFlags" inType="win:UInt32" outType="xs:unsignedInt"/>
  <data name="MatchKey" inType="win:UnicodeString" outType="xs:string"/>
  <data name="PackageFullName" inType="win:UnicodeString" outType="xs:string"/>
  <data name="AUMID" inType="win:UnicodeString" outType="xs:string"/>
</template>
]]></Template>
            </Event>
            <Event>
                <Id>1509</Id>
                <Version>0</Version>
                <Channel>Microsoft-Windows-Diagnostics-PerfTrack/Diagnostic</Channel>
                <Level>Information</Level>
                <Task>PerfTrack_moStop_resumeResponsive</Task>
                <Opcode>Stop</Opcode>
                <Template><![CDATA[
<template xmlns="http://schemas.microsoft.com/win/2004/08/events">
  <data name="ControlFlags" inType="win:UInt32" outType="xs:unsignedInt"/>
  <data name="MatchKey" inType="win:UnicodeString" outType="xs:string"/>
  <data name="PackageFullName" inType="win:UnicodeString" outType="xs:string"/>
  <data name="AUMID" inType="win:UnicodeString" outType="xs:string"/>
</template>
]]></Template>
            </Event>
            <Event>
                <Id>1510</Id>
                <Version>0</Version>
                <Channel>Microsoft-Windows-Diagnostics-PerfTrack/Diagnostic</Channel>
                <Level>Information</Level>
                <Task>PerfTrack_moStop_resizeVisibleComplete</Task>
                <Opcode>Stop</Opcode>
                <Template><![CDATA[
<template xmlns="http://schemas.microsoft.com/win/2004/08/events">
  <data name="ControlFlags" inType="win:UInt32" outType="xs:unsignedInt"/>
  <data name="ViewId" inType="win:UInt32" outType="xs:unsignedInt"/>
  <data name="PackageFullName" inType="win:UnicodeString" outType="xs:string"/>
  <data name="AUMID" inType="win:UnicodeString" outType="xs:string"/>
  <data name="ResizeFlags" inType="win:UInt32" outType="xs:unsignedInt"/>
  <data name="WindowSize" inType="win:UInt32" outType="xs:unsignedInt"/>
</template>
]]></Template>
            </Event>
            <Event>
                <Id>1511</Id>
                <Version>0</Version>
                <Channel>Microsoft-Windows-Diagnostics-PerfTrack/Diagnostic</Channel>
                <Level>Information</Level>
                <Task>PerfTrack_moStop_resizeResponsive</Task>
                <Opcode>Stop</Opcode>
                <Template><![CDATA[
<template xmlns="http://schemas.microsoft.com/win/2004/08/events">
  <data name="ControlFlags" inType="win:UInt32" outType="xs:unsignedInt"/>
  <data name="ViewId" inType="win:UInt32" outType="xs:unsignedInt"/>
  <data name="PackageFullName" inType="win:UnicodeString" outType="xs:string"/>
  <data name="AUMID" inType="win:UnicodeString" outType="xs:string"/>
  <data name="ResizeFlags" inType="win:UInt32" outType="xs:unsignedInt"/>
  <data name="WindowSize" inType="win:UInt32" outType="xs:unsignedInt"/>
</template>
]]></Template>
            </Event>
        </EventMetadata>
    </Provider>
</Providers>
