<Providers>
    <Provider>
        <Name>Microsoft-Windows-AppLocker</Name>
        <Metadata>
            <Guid>{CBDA4DBF-8D5D-4F69-9578-BE14AA540D22}</Guid>
            <ResourceFilePath>%SystemRoot%\system32\srpapi.dll</ResourceFilePath>
            <ParameterFilePath></ParameterFilePath>
            <MessageFilePath>%SystemRoot%\system32\srpapi.dll</MessageFilePath>
            <HelpLink></HelpLink>
            <PublisherMessage>Microsoft-Windows-AppLocker</PublisherMessage>
            <Channels>
                <Channel>
                    <Message>Microsoft-Windows-AppLocker/EXE and DLL</Message>
                    <Path>Microsoft-Windows-AppLocker/EXE and DLL</Path>
                    <Index>0</Index>
                    <Id>16</Id>
                    <Imported>false</Imported>
                </Channel>
                <Channel>
                    <Message>Microsoft-Windows-AppLocker/MSI and Script</Message>
                    <Path>Microsoft-Windows-AppLocker/MSI and Script</Path>
                    <Index>1</Index>
                    <Id>17</Id>
                    <Imported>false</Imported>
                </Channel>
                <Channel>
                    <Message>Microsoft-Windows-AppLocker/Packaged app-Execution</Message>
                    <Path>Microsoft-Windows-AppLocker/Packaged app-Execution</Path>
                    <Index>2</Index>
                    <Id>18</Id>
                    <Imported>false</Imported>
                </Channel>
                <Channel>
                    <Message>Microsoft-Windows-AppLocker/Packaged app-Deployment</Message>
                    <Path>Microsoft-Windows-AppLocker/Packaged app-Deployment</Path>
                    <Index>3</Index>
                    <Id>19</Id>
                    <Imported>false</Imported>
                </Channel>
            </Channels>
            <Levels>
                <Level>
                    <Message>Error</Message>
                    <Name>win:Error</Name>
                    <Value>2</Value>
                </Level>
                <Level>
                    <Message>Warning</Message>
                    <Name>win:Warning</Name>
                    <Value>3</Value>
                </Level>
                <Level>
                    <Message>Information</Message>
                    <Name>win:Informational</Name>
                    <Value>4</Value>
                </Level>
                <Level>
                    <Message>Verbose</Message>
                    <Name>win:Verbose</Name>
                    <Value>5</Value>
                </Level>
            </Levels>
            <Tasks>
                <Task>
                    <Message></Message>
                    <Name>SrpPolicyConversion</Name>
                    <Value>1</Value>
                </Task>
                <Task>
                    <Message></Message>
                    <Name>SrpPolicyRuleSort</Name>
                    <Value>2</Value>
                </Task>
                <Task>
                    <Message></Message>
                    <Name>SrpPolicyHitCountJoin</Name>
                    <Value>3</Value>
                </Task>
                <Task>
                    <Message></Message>
                    <Name>SrpPolicyLoad</Name>
                    <Value>4</Value>
                </Task>
            </Tasks>
            <Opcodes>
                <Opcode>
                    <Message>Start</Message>
                    <Name>win:Start</Name>
                    <Value>1</Value>
                    <Task>0</Task>
                </Opcode>
                <Opcode>
                    <Message>Stop</Message>
                    <Name>win:Stop</Name>
                    <Value>2</Value>
                    <Task>0</Task>
                </Opcode>
            </Opcodes>
            <Keywords>
            </Keywords>
        </Metadata>
        <EventMetadata>
            <Event>
                <Id>8000</Id>
                <Version>0</Version>
                <Channel>Microsoft-Windows-AppLocker/EXE and DLL</Channel>
                <Level>Error</Level>
                <Message><![CDATA[
AppID policy conversion failed. Status %1.]]></Message>
                <Template><![CDATA[
<template xmlns="http://schemas.microsoft.com/win/2004/08/events">
  <data name="Status" inType="win:UInt32" outType="win:Win32Error"/>
</template>
]]></Template>
            </Event>
            <Event>
                <Id>8001</Id>
                <Version>0</Version>
                <Channel>Microsoft-Windows-AppLocker/EXE and DLL</Channel>
                <Level>Information</Level>
                <Message><![CDATA[
The AppLocker policy was applied successfully to this computer.]]></Message>
                <Template><![CDATA[
]]></Template>
            </Event>
            <Event>
                <Id>8002</Id>
                <Version>0</Version>
                <Channel>Microsoft-Windows-AppLocker/EXE and DLL</Channel>
                <Level>Information</Level>
                <Message><![CDATA[
%11 was allowed to run.]]></Message>
                <Template><![CDATA[
<template xmlns="http://schemas.microsoft.com/win/2004/08/events">
  <data name="PolicyNameLength" inType="win:UInt16" outType="xs:unsignedShort"/>
  <data name="PolicyNameBuffer" inType="win:UnicodeString" outType="xs:string" length="PolicyNameLength"/>
  <data name="RuleId" inType="win:GUID" outType="xs:GUID"/>
  <data name="RuleNameLength" inType="win:UInt16" outType="xs:unsignedShort"/>
  <data name="RuleNameBuffer" inType="win:UnicodeString" outType="xs:string" length="RuleNameLength"/>
  <data name="RuleSddlLength" inType="win:UInt16" outType="xs:unsignedShort"/>
  <data name="RuleSddlBuffer" inType="win:UnicodeString" outType="xs:string" length="RuleSddlLength"/>
  <data name="TargetUser" inType="win:SID" outType="xs:string"/>
  <data name="TargetProcessId" inType="win:UInt32" outType="win:PID"/>
  <data name="FilePathLength" inType="win:UInt16" outType="xs:unsignedShort"/>
  <data name="FilePathBuffer" inType="win:UnicodeString" outType="xs:string" length="FilePathLength"/>
  <data name="FileHashLength" inType="win:UInt16" outType="xs:unsignedShort"/>
  <data name="FileHash" inType="win:Binary" outType="xs:hexBinary" length="FileHashLength"/>
  <data name="FqbnLength" inType="win:UInt16" outType="xs:unsignedShort"/>
  <data name="Fqbn" inType="win:UnicodeString" outType="xs:string" length="FqbnLength"/>
  <data name="TargetLogonId" inType="win:HexInt64" outType="win:HexInt64"/>
  <data name="FullFilePathLength" inType="win:UInt16" outType="xs:unsignedShort"/>
  <data name="FullFilePathBuffer" inType="win:UnicodeString" outType="xs:string" length="FullFilePathLength"/>
</template>
]]></Template>
            </Event>
            <Event>
                <Id>8003</Id>
                <Version>0</Version>
                <Channel>Microsoft-Windows-AppLocker/EXE and DLL</Channel>
                <Level>Warning</Level>
                <Message><![CDATA[
%11 was allowed to run but would have been prevented from running if the AppLocker policy were enforced.]]></Message>
                <Template><![CDATA[
<template xmlns="http://schemas.microsoft.com/win/2004/08/events">
  <data name="PolicyNameLength" inType="win:UInt16" outType="xs:unsignedShort"/>
  <data name="PolicyNameBuffer" inType="win:UnicodeString" outType="xs:string" length="PolicyNameLength"/>
  <data name="RuleId" inType="win:GUID" outType="xs:GUID"/>
  <data name="RuleNameLength" inType="win:UInt16" outType="xs:unsignedShort"/>
  <data name="RuleNameBuffer" inType="win:UnicodeString" outType="xs:string" length="RuleNameLength"/>
  <data name="RuleSddlLength" inType="win:UInt16" outType="xs:unsignedShort"/>
  <data name="RuleSddlBuffer" inType="win:UnicodeString" outType="xs:string" length="RuleSddlLength"/>
  <data name="TargetUser" inType="win:SID" outType="xs:string"/>
  <data name="TargetProcessId" inType="win:UInt32" outType="win:PID"/>
  <data name="FilePathLength" inType="win:UInt16" outType="xs:unsignedShort"/>
  <data name="FilePathBuffer" inType="win:UnicodeString" outType="xs:string" length="FilePathLength"/>
  <data name="FileHashLength" inType="win:UInt16" outType="xs:unsignedShort"/>
  <data name="FileHash" inType="win:Binary" outType="xs:hexBinary" length="FileHashLength"/>
  <data name="FqbnLength" inType="win:UInt16" outType="xs:unsignedShort"/>
  <data name="Fqbn" inType="win:UnicodeString" outType="xs:string" length="FqbnLength"/>
  <data name="TargetLogonId" inType="win:HexInt64" outType="win:HexInt64"/>
  <data name="FullFilePathLength" inType="win:UInt16" outType="xs:unsignedShort"/>
  <data name="FullFilePathBuffer" inType="win:UnicodeString" outType="xs:string" length="FullFilePathLength"/>
</template>
]]></Template>
            </Event>
            <Event>
                <Id>8004</Id>
                <Version>0</Version>
                <Channel>Microsoft-Windows-AppLocker/EXE and DLL</Channel>
                <Level>Error</Level>
                <Message><![CDATA[
%11 was prevented from running.]]></Message>
                <Template><![CDATA[
<template xmlns="http://schemas.microsoft.com/win/2004/08/events">
  <data name="PolicyNameLength" inType="win:UInt16" outType="xs:unsignedShort"/>
  <data name="PolicyNameBuffer" inType="win:UnicodeString" outType="xs:string" length="PolicyNameLength"/>
  <data name="RuleId" inType="win:GUID" outType="xs:GUID"/>
  <data name="RuleNameLength" inType="win:UInt16" outType="xs:unsignedShort"/>
  <data name="RuleNameBuffer" inType="win:UnicodeString" outType="xs:string" length="RuleNameLength"/>
  <data name="RuleSddlLength" inType="win:UInt16" outType="xs:unsignedShort"/>
  <data name="RuleSddlBuffer" inType="win:UnicodeString" outType="xs:string" length="RuleSddlLength"/>
  <data name="TargetUser" inType="win:SID" outType="xs:string"/>
  <data name="TargetProcessId" inType="win:UInt32" outType="win:PID"/>
  <data name="FilePathLength" inType="win:UInt16" outType="xs:unsignedShort"/>
  <data name="FilePathBuffer" inType="win:UnicodeString" outType="xs:string" length="FilePathLength"/>
  <data name="FileHashLength" inType="win:UInt16" outType="xs:unsignedShort"/>
  <data name="FileHash" inType="win:Binary" outType="xs:hexBinary" length="FileHashLength"/>
  <data name="FqbnLength" inType="win:UInt16" outType="xs:unsignedShort"/>
  <data name="Fqbn" inType="win:UnicodeString" outType="xs:string" length="FqbnLength"/>
  <data name="TargetLogonId" inType="win:HexInt64" outType="win:HexInt64"/>
  <data name="FullFilePathLength" inType="win:UInt16" outType="xs:unsignedShort"/>
  <data name="FullFilePathBuffer" inType="win:UnicodeString" outType="xs:string" length="FullFilePathLength"/>
</template>
]]></Template>
            </Event>
            <Event>
                <Id>8005</Id>
                <Version>0</Version>
                <Channel>Microsoft-Windows-AppLocker/MSI and Script</Channel>
                <Level>Information</Level>
                <Message><![CDATA[
%11 was allowed to run.]]></Message>
                <Template><![CDATA[
<template xmlns="http://schemas.microsoft.com/win/2004/08/events">
  <data name="PolicyNameLength" inType="win:UInt16" outType="xs:unsignedShort"/>
  <data name="PolicyNameBuffer" inType="win:UnicodeString" outType="xs:string" length="PolicyNameLength"/>
  <data name="RuleId" inType="win:GUID" outType="xs:GUID"/>
  <data name="RuleNameLength" inType="win:UInt16" outType="xs:unsignedShort"/>
  <data name="RuleNameBuffer" inType="win:UnicodeString" outType="xs:string" length="RuleNameLength"/>
  <data name="RuleSddlLength" inType="win:UInt16" outType="xs:unsignedShort"/>
  <data name="RuleSddlBuffer" inType="win:UnicodeString" outType="xs:string" length="RuleSddlLength"/>
  <data name="TargetUser" inType="win:SID" outType="xs:string"/>
  <data name="TargetProcessId" inType="win:UInt32" outType="win:PID"/>
  <data name="FilePathLength" inType="win:UInt16" outType="xs:unsignedShort"/>
  <data name="FilePathBuffer" inType="win:UnicodeString" outType="xs:string" length="FilePathLength"/>
  <data name="FileHashLength" inType="win:UInt16" outType="xs:unsignedShort"/>
  <data name="FileHash" inType="win:Binary" outType="xs:hexBinary" length="FileHashLength"/>
  <data name="FqbnLength" inType="win:UInt16" outType="xs:unsignedShort"/>
  <data name="Fqbn" inType="win:UnicodeString" outType="xs:string" length="FqbnLength"/>
  <data name="TargetLogonId" inType="win:HexInt64" outType="win:HexInt64"/>
  <data name="FullFilePathLength" inType="win:UInt16" outType="xs:unsignedShort"/>
  <data name="FullFilePathBuffer" inType="win:UnicodeString" outType="xs:string" length="FullFilePathLength"/>
</template>
]]></Template>
            </Event>
            <Event>
                <Id>8006</Id>
                <Version>0</Version>
                <Channel>Microsoft-Windows-AppLocker/MSI and Script</Channel>
                <Level>Warning</Level>
                <Message><![CDATA[
%11 was allowed to run but would have been prevented from running if the AppLocker policy were enforced.]]></Message>
                <Template><![CDATA[
<template xmlns="http://schemas.microsoft.com/win/2004/08/events">
  <data name="PolicyNameLength" inType="win:UInt16" outType="xs:unsignedShort"/>
  <data name="PolicyNameBuffer" inType="win:UnicodeString" outType="xs:string" length="PolicyNameLength"/>
  <data name="RuleId" inType="win:GUID" outType="xs:GUID"/>
  <data name="RuleNameLength" inType="win:UInt16" outType="xs:unsignedShort"/>
  <data name="RuleNameBuffer" inType="win:UnicodeString" outType="xs:string" length="RuleNameLength"/>
  <data name="RuleSddlLength" inType="win:UInt16" outType="xs:unsignedShort"/>
  <data name="RuleSddlBuffer" inType="win:UnicodeString" outType="xs:string" length="RuleSddlLength"/>
  <data name="TargetUser" inType="win:SID" outType="xs:string"/>
  <data name="TargetProcessId" inType="win:UInt32" outType="win:PID"/>
  <data name="FilePathLength" inType="win:UInt16" outType="xs:unsignedShort"/>
  <data name="FilePathBuffer" inType="win:UnicodeString" outType="xs:string" length="FilePathLength"/>
  <data name="FileHashLength" inType="win:UInt16" outType="xs:unsignedShort"/>
  <data name="FileHash" inType="win:Binary" outType="xs:hexBinary" length="FileHashLength"/>
  <data name="FqbnLength" inType="win:UInt16" outType="xs:unsignedShort"/>
  <data name="Fqbn" inType="win:UnicodeString" outType="xs:string" length="FqbnLength"/>
  <data name="TargetLogonId" inType="win:HexInt64" outType="win:HexInt64"/>
  <data name="FullFilePathLength" inType="win:UInt16" outType="xs:unsignedShort"/>
  <data name="FullFilePathBuffer" inType="win:UnicodeString" outType="xs:string" length="FullFilePathLength"/>
</template>
]]></Template>
            </Event>
            <Event>
                <Id>8007</Id>
                <Version>0</Version>
                <Channel>Microsoft-Windows-AppLocker/MSI and Script</Channel>
                <Level>Error</Level>
                <Message><![CDATA[
%11 was prevented from running.]]></Message>
                <Template><![CDATA[
<template xmlns="http://schemas.microsoft.com/win/2004/08/events">
  <data name="PolicyNameLength" inType="win:UInt16" outType="xs:unsignedShort"/>
  <data name="PolicyNameBuffer" inType="win:UnicodeString" outType="xs:string" length="PolicyNameLength"/>
  <data name="RuleId" inType="win:GUID" outType="xs:GUID"/>
  <data name="RuleNameLength" inType="win:UInt16" outType="xs:unsignedShort"/>
  <data name="RuleNameBuffer" inType="win:UnicodeString" outType="xs:string" length="RuleNameLength"/>
  <data name="RuleSddlLength" inType="win:UInt16" outType="xs:unsignedShort"/>
  <data name="RuleSddlBuffer" inType="win:UnicodeString" outType="xs:string" length="RuleSddlLength"/>
  <data name="TargetUser" inType="win:SID" outType="xs:string"/>
  <data name="TargetProcessId" inType="win:UInt32" outType="win:PID"/>
  <data name="FilePathLength" inType="win:UInt16" outType="xs:unsignedShort"/>
  <data name="FilePathBuffer" inType="win:UnicodeString" outType="xs:string" length="FilePathLength"/>
  <data name="FileHashLength" inType="win:UInt16" outType="xs:unsignedShort"/>
  <data name="FileHash" inType="win:Binary" outType="xs:hexBinary" length="FileHashLength"/>
  <data name="FqbnLength" inType="win:UInt16" outType="xs:unsignedShort"/>
  <data name="Fqbn" inType="win:UnicodeString" outType="xs:string" length="FqbnLength"/>
  <data name="TargetLogonId" inType="win:HexInt64" outType="win:HexInt64"/>
  <data name="FullFilePathLength" inType="win:UInt16" outType="xs:unsignedShort"/>
  <data name="FullFilePathBuffer" inType="win:UnicodeString" outType="xs:string" length="FullFilePathLength"/>
</template>
]]></Template>
            </Event>
            <Event>
                <Id>8008</Id>
                <Version>0</Version>
                <Channel>Microsoft-Windows-AppLocker/EXE and DLL</Channel>
                <Level>Warning</Level>
                <Message><![CDATA[
%2: AppLocker component not available on this SKU.]]></Message>
                <Template><![CDATA[
<template xmlns="http://schemas.microsoft.com/win/2004/08/events">
  <data name="FilePathLength" inType="win:UInt16" outType="xs:unsignedShort"/>
  <data name="FilePathBuffer" inType="win:UnicodeString" outType="xs:string" length="FilePathLength"/>
</template>
]]></Template>
            </Event>
            <Event>
                <Id>8009</Id>
                <Version>0</Version>
                <Channel>Microsoft-Windows-AppLocker/MSI and Script</Channel>
                <Level>Warning</Level>
                <Message><![CDATA[
%2: AppLocker component not available on this SKU.]]></Message>
                <Template><![CDATA[
<template xmlns="http://schemas.microsoft.com/win/2004/08/events">
  <data name="FilePathLength" inType="win:UInt16" outType="xs:unsignedShort"/>
  <data name="FilePathBuffer" inType="win:UnicodeString" outType="xs:string" length="FilePathLength"/>
</template>
]]></Template>
            </Event>
            <Event>
                <Id>8010</Id>
                <Version>0</Version>
                <Level>Information</Level>
                <Task>SrpPolicyConversion</Task>
                <Opcode>Start</Opcode>
                <Template><![CDATA[
]]></Template>
            </Event>
            <Event>
                <Id>8011</Id>
                <Version>0</Version>
                <Level>Information</Level>
                <Task>SrpPolicyConversion</Task>
                <Opcode>Stop</Opcode>
                <Template><![CDATA[
]]></Template>
            </Event>
            <Event>
                <Id>8012</Id>
                <Version>0</Version>
                <Level>Error</Level>
                <Task>SrpPolicyConversion</Task>
                <Opcode>Stop</Opcode>
                <Template><![CDATA[
]]></Template>
            </Event>
            <Event>
                <Id>8013</Id>
                <Version>0</Version>
                <Level>Information</Level>
                <Task>SrpPolicyRuleSort</Task>
                <Opcode>Start</Opcode>
                <Template><![CDATA[
]]></Template>
            </Event>
            <Event>
                <Id>8014</Id>
                <Version>0</Version>
                <Level>Information</Level>
                <Task>SrpPolicyRuleSort</Task>
                <Opcode>Stop</Opcode>
                <Template><![CDATA[
]]></Template>
            </Event>
            <Event>
                <Id>8015</Id>
                <Version>0</Version>
                <Level>Information</Level>
                <Task>SrpPolicyHitCountJoin</Task>
                <Opcode>Start</Opcode>
                <Template><![CDATA[
]]></Template>
            </Event>
            <Event>
                <Id>8016</Id>
                <Version>0</Version>
                <Level>Information</Level>
                <Task>SrpPolicyHitCountJoin</Task>
                <Opcode>Stop</Opcode>
                <Template><![CDATA[
]]></Template>
            </Event>
            <Event>
                <Id>8017</Id>
                <Version>0</Version>
                <Level>Information</Level>
                <Task>SrpPolicyLoad</Task>
                <Opcode>Start</Opcode>
                <Template><![CDATA[
]]></Template>
            </Event>
            <Event>
                <Id>8018</Id>
                <Version>0</Version>
                <Level>Information</Level>
                <Task>SrpPolicyLoad</Task>
                <Opcode>Stop</Opcode>
                <Template><![CDATA[
]]></Template>
            </Event>
            <Event>
                <Id>8019</Id>
                <Version>0</Version>
                <Level>Error</Level>
                <Task>SrpPolicyLoad</Task>
                <Opcode>Stop</Opcode>
                <Template><![CDATA[
]]></Template>
            </Event>
            <Event>
                <Id>8020</Id>
                <Version>0</Version>
                <Channel>Microsoft-Windows-AppLocker/Packaged app-Execution</Channel>
                <Level>Information</Level>
                <Message><![CDATA[
%11 was allowed to run.]]></Message>
                <Template><![CDATA[
<template xmlns="http://schemas.microsoft.com/win/2004/08/events">
  <data name="PolicyNameLength" inType="win:UInt16" outType="xs:unsignedShort"/>
  <data name="PolicyNameBuffer" inType="win:UnicodeString" outType="xs:string" length="PolicyNameLength"/>
  <data name="RuleId" inType="win:GUID" outType="xs:GUID"/>
  <data name="RuleNameLength" inType="win:UInt16" outType="xs:unsignedShort"/>
  <data name="RuleNameBuffer" inType="win:UnicodeString" outType="xs:string" length="RuleNameLength"/>
  <data name="RuleSddlLength" inType="win:UInt16" outType="xs:unsignedShort"/>
  <data name="RuleSddlBuffer" inType="win:UnicodeString" outType="xs:string" length="RuleSddlLength"/>
  <data name="TargetUser" inType="win:SID" outType="xs:string"/>
  <data name="TargetProcessId" inType="win:UInt32" outType="win:PID"/>
  <data name="PackageLength" inType="win:UInt16" outType="xs:unsignedShort"/>
  <data name="PackageBuffer" inType="win:UnicodeString" outType="xs:string" length="PackageLength"/>
  <data name="FqbnLength" inType="win:UInt16" outType="xs:unsignedShort"/>
  <data name="Fqbn" inType="win:UnicodeString" outType="xs:string" length="FqbnLength"/>
</template>
]]></Template>
            </Event>
            <Event>
                <Id>8021</Id>
                <Version>0</Version>
                <Channel>Microsoft-Windows-AppLocker/Packaged app-Execution</Channel>
                <Level>Warning</Level>
                <Message><![CDATA[
%11 was allowed to run but would have been prevented from running if the AppLocker policy were enforced.]]></Message>
                <Template><![CDATA[
<template xmlns="http://schemas.microsoft.com/win/2004/08/events">
  <data name="PolicyNameLength" inType="win:UInt16" outType="xs:unsignedShort"/>
  <data name="PolicyNameBuffer" inType="win:UnicodeString" outType="xs:string" length="PolicyNameLength"/>
  <data name="RuleId" inType="win:GUID" outType="xs:GUID"/>
  <data name="RuleNameLength" inType="win:UInt16" outType="xs:unsignedShort"/>
  <data name="RuleNameBuffer" inType="win:UnicodeString" outType="xs:string" length="RuleNameLength"/>
  <data name="RuleSddlLength" inType="win:UInt16" outType="xs:unsignedShort"/>
  <data name="RuleSddlBuffer" inType="win:UnicodeString" outType="xs:string" length="RuleSddlLength"/>
  <data name="TargetUser" inType="win:SID" outType="xs:string"/>
  <data name="TargetProcessId" inType="win:UInt32" outType="win:PID"/>
  <data name="PackageLength" inType="win:UInt16" outType="xs:unsignedShort"/>
  <data name="PackageBuffer" inType="win:UnicodeString" outType="xs:string" length="PackageLength"/>
  <data name="FqbnLength" inType="win:UInt16" outType="xs:unsignedShort"/>
  <data name="Fqbn" inType="win:UnicodeString" outType="xs:string" length="FqbnLength"/>
</template>
]]></Template>
            </Event>
            <Event>
                <Id>8022</Id>
                <Version>0</Version>
                <Channel>Microsoft-Windows-AppLocker/Packaged app-Execution</Channel>
                <Level>Error</Level>
                <Message><![CDATA[
%11 was prevented from running.]]></Message>
                <Template><![CDATA[
<template xmlns="http://schemas.microsoft.com/win/2004/08/events">
  <data name="PolicyNameLength" inType="win:UInt16" outType="xs:unsignedShort"/>
  <data name="PolicyNameBuffer" inType="win:UnicodeString" outType="xs:string" length="PolicyNameLength"/>
  <data name="RuleId" inType="win:GUID" outType="xs:GUID"/>
  <data name="RuleNameLength" inType="win:UInt16" outType="xs:unsignedShort"/>
  <data name="RuleNameBuffer" inType="win:UnicodeString" outType="xs:string" length="RuleNameLength"/>
  <data name="RuleSddlLength" inType="win:UInt16" outType="xs:unsignedShort"/>
  <data name="RuleSddlBuffer" inType="win:UnicodeString" outType="xs:string" length="RuleSddlLength"/>
  <data name="TargetUser" inType="win:SID" outType="xs:string"/>
  <data name="TargetProcessId" inType="win:UInt32" outType="win:PID"/>
  <data name="PackageLength" inType="win:UInt16" outType="xs:unsignedShort"/>
  <data name="PackageBuffer" inType="win:UnicodeString" outType="xs:string" length="PackageLength"/>
  <data name="FqbnLength" inType="win:UInt16" outType="xs:unsignedShort"/>
  <data name="Fqbn" inType="win:UnicodeString" outType="xs:string" length="FqbnLength"/>
</template>
]]></Template>
            </Event>
            <Event>
                <Id>8023</Id>
                <Version>0</Version>
                <Channel>Microsoft-Windows-AppLocker/Packaged app-Deployment</Channel>
                <Level>Information</Level>
                <Message><![CDATA[
%11 was allowed to be installed.]]></Message>
                <Template><![CDATA[
<template xmlns="http://schemas.microsoft.com/win/2004/08/events">
  <data name="PolicyNameLength" inType="win:UInt16" outType="xs:unsignedShort"/>
  <data name="PolicyNameBuffer" inType="win:UnicodeString" outType="xs:string" length="PolicyNameLength"/>
  <data name="RuleId" inType="win:GUID" outType="xs:GUID"/>
  <data name="RuleNameLength" inType="win:UInt16" outType="xs:unsignedShort"/>
  <data name="RuleNameBuffer" inType="win:UnicodeString" outType="xs:string" length="RuleNameLength"/>
  <data name="RuleSddlLength" inType="win:UInt16" outType="xs:unsignedShort"/>
  <data name="RuleSddlBuffer" inType="win:UnicodeString" outType="xs:string" length="RuleSddlLength"/>
  <data name="TargetUser" inType="win:SID" outType="xs:string"/>
  <data name="TargetProcessId" inType="win:UInt32" outType="win:PID"/>
  <data name="PackageLength" inType="win:UInt16" outType="xs:unsignedShort"/>
  <data name="PackageBuffer" inType="win:UnicodeString" outType="xs:string" length="PackageLength"/>
  <data name="FqbnLength" inType="win:UInt16" outType="xs:unsignedShort"/>
  <data name="Fqbn" inType="win:UnicodeString" outType="xs:string" length="FqbnLength"/>
</template>
]]></Template>
            </Event>
            <Event>
                <Id>8024</Id>
                <Version>0</Version>
                <Channel>Microsoft-Windows-AppLocker/Packaged app-Deployment</Channel>
                <Level>Warning</Level>
                <Message><![CDATA[
%11 was allowed to run but would have been prevented from running if the AppLocker policy were enforced.]]></Message>
                <Template><![CDATA[
<template xmlns="http://schemas.microsoft.com/win/2004/08/events">
  <data name="PolicyNameLength" inType="win:UInt16" outType="xs:unsignedShort"/>
  <data name="PolicyNameBuffer" inType="win:UnicodeString" outType="xs:string" length="PolicyNameLength"/>
  <data name="RuleId" inType="win:GUID" outType="xs:GUID"/>
  <data name="RuleNameLength" inType="win:UInt16" outType="xs:unsignedShort"/>
  <data name="RuleNameBuffer" inType="win:UnicodeString" outType="xs:string" length="RuleNameLength"/>
  <data name="RuleSddlLength" inType="win:UInt16" outType="xs:unsignedShort"/>
  <data name="RuleSddlBuffer" inType="win:UnicodeString" outType="xs:string" length="RuleSddlLength"/>
  <data name="TargetUser" inType="win:SID" outType="xs:string"/>
  <data name="TargetProcessId" inType="win:UInt32" outType="win:PID"/>
  <data name="PackageLength" inType="win:UInt16" outType="xs:unsignedShort"/>
  <data name="PackageBuffer" inType="win:UnicodeString" outType="xs:string" length="PackageLength"/>
  <data name="FqbnLength" inType="win:UInt16" outType="xs:unsignedShort"/>
  <data name="Fqbn" inType="win:UnicodeString" outType="xs:string" length="FqbnLength"/>
</template>
]]></Template>
            </Event>
            <Event>
                <Id>8025</Id>
                <Version>0</Version>
                <Channel>Microsoft-Windows-AppLocker/Packaged app-Deployment</Channel>
                <Level>Error</Level>
                <Message><![CDATA[
%11 was prevented from running.]]></Message>
                <Template><![CDATA[
<template xmlns="http://schemas.microsoft.com/win/2004/08/events">
  <data name="PolicyNameLength" inType="win:UInt16" outType="xs:unsignedShort"/>
  <data name="PolicyNameBuffer" inType="win:UnicodeString" outType="xs:string" length="PolicyNameLength"/>
  <data name="RuleId" inType="win:GUID" outType="xs:GUID"/>
  <data name="RuleNameLength" inType="win:UInt16" outType="xs:unsignedShort"/>
  <data name="RuleNameBuffer" inType="win:UnicodeString" outType="xs:string" length="RuleNameLength"/>
  <data name="RuleSddlLength" inType="win:UInt16" outType="xs:unsignedShort"/>
  <data name="RuleSddlBuffer" inType="win:UnicodeString" outType="xs:string" length="RuleSddlLength"/>
  <data name="TargetUser" inType="win:SID" outType="xs:string"/>
  <data name="TargetProcessId" inType="win:UInt32" outType="win:PID"/>
  <data name="PackageLength" inType="win:UInt16" outType="xs:unsignedShort"/>
  <data name="PackageBuffer" inType="win:UnicodeString" outType="xs:string" length="PackageLength"/>
  <data name="FqbnLength" inType="win:UInt16" outType="xs:unsignedShort"/>
  <data name="Fqbn" inType="win:UnicodeString" outType="xs:string" length="FqbnLength"/>
</template>
]]></Template>
            </Event>
            <Event>
                <Id>8026</Id>
                <Version>0</Version>
                <Channel>Microsoft-Windows-AppLocker/Packaged app-Deployment</Channel>
                <Level>Error</Level>
                <Message><![CDATA[
No packaged apps can be executed while Exe rules are being enforced and no Packaged app rules have been configured.]]></Message>
                <Template><![CDATA[
]]></Template>
            </Event>
            <Event>
                <Id>8027</Id>
                <Version>0</Version>
                <Channel>Microsoft-Windows-AppLocker/Packaged app-Execution</Channel>
                <Level>Error</Level>
                <Message><![CDATA[
No packaged apps can be executed while Exe rules are being enforced and no Packaged app rules have been configured.]]></Message>
                <Template><![CDATA[
]]></Template>
            </Event>
            <Event>
                <Id>8028</Id>
                <Version>0</Version>
                <Channel>Microsoft-Windows-AppLocker/MSI and Script</Channel>
                <Level>Warning</Level>
                <Message><![CDATA[
%2 was allowed to run but would have been prevented if the Config CI policy were enforced.]]></Message>
                <Template><![CDATA[
<template xmlns="http://schemas.microsoft.com/win/2004/08/events">
  <data name="FilePathLength" inType="win:UInt16" outType="xs:unsignedShort"/>
  <data name="FilePath" inType="win:UnicodeString" outType="xs:string" length="FilePathLength"/>
  <data name="Sha1Hash" inType="win:Binary" outType="xs:hexBinary" length="20"/>
  <data name="Sha256Hash" inType="win:Binary" outType="xs:hexBinary" length="32"/>
  <data name="Result" inType="win:Int32" outType="xs:int"/>
  <data name="USN" inType="win:Int64" outType="xs:long"/>
  <data name="Sha1CatalogHash" inType="win:Binary" outType="xs:hexBinary" length="20"/>
  <data name="Sha256CatalogHash" inType="win:Binary" outType="xs:hexBinary" length="32"/>
  <data name="UserWriteable" inType="win:Boolean" outType="xs:boolean"/>
</template>
]]></Template>
            </Event>
            <Event>
                <Id>8029</Id>
                <Version>0</Version>
                <Channel>Microsoft-Windows-AppLocker/MSI and Script</Channel>
                <Level>Error</Level>
                <Message><![CDATA[
%2 was prevented from running due to Config CI policy.]]></Message>
                <Template><![CDATA[
<template xmlns="http://schemas.microsoft.com/win/2004/08/events">
  <data name="FilePathLength" inType="win:UInt16" outType="xs:unsignedShort"/>
  <data name="FilePath" inType="win:UnicodeString" outType="xs:string" length="FilePathLength"/>
  <data name="Sha1Hash" inType="win:Binary" outType="xs:hexBinary" length="20"/>
  <data name="Sha256Hash" inType="win:Binary" outType="xs:hexBinary" length="32"/>
  <data name="Result" inType="win:Int32" outType="xs:int"/>
  <data name="USN" inType="win:Int64" outType="xs:long"/>
  <data name="Sha1CatalogHash" inType="win:Binary" outType="xs:hexBinary" length="20"/>
  <data name="Sha256CatalogHash" inType="win:Binary" outType="xs:hexBinary" length="32"/>
  <data name="UserWriteable" inType="win:Boolean" outType="xs:boolean"/>
</template>
]]></Template>
            </Event>
            <Event>
                <Id>8030</Id>
                <Version>0</Version>
                <Channel>Microsoft-Windows-AppLocker/EXE and DLL</Channel>
                <Level>Information</Level>
                <Message><![CDATA[
ManagedInstaller check SUCCEEDED during Appid verification of
%2.
Status: %5]]></Message>
                <Template><![CDATA[
<template xmlns="http://schemas.microsoft.com/win/2004/08/events">
  <data name="ImageNameLength" inType="win:UInt16" outType="xs:unsignedShort"/>
  <data name="ImageName" inType="win:UnicodeString" outType="xs:string" length="ImageNameLength"/>
  <data name="ParentProcessLength" inType="win:UInt16" outType="xs:unsignedShort"/>
  <data name="ParentProcess" inType="win:AnsiString" outType="xs:string" length="ParentProcessLength"/>
  <data name="StatusCode" inType="win:HexInt32" outType="win:NTStatus"/>
  <data name="AppLockerReason" inType="win:UInt32" outType="xs:unsignedInt"/>
  <data name="Bucket" inType="win:UInt32" outType="xs:unsignedInt"/>
  <data name="USN" inType="win:UInt64" outType="xs:unsignedLong"/>
  <data name="NtfsFileIdSize" inType="win:UInt16" outType="xs:unsignedShort"/>
  <data name="NtfsFileId" inType="win:Binary" outType="xs:hexBinary" length="NtfsFileIdSize"/>
  <data name="OriginDataPresent" inType="win:Boolean" outType="xs:boolean"/>
  <data name="SessionId" inType="win:GUID" outType="xs:GUID"/>
  <data name="SubSessionId" inType="win:GUID" outType="xs:GUID"/>
  <data name="Origin" inType="win:UInt32" outType="xs:unsignedInt"/>
  <data name="Type" inType="win:UInt32" outType="xs:unsignedInt"/>
  <data name="Generation" inType="win:UInt32" outType="xs:unsignedInt"/>
  <data name="SmartScreen" inType="win:UInt32" outType="xs:unsignedInt"/>
  <data name="RevocationID" inType="win:UInt32" outType="xs:unsignedInt"/>
  <data name="DataLength" inType="win:UInt16" outType="xs:unsignedShort"/>
  <data name="Data" inType="win:UnicodeString" outType="xs:string" length="DataLength"/>
</template>
]]></Template>
            </Event>
            <Event>
                <Id>8030</Id>
                <Version>1</Version>
                <Channel>Microsoft-Windows-AppLocker/EXE and DLL</Channel>
                <Level>Verbose</Level>
                <Message><![CDATA[
ManagedInstaller check SUCCEEDED during Appid verification of
%2.
Status: %5]]></Message>
                <Template><![CDATA[
<template xmlns="http://schemas.microsoft.com/win/2004/08/events">
  <data name="ImageNameLength" inType="win:UInt16" outType="xs:unsignedShort"/>
  <data name="ImageName" inType="win:UnicodeString" outType="xs:string" length="ImageNameLength"/>
  <data name="ParentProcessLength" inType="win:UInt16" outType="xs:unsignedShort"/>
  <data name="ParentProcess" inType="win:AnsiString" outType="xs:string" length="ParentProcessLength"/>
  <data name="StatusCode" inType="win:HexInt32" outType="win:NTStatus"/>
  <data name="AppLockerReason" inType="win:UInt32" outType="xs:unsignedInt"/>
  <data name="Bucket" inType="win:UInt32" outType="xs:unsignedInt"/>
  <data name="USN" inType="win:UInt64" outType="xs:unsignedLong"/>
  <data name="NtfsFileIdSize" inType="win:UInt16" outType="xs:unsignedShort"/>
  <data name="NtfsFileId" inType="win:Binary" outType="xs:hexBinary" length="NtfsFileIdSize"/>
  <data name="OriginDataPresent" inType="win:Boolean" outType="xs:boolean"/>
  <data name="SessionId" inType="win:GUID" outType="xs:GUID"/>
  <data name="SubSessionId" inType="win:GUID" outType="xs:GUID"/>
  <data name="Origin" inType="win:UInt32" outType="xs:unsignedInt"/>
  <data name="Type" inType="win:UInt32" outType="xs:unsignedInt"/>
  <data name="Generation" inType="win:UInt32" outType="xs:unsignedInt"/>
  <data name="SmartScreen" inType="win:UInt32" outType="xs:unsignedInt"/>
  <data name="RevocationID" inType="win:UInt32" outType="xs:unsignedInt"/>
  <data name="DataLength" inType="win:UInt16" outType="xs:unsignedShort"/>
  <data name="Data" inType="win:UnicodeString" outType="xs:string" length="DataLength"/>
</template>
]]></Template>
            </Event>
            <Event>
                <Id>8031</Id>
                <Version>0</Version>
                <Channel>Microsoft-Windows-AppLocker/EXE and DLL</Channel>
                <Level>Information</Level>
                <Message><![CDATA[
SmartlockerFilter detected file %2 being written by process %4.]]></Message>
                <Template><![CDATA[
<template xmlns="http://schemas.microsoft.com/win/2004/08/events">
  <data name="FileNameLength" inType="win:UInt16" outType="xs:unsignedShort"/>
  <data name="FileName" inType="win:UnicodeString" outType="xs:string" length="FileNameLength"/>
  <data name="CurrentProcessLength" inType="win:UInt16" outType="xs:unsignedShort"/>
  <data name="CurrentProcess" inType="win:AnsiString" outType="xs:string" length="CurrentProcessLength"/>
  <data name="ParentProcessLength" inType="win:UInt16" outType="xs:unsignedShort"/>
  <data name="ParentProcess" inType="win:AnsiString" outType="xs:string" length="ParentProcessLength"/>
  <data name="USN" inType="win:UInt64" outType="xs:unsignedLong"/>
  <data name="NtfsFileIdSize" inType="win:UInt16" outType="xs:unsignedShort"/>
  <data name="NtfsFileId" inType="win:Binary" outType="xs:hexBinary" length="NtfsFileIdSize"/>
  <data name="OriginDataPresent" inType="win:Boolean" outType="xs:boolean"/>
  <data name="SessionId" inType="win:GUID" outType="xs:GUID"/>
  <data name="Origin" inType="win:UInt32" outType="xs:unsignedInt"/>
  <data name="Type" inType="win:UInt32" outType="xs:unsignedInt"/>
  <data name="Generation" inType="win:UInt32" outType="xs:unsignedInt"/>
  <data name="SmartScreen" inType="win:UInt32" outType="xs:unsignedInt"/>
  <data name="DataLength" inType="win:UInt16" outType="xs:unsignedShort"/>
  <data name="Data" inType="win:UnicodeString" outType="xs:string" length="DataLength"/>
</template>
]]></Template>
            </Event>
            <Event>
                <Id>8031</Id>
                <Version>1</Version>
                <Channel>Microsoft-Windows-AppLocker/EXE and DLL</Channel>
                <Level>Verbose</Level>
                <Message><![CDATA[
SmartlockerFilter detected file %2 being written by process %4.]]></Message>
                <Template><![CDATA[
<template xmlns="http://schemas.microsoft.com/win/2004/08/events">
  <data name="FileNameLength" inType="win:UInt16" outType="xs:unsignedShort"/>
  <data name="FileName" inType="win:UnicodeString" outType="xs:string" length="FileNameLength"/>
  <data name="CurrentProcessLength" inType="win:UInt16" outType="xs:unsignedShort"/>
  <data name="CurrentProcess" inType="win:AnsiString" outType="xs:string" length="CurrentProcessLength"/>
  <data name="ParentProcessLength" inType="win:UInt16" outType="xs:unsignedShort"/>
  <data name="ParentProcess" inType="win:AnsiString" outType="xs:string" length="ParentProcessLength"/>
  <data name="USN" inType="win:UInt64" outType="xs:unsignedLong"/>
  <data name="NtfsFileIdSize" inType="win:UInt16" outType="xs:unsignedShort"/>
  <data name="NtfsFileId" inType="win:Binary" outType="xs:hexBinary" length="NtfsFileIdSize"/>
  <data name="OriginDataPresent" inType="win:Boolean" outType="xs:boolean"/>
  <data name="SessionId" inType="win:GUID" outType="xs:GUID"/>
  <data name="Origin" inType="win:UInt32" outType="xs:unsignedInt"/>
  <data name="Type" inType="win:UInt32" outType="xs:unsignedInt"/>
  <data name="Generation" inType="win:UInt32" outType="xs:unsignedInt"/>
  <data name="SmartScreen" inType="win:UInt32" outType="xs:unsignedInt"/>
  <data name="DataLength" inType="win:UInt16" outType="xs:unsignedShort"/>
  <data name="Data" inType="win:UnicodeString" outType="xs:string" length="DataLength"/>
</template>
]]></Template>
            </Event>
            <Event>
                <Id>8032</Id>
                <Version>0</Version>
                <Channel>Microsoft-Windows-AppLocker/EXE and DLL</Channel>
                <Level>Error</Level>
                <Message><![CDATA[
ManagedInstaller check FAILED during Appid verification of
%2.
Status: %5]]></Message>
                <Template><![CDATA[
<template xmlns="http://schemas.microsoft.com/win/2004/08/events">
  <data name="ImageNameLength" inType="win:UInt16" outType="xs:unsignedShort"/>
  <data name="ImageName" inType="win:UnicodeString" outType="xs:string" length="ImageNameLength"/>
  <data name="ParentProcessLength" inType="win:UInt16" outType="xs:unsignedShort"/>
  <data name="ParentProcess" inType="win:AnsiString" outType="xs:string" length="ParentProcessLength"/>
  <data name="StatusCode" inType="win:HexInt32" outType="win:NTStatus"/>
  <data name="AppLockerReason" inType="win:UInt32" outType="xs:unsignedInt"/>
  <data name="Bucket" inType="win:UInt32" outType="xs:unsignedInt"/>
  <data name="USN" inType="win:UInt64" outType="xs:unsignedLong"/>
  <data name="NtfsFileIdSize" inType="win:UInt16" outType="xs:unsignedShort"/>
  <data name="NtfsFileId" inType="win:Binary" outType="xs:hexBinary" length="NtfsFileIdSize"/>
  <data name="OriginDataPresent" inType="win:Boolean" outType="xs:boolean"/>
  <data name="SessionId" inType="win:GUID" outType="xs:GUID"/>
  <data name="SubSessionId" inType="win:GUID" outType="xs:GUID"/>
  <data name="Origin" inType="win:UInt32" outType="xs:unsignedInt"/>
  <data name="Type" inType="win:UInt32" outType="xs:unsignedInt"/>
  <data name="Generation" inType="win:UInt32" outType="xs:unsignedInt"/>
  <data name="SmartScreen" inType="win:UInt32" outType="xs:unsignedInt"/>
  <data name="RevocationID" inType="win:UInt32" outType="xs:unsignedInt"/>
  <data name="DataLength" inType="win:UInt16" outType="xs:unsignedShort"/>
  <data name="Data" inType="win:UnicodeString" outType="xs:string" length="DataLength"/>
</template>
]]></Template>
            </Event>
            <Event>
                <Id>8033</Id>
                <Version>0</Version>
                <Channel>Microsoft-Windows-AppLocker/EXE and DLL</Channel>
                <Level>Warning</Level>
                <Message><![CDATA[
ManagedInstaller check FAILED during Appid verification of
%2.
Status: %5
Allowed to run due to Audit Applocker Policy ]]></Message>
                <Template><![CDATA[
<template xmlns="http://schemas.microsoft.com/win/2004/08/events">
  <data name="ImageNameLength" inType="win:UInt16" outType="xs:unsignedShort"/>
  <data name="ImageName" inType="win:UnicodeString" outType="xs:string" length="ImageNameLength"/>
  <data name="ParentProcessLength" inType="win:UInt16" outType="xs:unsignedShort"/>
  <data name="ParentProcess" inType="win:AnsiString" outType="xs:string" length="ParentProcessLength"/>
  <data name="StatusCode" inType="win:HexInt32" outType="win:NTStatus"/>
  <data name="AppLockerReason" inType="win:UInt32" outType="xs:unsignedInt"/>
  <data name="Bucket" inType="win:UInt32" outType="xs:unsignedInt"/>
  <data name="USN" inType="win:UInt64" outType="xs:unsignedLong"/>
  <data name="NtfsFileIdSize" inType="win:UInt16" outType="xs:unsignedShort"/>
  <data name="NtfsFileId" inType="win:Binary" outType="xs:hexBinary" length="NtfsFileIdSize"/>
  <data name="OriginDataPresent" inType="win:Boolean" outType="xs:boolean"/>
  <data name="SessionId" inType="win:GUID" outType="xs:GUID"/>
  <data name="SubSessionId" inType="win:GUID" outType="xs:GUID"/>
  <data name="Origin" inType="win:UInt32" outType="xs:unsignedInt"/>
  <data name="Type" inType="win:UInt32" outType="xs:unsignedInt"/>
  <data name="Generation" inType="win:UInt32" outType="xs:unsignedInt"/>
  <data name="SmartScreen" inType="win:UInt32" outType="xs:unsignedInt"/>
  <data name="RevocationID" inType="win:UInt32" outType="xs:unsignedInt"/>
  <data name="DataLength" inType="win:UInt16" outType="xs:unsignedShort"/>
  <data name="Data" inType="win:UnicodeString" outType="xs:string" length="DataLength"/>
</template>
]]></Template>
            </Event>
            <Event>
                <Id>8034</Id>
                <Version>0</Version>
                <Channel>Microsoft-Windows-AppLocker/MSI and Script</Channel>
                <Level>Information</Level>
                <Message><![CDATA[
ManagedInstaller Script check FAILED during Appid verification of
%2.
Status: %3]]></Message>
                <Template><![CDATA[
<template xmlns="http://schemas.microsoft.com/win/2004/08/events">
  <data name="ImageNameLength" inType="win:UInt16" outType="xs:unsignedShort"/>
  <data name="ImageName" inType="win:UnicodeString" outType="xs:string" length="ImageNameLength"/>
  <data name="StatusCode" inType="win:HexInt32" outType="win:NTStatus"/>
  <data name="Bucket" inType="win:UInt32" outType="xs:unsignedInt"/>
  <data name="OriginDataPresent" inType="win:Boolean" outType="xs:boolean"/>
  <data name="SessionId" inType="win:GUID" outType="xs:GUID"/>
  <data name="SubSessionId" inType="win:GUID" outType="xs:GUID"/>
  <data name="Origin" inType="win:UInt32" outType="xs:unsignedInt"/>
  <data name="Type" inType="win:UInt32" outType="xs:unsignedInt"/>
  <data name="Generation" inType="win:UInt32" outType="xs:unsignedInt"/>
  <data name="SmartScreen" inType="win:UInt32" outType="xs:unsignedInt"/>
  <data name="RevocationID" inType="win:UInt32" outType="xs:unsignedInt"/>
  <data name="DataLength" inType="win:UInt16" outType="xs:unsignedShort"/>
  <data name="Data" inType="win:UnicodeString" outType="xs:string" length="DataLength"/>
</template>
]]></Template>
            </Event>
            <Event>
                <Id>8035</Id>
                <Version>0</Version>
                <Channel>Microsoft-Windows-AppLocker/MSI and Script</Channel>
                <Level>Error</Level>
                <Message><![CDATA[
ManagedInstaller Script check SUCCEEDED during Appid verification of
%2.
Status: %3]]></Message>
                <Template><![CDATA[
<template xmlns="http://schemas.microsoft.com/win/2004/08/events">
  <data name="ImageNameLength" inType="win:UInt16" outType="xs:unsignedShort"/>
  <data name="ImageName" inType="win:UnicodeString" outType="xs:string" length="ImageNameLength"/>
  <data name="StatusCode" inType="win:HexInt32" outType="win:NTStatus"/>
  <data name="Bucket" inType="win:UInt32" outType="xs:unsignedInt"/>
  <data name="OriginDataPresent" inType="win:Boolean" outType="xs:boolean"/>
  <data name="SessionId" inType="win:GUID" outType="xs:GUID"/>
  <data name="SubSessionId" inType="win:GUID" outType="xs:GUID"/>
  <data name="Origin" inType="win:UInt32" outType="xs:unsignedInt"/>
  <data name="Type" inType="win:UInt32" outType="xs:unsignedInt"/>
  <data name="Generation" inType="win:UInt32" outType="xs:unsignedInt"/>
  <data name="SmartScreen" inType="win:UInt32" outType="xs:unsignedInt"/>
  <data name="RevocationID" inType="win:UInt32" outType="xs:unsignedInt"/>
  <data name="DataLength" inType="win:UInt16" outType="xs:unsignedShort"/>
  <data name="Data" inType="win:UnicodeString" outType="xs:string" length="DataLength"/>
</template>
]]></Template>
            </Event>
            <Event>
                <Id>8036</Id>
                <Version>0</Version>
                <Channel>Microsoft-Windows-AppLocker/MSI and Script</Channel>
                <Level>Error</Level>
                <Message><![CDATA[
%2 was prevented from running due to Config CI policy.]]></Message>
                <Template><![CDATA[
<template xmlns="http://schemas.microsoft.com/win/2004/08/events">
  <data name="IsApproved" inType="win:Boolean" outType="xs:boolean"/>
  <data name="CLSID" inType="win:GUID" outType="xs:GUID"/>
</template>
]]></Template>
            </Event>
            <Event>
                <Id>8037</Id>
                <Version>0</Version>
                <Channel>Microsoft-Windows-AppLocker/MSI and Script</Channel>
                <Level>Information</Level>
                <Message><![CDATA[
%2 passed Config CI policy and was allowed to run.]]></Message>
                <Template><![CDATA[
<template xmlns="http://schemas.microsoft.com/win/2004/08/events">
  <data name="FilePathLength" inType="win:UInt16" outType="xs:unsignedShort"/>
  <data name="FilePath" inType="win:UnicodeString" outType="xs:string" length="FilePathLength"/>
  <data name="Sha1Hash" inType="win:Binary" outType="xs:hexBinary" length="20"/>
  <data name="Sha256Hash" inType="win:Binary" outType="xs:hexBinary" length="32"/>
  <data name="Result" inType="win:Int32" outType="xs:int"/>
  <data name="USN" inType="win:Int64" outType="xs:long"/>
  <data name="Sha1CatalogHash" inType="win:Binary" outType="xs:hexBinary" length="20"/>
  <data name="Sha256CatalogHash" inType="win:Binary" outType="xs:hexBinary" length="32"/>
  <data name="UserWriteable" inType="win:Boolean" outType="xs:boolean"/>
</template>
]]></Template>
            </Event>
            <Event>
                <Id>8038</Id>
                <Version>0</Version>
                <Channel>Microsoft-Windows-AppLocker/MSI and Script</Channel>
                <Level>Information</Level>
                <Message><![CDATA[
Publisher info:
Subject: %4
Issuer: %6
Signature index %2 (%1 total)]]></Message>
                <Template><![CDATA[
<template xmlns="http://schemas.microsoft.com/win/2004/08/events">
  <data name="TotalSignatureCount" inType="win:UInt32" outType="xs:unsignedInt"/>
  <data name="Signature" inType="win:UInt32" outType="xs:unsignedInt"/>
  <data name="PublisherNameLength" inType="win:UInt16" outType="xs:unsignedShort"/>
  <data name="PublisherName" inType="win:UnicodeString" outType="xs:string" length="PublisherNameLength"/>
  <data name="IssuerNameLength" inType="win:UInt16" outType="xs:unsignedShort"/>
  <data name="IssuerName" inType="win:UnicodeString" outType="xs:string" length="IssuerNameLength"/>
  <data name="PublisherTBSHashSize" inType="win:UInt32" outType="xs:unsignedInt"/>
  <data name="PublisherTBSHash" inType="win:Binary" outType="xs:hexBinary" length="PublisherTBSHashSize"/>
  <data name="IssuerTBSHashSize" inType="win:UInt32" outType="xs:unsignedInt"/>
  <data name="IssuerTBSHash" inType="win:Binary" outType="xs:hexBinary" length="IssuerTBSHashSize"/>
</template>
]]></Template>
            </Event>
            <Event>
                <Id>8039</Id>
                <Version>0</Version>
                <Channel>Microsoft-Windows-AppLocker/MSI and Script</Channel>
                <Level>Warning</Level>
                <Message><![CDATA[
Package family name %2 version %3 was allowed to install or update but would have been prevented if the Config CI policy (Name:%5 ID:%7 Version:%8 GUID:%9) were enforced. Status %10]]></Message>
                <Template><![CDATA[
<template xmlns="http://schemas.microsoft.com/win/2004/08/events">
  <data name="PackageFamilyNameLength" inType="win:UInt16" outType="xs:unsignedShort"/>
  <data name="PackageFamilyName" inType="win:UnicodeString" outType="xs:string" length="PackageFamilyNameLength"/>
  <data name="PackageVersion" inType="win:UInt64" outType="xs:unsignedLong"/>
  <data name="PolicyNameLength" inType="win:UInt16" outType="xs:unsignedShort"/>
  <data name="PolicyName" inType="win:UnicodeString" outType="xs:string" length="PolicyNameLength"/>
  <data name="PolicyIDLength" inType="win:UInt16" outType="xs:unsignedShort"/>
  <data name="PolicyID" inType="win:UnicodeString" outType="xs:string" length="PolicyIDLength"/>
  <data name="PolicyVersion" inType="win:UInt64" outType="xs:unsignedLong"/>
  <data name="PolicyGuid" inType="win:GUID" outType="xs:GUID"/>
  <data name="Status" inType="win:HexInt32" outType="win:HexInt32"/>
</template>
]]></Template>
            </Event>
            <Event>
                <Id>8040</Id>
                <Version>0</Version>
                <Channel>Microsoft-Windows-AppLocker/MSI and Script</Channel>
                <Level>Error</Level>
                <Message><![CDATA[
Package family name %2 version %3 was prevented from installing or updating due to Config CI policy (Name:%5 ID:%7 Version:%8 GUID:%9). Status %10]]></Message>
                <Template><![CDATA[
<template xmlns="http://schemas.microsoft.com/win/2004/08/events">
  <data name="PackageFamilyNameLength" inType="win:UInt16" outType="xs:unsignedShort"/>
  <data name="PackageFamilyName" inType="win:UnicodeString" outType="xs:string" length="PackageFamilyNameLength"/>
  <data name="PackageVersion" inType="win:UInt64" outType="xs:unsignedLong"/>
  <data name="PolicyNameLength" inType="win:UInt16" outType="xs:unsignedShort"/>
  <data name="PolicyName" inType="win:UnicodeString" outType="xs:string" length="PolicyNameLength"/>
  <data name="PolicyIDLength" inType="win:UInt16" outType="xs:unsignedShort"/>
  <data name="PolicyID" inType="win:UnicodeString" outType="xs:string" length="PolicyIDLength"/>
  <data name="PolicyVersion" inType="win:UInt64" outType="xs:unsignedLong"/>
  <data name="PolicyGuid" inType="win:GUID" outType="xs:GUID"/>
  <data name="Status" inType="win:HexInt32" outType="win:HexInt32"/>
</template>
]]></Template>
            </Event>
            <Event>
                <Id>8041</Id>
                <Version>0</Version>
                <Channel>Microsoft-Windows-AppLocker/MSI and Script</Channel>
                <Level>Information</Level>
                <Message><![CDATA[
A %6 was allowed to %1 by system execution policy. The application provided this information: '%3']]></Message>
                <Template><![CDATA[
<template xmlns="http://schemas.microsoft.com/win/2004/08/events">
  <data name="ExecutionDecision" inType="win:UInt32" outType="xs:unsignedInt"/>
  <data name="AuditInfoLength" inType="win:UInt32" outType="xs:unsignedInt"/>
  <data name="AuditInfo" inType="win:UnicodeString" outType="xs:string" length="AuditInfoLength"/>
  <data name="ExecutionOptionFlags" inType="win:UInt32" outType="xs:unsignedInt"/>
  <data name="Host" inType="win:GUID" outType="xs:GUID"/>
  <data name="Subject" inType="win:UInt32" outType="xs:unsignedInt"/>
</template>
]]></Template>
            </Event>
            <Event>
                <Id>8042</Id>
                <Version>0</Version>
                <Channel>Microsoft-Windows-AppLocker/MSI and Script</Channel>
                <Level>Error</Level>
                <Message><![CDATA[
A %6 was not allowed to be executed by system execution policy. The application provided this information: '%3']]></Message>
                <Template><![CDATA[
<template xmlns="http://schemas.microsoft.com/win/2004/08/events">
  <data name="ExecutionDecision" inType="win:UInt32" outType="xs:unsignedInt"/>
  <data name="AuditInfoLength" inType="win:UInt32" outType="xs:unsignedInt"/>
  <data name="AuditInfo" inType="win:UnicodeString" outType="xs:string" length="AuditInfoLength"/>
  <data name="ExecutionOptionFlags" inType="win:UInt32" outType="xs:unsignedInt"/>
  <data name="Host" inType="win:GUID" outType="xs:GUID"/>
  <data name="Subject" inType="win:UInt32" outType="xs:unsignedInt"/>
</template>
]]></Template>
            </Event>
            <Event>
                <Id>8043</Id>
                <Version>0</Version>
                <Channel>Microsoft-Windows-AppLocker/EXE and DLL</Channel>
                <Level>Information</Level>
                <Message><![CDATA[
Process %6 attempted to register UninstallString %2, Status: %9.]]></Message>
                <Template><![CDATA[
<template xmlns="http://schemas.microsoft.com/win/2004/08/events">
  <data name="UninstallStringLength" inType="win:UInt16" outType="xs:unsignedShort"/>
  <data name="UninstallString" inType="win:UnicodeString" outType="xs:string" length="UninstallStringLength"/>
  <data name="UninstallerPathLength" inType="win:UInt16" outType="xs:unsignedShort"/>
  <data name="UninstallerPath" inType="win:UnicodeString" outType="xs:string" length="UninstallerPathLength"/>
  <data name="ProcessNameLength" inType="win:UInt16" outType="xs:unsignedShort"/>
  <data name="ProcessName" inType="win:UnicodeString" outType="xs:string" length="ProcessNameLength"/>
  <data name="SessionId" inType="win:GUID" outType="xs:GUID"/>
  <data name="SubSessionId" inType="win:GUID" outType="xs:GUID"/>
  <data name="Status" inType="win:HexInt32" outType="win:NTStatus"/>
</template>
]]></Template>
            </Event>
            <Event>
                <Id>8044</Id>
                <Version>0</Version>
                <Channel>Microsoft-Windows-AppLocker/EXE and DLL</Channel>
                <Level>Information</Level>
                <Message><![CDATA[
Checking cmdline %2 against registered UninstallStrings %4, MatchFound: %5, Status:%6.]]></Message>
                <Template><![CDATA[
<template xmlns="http://schemas.microsoft.com/win/2004/08/events">
  <data name="UninstallStringLength" inType="win:UInt16" outType="xs:unsignedShort"/>
  <data name="UninstallString" inType="win:UnicodeString" outType="xs:string" length="UninstallStringLength"/>
  <data name="CmdlineLength" inType="win:UInt16" outType="xs:unsignedShort"/>
  <data name="Cmdline" inType="win:UnicodeString" outType="xs:string" length="CmdlineLength"/>
  <data name="MatchFound" inType="win:Boolean" outType="xs:boolean"/>
  <data name="Status" inType="win:HexInt32" outType="win:NTStatus"/>
</template>
]]></Template>
            </Event>
        </EventMetadata>
    </Provider>
</Providers>
