<Providers>
    <Provider>
        <Name>Microsoft-User Experience Virtualization-Admin</Name>
        <Metadata>
            <Guid>{61BC445E-7A8D-420E-AB36-9C7143881B98}</Guid>
            <ResourceFilePath>%SystemRoot%\system32\Microsoft.Uev.EventLogMessages.dll</ResourceFilePath>
            <ParameterFilePath></ParameterFilePath>
            <MessageFilePath>%SystemRoot%\system32\Microsoft.Uev.EventLogMessages.dll</MessageFilePath>
            <HelpLink></HelpLink>
            <PublisherMessage></PublisherMessage>
            <Channels>
                <Channel>
                    <Message></Message>
                    <Path>Microsoft-User Experience Virtualization-Admin/Debug</Path>
                    <Index>0</Index>
                    <Id>16</Id>
                    <Imported>false</Imported>
                </Channel>
            </Channels>
            <Levels>
                <Level>
                    <Message>Verbose</Message>
                    <Name>win:Verbose</Name>
                    <Value>5</Value>
                </Level>
            </Levels>
            <Tasks>
                <Task>
                    <Message>None</Message>
                    <Name>win:None</Name>
                    <Value>0</Value>
                </Task>
            </Tasks>
            <Opcodes>
                <Opcode>
                    <Message>Start</Message>
                    <Name>win:Start</Name>
                    <Value>1</Value>
                    <Task>0</Task>
                </Opcode>
                <Opcode>
                    <Message>Stop</Message>
                    <Name>win:Stop</Name>
                    <Value>2</Value>
                    <Task>0</Task>
                </Opcode>
            </Opcodes>
            <Keywords>
            </Keywords>
        </Metadata>
        <EventMetadata>
            <Event>
                <Id>0</Id>
                <Version>0</Version>
                <Channel>Microsoft-User Experience Virtualization-Admin/Debug</Channel>
                <Level>Verbose</Level>
                <Opcode>Start</Opcode>
                <Message><![CDATA[
--> %1]]></Message>
                <Template><![CDATA[
<template xmlns="http://schemas.microsoft.com/win/2004/08/events">
  <data name="String" inType="win:UnicodeString" outType="xs:string"/>
</template>
]]></Template>
            </Event>
            <Event>
                <Id>1</Id>
                <Version>0</Version>
                <Channel>Microsoft-User Experience Virtualization-Admin/Debug</Channel>
                <Level>Verbose</Level>
                <Opcode>Stop</Opcode>
                <Message><![CDATA[
<-- %1 [%2]]]></Message>
                <Template><![CDATA[
<template xmlns="http://schemas.microsoft.com/win/2004/08/events">
  <data name="String" inType="win:UnicodeString" outType="xs:string"/>
  <data name="Ulong" inType="win:UInt64" outType="xs:unsignedLong"/>
</template>
]]></Template>
            </Event>
        </EventMetadata>
    </Provider>
</Providers>
