<Providers>
    <Provider>
        <Name>Microsoft-Windows-Hyper-V-Guest-Drivers-Storage-Filter</Name>
        <Metadata>
            <Guid>{0B9FDCCC-451C-449C-9BD8-6756FCC6091A}</Guid>
            <ResourceFilePath>%systemroot%\system32\drivers\vmstorfl.sys</ResourceFilePath>
            <ParameterFilePath>%systemroot%\system32\drivers\vmstorfl.sys</ParameterFilePath>
            <MessageFilePath>%systemroot%\system32\drivers\vmstorfl.sys</MessageFilePath>
            <HelpLink></HelpLink>
            <PublisherMessage>Microsoft-Windows-Hyper-V-Virtual-Storage-Filter</PublisherMessage>
            <Channels>
                <Channel>
                    <Message></Message>
                    <Path>Microsoft-Windows-Hyper-V-Guest-Drivers/Debug</Path>
                    <Index>0</Index>
                    <Id>16</Id>
                    <Imported>true</Imported>
                </Channel>
                <Channel>
                    <Message></Message>
                    <Path>Microsoft-Windows-Hyper-V-Guest-Drivers/Admin</Path>
                    <Index>1</Index>
                    <Id>17</Id>
                    <Imported>true</Imported>
                </Channel>
            </Channels>
            <Levels>
                <Level>
                    <Message>Warning</Message>
                    <Name>win:Warning</Name>
                    <Value>3</Value>
                </Level>
                <Level>
                    <Message>Information</Message>
                    <Name>win:Informational</Name>
                    <Value>4</Value>
                </Level>
                <Level>
                    <Message>Verbose</Message>
                    <Name>win:Verbose</Name>
                    <Value>5</Value>
                </Level>
            </Levels>
            <Tasks>
                <Task>
                    <Message>Port</Message>
                    <Name>Port</Name>
                    <Value>201</Value>
                </Task>
            </Tasks>
            <Opcodes>
                <Opcode>
                    <Message>Dispatching of request.</Message>
                    <Name>Dispatch</Name>
                    <Value>100</Value>
                    <Task>0</Task>
                </Opcode>
                <Opcode>
                    <Message>Completion of request.</Message>
                    <Name>Completion</Name>
                    <Value>101</Value>
                    <Task>0</Task>
                </Opcode>
                <Opcode>
                    <Message>Request timeout handling.</Message>
                    <Name>Timeout</Name>
                    <Value>102</Value>
                    <Task>0</Task>
                </Opcode>
                <Opcode>
                    <Message>Request error handling.</Message>
                    <Name>Error</Name>
                    <Value>103</Value>
                    <Task>0</Task>
                </Opcode>
                <Opcode>
                    <Message>Retry handling.</Message>
                    <Name>Retry</Name>
                    <Value>104</Value>
                    <Task>0</Task>
                </Opcode>
                <Opcode>
                    <Message>Miniport handling of request.</Message>
                    <Name>Miniport</Name>
                    <Value>105</Value>
                    <Task>0</Task>
                </Opcode>
                <Opcode>
                    <Message>Event Queue related operation.</Message>
                    <Name>Queue</Name>
                    <Value>106</Value>
                    <Task>0</Task>
                </Opcode>
                <Opcode>
                    <Message>State transition.</Message>
                    <Name>StateTransition</Name>
                    <Value>107</Value>
                    <Task>0</Task>
                </Opcode>
            </Opcodes>
            <Keywords>
                <Keyword>
                    <Message></Message>
                    <Name>Reset</Name>
                    <Value>1</Value>
                </Keyword>
                <Keyword>
                    <Message></Message>
                    <Name>PortNotification</Name>
                    <Value>2</Value>
                </Keyword>
                <Keyword>
                    <Message></Message>
                    <Name>PauseResume</Name>
                    <Value>4</Value>
                </Keyword>
                <Keyword>
                    <Message></Message>
                    <Name>IoPerfNotification</Name>
                    <Value>8</Value>
                </Keyword>
                <Keyword>
                    <Message></Message>
                    <Name>Config</Name>
                    <Value>16</Value>
                </Keyword>
                <Keyword>
                    <Message></Message>
                    <Name>Perf</Name>
                    <Value>32</Value>
                </Keyword>
                <Keyword>
                    <Message>Logo Performance measurement</Message>
                    <Name>Logo_Performance</Name>
                    <Value>524288</Value>
                </Keyword>
                <Keyword>
                    <Message>IO Performance measurement</Message>
                    <Name>IO_Performance</Name>
                    <Value>1048576</Value>
                </Keyword>
                <Keyword>
                    <Message>Read request</Message>
                    <Name>Read</Name>
                    <Value>2097152</Value>
                </Keyword>
                <Keyword>
                    <Message>Write request</Message>
                    <Name>Write</Name>
                    <Value>4194304</Value>
                </Keyword>
                <Keyword>
                    <Message>Paging Read request</Message>
                    <Name>PagingRead</Name>
                    <Value>8388608</Value>
                </Keyword>
                <Keyword>
                    <Message>Paging Write request</Message>
                    <Name>PagingWrite</Name>
                    <Value>16777216</Value>
                </Keyword>
                <Keyword>
                    <Message>Low memory Read request</Message>
                    <Name>LowMemoryRead</Name>
                    <Value>33554432</Value>
                </Keyword>
                <Keyword>
                    <Message>Low memory write request</Message>
                    <Name>LowMemoryWrite</Name>
                    <Value>67108864</Value>
                </Keyword>
                <Keyword>
                    <Message>Non-Read/Write request</Message>
                    <Name>NonReadWrite</Name>
                    <Value>134217728</Value>
                </Keyword>
                <Keyword>
                    <Message>Pass-Through request</Message>
                    <Name>PassThrough</Name>
                    <Value>268435456</Value>
                </Keyword>
                <Keyword>
                    <Message>Flush request</Message>
                    <Name>Flush</Name>
                    <Value>536870912</Value>
                </Keyword>
                <Keyword>
                    <Message>Device I/O control request</Message>
                    <Name>IOCTL</Name>
                    <Value>1073741824</Value>
                </Keyword>
                <Keyword>
                    <Message>WMI request</Message>
                    <Name>WMI</Name>
                    <Value>2147483648</Value>
                </Keyword>
                <Keyword>
                    <Message>Power request</Message>
                    <Name>Power</Name>
                    <Value>4294967296</Value>
                </Keyword>
                <Keyword>
                    <Message>PnP request</Message>
                    <Name>PnP</Name>
                    <Value>8589934592</Value>
                </Keyword>
                <Keyword>
                    <Message>Device enumeration handling</Message>
                    <Name>Enum</Name>
                    <Value>17179869184</Value>
                </Keyword>
                <Keyword>
                    <Message>Queue-related operation</Message>
                    <Name>Queue</Name>
                    <Value>34359738368</Value>
                </Keyword>
                <Keyword>
                    <Message>Interrupt Service Routine processing</Message>
                    <Name>ISR</Name>
                    <Value>68719476736</Value>
                </Keyword>
                <Keyword>
                    <Message>Deferred Procedure Call handling</Message>
                    <Name>DPC</Name>
                    <Value>137438953472</Value>
                </Keyword>
                <Keyword>
                    <Message>Timer-related operation</Message>
                    <Name>Timer</Name>
                    <Value>274877906944</Value>
                </Keyword>
                <Keyword>
                    <Message>Bus protocol specific operation</Message>
                    <Name>Protocol</Name>
                    <Value>549755813888</Value>
                </Keyword>
                <Keyword>
                    <Message>Target-related operation</Message>
                    <Name>Target</Name>
                    <Value>1099511627776</Value>
                </Keyword>
                <Keyword>
                    <Message>Controller or Host Bus Adapter related operation</Message>
                    <Name>Adapter</Name>
                    <Value>2199023255552</Value>
                </Keyword>
                <Keyword>
                    <Message>Retry handling</Message>
                    <Name>Retry</Name>
                    <Value>4398046511104</Value>
                </Keyword>
                <Keyword>
                    <Message>Timeout handling</Message>
                    <Name>Timeout</Name>
                    <Value>8796093022208</Value>
                </Keyword>
                <Keyword>
                    <Message>Reset handling</Message>
                    <Name>ReSet</Name>
                    <Value>17592186044416</Value>
                </Keyword>
                <Keyword>
                    <Message>Activity between port and miniport</Message>
                    <Name>MiniportInterface</Name>
                    <Value>35184372088832</Value>
                </Keyword>
                <Keyword>
                    <Message>Testing-specific processing</Message>
                    <Name>Test</Name>
                    <Value>140737488355328</Value>
                </Keyword>
            </Keywords>
        </Metadata>
        <EventMetadata>
            <Event>
                <Id>1</Id>
                <Version>0</Version>
                <Channel>Microsoft-Windows-Hyper-V-Guest-Drivers/Admin</Channel>
                <Level>Warning</Level>
                <Message><![CDATA[
The Virtual Storage Filter Driver failed to initialize (%1).]]></Message>
                <Template><![CDATA[
<template xmlns="http://schemas.microsoft.com/win/2004/08/events">
  <data name="NTStatus" inType="win:HexInt32" outType="win:NTStatus"/>
</template>
]]></Template>
            </Event>
            <Event>
                <Id>2</Id>
                <Version>0</Version>
                <Channel>Microsoft-Windows-Hyper-V-Guest-Drivers/Admin</Channel>
                <Level>Warning</Level>
                <Message><![CDATA[
The Virtual Storage Filter Driver failed to intialize disk (%1).]]></Message>
                <Template><![CDATA[
<template xmlns="http://schemas.microsoft.com/win/2004/08/events">
  <data name="NTStatus" inType="win:HexInt32" outType="win:NTStatus"/>
</template>
]]></Template>
            </Event>
            <Event>
                <Id>3</Id>
                <Version>0</Version>
                <Channel>Microsoft-Windows-Hyper-V-Guest-Drivers/Admin</Channel>
                <Level>Information</Level>
                <Message><![CDATA[
The Virtual Storage Filter Driver is active for disk at location %1 (%2).]]></Message>
                <Template><![CDATA[
<template xmlns="http://schemas.microsoft.com/win/2004/08/events">
  <data name="Location" inType="win:UnicodeString" outType="xs:string"/>
  <data name="NTStatus" inType="win:HexInt32" outType="win:NTStatus"/>
</template>
]]></Template>
            </Event>
            <Event>
                <Id>4</Id>
                <Version>0</Version>
                <Channel>Microsoft-Windows-Hyper-V-Guest-Drivers/Admin</Channel>
                <Level>Warning</Level>
                <Message><![CDATA[
The Virtual Storage Filter Driver is inactive for disk at location %1 (%2).]]></Message>
                <Template><![CDATA[
<template xmlns="http://schemas.microsoft.com/win/2004/08/events">
  <data name="Location" inType="win:UnicodeString" outType="xs:string"/>
  <data name="NTStatus" inType="win:HexInt32" outType="win:NTStatus"/>
</template>
]]></Template>
            </Event>
            <Event>
                <Id>5</Id>
                <Version>0</Version>
                <Channel>Microsoft-Windows-Hyper-V-Guest-Drivers/Admin</Channel>
                <Level>Warning</Level>
                <Message><![CDATA[
The Virtual Storage Filter Driver is disabled through the registry. It is inactive for all disk drives.]]></Message>
                <Template><![CDATA[
<template xmlns="http://schemas.microsoft.com/win/2004/08/events">
</template>
]]></Template>
            </Event>
            <Event>
                <Id>202</Id>
                <Version>1</Version>
                <Channel>Microsoft-Windows-Hyper-V-Guest-Drivers/Debug</Channel>
                <Level>Verbose</Level>
                <Task>Port</Task>
                <Opcode>Dispatching of request.</Opcode>
                <Keyword>Read request</Keyword>
                <Message><![CDATA[
Dispatching a read request.]]></Message>
                <Template><![CDATA[
<template xmlns="http://schemas.microsoft.com/win/2004/08/events">
  <data name="Irp" inType="win:Pointer" outType="win:HexInt64"/>
  <data name="Command" inType="win:UInt8" outType="win:HexInt8"/>
  <data name="LengthOfTransfer (in blocks)" inType="win:UInt64" outType="xs:unsignedLong"/>
  <data name="LBA" inType="win:HexInt64" outType="win:HexInt64"/>
  <data name="OriginalIrp" inType="win:Pointer" outType="win:HexInt64"/>
</template>
]]></Template>
            </Event>
            <Event>
                <Id>203</Id>
                <Version>1</Version>
                <Channel>Microsoft-Windows-Hyper-V-Guest-Drivers/Debug</Channel>
                <Level>Verbose</Level>
                <Task>Port</Task>
                <Opcode>Dispatching of request.</Opcode>
                <Keyword>Write request</Keyword>
                <Message><![CDATA[
Dispatching a write request.]]></Message>
                <Template><![CDATA[
<template xmlns="http://schemas.microsoft.com/win/2004/08/events">
  <data name="Irp" inType="win:Pointer" outType="win:HexInt64"/>
  <data name="Command" inType="win:UInt8" outType="win:HexInt8"/>
  <data name="LengthOfTransfer (in blocks)" inType="win:UInt64" outType="xs:unsignedLong"/>
  <data name="LBA" inType="win:HexInt64" outType="win:HexInt64"/>
  <data name="OriginalIrp" inType="win:Pointer" outType="win:HexInt64"/>
</template>
]]></Template>
            </Event>
            <Event>
                <Id>208</Id>
                <Version>1</Version>
                <Channel>Microsoft-Windows-Hyper-V-Guest-Drivers/Debug</Channel>
                <Level>Verbose</Level>
                <Task>Port</Task>
                <Opcode>Completion of request.</Opcode>
                <Keyword>Read request Write request Paging Read request Paging Write request Low memory Read request Low memory write request</Keyword>
                <Message><![CDATA[
Completing an IO (read/write) request.]]></Message>
                <Template><![CDATA[
<template xmlns="http://schemas.microsoft.com/win/2004/08/events">
  <data name="Irp" inType="win:Pointer" outType="win:HexInt64"/>
  <data name="NTStatus" inType="win:HexInt32" outType="win:NTStatus"/>
  <data name="SrbStatus" inType="win:UInt8" outType="win:HexInt8"/>
  <data name="ScsiStatus" inType="win:UInt8" outType="win:HexInt8"/>
  <data name="SenseKey" inType="win:UInt8" outType="win:HexInt8"/>
  <data name="AddSense" inType="win:UInt8" outType="win:HexInt8"/>
  <data name="AddSenseQ" inType="win:UInt8" outType="win:HexInt8"/>
  <data name="OriginalIrp" inType="win:Pointer" outType="win:HexInt64"/>
</template>
]]></Template>
            </Event>
        </EventMetadata>
    </Provider>
</Providers>
