<Providers>
    <Provider>
        <Name>Microsoft-Windows-Kernel-Prefetch</Name>
        <Metadata>
            <Guid>{5322D61A-9EFA-4BC3-A3F9-14BE95C144F8}</Guid>
            <ResourceFilePath>%SystemRoot%\system32\Microsoft-Windows-System-Events.dll</ResourceFilePath>
            <ParameterFilePath></ParameterFilePath>
            <MessageFilePath>%SystemRoot%\system32\Microsoft-Windows-System-Events.dll</MessageFilePath>
            <HelpLink></HelpLink>
            <PublisherMessage></PublisherMessage>
            <Channels>
                <Channel>
                    <Message></Message>
                    <Path>Microsoft-Windows-Kernel-Prefetch/Diagnostic</Path>
                    <Index>0</Index>
                    <Id>16</Id>
                    <Imported>false</Imported>
                </Channel>
            </Channels>
            <Levels>
                <Level>
                    <Message>Information</Message>
                    <Name>win:Informational</Name>
                    <Value>4</Value>
                </Level>
            </Levels>
            <Tasks>
                <Task>
                    <Message></Message>
                    <Name>PrefetchSections</Name>
                    <Value>1</Value>
                </Task>
                <Task>
                    <Message></Message>
                    <Name>PrefetchMetadata</Name>
                    <Value>3</Value>
                </Task>
                <Task>
                    <Message></Message>
                    <Name>OpenVolumes</Name>
                    <Value>5</Value>
                </Task>
                <Task>
                    <Message></Message>
                    <Name>EndTrace</Name>
                    <Value>7</Value>
                </Task>
                <Task>
                    <Message></Message>
                    <Name>ScenarioDecision</Name>
                    <Value>8</Value>
                </Task>
                <Task>
                    <Message></Message>
                    <Name>GetReadLists</Name>
                    <Value>9</Value>
                </Task>
                <Task>
                    <Message></Message>
                    <Name>AsyncWorker</Name>
                    <Value>10</Value>
                </Task>
            </Tasks>
            <Opcodes>
                <Opcode>
                    <Message>Info</Message>
                    <Name>win:Info</Name>
                    <Value>0</Value>
                    <Task>0</Task>
                </Opcode>
                <Opcode>
                    <Message>Start</Message>
                    <Name>win:Start</Name>
                    <Value>1</Value>
                    <Task>0</Task>
                </Opcode>
                <Opcode>
                    <Message>Stop</Message>
                    <Name>win:Stop</Name>
                    <Value>2</Value>
                    <Task>0</Task>
                </Opcode>
            </Opcodes>
            <Keywords>
                <Keyword>
                    <Message></Message>
                    <Name>BasicInformation</Name>
                    <Value>32</Value>
                </Keyword>
            </Keywords>
        </Metadata>
        <EventMetadata>
            <Event>
                <Id>1</Id>
                <Version>0</Version>
                <Channel>Microsoft-Windows-Kernel-Prefetch/Diagnostic</Channel>
                <Level>Information</Level>
                <Task>PrefetchSections</Task>
                <Opcode>Start</Opcode>
                <Keyword>BasicInformation</Keyword>
                <Template><![CDATA[
<template xmlns="http://schemas.microsoft.com/win/2004/08/events">
  <data name="ScenarioNameLength" inType="win:UInt16" outType="xs:unsignedShort"/>
  <data name="ScenarioName" inType="win:UnicodeString" outType="xs:string" length="ScenarioNameLength"/>
  <data name="ScenarioHashId" inType="win:UInt32" outType="win:HexInt32"/>
  <data name="ScenarioType" inType="win:UInt32" outType="xs:unsignedInt"/>
  <data name="PrefetchPhase" inType="win:UInt32" outType="xs:unsignedInt"/>
  <data name="PrefetchType" inType="win:UInt32" outType="xs:unsignedInt"/>
  <data name="IsTricklePhase" inType="win:UInt8" outType="xs:unsignedByte"/>
</template>
]]></Template>
            </Event>
            <Event>
                <Id>1</Id>
                <Version>1</Version>
                <Channel>Microsoft-Windows-Kernel-Prefetch/Diagnostic</Channel>
                <Level>Information</Level>
                <Task>PrefetchSections</Task>
                <Opcode>Start</Opcode>
                <Keyword>BasicInformation</Keyword>
                <Template><![CDATA[
<template xmlns="http://schemas.microsoft.com/win/2004/08/events">
  <data name="ScenarioNameLength" inType="win:UInt16" outType="xs:unsignedShort"/>
  <data name="ScenarioName" inType="win:UnicodeString" outType="xs:string" length="ScenarioNameLength"/>
  <data name="ScenarioHashId" inType="win:UInt32" outType="win:HexInt32"/>
  <data name="ScenarioType" inType="win:UInt32" outType="xs:unsignedInt"/>
  <data name="PrefetchPhaseMask" inType="win:UInt32" outType="win:HexInt32"/>
  <data name="PrefetchType" inType="win:UInt32" outType="xs:unsignedInt"/>
  <data name="IsTricklePhase" inType="win:UInt8" outType="xs:unsignedByte"/>
</template>
]]></Template>
            </Event>
            <Event>
                <Id>2</Id>
                <Version>0</Version>
                <Channel>Microsoft-Windows-Kernel-Prefetch/Diagnostic</Channel>
                <Level>Information</Level>
                <Task>PrefetchSections</Task>
                <Opcode>Stop</Opcode>
                <Keyword>BasicInformation</Keyword>
                <Template><![CDATA[
<template xmlns="http://schemas.microsoft.com/win/2004/08/events">
  <data name="ScenarioNameLength" inType="win:UInt16" outType="xs:unsignedShort"/>
  <data name="ScenarioName" inType="win:UnicodeString" outType="xs:string" length="ScenarioNameLength"/>
  <data name="ScenarioHashId" inType="win:UInt32" outType="win:HexInt32"/>
  <data name="ScenarioType" inType="win:UInt32" outType="xs:unsignedInt"/>
  <data name="PrefetchPhase" inType="win:UInt32" outType="xs:unsignedInt"/>
  <data name="PrefetchType" inType="win:UInt32" outType="xs:unsignedInt"/>
  <data name="IsTricklePhase" inType="win:UInt8" outType="xs:unsignedByte"/>
  <data name="NumPagesPrefetched" inType="win:UInt64" outType="xs:unsignedLong"/>
  <data name="NumReadLists" inType="win:UInt32" outType="xs:unsignedInt"/>
</template>
]]></Template>
            </Event>
            <Event>
                <Id>2</Id>
                <Version>1</Version>
                <Channel>Microsoft-Windows-Kernel-Prefetch/Diagnostic</Channel>
                <Level>Information</Level>
                <Task>PrefetchSections</Task>
                <Opcode>Stop</Opcode>
                <Keyword>BasicInformation</Keyword>
                <Template><![CDATA[
<template xmlns="http://schemas.microsoft.com/win/2004/08/events">
  <data name="ScenarioNameLength" inType="win:UInt16" outType="xs:unsignedShort"/>
  <data name="ScenarioName" inType="win:UnicodeString" outType="xs:string" length="ScenarioNameLength"/>
  <data name="ScenarioHashId" inType="win:UInt32" outType="win:HexInt32"/>
  <data name="ScenarioType" inType="win:UInt32" outType="xs:unsignedInt"/>
  <data name="PrefetchPhaseMask" inType="win:UInt32" outType="win:HexInt32"/>
  <data name="PrefetchType" inType="win:UInt32" outType="xs:unsignedInt"/>
  <data name="IsTricklePhase" inType="win:UInt8" outType="xs:unsignedByte"/>
  <data name="NumPagesPrefetched" inType="win:UInt64" outType="xs:unsignedLong"/>
  <data name="NumReadLists" inType="win:UInt32" outType="xs:unsignedInt"/>
</template>
]]></Template>
            </Event>
            <Event>
                <Id>3</Id>
                <Version>0</Version>
                <Channel>Microsoft-Windows-Kernel-Prefetch/Diagnostic</Channel>
                <Level>Information</Level>
                <Task>PrefetchMetadata</Task>
                <Opcode>Start</Opcode>
                <Keyword>BasicInformation</Keyword>
                <Template><![CDATA[
<template xmlns="http://schemas.microsoft.com/win/2004/08/events">
  <data name="ScenarioNameLength" inType="win:UInt16" outType="xs:unsignedShort"/>
  <data name="ScenarioName" inType="win:UnicodeString" outType="xs:string" length="ScenarioNameLength"/>
  <data name="ScenarioHashId" inType="win:UInt32" outType="win:HexInt32"/>
  <data name="ScenarioType" inType="win:UInt32" outType="xs:unsignedInt"/>
  <data name="PrefetchPhase" inType="win:UInt32" outType="xs:unsignedInt"/>
</template>
]]></Template>
            </Event>
            <Event>
                <Id>3</Id>
                <Version>1</Version>
                <Channel>Microsoft-Windows-Kernel-Prefetch/Diagnostic</Channel>
                <Level>Information</Level>
                <Task>PrefetchMetadata</Task>
                <Opcode>Start</Opcode>
                <Keyword>BasicInformation</Keyword>
                <Template><![CDATA[
<template xmlns="http://schemas.microsoft.com/win/2004/08/events">
  <data name="ScenarioNameLength" inType="win:UInt16" outType="xs:unsignedShort"/>
  <data name="ScenarioName" inType="win:UnicodeString" outType="xs:string" length="ScenarioNameLength"/>
  <data name="ScenarioHashId" inType="win:UInt32" outType="win:HexInt32"/>
  <data name="ScenarioType" inType="win:UInt32" outType="xs:unsignedInt"/>
  <data name="PrefetchPhaseMask" inType="win:UInt32" outType="win:HexInt32"/>
</template>
]]></Template>
            </Event>
            <Event>
                <Id>4</Id>
                <Version>0</Version>
                <Channel>Microsoft-Windows-Kernel-Prefetch/Diagnostic</Channel>
                <Level>Information</Level>
                <Task>PrefetchMetadata</Task>
                <Opcode>Stop</Opcode>
                <Keyword>BasicInformation</Keyword>
                <Template><![CDATA[
<template xmlns="http://schemas.microsoft.com/win/2004/08/events">
  <data name="ScenarioNameLength" inType="win:UInt16" outType="xs:unsignedShort"/>
  <data name="ScenarioName" inType="win:UnicodeString" outType="xs:string" length="ScenarioNameLength"/>
  <data name="ScenarioHashId" inType="win:UInt32" outType="win:HexInt32"/>
  <data name="ScenarioType" inType="win:UInt32" outType="xs:unsignedInt"/>
  <data name="PrefetchPhase" inType="win:UInt32" outType="xs:unsignedInt"/>
</template>
]]></Template>
            </Event>
            <Event>
                <Id>4</Id>
                <Version>1</Version>
                <Channel>Microsoft-Windows-Kernel-Prefetch/Diagnostic</Channel>
                <Level>Information</Level>
                <Task>PrefetchMetadata</Task>
                <Opcode>Stop</Opcode>
                <Keyword>BasicInformation</Keyword>
                <Template><![CDATA[
<template xmlns="http://schemas.microsoft.com/win/2004/08/events">
  <data name="ScenarioNameLength" inType="win:UInt16" outType="xs:unsignedShort"/>
  <data name="ScenarioName" inType="win:UnicodeString" outType="xs:string" length="ScenarioNameLength"/>
  <data name="ScenarioHashId" inType="win:UInt32" outType="win:HexInt32"/>
  <data name="ScenarioType" inType="win:UInt32" outType="xs:unsignedInt"/>
  <data name="PrefetchPhaseMask" inType="win:UInt32" outType="win:HexInt32"/>
</template>
]]></Template>
            </Event>
            <Event>
                <Id>5</Id>
                <Version>0</Version>
                <Channel>Microsoft-Windows-Kernel-Prefetch/Diagnostic</Channel>
                <Level>Information</Level>
                <Task>OpenVolumes</Task>
                <Opcode>Start</Opcode>
                <Keyword>BasicInformation</Keyword>
                <Template><![CDATA[
<template xmlns="http://schemas.microsoft.com/win/2004/08/events">
  <data name="ScenarioNameLength" inType="win:UInt16" outType="xs:unsignedShort"/>
  <data name="ScenarioName" inType="win:UnicodeString" outType="xs:string" length="ScenarioNameLength"/>
  <data name="ScenarioHashId" inType="win:UInt32" outType="win:HexInt32"/>
  <data name="ScenarioType" inType="win:UInt32" outType="xs:unsignedInt"/>
</template>
]]></Template>
            </Event>
            <Event>
                <Id>6</Id>
                <Version>0</Version>
                <Channel>Microsoft-Windows-Kernel-Prefetch/Diagnostic</Channel>
                <Level>Information</Level>
                <Task>OpenVolumes</Task>
                <Opcode>Stop</Opcode>
                <Keyword>BasicInformation</Keyword>
                <Template><![CDATA[
<template xmlns="http://schemas.microsoft.com/win/2004/08/events">
  <data name="ScenarioNameLength" inType="win:UInt16" outType="xs:unsignedShort"/>
  <data name="ScenarioName" inType="win:UnicodeString" outType="xs:string" length="ScenarioNameLength"/>
  <data name="ScenarioHashId" inType="win:UInt32" outType="win:HexInt32"/>
  <data name="ScenarioType" inType="win:UInt32" outType="xs:unsignedInt"/>
</template>
]]></Template>
            </Event>
            <Event>
                <Id>7</Id>
                <Version>0</Version>
                <Channel>Microsoft-Windows-Kernel-Prefetch/Diagnostic</Channel>
                <Level>Information</Level>
                <Task>EndTrace</Task>
                <Keyword>BasicInformation</Keyword>
                <Template><![CDATA[
<template xmlns="http://schemas.microsoft.com/win/2004/08/events">
  <data name="ScenarioNameLength" inType="win:UInt16" outType="xs:unsignedShort"/>
  <data name="ScenarioName" inType="win:UnicodeString" outType="xs:string" length="ScenarioNameLength"/>
  <data name="ScenarioHashId" inType="win:UInt32" outType="win:HexInt32"/>
  <data name="ScenarioType" inType="win:UInt32" outType="xs:unsignedInt"/>
  <data name="EndReason" inType="win:UInt32" outType="xs:unsignedInt"/>
</template>
]]></Template>
            </Event>
            <Event>
                <Id>8</Id>
                <Version>0</Version>
                <Channel>Microsoft-Windows-Kernel-Prefetch/Diagnostic</Channel>
                <Level>Information</Level>
                <Task>ScenarioDecision</Task>
                <Keyword>BasicInformation</Keyword>
                <Template><![CDATA[
<template xmlns="http://schemas.microsoft.com/win/2004/08/events">
  <data name="ScenarioNameLength" inType="win:UInt16" outType="xs:unsignedShort"/>
  <data name="ScenarioName" inType="win:UnicodeString" outType="xs:string" length="ScenarioNameLength"/>
  <data name="ScenarioHashId" inType="win:UInt32" outType="win:HexInt32"/>
  <data name="ScenarioType" inType="win:UInt32" outType="xs:unsignedInt"/>
  <data name="ActionFlags" inType="win:UInt16" outType="xs:unsignedShort"/>
  <data name="TraceReason" inType="win:UInt8" outType="xs:unsignedByte"/>
  <data name="PrefetchReason" inType="win:UInt8" outType="xs:unsignedByte"/>
</template>
]]></Template>
            </Event>
            <Event>
                <Id>8</Id>
                <Version>1</Version>
                <Channel>Microsoft-Windows-Kernel-Prefetch/Diagnostic</Channel>
                <Level>Information</Level>
                <Task>ScenarioDecision</Task>
                <Keyword>BasicInformation</Keyword>
                <Template><![CDATA[
<template xmlns="http://schemas.microsoft.com/win/2004/08/events">
  <data name="ScenarioNameLength" inType="win:UInt16" outType="xs:unsignedShort"/>
  <data name="ScenarioName" inType="win:UnicodeString" outType="xs:string" length="ScenarioNameLength"/>
  <data name="ScenarioHashId" inType="win:UInt32" outType="win:HexInt32"/>
  <data name="ScenarioType" inType="win:UInt32" outType="xs:unsignedInt"/>
  <data name="ActionFlags" inType="win:UInt16" outType="xs:unsignedShort"/>
  <data name="TraceReason" inType="win:UInt8" outType="xs:unsignedByte"/>
  <data name="PrefetchReason" inType="win:UInt8" outType="xs:unsignedByte"/>
  <data name="NumLaunches" inType="win:UInt32" outType="xs:unsignedInt"/>
  <data name="TimeSinceLastLaunchInS" inType="win:UInt32" outType="xs:unsignedInt"/>
</template>
]]></Template>
            </Event>
            <Event>
                <Id>9</Id>
                <Version>1</Version>
                <Channel>Microsoft-Windows-Kernel-Prefetch/Diagnostic</Channel>
                <Level>Information</Level>
                <Task>GetReadLists</Task>
                <Opcode>Start</Opcode>
                <Keyword>BasicInformation</Keyword>
                <Template><![CDATA[
<template xmlns="http://schemas.microsoft.com/win/2004/08/events">
  <data name="ScenarioNameLength" inType="win:UInt16" outType="xs:unsignedShort"/>
  <data name="ScenarioName" inType="win:UnicodeString" outType="xs:string" length="ScenarioNameLength"/>
  <data name="ScenarioHashId" inType="win:UInt32" outType="win:HexInt32"/>
  <data name="ScenarioType" inType="win:UInt32" outType="xs:unsignedInt"/>
  <data name="WorkItemsCount" inType="win:UInt32" outType="xs:unsignedInt"/>
</template>
]]></Template>
            </Event>
            <Event>
                <Id>10</Id>
                <Version>1</Version>
                <Channel>Microsoft-Windows-Kernel-Prefetch/Diagnostic</Channel>
                <Level>Information</Level>
                <Task>GetReadLists</Task>
                <Opcode>Stop</Opcode>
                <Keyword>BasicInformation</Keyword>
                <Template><![CDATA[
<template xmlns="http://schemas.microsoft.com/win/2004/08/events">
  <data name="ScenarioNameLength" inType="win:UInt16" outType="xs:unsignedShort"/>
  <data name="ScenarioName" inType="win:UnicodeString" outType="xs:string" length="ScenarioNameLength"/>
  <data name="ScenarioHashId" inType="win:UInt32" outType="win:HexInt32"/>
  <data name="ScenarioType" inType="win:UInt32" outType="xs:unsignedInt"/>
</template>
]]></Template>
            </Event>
            <Event>
                <Id>11</Id>
                <Version>0</Version>
                <Channel>Microsoft-Windows-Kernel-Prefetch/Diagnostic</Channel>
                <Level>Information</Level>
                <Task>AsyncWorker</Task>
                <Opcode>Start</Opcode>
                <Keyword>BasicInformation</Keyword>
                <Template><![CDATA[
<template xmlns="http://schemas.microsoft.com/win/2004/08/events">
  <data name="ScenarioNameLength" inType="win:UInt16" outType="xs:unsignedShort"/>
  <data name="ScenarioName" inType="win:UnicodeString" outType="xs:string" length="ScenarioNameLength"/>
  <data name="ScenarioHashId" inType="win:UInt32" outType="win:HexInt32"/>
  <data name="ScenarioType" inType="win:UInt32" outType="xs:unsignedInt"/>
  <data name="NumPhases" inType="win:UInt32" outType="xs:unsignedInt"/>
</template>
]]></Template>
            </Event>
            <Event>
                <Id>12</Id>
                <Version>0</Version>
                <Channel>Microsoft-Windows-Kernel-Prefetch/Diagnostic</Channel>
                <Level>Information</Level>
                <Task>AsyncWorker</Task>
                <Opcode>Stop</Opcode>
                <Keyword>BasicInformation</Keyword>
                <Template><![CDATA[
<template xmlns="http://schemas.microsoft.com/win/2004/08/events">
  <data name="ScenarioNameLength" inType="win:UInt16" outType="xs:unsignedShort"/>
  <data name="ScenarioName" inType="win:UnicodeString" outType="xs:string" length="ScenarioNameLength"/>
  <data name="ScenarioHashId" inType="win:UInt32" outType="win:HexInt32"/>
  <data name="ScenarioType" inType="win:UInt32" outType="xs:unsignedInt"/>
</template>
]]></Template>
            </Event>
            <Event>
                <Id>13</Id>
                <Version>0</Version>
                <Channel>Microsoft-Windows-Kernel-Prefetch/Diagnostic</Channel>
                <Level>Information</Level>
                <Task>AsyncWorker</Task>
                <Keyword>BasicInformation</Keyword>
                <Template><![CDATA[
<template xmlns="http://schemas.microsoft.com/win/2004/08/events">
  <data name="ScenarioNameLength" inType="win:UInt16" outType="xs:unsignedShort"/>
  <data name="ScenarioName" inType="win:UnicodeString" outType="xs:string" length="ScenarioNameLength"/>
  <data name="ScenarioHashId" inType="win:UInt32" outType="win:HexInt32"/>
  <data name="ScenarioType" inType="win:UInt32" outType="xs:unsignedInt"/>
</template>
]]></Template>
            </Event>
        </EventMetadata>
    </Provider>
</Providers>
