<Providers>
    <Provider>
        <Name>Microsoft-Windows-HostGuardianClient-Service</Name>
        <Metadata>
            <Guid>{5D487FAD-104B-5CA6-CA4E-14C206850501}</Guid>
            <ResourceFilePath>%windir%\System32\hgclientservice.dll</ResourceFilePath>
            <ParameterFilePath></ParameterFilePath>
            <MessageFilePath>%windir%\System32\hgclientservice.dll</MessageFilePath>
            <HelpLink></HelpLink>
            <PublisherMessage></PublisherMessage>
            <Channels>
                <Channel>
                    <Message>Microsoft-Windows-HostGuardianClient-Service/Admin</Message>
                    <Path>Microsoft-Windows-HostGuardianClient-Service/Admin</Path>
                    <Index>0</Index>
                    <Id>16</Id>
                    <Imported>false</Imported>
                </Channel>
                <Channel>
                    <Message>Microsoft-Windows-HostGuardianClient-Service/Operational</Message>
                    <Path>Microsoft-Windows-HostGuardianClient-Service/Operational</Path>
                    <Index>1</Index>
                    <Id>17</Id>
                    <Imported>false</Imported>
                </Channel>
                <Channel>
                    <Message>Microsoft-Windows-HostGuardianClient-Service/Debug</Message>
                    <Path>Microsoft-Windows-HostGuardianClient-Service/Debug</Path>
                    <Index>2</Index>
                    <Id>18</Id>
                    <Imported>false</Imported>
                </Channel>
            </Channels>
            <Levels>
                <Level>
                    <Message>Error</Message>
                    <Name>win:Error</Name>
                    <Value>2</Value>
                </Level>
                <Level>
                    <Message>Warning</Message>
                    <Name>win:Warning</Name>
                    <Value>3</Value>
                </Level>
                <Level>
                    <Message>Information</Message>
                    <Name>win:Informational</Name>
                    <Value>4</Value>
                </Level>
            </Levels>
            <Tasks>
            </Tasks>
            <Opcodes>
            </Opcodes>
            <Keywords>
            </Keywords>
        </Metadata>
        <EventMetadata>
            <Event>
                <Id>1</Id>
                <Version>0</Version>
                <Channel>Microsoft-Windows-HostGuardianClient-Service/Operational</Channel>
                <Level>Information</Level>
                <Message><![CDATA[
Host guardian client service is launched.]]></Message>
                <Template><![CDATA[
]]></Template>
            </Event>
            <Event>
                <Id>2</Id>
                <Version>0</Version>
                <Channel>Microsoft-Windows-HostGuardianClient-Service/Operational</Channel>
                <Level>Information</Level>
                <Message><![CDATA[
Host guardian client service is shutdown.]]></Message>
                <Template><![CDATA[
]]></Template>
            </Event>
            <Event>
                <Id>3</Id>
                <Version>0</Version>
                <Channel>Microsoft-Windows-HostGuardianClient-Service/Operational</Channel>
                <Level>Information</Level>
                <Message><![CDATA[
Host guardian client is started.]]></Message>
                <Template><![CDATA[
]]></Template>
            </Event>
            <Event>
                <Id>4</Id>
                <Version>0</Version>
                <Channel>Microsoft-Windows-HostGuardianClient-Service/Operational</Channel>
                <Level>Information</Level>
                <Message><![CDATA[
Host guardian client service is stopped.]]></Message>
                <Template><![CDATA[
]]></Template>
            </Event>
            <Event>
                <Id>5</Id>
                <Version>0</Version>
                <Channel>Microsoft-Windows-HostGuardianClient-Service/Debug</Channel>
                <Level>Information</Level>
                <Message><![CDATA[
%1]]></Message>
                <Template><![CDATA[
<template xmlns="http://schemas.microsoft.com/win/2004/08/events">
  <data name="Message" inType="win:UnicodeString" outType="xs:string"/>
</template>
]]></Template>
            </Event>
            <Event>
                <Id>6</Id>
                <Version>0</Version>
                <Channel>Microsoft-Windows-HostGuardianClient-Service/Debug</Channel>
                <Level>Warning</Level>
                <Message><![CDATA[
%1 --> %2]]></Message>
                <Template><![CDATA[
<template xmlns="http://schemas.microsoft.com/win/2004/08/events">
  <data name="Message" inType="win:UnicodeString" outType="xs:string"/>
  <data name="Win32Error" inType="win:UInt32" outType="win:Win32Error"/>
</template>
]]></Template>
            </Event>
            <Event>
                <Id>7</Id>
                <Version>0</Version>
                <Channel>Microsoft-Windows-HostGuardianClient-Service/Debug</Channel>
                <Level>Error</Level>
                <Message><![CDATA[
%1 --> %2]]></Message>
                <Template><![CDATA[
<template xmlns="http://schemas.microsoft.com/win/2004/08/events">
  <data name="Message" inType="win:UnicodeString" outType="xs:string"/>
  <data name="Win32Error" inType="win:UInt32" outType="win:Win32Error"/>
</template>
]]></Template>
            </Event>
            <Event>
                <Id>8</Id>
                <Version>0</Version>
                <Channel>Microsoft-Windows-HostGuardianClient-Service/Admin</Channel>
                <Level>Error</Level>
                <Message><![CDATA[
'%1' error registering service with service control manager.]]></Message>
                <Template><![CDATA[
<template xmlns="http://schemas.microsoft.com/win/2004/08/events">
  <data name="Win32Error" inType="win:UInt32" outType="win:Win32Error"/>
</template>
]]></Template>
            </Event>
            <Event>
                <Id>9</Id>
                <Version>0</Version>
                <Channel>Microsoft-Windows-HostGuardianClient-Service/Operational</Channel>
                <Level>Error</Level>
                <Message><![CDATA[
Failed to load the attestation WMI provider (%1) at namespace %2 from path %3.]]></Message>
                <Template><![CDATA[
<template xmlns="http://schemas.microsoft.com/win/2004/08/events">
  <data name="Str1" inType="win:UnicodeString" outType="xs:string"/>
  <data name="Str2" inType="win:UnicodeString" outType="xs:string"/>
  <data name="Str3" inType="win:UnicodeString" outType="xs:string"/>
</template>
]]></Template>
            </Event>
            <Event>
                <Id>10</Id>
                <Version>0</Version>
                <Channel>Microsoft-Windows-HostGuardianClient-Service/Operational</Channel>
                <Level>Error</Level>
                <Message><![CDATA[
Failed to load the service plugin from path %1.]]></Message>
                <Template><![CDATA[
<template xmlns="http://schemas.microsoft.com/win/2004/08/events">
  <data name="Message" inType="win:UnicodeString" outType="xs:string"/>
</template>
]]></Template>
            </Event>
            <Event>
                <Id>11</Id>
                <Version>0</Version>
                <Channel>Microsoft-Windows-HostGuardianClient-Service/Operational</Channel>
                <Level>Error</Level>
                <Message><![CDATA[
Failed to initialize global configuration with error %1. This is fatal and would result in stop of the service.]]></Message>
                <Template><![CDATA[
<template xmlns="http://schemas.microsoft.com/win/2004/08/events">
  <data name="Win32Error" inType="win:UInt32" outType="win:Win32Error"/>
</template>
]]></Template>
            </Event>
        </EventMetadata>
    </Provider>
</Providers>
