<Providers>
    <Provider>
        <Name>Microsoft-Windows-EnhancedStorage-EhStorTcgDrv</Name>
        <Metadata>
            <Guid>{AA3AA23B-BB6D-425A-B58C-1D7E37F5D02A}</Guid>
            <ResourceFilePath>%SystemRoot%\System32\Drivers\EhStorTcgDrv.sys</ResourceFilePath>
            <ParameterFilePath></ParameterFilePath>
            <MessageFilePath>%SystemRoot%\System32\Drivers\EhStorTcgDrv.sys</MessageFilePath>
            <HelpLink></HelpLink>
            <PublisherMessage>Microsoft-Windows-EnhancedStorage-EhStorTcgDrv</PublisherMessage>
            <Channels>
                <Channel>
                    <Message>System</Message>
                    <Path>System</Path>
                    <Index>0</Index>
                    <Id>8</Id>
                    <Imported>true</Imported>
                </Channel>
                <Channel>
                    <Message></Message>
                    <Path>Microsoft-Windows-EnhancedStorage-EhStorTcgDrv/Analytic</Path>
                    <Index>1</Index>
                    <Id>16</Id>
                    <Imported>false</Imported>
                </Channel>
            </Channels>
            <Levels>
                <Level>
                    <Message>Error</Message>
                    <Name>win:Error</Name>
                    <Value>2</Value>
                </Level>
                <Level>
                    <Message>Warning</Message>
                    <Name>win:Warning</Name>
                    <Value>3</Value>
                </Level>
                <Level>
                    <Message>Information</Message>
                    <Name>win:Informational</Name>
                    <Value>4</Value>
                </Level>
            </Levels>
            <Tasks>
                <Task>
                    <Message>Driver</Message>
                    <Name>Task.Driver</Name>
                    <Guid>{EE2803BF-4FD1-4252-98AA-CCD1DD342E81}</Guid>
                    <Value>1</Value>
                </Task>
                <Task>
                    <Message>GetSiloCaps</Message>
                    <Name>Task.GetSiloCaps</Name>
                    <Value>2</Value>
                </Task>
                <Task>
                    <Message>ExecuteSiloCmd</Message>
                    <Name>Task.ExecuteSiloCmd</Name>
                    <Value>3</Value>
                </Task>
                <Task>
                    <Message>Reset</Message>
                    <Name>Task.Reset</Name>
                    <Value>4</Value>
                </Task>
                <Task>
                    <Message>IoctlQueryCapabilities</Message>
                    <Name>Task.IoctlQueryCaps</Name>
                    <Value>5</Value>
                </Task>
                <Task>
                    <Message>IoctlActivate</Message>
                    <Name>Task.IoctlActivate</Name>
                    <Value>6</Value>
                </Task>
                <Task>
                    <Message>IoctlRevert</Message>
                    <Name>Task.IoctlRevert</Name>
                    <Value>7</Value>
                </Task>
                <Task>
                    <Message>IoctlEnumerateBands</Message>
                    <Name>Task.IoctlEnumBands</Name>
                    <Value>8</Value>
                </Task>
                <Task>
                    <Message>IoctlCreateBand</Message>
                    <Name>Task.IoctlCreateBand</Name>
                    <Value>9</Value>
                </Task>
                <Task>
                    <Message>IoctlSetBandLocation</Message>
                    <Name>Task.IoctlSetBandLoc</Name>
                    <Value>10</Value>
                </Task>
                <Task>
                    <Message>IoctlSetBandSecurity</Message>
                    <Name>Task.IoctlSetBandSec</Name>
                    <Value>11</Value>
                </Task>
                <Task>
                    <Message>IoctlDeleteBand</Message>
                    <Name>Task.IoctlDelBand</Name>
                    <Value>12</Value>
                </Task>
                <Task>
                    <Message>IoctlEraseBand</Message>
                    <Name>Task.IoctlEraseBand</Name>
                    <Value>13</Value>
                </Task>
                <Task>
                    <Message>IoctlGetBandMetadata</Message>
                    <Name>Task.IoctlGetBandMetadata</Name>
                    <Value>14</Value>
                </Task>
                <Task>
                    <Message>IoctlSetBandMetadata</Message>
                    <Name>Task.IoctlSetBandMetadata</Name>
                    <Value>15</Value>
                </Task>
                <Task>
                    <Message>IoctlRelinquishSilo</Message>
                    <Name>Task.IoctlRelinquish</Name>
                    <Value>16</Value>
                </Task>
                <Task>
                    <Message>IoctlSetSid</Message>
                    <Name>Task.IoctlSetSid</Name>
                    <Value>17</Value>
                </Task>
                <Task>
                    <Message>IoctlEraseAllBands</Message>
                    <Name>Task.IoctlEraseAllBands</Name>
                    <Value>18</Value>
                </Task>
            </Tasks>
            <Opcodes>
                <Opcode>
                    <Message>Start</Message>
                    <Name>win:Start</Name>
                    <Value>1</Value>
                    <Task>0</Task>
                </Opcode>
                <Opcode>
                    <Message>Stop</Message>
                    <Name>win:Stop</Name>
                    <Value>2</Value>
                    <Task>0</Task>
                </Opcode>
                <Opcode>
                    <Message>General</Message>
                    <Name>Opcode.General</Name>
                    <Value>50</Value>
                    <Task>0</Task>
                </Opcode>
                <Opcode>
                    <Message>Init</Message>
                    <Name>Opcode.Init</Name>
                    <Value>51</Value>
                    <Task>0</Task>
                </Opcode>
                <Opcode>
                    <Message>Pnp</Message>
                    <Name>Opcode.Pnp</Name>
                    <Value>52</Value>
                    <Task>0</Task>
                </Opcode>
                <Opcode>
                    <Message>Power</Message>
                    <Name>Opcode.Power</Name>
                    <Value>53</Value>
                    <Task>0</Task>
                </Opcode>
                <Opcode>
                    <Message>IoRequest</Message>
                    <Name>Opcode.IoRequest</Name>
                    <Value>54</Value>
                    <Task>0</Task>
                </Opcode>
                <Opcode>
                    <Message>Ioctl</Message>
                    <Name>Opcode.Ioctl</Name>
                    <Value>55</Value>
                    <Task>0</Task>
                </Opcode>
                <Opcode>
                    <Message>IoQueue</Message>
                    <Name>Opcode.IoQueue</Name>
                    <Value>56</Value>
                    <Task>0</Task>
                </Opcode>
                <Opcode>
                    <Message>TcgLib</Message>
                    <Name>Opcode.TcgLib</Name>
                    <Value>57</Value>
                    <Task>0</Task>
                </Opcode>
                <Opcode>
                    <Message>TcgSilo</Message>
                    <Name>Opcode.TcgSilo</Name>
                    <Value>58</Value>
                    <Task>0</Task>
                </Opcode>
            </Opcodes>
            <Keywords>
            </Keywords>
        </Metadata>
        <EventMetadata>
            <Event>
                <Id>1</Id>
                <Version>0</Version>
                <Channel>System</Channel>
                <Level>Error</Level>
                <Task>Driver</Task>
                <Opcode>General</Opcode>
                <Message><![CDATA[
An operation has failed (%3, %4, %5, %6).
%1
HResult: %2]]></Message>
                <Template><![CDATA[
<template xmlns="http://schemas.microsoft.com/win/2004/08/events">
  <data name="Context" inType="win:AnsiString" outType="xs:string"/>
  <data name="hr" inType="win:Int32" outType="win:Hresult"/>
  <data name="ErrorParam1" inType="win:HexInt32" outType="win:HexInt32"/>
  <data name="ErrorParam2" inType="win:HexInt32" outType="win:HexInt32"/>
  <data name="ErrorParam3" inType="win:HexInt32" outType="win:HexInt32"/>
  <data name="ErrorParam4" inType="win:HexInt32" outType="win:HexInt32"/>
</template>
]]></Template>
            </Event>
            <Event>
                <Id>2</Id>
                <Version>0</Version>
                <Channel>System</Channel>
                <Level>Error</Level>
                <Task>Driver</Task>
                <Opcode>General</Opcode>
                <Message><![CDATA[
An operation has failed (%3, %4, %5, %6).
%1
Win32Error: %2]]></Message>
                <Template><![CDATA[
<template xmlns="http://schemas.microsoft.com/win/2004/08/events">
  <data name="Context" inType="win:AnsiString" outType="xs:string"/>
  <data name="Win32Err" inType="win:UInt32" outType="win:Win32Error"/>
  <data name="ErrorParam1" inType="win:HexInt32" outType="win:HexInt32"/>
  <data name="ErrorParam2" inType="win:HexInt32" outType="win:HexInt32"/>
  <data name="ErrorParam3" inType="win:HexInt32" outType="win:HexInt32"/>
  <data name="ErrorParam4" inType="win:HexInt32" outType="win:HexInt32"/>
</template>
]]></Template>
            </Event>
            <Event>
                <Id>3</Id>
                <Version>0</Version>
                <Channel>System</Channel>
                <Level>Error</Level>
                <Task>Driver</Task>
                <Opcode>General</Opcode>
                <Message><![CDATA[
An operation has failed (%3, %4, %5, %6).
%1
NTStatus: %2]]></Message>
                <Template><![CDATA[
<template xmlns="http://schemas.microsoft.com/win/2004/08/events">
  <data name="Context" inType="win:AnsiString" outType="xs:string"/>
  <data name="NTStatus" inType="win:HexInt32" outType="win:NTStatus"/>
  <data name="ErrorParam1" inType="win:HexInt32" outType="win:HexInt32"/>
  <data name="ErrorParam2" inType="win:HexInt32" outType="win:HexInt32"/>
  <data name="ErrorParam3" inType="win:HexInt32" outType="win:HexInt32"/>
  <data name="ErrorParam4" inType="win:HexInt32" outType="win:HexInt32"/>
</template>
]]></Template>
            </Event>
            <Event>
                <Id>4</Id>
                <Version>0</Version>
                <Channel>System</Channel>
                <Level>Error</Level>
                <Task>Driver</Task>
                <Opcode>General</Opcode>
                <Message><![CDATA[
Failed to allocate object.
Object: %1
Size: %2]]></Message>
                <Template><![CDATA[
<template xmlns="http://schemas.microsoft.com/win/2004/08/events">
  <data name="ObjectName" inType="win:AnsiString" outType="xs:string"/>
  <data name="ObjectSize" inType="win:UInt32" outType="xs:unsignedInt"/>
</template>
]]></Template>
            </Event>
            <Event>
                <Id>5</Id>
                <Version>0</Version>
                <Channel>System</Channel>
                <Level>Error</Level>
                <Task>Driver</Task>
                <Opcode>General</Opcode>
                <Message><![CDATA[
Unexpected size.
Object: %1
Expected Size: %2
Actual Size: %3]]></Message>
                <Template><![CDATA[
<template xmlns="http://schemas.microsoft.com/win/2004/08/events">
  <data name="Context" inType="win:AnsiString" outType="xs:string"/>
  <data name="ExpectedSize" inType="win:UInt32" outType="xs:unsignedInt"/>
  <data name="ActualSize" inType="win:UInt32" outType="xs:unsignedInt"/>
</template>
]]></Template>
            </Event>
            <Event>
                <Id>6</Id>
                <Version>0</Version>
                <Channel>System</Channel>
                <Level>Error</Level>
                <Task>Driver</Task>
                <Opcode>General</Opcode>
                <Message><![CDATA[
Invalid data.
Name: %1
Value: %2]]></Message>
                <Template><![CDATA[
<template xmlns="http://schemas.microsoft.com/win/2004/08/events">
  <data name="Name" inType="win:AnsiString" outType="xs:string"/>
  <data name="Value" inType="win:HexInt32" outType="win:HexInt32"/>
</template>
]]></Template>
            </Event>
            <Event>
                <Id>7</Id>
                <Version>0</Version>
                <Channel>System</Channel>
                <Level>Error</Level>
                <Task>Driver</Task>
                <Opcode>General</Opcode>
                <Message><![CDATA[
Device responded with an error status.
Status: %1]]></Message>
                <Template><![CDATA[
<template xmlns="http://schemas.microsoft.com/win/2004/08/events">
  <data name="Name" inType="win:AnsiString" outType="xs:string"/>
  <data name="Value" inType="win:HexInt32" outType="win:HexInt32"/>
</template>
]]></Template>
            </Event>
            <Event>
                <Id>8</Id>
                <Version>0</Version>
                <Channel>System</Channel>
                <Level>Error</Level>
                <Task>Driver</Task>
                <Opcode>General</Opcode>
                <Message><![CDATA[
Bad device.
Device: %1
Reason: %2]]></Message>
                <Template><![CDATA[
<template xmlns="http://schemas.microsoft.com/win/2004/08/events">
  <data name="Name" inType="win:AnsiString" outType="xs:string"/>
  <data name="String" inType="win:AnsiString" outType="xs:string"/>
</template>
]]></Template>
            </Event>
            <Event>
                <Id>9</Id>
                <Version>0</Version>
                <Channel>System</Channel>
                <Level>Error</Level>
                <Task>Driver</Task>
                <Opcode>General</Opcode>
                <Message><![CDATA[
The function is not supported.
Function: %1
Context: %2]]></Message>
                <Template><![CDATA[
<template xmlns="http://schemas.microsoft.com/win/2004/08/events">
  <data name="Name" inType="win:AnsiString" outType="xs:string"/>
  <data name="String" inType="win:AnsiString" outType="xs:string"/>
</template>
]]></Template>
            </Event>
            <Event>
                <Id>10</Id>
                <Version>0</Version>
                <Channel>System</Channel>
                <Level>Error</Level>
                <Task>Driver</Task>
                <Opcode>TcgLib</Opcode>
                <Message><![CDATA[
A TCG Command has returned an error.
Desc: %1
Param1: %2
Param2: %3
Param3: %4
Param4: %5
Status: %6]]></Message>
                <Template><![CDATA[
<template xmlns="http://schemas.microsoft.com/win/2004/08/events">
  <data name="Description" inType="win:AnsiString" outType="xs:string"/>
  <data name="Param1" inType="win:HexInt64" outType="win:HexInt64"/>
  <data name="Param2" inType="win:HexInt64" outType="win:HexInt64"/>
  <data name="Param3" inType="win:HexInt64" outType="win:HexInt64"/>
  <data name="Param4" inType="win:HexInt64" outType="win:HexInt64"/>
  <data name="CmdStatus" inType="win:HexInt32" outType="win:HexInt32"/>
</template>
]]></Template>
            </Event>
            <Event>
                <Id>11</Id>
                <Version>0</Version>
                <Channel>System</Channel>
                <Level>Error</Level>
                <Task>Driver</Task>
                <Opcode>TcgLib</Opcode>
                <Message><![CDATA[
A TCG Silo Command has returned an error.
%1
SiloCommand=%2, SiloStatus=%3
InvokingID=%4, MethodID=%5]]></Message>
                <Template><![CDATA[
<template xmlns="http://schemas.microsoft.com/win/2004/08/events">
  <data name="Description" inType="win:AnsiString" outType="xs:string"/>
  <data name="SiloCommand" inType="win:HexInt32" outType="win:HexInt32"/>
  <data name="SiloStatus" inType="win:HexInt32" outType="win:HexInt32"/>
  <data name="TCGInvokingID" inType="win:HexInt64" outType="win:HexInt64"/>
  <data name="TCGMethodID" inType="win:HexInt64" outType="win:HexInt64"/>
</template>
]]></Template>
            </Event>
            <Event>
                <Id>12</Id>
                <Version>0</Version>
                <Channel>System</Channel>
                <Level>Information</Level>
                <Task>Driver</Task>
                <Opcode>General</Opcode>
                <Message><![CDATA[
A TCG Silo has returned the capabilities value of %1.]]></Message>
                <Template><![CDATA[
<template xmlns="http://schemas.microsoft.com/win/2004/08/events">
  <data name="Capabilities" inType="win:HexInt32" outType="win:HexInt32"/>
  <data name="KeyProtectionMechanism" inType="win:HexInt64" outType="win:HexInt64"/>
  <data name="MaxBandCount" inType="win:UInt32" outType="xs:unsignedInt"/>
  <data name="BandMetadataSize" inType="win:UInt32" outType="xs:unsignedInt"/>
</template>
]]></Template>
            </Event>
            <Event>
                <Id>13</Id>
                <Version>0</Version>
                <Channel>System</Channel>
                <Level>Information</Level>
                <Task>Driver</Task>
                <Opcode>General</Opcode>
                <Message><![CDATA[
The system has performed an authentication operation on an Enhanced Storage device.
BandID=%1
Authorize=%2
Status=%3]]></Message>
                <Template><![CDATA[
<template xmlns="http://schemas.microsoft.com/win/2004/08/events">
  <data name="BandID" inType="win:UInt32" outType="xs:unsignedInt"/>
  <data name="Authorize" inType="win:UInt32" outType="xs:unsignedInt"/>
  <data name="Status" inType="win:HexInt32" outType="win:NTStatus"/>
</template>
]]></Template>
            </Event>
            <Event>
                <Id>14</Id>
                <Version>0</Version>
                <Channel>System</Channel>
                <Level>Error</Level>
                <Task>Driver</Task>
                <Opcode>TcgLib</Opcode>
                <Message><![CDATA[
A TCG error has occurred.
Desc: %1
Param1: %2
Param2: %3
Param3: %4
Param4: %5]]></Message>
                <Template><![CDATA[
<template xmlns="http://schemas.microsoft.com/win/2004/08/events">
  <data name="Description" inType="win:AnsiString" outType="xs:string"/>
  <data name="Param1" inType="win:UInt64" outType="xs:unsignedLong"/>
  <data name="Param2" inType="win:UInt64" outType="xs:unsignedLong"/>
  <data name="Param3" inType="win:UInt64" outType="xs:unsignedLong"/>
  <data name="Param4" inType="win:UInt64" outType="xs:unsignedLong"/>
</template>
]]></Template>
            </Event>
            <Event>
                <Id>100</Id>
                <Version>0</Version>
                <Channel>System</Channel>
                <Level>Information</Level>
                <Task>Driver</Task>
                <Opcode>General</Opcode>
                <Message><![CDATA[
The following informational event has occurred (%2, %3, %4, %5).
%1]]></Message>
                <Template><![CDATA[
<template xmlns="http://schemas.microsoft.com/win/2004/08/events">
  <data name="Context" inType="win:AnsiString" outType="xs:string"/>
  <data name="Param1" inType="win:HexInt32" outType="win:HexInt32"/>
  <data name="Param2" inType="win:HexInt32" outType="win:HexInt32"/>
  <data name="Param3" inType="win:HexInt32" outType="win:HexInt32"/>
  <data name="Param4" inType="win:HexInt32" outType="win:HexInt32"/>
</template>
]]></Template>
            </Event>
            <Event>
                <Id>101</Id>
                <Version>0</Version>
                <Channel>System</Channel>
                <Level>Warning</Level>
                <Task>Driver</Task>
                <Opcode>General</Opcode>
                <Message><![CDATA[
The following warning event has occurred (%2, %3, %4, %5).
%1]]></Message>
                <Template><![CDATA[
<template xmlns="http://schemas.microsoft.com/win/2004/08/events">
  <data name="Context" inType="win:AnsiString" outType="xs:string"/>
  <data name="Param1" inType="win:HexInt32" outType="win:HexInt32"/>
  <data name="Param2" inType="win:HexInt32" outType="win:HexInt32"/>
  <data name="Param3" inType="win:HexInt32" outType="win:HexInt32"/>
  <data name="Param4" inType="win:HexInt32" outType="win:HexInt32"/>
</template>
]]></Template>
            </Event>
            <Event>
                <Id>102</Id>
                <Version>0</Version>
                <Channel>System</Channel>
                <Level>Error</Level>
                <Task>Driver</Task>
                <Opcode>General</Opcode>
                <Message><![CDATA[
The following error event has occurred (%2, %3, %4, %5).
%1]]></Message>
                <Template><![CDATA[
<template xmlns="http://schemas.microsoft.com/win/2004/08/events">
  <data name="Context" inType="win:AnsiString" outType="xs:string"/>
  <data name="Param1" inType="win:HexInt32" outType="win:HexInt32"/>
  <data name="Param2" inType="win:HexInt32" outType="win:HexInt32"/>
  <data name="Param3" inType="win:HexInt32" outType="win:HexInt32"/>
  <data name="Param4" inType="win:HexInt32" outType="win:HexInt32"/>
</template>
]]></Template>
            </Event>
            <Event>
                <Id>200</Id>
                <Version>0</Version>
                <Channel>Microsoft-Windows-EnhancedStorage-EhStorTcgDrv/Analytic</Channel>
                <Level>Information</Level>
                <Task>GetSiloCaps</Task>
                <Opcode>Start</Opcode>
                <Message><![CDATA[
Get silo capabilities (SiloCmd=%2).]]></Message>
                <Template><![CDATA[
<template xmlns="http://schemas.microsoft.com/win/2004/08/events">
  <data name="Context" inType="win:AnsiString" outType="xs:string"/>
  <data name="Param1" inType="win:HexInt64" outType="win:HexInt64"/>
  <data name="Param2" inType="win:HexInt64" outType="win:HexInt64"/>
  <data name="Param3" inType="win:HexInt64" outType="win:HexInt64"/>
  <data name="Param4" inType="win:HexInt64" outType="win:HexInt64"/>
</template>
]]></Template>
            </Event>
            <Event>
                <Id>201</Id>
                <Version>0</Version>
                <Channel>Microsoft-Windows-EnhancedStorage-EhStorTcgDrv/Analytic</Channel>
                <Level>Information</Level>
                <Task>GetSiloCaps</Task>
                <Opcode>Stop</Opcode>
                <Message><![CDATA[
Get silo capabilities returned (SiloCmd=%2, Status=%3).]]></Message>
                <Template><![CDATA[
<template xmlns="http://schemas.microsoft.com/win/2004/08/events">
  <data name="Context" inType="win:AnsiString" outType="xs:string"/>
  <data name="Param1" inType="win:HexInt64" outType="win:HexInt64"/>
  <data name="Param2" inType="win:HexInt64" outType="win:HexInt64"/>
  <data name="Param3" inType="win:HexInt64" outType="win:HexInt64"/>
  <data name="Param4" inType="win:HexInt64" outType="win:HexInt64"/>
</template>
]]></Template>
            </Event>
            <Event>
                <Id>202</Id>
                <Version>0</Version>
                <Channel>Microsoft-Windows-EnhancedStorage-EhStorTcgDrv/Analytic</Channel>
                <Level>Information</Level>
                <Task>ExecuteSiloCmd</Task>
                <Opcode>Start</Opcode>
                <Message><![CDATA[
Execute silo command (SiloCmd=%2).]]></Message>
                <Template><![CDATA[
<template xmlns="http://schemas.microsoft.com/win/2004/08/events">
  <data name="Context" inType="win:AnsiString" outType="xs:string"/>
  <data name="SiloCmd" inType="win:HexInt64" outType="win:HexInt64"/>
  <data name="TcgCmd" inType="win:AnsiString" outType="xs:string"/>
  <data name="Status" inType="win:HexInt64" outType="win:HexInt64"/>
  <data name="Param1" inType="win:HexInt64" outType="win:HexInt64"/>
  <data name="Param2" inType="win:HexInt64" outType="win:HexInt64"/>
  <data name="Param3" inType="win:HexInt64" outType="win:HexInt64"/>
  <data name="Param4" inType="win:HexInt64" outType="win:HexInt64"/>
</template>
]]></Template>
            </Event>
            <Event>
                <Id>203</Id>
                <Version>0</Version>
                <Channel>Microsoft-Windows-EnhancedStorage-EhStorTcgDrv/Analytic</Channel>
                <Level>Information</Level>
                <Task>ExecuteSiloCmd</Task>
                <Opcode>Stop</Opcode>
                <Message><![CDATA[
Excute silo command returned (SiloCmd=%2, Status=%3).
InvokingId = %4
MethodId = %5]]></Message>
                <Template><![CDATA[
<template xmlns="http://schemas.microsoft.com/win/2004/08/events">
  <data name="Context" inType="win:AnsiString" outType="xs:string"/>
  <data name="SiloCmd" inType="win:HexInt64" outType="win:HexInt64"/>
  <data name="TcgCmd" inType="win:AnsiString" outType="xs:string"/>
  <data name="Status" inType="win:HexInt64" outType="win:HexInt64"/>
  <data name="Param1" inType="win:HexInt64" outType="win:HexInt64"/>
  <data name="Param2" inType="win:HexInt64" outType="win:HexInt64"/>
  <data name="Param3" inType="win:HexInt64" outType="win:HexInt64"/>
  <data name="Param4" inType="win:HexInt64" outType="win:HexInt64"/>
</template>
]]></Template>
            </Event>
            <Event>
                <Id>204</Id>
                <Version>0</Version>
                <Channel>Microsoft-Windows-EnhancedStorage-EhStorTcgDrv/Analytic</Channel>
                <Level>Information</Level>
                <Task>Reset</Task>
                <Opcode>Start</Opcode>
                <Message><![CDATA[
Silo reset (SiloCmd=%2).]]></Message>
                <Template><![CDATA[
<template xmlns="http://schemas.microsoft.com/win/2004/08/events">
  <data name="Context" inType="win:AnsiString" outType="xs:string"/>
  <data name="Param1" inType="win:HexInt64" outType="win:HexInt64"/>
  <data name="Param2" inType="win:HexInt64" outType="win:HexInt64"/>
  <data name="Param3" inType="win:HexInt64" outType="win:HexInt64"/>
  <data name="Param4" inType="win:HexInt64" outType="win:HexInt64"/>
</template>
]]></Template>
            </Event>
            <Event>
                <Id>205</Id>
                <Version>0</Version>
                <Channel>Microsoft-Windows-EnhancedStorage-EhStorTcgDrv/Analytic</Channel>
                <Level>Information</Level>
                <Task>Reset</Task>
                <Opcode>Stop</Opcode>
                <Message><![CDATA[
Silo reset returned (SiloCmd=%2, Status=%3).]]></Message>
                <Template><![CDATA[
<template xmlns="http://schemas.microsoft.com/win/2004/08/events">
  <data name="Context" inType="win:AnsiString" outType="xs:string"/>
  <data name="Param1" inType="win:HexInt64" outType="win:HexInt64"/>
  <data name="Param2" inType="win:HexInt64" outType="win:HexInt64"/>
  <data name="Param3" inType="win:HexInt64" outType="win:HexInt64"/>
  <data name="Param4" inType="win:HexInt64" outType="win:HexInt64"/>
</template>
]]></Template>
            </Event>
            <Event>
                <Id>206</Id>
                <Version>0</Version>
                <Channel>Microsoft-Windows-EnhancedStorage-EhStorTcgDrv/Analytic</Channel>
                <Level>Information</Level>
                <Task>IoctlQueryCapabilities</Task>
                <Opcode>Start</Opcode>
                <Message><![CDATA[
Ioctl: QueryCapabilities]]></Message>
                <Template><![CDATA[
<template xmlns="http://schemas.microsoft.com/win/2004/08/events">
  <data name="Context" inType="win:AnsiString" outType="xs:string"/>
  <data name="Param1" inType="win:HexInt64" outType="win:HexInt64"/>
  <data name="Param2" inType="win:HexInt64" outType="win:HexInt64"/>
  <data name="Param3" inType="win:HexInt64" outType="win:HexInt64"/>
  <data name="Param4" inType="win:HexInt64" outType="win:HexInt64"/>
</template>
]]></Template>
            </Event>
            <Event>
                <Id>207</Id>
                <Version>0</Version>
                <Channel>Microsoft-Windows-EnhancedStorage-EhStorTcgDrv/Analytic</Channel>
                <Level>Information</Level>
                <Task>IoctlQueryCapabilities</Task>
                <Opcode>Stop</Opcode>
                <Message><![CDATA[
Ioctl: QueryCapabilities returned (Status=%2).]]></Message>
                <Template><![CDATA[
<template xmlns="http://schemas.microsoft.com/win/2004/08/events">
  <data name="Context" inType="win:AnsiString" outType="xs:string"/>
  <data name="Param1" inType="win:HexInt64" outType="win:HexInt64"/>
  <data name="Param2" inType="win:HexInt64" outType="win:HexInt64"/>
  <data name="Param3" inType="win:HexInt64" outType="win:HexInt64"/>
  <data name="Param4" inType="win:HexInt64" outType="win:HexInt64"/>
</template>
]]></Template>
            </Event>
            <Event>
                <Id>208</Id>
                <Version>0</Version>
                <Channel>Microsoft-Windows-EnhancedStorage-EhStorTcgDrv/Analytic</Channel>
                <Level>Information</Level>
                <Task>IoctlActivate</Task>
                <Opcode>Start</Opcode>
                <Message><![CDATA[
Ioctl: Activate]]></Message>
                <Template><![CDATA[
<template xmlns="http://schemas.microsoft.com/win/2004/08/events">
  <data name="Context" inType="win:AnsiString" outType="xs:string"/>
  <data name="Param1" inType="win:HexInt64" outType="win:HexInt64"/>
  <data name="Param2" inType="win:HexInt64" outType="win:HexInt64"/>
  <data name="Param3" inType="win:HexInt64" outType="win:HexInt64"/>
  <data name="Param4" inType="win:HexInt64" outType="win:HexInt64"/>
</template>
]]></Template>
            </Event>
            <Event>
                <Id>209</Id>
                <Version>0</Version>
                <Channel>Microsoft-Windows-EnhancedStorage-EhStorTcgDrv/Analytic</Channel>
                <Level>Information</Level>
                <Task>IoctlActivate</Task>
                <Opcode>Stop</Opcode>
                <Message><![CDATA[
Ioctl: Activate returned (Status=%2).]]></Message>
                <Template><![CDATA[
<template xmlns="http://schemas.microsoft.com/win/2004/08/events">
  <data name="Context" inType="win:AnsiString" outType="xs:string"/>
  <data name="Param1" inType="win:HexInt64" outType="win:HexInt64"/>
  <data name="Param2" inType="win:HexInt64" outType="win:HexInt64"/>
  <data name="Param3" inType="win:HexInt64" outType="win:HexInt64"/>
  <data name="Param4" inType="win:HexInt64" outType="win:HexInt64"/>
</template>
]]></Template>
            </Event>
            <Event>
                <Id>210</Id>
                <Version>0</Version>
                <Channel>Microsoft-Windows-EnhancedStorage-EhStorTcgDrv/Analytic</Channel>
                <Level>Information</Level>
                <Task>IoctlRevert</Task>
                <Opcode>Start</Opcode>
                <Message><![CDATA[
Ioctl: Revert]]></Message>
                <Template><![CDATA[
<template xmlns="http://schemas.microsoft.com/win/2004/08/events">
  <data name="Context" inType="win:AnsiString" outType="xs:string"/>
  <data name="Param1" inType="win:HexInt64" outType="win:HexInt64"/>
  <data name="Param2" inType="win:HexInt64" outType="win:HexInt64"/>
  <data name="Param3" inType="win:HexInt64" outType="win:HexInt64"/>
  <data name="Param4" inType="win:HexInt64" outType="win:HexInt64"/>
</template>
]]></Template>
            </Event>
            <Event>
                <Id>211</Id>
                <Version>0</Version>
                <Channel>Microsoft-Windows-EnhancedStorage-EhStorTcgDrv/Analytic</Channel>
                <Level>Information</Level>
                <Task>IoctlRevert</Task>
                <Opcode>Stop</Opcode>
                <Message><![CDATA[
Ioctl: Revert returned (Status=%2).]]></Message>
                <Template><![CDATA[
<template xmlns="http://schemas.microsoft.com/win/2004/08/events">
  <data name="Context" inType="win:AnsiString" outType="xs:string"/>
  <data name="Param1" inType="win:HexInt64" outType="win:HexInt64"/>
  <data name="Param2" inType="win:HexInt64" outType="win:HexInt64"/>
  <data name="Param3" inType="win:HexInt64" outType="win:HexInt64"/>
  <data name="Param4" inType="win:HexInt64" outType="win:HexInt64"/>
</template>
]]></Template>
            </Event>
            <Event>
                <Id>212</Id>
                <Version>0</Version>
                <Channel>Microsoft-Windows-EnhancedStorage-EhStorTcgDrv/Analytic</Channel>
                <Level>Information</Level>
                <Task>IoctlEnumerateBands</Task>
                <Opcode>Start</Opcode>
                <Message><![CDATA[
Ioctl: EnumBands]]></Message>
                <Template><![CDATA[
<template xmlns="http://schemas.microsoft.com/win/2004/08/events">
  <data name="Context" inType="win:AnsiString" outType="xs:string"/>
  <data name="Param1" inType="win:HexInt64" outType="win:HexInt64"/>
  <data name="Param2" inType="win:HexInt64" outType="win:HexInt64"/>
  <data name="Param3" inType="win:HexInt64" outType="win:HexInt64"/>
  <data name="Param4" inType="win:HexInt64" outType="win:HexInt64"/>
</template>
]]></Template>
            </Event>
            <Event>
                <Id>213</Id>
                <Version>0</Version>
                <Channel>Microsoft-Windows-EnhancedStorage-EhStorTcgDrv/Analytic</Channel>
                <Level>Information</Level>
                <Task>IoctlEnumerateBands</Task>
                <Opcode>Stop</Opcode>
                <Message><![CDATA[
Ioctl: EnumBands returned (Status=%2).]]></Message>
                <Template><![CDATA[
<template xmlns="http://schemas.microsoft.com/win/2004/08/events">
  <data name="Context" inType="win:AnsiString" outType="xs:string"/>
  <data name="Param1" inType="win:HexInt64" outType="win:HexInt64"/>
  <data name="Param2" inType="win:HexInt64" outType="win:HexInt64"/>
  <data name="Param3" inType="win:HexInt64" outType="win:HexInt64"/>
  <data name="Param4" inType="win:HexInt64" outType="win:HexInt64"/>
</template>
]]></Template>
            </Event>
            <Event>
                <Id>214</Id>
                <Version>0</Version>
                <Channel>Microsoft-Windows-EnhancedStorage-EhStorTcgDrv/Analytic</Channel>
                <Level>Information</Level>
                <Task>IoctlCreateBand</Task>
                <Opcode>Start</Opcode>
                <Message><![CDATA[
Ioctl: CreateBand]]></Message>
                <Template><![CDATA[
<template xmlns="http://schemas.microsoft.com/win/2004/08/events">
  <data name="Context" inType="win:AnsiString" outType="xs:string"/>
  <data name="Param1" inType="win:HexInt64" outType="win:HexInt64"/>
  <data name="Param2" inType="win:HexInt64" outType="win:HexInt64"/>
  <data name="Param3" inType="win:HexInt64" outType="win:HexInt64"/>
  <data name="Param4" inType="win:HexInt64" outType="win:HexInt64"/>
</template>
]]></Template>
            </Event>
            <Event>
                <Id>215</Id>
                <Version>0</Version>
                <Channel>Microsoft-Windows-EnhancedStorage-EhStorTcgDrv/Analytic</Channel>
                <Level>Information</Level>
                <Task>IoctlCreateBand</Task>
                <Opcode>Stop</Opcode>
                <Message><![CDATA[
Ioctl: CreateBand returned (Status=%2).]]></Message>
                <Template><![CDATA[
<template xmlns="http://schemas.microsoft.com/win/2004/08/events">
  <data name="Context" inType="win:AnsiString" outType="xs:string"/>
  <data name="Param1" inType="win:HexInt64" outType="win:HexInt64"/>
  <data name="Param2" inType="win:HexInt64" outType="win:HexInt64"/>
  <data name="Param3" inType="win:HexInt64" outType="win:HexInt64"/>
  <data name="Param4" inType="win:HexInt64" outType="win:HexInt64"/>
</template>
]]></Template>
            </Event>
            <Event>
                <Id>216</Id>
                <Version>0</Version>
                <Channel>Microsoft-Windows-EnhancedStorage-EhStorTcgDrv/Analytic</Channel>
                <Level>Information</Level>
                <Task>IoctlSetBandLocation</Task>
                <Opcode>Start</Opcode>
                <Message><![CDATA[
Ioctl: SetBandLocation]]></Message>
                <Template><![CDATA[
<template xmlns="http://schemas.microsoft.com/win/2004/08/events">
  <data name="Context" inType="win:AnsiString" outType="xs:string"/>
  <data name="Param1" inType="win:HexInt64" outType="win:HexInt64"/>
  <data name="Param2" inType="win:HexInt64" outType="win:HexInt64"/>
  <data name="Param3" inType="win:HexInt64" outType="win:HexInt64"/>
  <data name="Param4" inType="win:HexInt64" outType="win:HexInt64"/>
</template>
]]></Template>
            </Event>
            <Event>
                <Id>217</Id>
                <Version>0</Version>
                <Channel>Microsoft-Windows-EnhancedStorage-EhStorTcgDrv/Analytic</Channel>
                <Level>Information</Level>
                <Task>IoctlSetBandLocation</Task>
                <Opcode>Stop</Opcode>
                <Message><![CDATA[
Ioctl: SetBandLocation returned (Status=%2).]]></Message>
                <Template><![CDATA[
<template xmlns="http://schemas.microsoft.com/win/2004/08/events">
  <data name="Context" inType="win:AnsiString" outType="xs:string"/>
  <data name="Param1" inType="win:HexInt64" outType="win:HexInt64"/>
  <data name="Param2" inType="win:HexInt64" outType="win:HexInt64"/>
  <data name="Param3" inType="win:HexInt64" outType="win:HexInt64"/>
  <data name="Param4" inType="win:HexInt64" outType="win:HexInt64"/>
</template>
]]></Template>
            </Event>
            <Event>
                <Id>218</Id>
                <Version>0</Version>
                <Channel>Microsoft-Windows-EnhancedStorage-EhStorTcgDrv/Analytic</Channel>
                <Level>Information</Level>
                <Task>IoctlSetBandSecurity</Task>
                <Opcode>Start</Opcode>
                <Message><![CDATA[
Ioctl: SetBandSecurity]]></Message>
                <Template><![CDATA[
<template xmlns="http://schemas.microsoft.com/win/2004/08/events">
  <data name="Context" inType="win:AnsiString" outType="xs:string"/>
  <data name="Param1" inType="win:HexInt64" outType="win:HexInt64"/>
  <data name="Param2" inType="win:HexInt64" outType="win:HexInt64"/>
  <data name="Param3" inType="win:HexInt64" outType="win:HexInt64"/>
  <data name="Param4" inType="win:HexInt64" outType="win:HexInt64"/>
</template>
]]></Template>
            </Event>
            <Event>
                <Id>219</Id>
                <Version>0</Version>
                <Channel>Microsoft-Windows-EnhancedStorage-EhStorTcgDrv/Analytic</Channel>
                <Level>Information</Level>
                <Task>IoctlSetBandSecurity</Task>
                <Opcode>Stop</Opcode>
                <Message><![CDATA[
Ioctl: SetBandSecurity returned (Status=%2).]]></Message>
                <Template><![CDATA[
<template xmlns="http://schemas.microsoft.com/win/2004/08/events">
  <data name="Context" inType="win:AnsiString" outType="xs:string"/>
  <data name="Param1" inType="win:HexInt64" outType="win:HexInt64"/>
  <data name="Param2" inType="win:HexInt64" outType="win:HexInt64"/>
  <data name="Param3" inType="win:HexInt64" outType="win:HexInt64"/>
  <data name="Param4" inType="win:HexInt64" outType="win:HexInt64"/>
</template>
]]></Template>
            </Event>
            <Event>
                <Id>220</Id>
                <Version>0</Version>
                <Channel>Microsoft-Windows-EnhancedStorage-EhStorTcgDrv/Analytic</Channel>
                <Level>Information</Level>
                <Task>IoctlDeleteBand</Task>
                <Opcode>Start</Opcode>
                <Message><![CDATA[
Ioctl: DeleteBand]]></Message>
                <Template><![CDATA[
<template xmlns="http://schemas.microsoft.com/win/2004/08/events">
  <data name="Context" inType="win:AnsiString" outType="xs:string"/>
  <data name="Param1" inType="win:HexInt64" outType="win:HexInt64"/>
  <data name="Param2" inType="win:HexInt64" outType="win:HexInt64"/>
  <data name="Param3" inType="win:HexInt64" outType="win:HexInt64"/>
  <data name="Param4" inType="win:HexInt64" outType="win:HexInt64"/>
</template>
]]></Template>
            </Event>
            <Event>
                <Id>221</Id>
                <Version>0</Version>
                <Channel>Microsoft-Windows-EnhancedStorage-EhStorTcgDrv/Analytic</Channel>
                <Level>Information</Level>
                <Task>IoctlDeleteBand</Task>
                <Opcode>Stop</Opcode>
                <Message><![CDATA[
Ioctl: DeleteBand returned (Status=%2).]]></Message>
                <Template><![CDATA[
<template xmlns="http://schemas.microsoft.com/win/2004/08/events">
  <data name="Context" inType="win:AnsiString" outType="xs:string"/>
  <data name="Param1" inType="win:HexInt64" outType="win:HexInt64"/>
  <data name="Param2" inType="win:HexInt64" outType="win:HexInt64"/>
  <data name="Param3" inType="win:HexInt64" outType="win:HexInt64"/>
  <data name="Param4" inType="win:HexInt64" outType="win:HexInt64"/>
</template>
]]></Template>
            </Event>
            <Event>
                <Id>222</Id>
                <Version>0</Version>
                <Channel>Microsoft-Windows-EnhancedStorage-EhStorTcgDrv/Analytic</Channel>
                <Level>Information</Level>
                <Task>IoctlEraseBand</Task>
                <Opcode>Start</Opcode>
                <Message><![CDATA[
Ioctl: EraseBand]]></Message>
                <Template><![CDATA[
<template xmlns="http://schemas.microsoft.com/win/2004/08/events">
  <data name="Context" inType="win:AnsiString" outType="xs:string"/>
  <data name="Param1" inType="win:HexInt64" outType="win:HexInt64"/>
  <data name="Param2" inType="win:HexInt64" outType="win:HexInt64"/>
  <data name="Param3" inType="win:HexInt64" outType="win:HexInt64"/>
  <data name="Param4" inType="win:HexInt64" outType="win:HexInt64"/>
</template>
]]></Template>
            </Event>
            <Event>
                <Id>223</Id>
                <Version>0</Version>
                <Channel>Microsoft-Windows-EnhancedStorage-EhStorTcgDrv/Analytic</Channel>
                <Level>Information</Level>
                <Task>IoctlEraseBand</Task>
                <Opcode>Stop</Opcode>
                <Message><![CDATA[
Ioctl: EraseBand returned (Status=%2).]]></Message>
                <Template><![CDATA[
<template xmlns="http://schemas.microsoft.com/win/2004/08/events">
  <data name="Context" inType="win:AnsiString" outType="xs:string"/>
  <data name="Param1" inType="win:HexInt64" outType="win:HexInt64"/>
  <data name="Param2" inType="win:HexInt64" outType="win:HexInt64"/>
  <data name="Param3" inType="win:HexInt64" outType="win:HexInt64"/>
  <data name="Param4" inType="win:HexInt64" outType="win:HexInt64"/>
</template>
]]></Template>
            </Event>
            <Event>
                <Id>224</Id>
                <Version>0</Version>
                <Channel>Microsoft-Windows-EnhancedStorage-EhStorTcgDrv/Analytic</Channel>
                <Level>Information</Level>
                <Task>IoctlGetBandMetadata</Task>
                <Opcode>Start</Opcode>
                <Message><![CDATA[
Ioctl: GetBandMetadata]]></Message>
                <Template><![CDATA[
<template xmlns="http://schemas.microsoft.com/win/2004/08/events">
  <data name="Context" inType="win:AnsiString" outType="xs:string"/>
  <data name="Param1" inType="win:HexInt64" outType="win:HexInt64"/>
  <data name="Param2" inType="win:HexInt64" outType="win:HexInt64"/>
  <data name="Param3" inType="win:HexInt64" outType="win:HexInt64"/>
  <data name="Param4" inType="win:HexInt64" outType="win:HexInt64"/>
</template>
]]></Template>
            </Event>
            <Event>
                <Id>225</Id>
                <Version>0</Version>
                <Channel>Microsoft-Windows-EnhancedStorage-EhStorTcgDrv/Analytic</Channel>
                <Level>Information</Level>
                <Task>IoctlGetBandMetadata</Task>
                <Opcode>Stop</Opcode>
                <Message><![CDATA[
Ioctl: GetBandMetadata returned (Status=%2).]]></Message>
                <Template><![CDATA[
<template xmlns="http://schemas.microsoft.com/win/2004/08/events">
  <data name="Context" inType="win:AnsiString" outType="xs:string"/>
  <data name="Param1" inType="win:HexInt64" outType="win:HexInt64"/>
  <data name="Param2" inType="win:HexInt64" outType="win:HexInt64"/>
  <data name="Param3" inType="win:HexInt64" outType="win:HexInt64"/>
  <data name="Param4" inType="win:HexInt64" outType="win:HexInt64"/>
</template>
]]></Template>
            </Event>
            <Event>
                <Id>226</Id>
                <Version>0</Version>
                <Channel>Microsoft-Windows-EnhancedStorage-EhStorTcgDrv/Analytic</Channel>
                <Level>Information</Level>
                <Task>IoctlSetBandMetadata</Task>
                <Opcode>Start</Opcode>
                <Message><![CDATA[
Ioctl: SetBandMetadata]]></Message>
                <Template><![CDATA[
<template xmlns="http://schemas.microsoft.com/win/2004/08/events">
  <data name="Context" inType="win:AnsiString" outType="xs:string"/>
  <data name="Param1" inType="win:HexInt64" outType="win:HexInt64"/>
  <data name="Param2" inType="win:HexInt64" outType="win:HexInt64"/>
  <data name="Param3" inType="win:HexInt64" outType="win:HexInt64"/>
  <data name="Param4" inType="win:HexInt64" outType="win:HexInt64"/>
</template>
]]></Template>
            </Event>
            <Event>
                <Id>227</Id>
                <Version>0</Version>
                <Channel>Microsoft-Windows-EnhancedStorage-EhStorTcgDrv/Analytic</Channel>
                <Level>Information</Level>
                <Task>IoctlSetBandMetadata</Task>
                <Opcode>Stop</Opcode>
                <Message><![CDATA[
Ioctl: SetBandMetadata returned (Status=%2).]]></Message>
                <Template><![CDATA[
<template xmlns="http://schemas.microsoft.com/win/2004/08/events">
  <data name="Context" inType="win:AnsiString" outType="xs:string"/>
  <data name="Param1" inType="win:HexInt64" outType="win:HexInt64"/>
  <data name="Param2" inType="win:HexInt64" outType="win:HexInt64"/>
  <data name="Param3" inType="win:HexInt64" outType="win:HexInt64"/>
  <data name="Param4" inType="win:HexInt64" outType="win:HexInt64"/>
</template>
]]></Template>
            </Event>
            <Event>
                <Id>228</Id>
                <Version>0</Version>
                <Channel>Microsoft-Windows-EnhancedStorage-EhStorTcgDrv/Analytic</Channel>
                <Level>Information</Level>
                <Task>IoctlRelinquishSilo</Task>
                <Opcode>Start</Opcode>
                <Message><![CDATA[
Ioctl: RelinquishSilo]]></Message>
                <Template><![CDATA[
<template xmlns="http://schemas.microsoft.com/win/2004/08/events">
  <data name="Context" inType="win:AnsiString" outType="xs:string"/>
  <data name="Param1" inType="win:HexInt64" outType="win:HexInt64"/>
  <data name="Param2" inType="win:HexInt64" outType="win:HexInt64"/>
  <data name="Param3" inType="win:HexInt64" outType="win:HexInt64"/>
  <data name="Param4" inType="win:HexInt64" outType="win:HexInt64"/>
</template>
]]></Template>
            </Event>
            <Event>
                <Id>229</Id>
                <Version>0</Version>
                <Channel>Microsoft-Windows-EnhancedStorage-EhStorTcgDrv/Analytic</Channel>
                <Level>Information</Level>
                <Task>IoctlRelinquishSilo</Task>
                <Opcode>Stop</Opcode>
                <Message><![CDATA[
Ioctl: RelinquishSilo returned (Status=%2).]]></Message>
                <Template><![CDATA[
<template xmlns="http://schemas.microsoft.com/win/2004/08/events">
  <data name="Context" inType="win:AnsiString" outType="xs:string"/>
  <data name="Param1" inType="win:HexInt64" outType="win:HexInt64"/>
  <data name="Param2" inType="win:HexInt64" outType="win:HexInt64"/>
  <data name="Param3" inType="win:HexInt64" outType="win:HexInt64"/>
  <data name="Param4" inType="win:HexInt64" outType="win:HexInt64"/>
</template>
]]></Template>
            </Event>
            <Event>
                <Id>230</Id>
                <Version>0</Version>
                <Channel>Microsoft-Windows-EnhancedStorage-EhStorTcgDrv/Analytic</Channel>
                <Level>Information</Level>
                <Task>IoctlSetSid</Task>
                <Opcode>Start</Opcode>
                <Message><![CDATA[
Ioctl: SetSid]]></Message>
                <Template><![CDATA[
<template xmlns="http://schemas.microsoft.com/win/2004/08/events">
  <data name="Context" inType="win:AnsiString" outType="xs:string"/>
  <data name="Param1" inType="win:HexInt64" outType="win:HexInt64"/>
  <data name="Param2" inType="win:HexInt64" outType="win:HexInt64"/>
  <data name="Param3" inType="win:HexInt64" outType="win:HexInt64"/>
  <data name="Param4" inType="win:HexInt64" outType="win:HexInt64"/>
</template>
]]></Template>
            </Event>
            <Event>
                <Id>231</Id>
                <Version>0</Version>
                <Channel>Microsoft-Windows-EnhancedStorage-EhStorTcgDrv/Analytic</Channel>
                <Level>Information</Level>
                <Task>IoctlSetSid</Task>
                <Opcode>Stop</Opcode>
                <Message><![CDATA[
Ioctl: SetSid returned (Status=%2).]]></Message>
                <Template><![CDATA[
<template xmlns="http://schemas.microsoft.com/win/2004/08/events">
  <data name="Context" inType="win:AnsiString" outType="xs:string"/>
  <data name="Param1" inType="win:HexInt64" outType="win:HexInt64"/>
  <data name="Param2" inType="win:HexInt64" outType="win:HexInt64"/>
  <data name="Param3" inType="win:HexInt64" outType="win:HexInt64"/>
  <data name="Param4" inType="win:HexInt64" outType="win:HexInt64"/>
</template>
]]></Template>
            </Event>
            <Event>
                <Id>232</Id>
                <Version>0</Version>
                <Channel>Microsoft-Windows-EnhancedStorage-EhStorTcgDrv/Analytic</Channel>
                <Level>Information</Level>
                <Task>IoctlEraseAllBands</Task>
                <Opcode>Start</Opcode>
                <Message><![CDATA[
Ioctl: EraseAllBands]]></Message>
                <Template><![CDATA[
<template xmlns="http://schemas.microsoft.com/win/2004/08/events">
  <data name="Context" inType="win:AnsiString" outType="xs:string"/>
  <data name="Param1" inType="win:HexInt64" outType="win:HexInt64"/>
  <data name="Param2" inType="win:HexInt64" outType="win:HexInt64"/>
  <data name="Param3" inType="win:HexInt64" outType="win:HexInt64"/>
  <data name="Param4" inType="win:HexInt64" outType="win:HexInt64"/>
</template>
]]></Template>
            </Event>
            <Event>
                <Id>233</Id>
                <Version>0</Version>
                <Channel>Microsoft-Windows-EnhancedStorage-EhStorTcgDrv/Analytic</Channel>
                <Level>Information</Level>
                <Task>IoctlEraseAllBands</Task>
                <Opcode>Stop</Opcode>
                <Message><![CDATA[
Ioctl: EraseAllBands returned (Status=%2).]]></Message>
                <Template><![CDATA[
<template xmlns="http://schemas.microsoft.com/win/2004/08/events">
  <data name="Context" inType="win:AnsiString" outType="xs:string"/>
  <data name="Param1" inType="win:HexInt64" outType="win:HexInt64"/>
  <data name="Param2" inType="win:HexInt64" outType="win:HexInt64"/>
  <data name="Param3" inType="win:HexInt64" outType="win:HexInt64"/>
  <data name="Param4" inType="win:HexInt64" outType="win:HexInt64"/>
</template>
]]></Template>
            </Event>
        </EventMetadata>
    </Provider>
</Providers>
