<Providers>
    <Provider>
        <Name>Microsoft-Windows-Diagnosis-AdvancedTaskManager</Name>
        <Metadata>
            <Guid>{178DADAF-7AC4-4593-AB3E-A45FDA6D0D55}</Guid>
            <ResourceFilePath>%systemroot%\system32\Taskmgr.exe</ResourceFilePath>
            <ParameterFilePath></ParameterFilePath>
            <MessageFilePath>%systemroot%\system32\Taskmgr.exe</MessageFilePath>
            <HelpLink></HelpLink>
            <PublisherMessage>Microsoft-Windows-Diagnosis-AdvancedTaskManager</PublisherMessage>
            <Channels>
                <Channel>
                    <Message></Message>
                    <Path>Microsoft-Windows-Diagnosis-AdvancedTaskManager/Analytic</Path>
                    <Index>0</Index>
                    <Id>16</Id>
                    <Imported>false</Imported>
                </Channel>
            </Channels>
            <Levels>
                <Level>
                    <Message>Error</Message>
                    <Name>win:Error</Name>
                    <Value>2</Value>
                </Level>
                <Level>
                    <Message>Information</Message>
                    <Name>win:Informational</Name>
                    <Value>4</Value>
                </Level>
            </Levels>
            <Tasks>
                <Task>
                    <Message></Message>
                    <Name>ListUpdate</Name>
                    <Value>100</Value>
                </Task>
                <Task>
                    <Message></Message>
                    <Name>PerfTrack_TM8_Launch</Name>
                    <Value>101</Value>
                </Task>
                <Task>
                    <Message></Message>
                    <Name>PerfTrack_TM8_TabSwitch</Name>
                    <Value>102</Value>
                </Task>
                <Task>
                    <Message></Message>
                    <Name>PerfTrack_TM8_KillProcess</Name>
                    <Value>103</Value>
                </Task>
                <Task>
                    <Message></Message>
                    <Name>TM8_Window_Launch</Name>
                    <Value>104</Value>
                </Task>
                <Task>
                    <Message></Message>
                    <Name>Monitor_Setup</Name>
                    <Value>105</Value>
                </Task>
                <Task>
                    <Message></Message>
                    <Name>Dashboard_Setup</Name>
                    <Value>106</Value>
                </Task>
                <Task>
                    <Message></Message>
                    <Name>Dashboard_Sidebar_Init</Name>
                    <Value>107</Value>
                </Task>
                <Task>
                    <Message></Message>
                    <Name>Dashboard_Sidebar_CPU_Init</Name>
                    <Value>108</Value>
                </Task>
                <Task>
                    <Message></Message>
                    <Name>Dashboard_Sidebar_Memory_Init</Name>
                    <Value>109</Value>
                </Task>
                <Task>
                    <Message></Message>
                    <Name>Dashboard_Sidebar_Disk_Init</Name>
                    <Value>110</Value>
                </Task>
                <Task>
                    <Message></Message>
                    <Name>Dashboard_Sidebar_Network_Init</Name>
                    <Value>111</Value>
                </Task>
                <Task>
                    <Message></Message>
                    <Name>Dashboard_LoadPageTemplate</Name>
                    <Value>112</Value>
                </Task>
                <Task>
                    <Message></Message>
                    <Name>Dashboard_CPUView_Init</Name>
                    <Value>113</Value>
                </Task>
                <Task>
                    <Message></Message>
                    <Name>Dashboard_MemoryView_Init</Name>
                    <Value>114</Value>
                </Task>
                <Task>
                    <Message></Message>
                    <Name>Dashboard_DiskView_Init</Name>
                    <Value>115</Value>
                </Task>
                <Task>
                    <Message></Message>
                    <Name>Dashboard_NetworkView_Init</Name>
                    <Value>116</Value>
                </Task>
                <Task>
                    <Message></Message>
                    <Name>Dashboard_Render</Name>
                    <Value>117</Value>
                </Task>
                <Task>
                    <Message></Message>
                    <Name>Dashboard_SwitchResource</Name>
                    <Value>118</Value>
                </Task>
                <Task>
                    <Message></Message>
                    <Name>Dashboard_Disk_EnumerateDisks</Name>
                    <Value>120</Value>
                </Task>
                <Task>
                    <Message></Message>
                    <Name>Dashboard_Network_Adapter_EnumerateAdapters</Name>
                    <Value>121</Value>
                </Task>
                <Task>
                    <Message></Message>
                    <Name>Dashboard_Network_Adapter_WifiSetProperties</Name>
                    <Value>122</Value>
                </Task>
                <Task>
                    <Message></Message>
                    <Name>Dashboard_Network_Adapter_WWanSetProperties</Name>
                    <Value>123</Value>
                </Task>
                <Task>
                    <Message></Message>
                    <Name>Dashboard_Network_Adapter_RefreshAdapters</Name>
                    <Value>124</Value>
                </Task>
                <Task>
                    <Message></Message>
                    <Name>UI_Render</Name>
                    <Value>125</Value>
                </Task>
                <Task>
                    <Message></Message>
                    <Name>UI_DataSort</Name>
                    <Value>126</Value>
                </Task>
                <Task>
                    <Message></Message>
                    <Name>UI_ClickExpando</Name>
                    <Value>127</Value>
                </Task>
                <Task>
                    <Message></Message>
                    <Name>DataMonitor_AppInfo_Update</Name>
                    <Value>128</Value>
                </Task>
                <Task>
                    <Message></Message>
                    <Name>DataMonitor_WindowInfo_Update</Name>
                    <Value>129</Value>
                </Task>
                <Task>
                    <Message></Message>
                    <Name>DataMonitor_AppServiceInfo_Update</Name>
                    <Value>130</Value>
                </Task>
                <Task>
                    <Message></Message>
                    <Name>DataMonitor_TrayIconInfo_Update</Name>
                    <Value>131</Value>
                </Task>
                <Task>
                    <Message></Message>
                    <Name>DataMonitor_UserInfo_Update</Name>
                    <Value>132</Value>
                </Task>
                <Task>
                    <Message></Message>
                    <Name>DataMonitor_AppInfo_Publisher</Name>
                    <Value>133</Value>
                </Task>
                <Task>
                    <Message></Message>
                    <Name>Actions_InvokeMenu</Name>
                    <Value>134</Value>
                </Task>
                <Task>
                    <Message></Message>
                    <Name>Actions_RightClickPopup</Name>
                    <Value>135</Value>
                </Task>
                <Task>
                    <Message></Message>
                    <Name>Actions_EndTask_Process</Name>
                    <Value>136</Value>
                </Task>
                <Task>
                    <Message></Message>
                    <Name>Actions_EndTask_Window</Name>
                    <Value>137</Value>
                </Task>
                <Task>
                    <Message></Message>
                    <Name>Actions_EndTask_Service</Name>
                    <Value>138</Value>
                </Task>
                <Task>
                    <Message></Message>
                    <Name>Actions_Sortby</Name>
                    <Value>139</Value>
                </Task>
                <Task>
                    <Message></Message>
                    <Name>Actions_SortDUITree</Name>
                    <Value>140</Value>
                </Task>
                <Task>
                    <Message></Message>
                    <Name>Actions_ColSwap</Name>
                    <Value>141</Value>
                </Task>
                <Task>
                    <Message></Message>
                    <Name>Actions_ColResize</Name>
                    <Value>142</Value>
                </Task>
                <Task>
                    <Message></Message>
                    <Name>Actions_ChangeView</Name>
                    <Value>143</Value>
                </Task>
                <Task>
                    <Message></Message>
                    <Name>Monitor_ChangeView</Name>
                    <Value>144</Value>
                </Task>
                <Task>
                    <Message></Message>
                    <Name>Actions_ConfirmCommand</Name>
                    <Value>145</Value>
                </Task>
                <Task>
                    <Message></Message>
                    <Name>Actions_SwitchUser</Name>
                    <Value>146</Value>
                </Task>
                <Task>
                    <Message></Message>
                    <Name>Actions_SendMessage</Name>
                    <Value>147</Value>
                </Task>
                <Task>
                    <Message></Message>
                    <Name>Actions_LogoffUser</Name>
                    <Value>148</Value>
                </Task>
                <Task>
                    <Message></Message>
                    <Name>Actions_DisconnectUser</Name>
                    <Value>149</Value>
                </Task>
                <Task>
                    <Message></Message>
                    <Name>Dashboard_ChangeSummaryView</Name>
                    <Value>150</Value>
                </Task>
                <Task>
                    <Message></Message>
                    <Name>Dashboard_TurnChartsOnOff</Name>
                    <Value>151</Value>
                </Task>
                <Task>
                    <Message></Message>
                    <Name>Dashboard_AddDisk</Name>
                    <Value>152</Value>
                </Task>
                <Task>
                    <Message></Message>
                    <Name>Dashboard_RemoveDisk</Name>
                    <Value>153</Value>
                </Task>
                <Task>
                    <Message></Message>
                    <Name>Dashboard_AddAdapter</Name>
                    <Value>154</Value>
                </Task>
                <Task>
                    <Message></Message>
                    <Name>Dashboard_RemoveAdapter</Name>
                    <Value>155</Value>
                </Task>
                <Task>
                    <Message></Message>
                    <Name>Dashboard_DiskPerfIOCTL</Name>
                    <Value>156</Value>
                </Task>
                <Task>
                    <Message></Message>
                    <Name>Dashboard_ChartScaleChanged</Name>
                    <Value>157</Value>
                </Task>
                <Task>
                    <Message></Message>
                    <Name>Dashboard_DiskLengthIOCTL</Name>
                    <Value>158</Value>
                </Task>
                <Task>
                    <Message></Message>
                    <Name>Startup_ImpactFile_Parse</Name>
                    <Value>200</Value>
                </Task>
                <Task>
                    <Message></Message>
                    <Name>Startup_Enumeration</Name>
                    <Value>201</Value>
                </Task>
                <Task>
                    <Message></Message>
                    <Name>Startup_LoadItems</Name>
                    <Value>202</Value>
                </Task>
                <Task>
                    <Message></Message>
                    <Name>AppHistory_EnumerateInstalledApps</Name>
                    <Value>250</Value>
                </Task>
                <Task>
                    <Message></Message>
                    <Name>AppHistory_RegisterAndProcessStats</Name>
                    <Value>251</Value>
                </Task>
                <Task>
                    <Message></Message>
                    <Name>AppHistory_GetInterfaceCost</Name>
                    <Value>252</Value>
                </Task>
                <Task>
                    <Message></Message>
                    <Name>AppHistory_ParsePackageIcon</Name>
                    <Value>253</Value>
                </Task>
                <Task>
                    <Message></Message>
                    <Name>AppHistory_AddImmersiveApplication</Name>
                    <Value>254</Value>
                </Task>
                <Task>
                    <Message></Message>
                    <Name>AppHistory_AddDesktopApplication</Name>
                    <Value>255</Value>
                </Task>
                <Task>
                    <Message></Message>
                    <Name>AppHistory_ProcessSrumRecordSet</Name>
                    <Value>256</Value>
                </Task>
            </Tasks>
            <Opcodes>
                <Opcode>
                    <Message>Info</Message>
                    <Name>win:Info</Name>
                    <Value>0</Value>
                    <Task>0</Task>
                </Opcode>
                <Opcode>
                    <Message>Start</Message>
                    <Name>win:Start</Name>
                    <Value>1</Value>
                    <Task>0</Task>
                </Opcode>
                <Opcode>
                    <Message>Stop</Message>
                    <Name>win:Stop</Name>
                    <Value>2</Value>
                    <Task>0</Task>
                </Opcode>
                <Opcode>
                    <Message></Message>
                    <Name>Update</Name>
                    <Value>10</Value>
                    <Task>0</Task>
                </Opcode>
                <Opcode>
                    <Message></Message>
                    <Name>Insert</Name>
                    <Value>11</Value>
                    <Task>0</Task>
                </Opcode>
                <Opcode>
                    <Message></Message>
                    <Name>Delete</Name>
                    <Value>12</Value>
                    <Task>0</Task>
                </Opcode>
            </Opcodes>
            <Keywords>
                <Keyword>
                    <Message></Message>
                    <Name>memory</Name>
                    <Value>512</Value>
                </Keyword>
                <Keyword>
                    <Message></Message>
                    <Name>list</Name>
                    <Value>1024</Value>
                </Keyword>
                <Keyword>
                    <Message></Message>
                    <Name>error</Name>
                    <Value>2048</Value>
                </Keyword>
                <Keyword>
                    <Message></Message>
                    <Name>dashboard</Name>
                    <Value>4096</Value>
                </Keyword>
                <Keyword>
                    <Message></Message>
                    <Name>ui</Name>
                    <Value>8192</Value>
                </Keyword>
                <Keyword>
                    <Message></Message>
                    <Name>datamonitor</Name>
                    <Value>16384</Value>
                </Keyword>
                <Keyword>
                    <Message></Message>
                    <Name>ms:ReservedKeyword44</Name>
                    <Value>17592186044416</Value>
                </Keyword>
                <Keyword>
                    <Message></Message>
                    <Name>ms:Telemetry</Name>
                    <Value>35184372088832</Value>
                </Keyword>
                <Keyword>
                    <Message></Message>
                    <Name>ms:Measures</Name>
                    <Value>70368744177664</Value>
                </Keyword>
                <Keyword>
                    <Message></Message>
                    <Name>ms:CriticalData</Name>
                    <Value>140737488355328</Value>
                </Keyword>
                <Keyword>
                    <Message>Response Time</Message>
                    <Name>win:ResponseTime</Name>
                    <Value>281474976710656</Value>
                </Keyword>
            </Keywords>
        </Metadata>
        <EventMetadata>
            <Event>
                <Id>5016</Id>
                <Version>0</Version>
                <Keyword>memory</Keyword>
                <Template><![CDATA[
<template xmlns="http://schemas.microsoft.com/win/2004/08/events">
  <data name="FileName" inType="win:AnsiString" outType="xs:string"/>
  <data name="Line" inType="win:UInt32" outType="xs:unsignedInt"/>
  <data name="Address" inType="win:Pointer" outType="win:HexInt64"/>
  <data name="Size" inType="win:Pointer" outType="win:HexInt64"/>
</template>
]]></Template>
            </Event>
            <Event>
                <Id>5017</Id>
                <Version>0</Version>
                <Keyword>memory</Keyword>
                <Template><![CDATA[
<template xmlns="http://schemas.microsoft.com/win/2004/08/events">
  <data name="FileName" inType="win:AnsiString" outType="xs:string"/>
  <data name="Line" inType="win:UInt32" outType="xs:unsignedInt"/>
  <data name="Address" inType="win:Pointer" outType="win:HexInt64"/>
</template>
]]></Template>
            </Event>
            <Event>
                <Id>5018</Id>
                <Version>0</Version>
                <Keyword>memory</Keyword>
                <Template><![CDATA[
<template xmlns="http://schemas.microsoft.com/win/2004/08/events">
  <data name="FileName" inType="win:AnsiString" outType="xs:string"/>
  <data name="Line" inType="win:UInt32" outType="xs:unsignedInt"/>
  <data name="Address" inType="win:Pointer" outType="win:HexInt64"/>
  <data name="Size" inType="win:Pointer" outType="win:HexInt64"/>
  <data name="OrigAddress" inType="win:Pointer" outType="win:HexInt64"/>
</template>
]]></Template>
            </Event>
            <Event>
                <Id>5100</Id>
                <Version>0</Version>
                <Level>Information</Level>
                <Task>ListUpdate</Task>
                <Opcode>Update</Opcode>
                <Keyword>list</Keyword>
                <Template><![CDATA[
<template xmlns="http://schemas.microsoft.com/win/2004/08/events">
  <data name="TableId" inType="win:UInt32" outType="xs:unsignedInt"/>
  <data name="ItemPos" inType="win:UInt32" outType="xs:unsignedInt"/>
  <data name="ItemState" inType="win:UInt32" outType="win:HexInt32"/>
  <data name="ItemContent" inType="win:UnicodeString" outType="xs:string"/>
</template>
]]></Template>
            </Event>
            <Event>
                <Id>5101</Id>
                <Version>0</Version>
                <Level>Information</Level>
                <Task>ListUpdate</Task>
                <Opcode>Insert</Opcode>
                <Keyword>list</Keyword>
                <Template><![CDATA[
<template xmlns="http://schemas.microsoft.com/win/2004/08/events">
  <data name="TableId" inType="win:UInt32" outType="xs:unsignedInt"/>
  <data name="ItemPos" inType="win:UInt32" outType="xs:unsignedInt"/>
  <data name="ItemState" inType="win:UInt32" outType="win:HexInt32"/>
  <data name="ItemContent" inType="win:UnicodeString" outType="xs:string"/>
</template>
]]></Template>
            </Event>
            <Event>
                <Id>5102</Id>
                <Version>0</Version>
                <Level>Information</Level>
                <Task>ListUpdate</Task>
                <Opcode>Delete</Opcode>
                <Keyword>list</Keyword>
                <Template><![CDATA[
<template xmlns="http://schemas.microsoft.com/win/2004/08/events">
  <data name="TableId" inType="win:UInt32" outType="xs:unsignedInt"/>
  <data name="ItemPos" inType="win:UInt32" outType="xs:unsignedInt"/>
  <data name="ItemState" inType="win:UInt32" outType="win:HexInt32"/>
  <data name="ItemContent" inType="win:UnicodeString" outType="xs:string"/>
</template>
]]></Template>
            </Event>
            <Event>
                <Id>5103</Id>
                <Version>0</Version>
                <Level>Error</Level>
                <Keyword>error</Keyword>
                <Template><![CDATA[
<template xmlns="http://schemas.microsoft.com/win/2004/08/events">
  <data name="FileName" inType="win:AnsiString" outType="xs:string"/>
  <data name="Function" inType="win:AnsiString" outType="xs:string"/>
  <data name="Line" inType="win:UInt32" outType="xs:unsignedInt"/>
  <data name="ErrorText" inType="win:UnicodeString" outType="xs:string"/>
</template>
]]></Template>
            </Event>
            <Event>
                <Id>5200</Id>
                <Version>0</Version>
                <Channel>Microsoft-Windows-Diagnosis-AdvancedTaskManager/Analytic</Channel>
                <Level>Information</Level>
                <Task>PerfTrack_TM8_Launch</Task>
                <Opcode>Start</Opcode>
                <Template><![CDATA[
]]></Template>
            </Event>
            <Event>
                <Id>5201</Id>
                <Version>0</Version>
                <Channel>Microsoft-Windows-Diagnosis-AdvancedTaskManager/Analytic</Channel>
                <Level>Information</Level>
                <Task>PerfTrack_TM8_Launch</Task>
                <Opcode>Stop</Opcode>
                <Template><![CDATA[
]]></Template>
            </Event>
            <Event>
                <Id>5202</Id>
                <Version>0</Version>
                <Channel>Microsoft-Windows-Diagnosis-AdvancedTaskManager/Analytic</Channel>
                <Level>Information</Level>
                <Task>PerfTrack_TM8_TabSwitch</Task>
                <Opcode>Start</Opcode>
                <Template><![CDATA[
<template xmlns="http://schemas.microsoft.com/win/2004/08/events">
  <data name="TabId" inType="win:UInt32" outType="xs:unsignedInt"/>
</template>
]]></Template>
            </Event>
            <Event>
                <Id>5203</Id>
                <Version>0</Version>
                <Channel>Microsoft-Windows-Diagnosis-AdvancedTaskManager/Analytic</Channel>
                <Level>Information</Level>
                <Task>PerfTrack_TM8_TabSwitch</Task>
                <Opcode>Stop</Opcode>
                <Template><![CDATA[
<template xmlns="http://schemas.microsoft.com/win/2004/08/events">
  <data name="TabId" inType="win:UInt32" outType="xs:unsignedInt"/>
</template>
]]></Template>
            </Event>
            <Event>
                <Id>5204</Id>
                <Version>0</Version>
                <Channel>Microsoft-Windows-Diagnosis-AdvancedTaskManager/Analytic</Channel>
                <Level>Information</Level>
                <Task>PerfTrack_TM8_KillProcess</Task>
                <Opcode>Start</Opcode>
                <Template><![CDATA[
<template xmlns="http://schemas.microsoft.com/win/2004/08/events">
  <data name="ProcessOrPackageName" inType="win:UnicodeString" outType="xs:string"/>
  <data name="Version" inType="win:UnicodeString" outType="xs:string"/>
  <data name="TimeDateStamp" inType="win:UInt32" outType="win:HexInt32"/>
  <data name="ProcessId" inType="win:UInt32" outType="xs:unsignedInt"/>
</template>
]]></Template>
            </Event>
            <Event>
                <Id>5205</Id>
                <Version>0</Version>
                <Channel>Microsoft-Windows-Diagnosis-AdvancedTaskManager/Analytic</Channel>
                <Level>Information</Level>
                <Task>PerfTrack_TM8_KillProcess</Task>
                <Opcode>Stop</Opcode>
                <Template><![CDATA[
<template xmlns="http://schemas.microsoft.com/win/2004/08/events">
  <data name="ProcessOrPackageName" inType="win:UnicodeString" outType="xs:string"/>
  <data name="Version" inType="win:UnicodeString" outType="xs:string"/>
  <data name="TimeDateStamp" inType="win:UInt32" outType="win:HexInt32"/>
  <data name="ProcessId" inType="win:UInt32" outType="xs:unsignedInt"/>
</template>
]]></Template>
            </Event>
            <Event>
                <Id>5301</Id>
                <Version>0</Version>
                <Level>Information</Level>
                <Task>TM8_Window_Launch</Task>
                <Opcode>Start</Opcode>
                <Keyword>ui</Keyword>
                <Template><![CDATA[
]]></Template>
            </Event>
            <Event>
                <Id>5302</Id>
                <Version>0</Version>
                <Level>Information</Level>
                <Task>TM8_Window_Launch</Task>
                <Opcode>Stop</Opcode>
                <Keyword>ui</Keyword>
                <Template><![CDATA[
]]></Template>
            </Event>
            <Event>
                <Id>5303</Id>
                <Version>0</Version>
                <Level>Information</Level>
                <Task>Monitor_Setup</Task>
                <Opcode>Start</Opcode>
                <Keyword>ui</Keyword>
                <Template><![CDATA[
]]></Template>
            </Event>
            <Event>
                <Id>5304</Id>
                <Version>0</Version>
                <Level>Information</Level>
                <Task>Monitor_Setup</Task>
                <Opcode>Stop</Opcode>
                <Keyword>ui</Keyword>
                <Template><![CDATA[
]]></Template>
            </Event>
            <Event>
                <Id>5351</Id>
                <Version>0</Version>
                <Level>Information</Level>
                <Task>Dashboard_Setup</Task>
                <Opcode>Start</Opcode>
                <Keyword>dashboard</Keyword>
                <Template><![CDATA[
]]></Template>
            </Event>
            <Event>
                <Id>5352</Id>
                <Version>0</Version>
                <Level>Information</Level>
                <Task>Dashboard_Setup</Task>
                <Opcode>Stop</Opcode>
                <Keyword>dashboard</Keyword>
                <Template><![CDATA[
]]></Template>
            </Event>
            <Event>
                <Id>5353</Id>
                <Version>0</Version>
                <Level>Information</Level>
                <Task>Dashboard_Sidebar_Init</Task>
                <Opcode>Start</Opcode>
                <Keyword>dashboard</Keyword>
                <Template><![CDATA[
]]></Template>
            </Event>
            <Event>
                <Id>5354</Id>
                <Version>0</Version>
                <Level>Information</Level>
                <Task>Dashboard_Sidebar_Init</Task>
                <Opcode>Stop</Opcode>
                <Keyword>dashboard</Keyword>
                <Template><![CDATA[
]]></Template>
            </Event>
            <Event>
                <Id>5355</Id>
                <Version>0</Version>
                <Level>Information</Level>
                <Task>Dashboard_Sidebar_CPU_Init</Task>
                <Opcode>Start</Opcode>
                <Keyword>dashboard</Keyword>
                <Template><![CDATA[
]]></Template>
            </Event>
            <Event>
                <Id>5356</Id>
                <Version>0</Version>
                <Level>Information</Level>
                <Task>Dashboard_Sidebar_CPU_Init</Task>
                <Opcode>Stop</Opcode>
                <Keyword>dashboard</Keyword>
                <Template><![CDATA[
]]></Template>
            </Event>
            <Event>
                <Id>5357</Id>
                <Version>0</Version>
                <Level>Information</Level>
                <Task>Dashboard_Sidebar_Memory_Init</Task>
                <Opcode>Start</Opcode>
                <Keyword>dashboard</Keyword>
                <Template><![CDATA[
]]></Template>
            </Event>
            <Event>
                <Id>5358</Id>
                <Version>0</Version>
                <Level>Information</Level>
                <Task>Dashboard_Sidebar_Memory_Init</Task>
                <Opcode>Stop</Opcode>
                <Keyword>dashboard</Keyword>
                <Template><![CDATA[
]]></Template>
            </Event>
            <Event>
                <Id>5359</Id>
                <Version>0</Version>
                <Level>Information</Level>
                <Task>Dashboard_Sidebar_Disk_Init</Task>
                <Opcode>Start</Opcode>
                <Keyword>dashboard</Keyword>
                <Template><![CDATA[
]]></Template>
            </Event>
            <Event>
                <Id>5360</Id>
                <Version>0</Version>
                <Level>Information</Level>
                <Task>Dashboard_Sidebar_Disk_Init</Task>
                <Opcode>Stop</Opcode>
                <Keyword>dashboard</Keyword>
                <Template><![CDATA[
]]></Template>
            </Event>
            <Event>
                <Id>5361</Id>
                <Version>0</Version>
                <Level>Information</Level>
                <Task>Dashboard_Sidebar_Network_Init</Task>
                <Opcode>Start</Opcode>
                <Keyword>dashboard</Keyword>
                <Template><![CDATA[
]]></Template>
            </Event>
            <Event>
                <Id>5362</Id>
                <Version>0</Version>
                <Level>Information</Level>
                <Task>Dashboard_Sidebar_Network_Init</Task>
                <Opcode>Stop</Opcode>
                <Keyword>dashboard</Keyword>
                <Template><![CDATA[
]]></Template>
            </Event>
            <Event>
                <Id>5363</Id>
                <Version>0</Version>
                <Level>Information</Level>
                <Task>Dashboard_LoadPageTemplate</Task>
                <Opcode>Start</Opcode>
                <Keyword>dashboard</Keyword>
                <Template><![CDATA[
<template xmlns="http://schemas.microsoft.com/win/2004/08/events">
  <data name="PageId" inType="win:UInt32" outType="xs:unsignedInt"/>
</template>
]]></Template>
            </Event>
            <Event>
                <Id>5364</Id>
                <Version>0</Version>
                <Level>Information</Level>
                <Task>Dashboard_LoadPageTemplate</Task>
                <Opcode>Stop</Opcode>
                <Keyword>dashboard</Keyword>
                <Template><![CDATA[
<template xmlns="http://schemas.microsoft.com/win/2004/08/events">
  <data name="PageId" inType="win:UInt32" outType="xs:unsignedInt"/>
</template>
]]></Template>
            </Event>
            <Event>
                <Id>5365</Id>
                <Version>0</Version>
                <Level>Information</Level>
                <Task>Dashboard_CPUView_Init</Task>
                <Opcode>Start</Opcode>
                <Keyword>dashboard</Keyword>
                <Template><![CDATA[
]]></Template>
            </Event>
            <Event>
                <Id>5366</Id>
                <Version>0</Version>
                <Level>Information</Level>
                <Task>Dashboard_CPUView_Init</Task>
                <Opcode>Stop</Opcode>
                <Keyword>dashboard</Keyword>
                <Template><![CDATA[
<template xmlns="http://schemas.microsoft.com/win/2004/08/events">
  <data name="ResourceName" inType="win:UnicodeString" outType="xs:string"/>
  <data name="ProcessorCoreCount" inType="win:UInt32" outType="xs:unsignedInt"/>
  <data name="LogicalProcessorCount" inType="win:UInt32" outType="xs:unsignedInt"/>
  <data name="NumaNodeCount" inType="win:UInt32" outType="xs:unsignedInt"/>
  <data name="MaxCPUSpeed" inType="win:UnicodeString" outType="xs:string"/>
  <data name="CurrentCPUSpeed" inType="win:UnicodeString" outType="xs:string"/>
  <data name="Virtualization" inType="win:UnicodeString" outType="xs:string"/>
</template>
]]></Template>
            </Event>
            <Event>
                <Id>5367</Id>
                <Version>0</Version>
                <Level>Information</Level>
                <Task>Dashboard_MemoryView_Init</Task>
                <Opcode>Start</Opcode>
                <Keyword>dashboard</Keyword>
                <Template><![CDATA[
]]></Template>
            </Event>
            <Event>
                <Id>5368</Id>
                <Version>0</Version>
                <Level>Information</Level>
                <Task>Dashboard_MemoryView_Init</Task>
                <Opcode>Stop</Opcode>
                <Keyword>dashboard</Keyword>
                <Template><![CDATA[
<template xmlns="http://schemas.microsoft.com/win/2004/08/events">
  <data name="ResourceName" inType="win:UnicodeString" outType="xs:string"/>
  <data name="MemorySpeed" inType="win:UnicodeString" outType="xs:string"/>
  <data name="SlotsUsed" inType="win:UnicodeString" outType="xs:string"/>
  <data name="AvailableMemory" inType="win:UnicodeString" outType="xs:string"/>
  <data name="CachedMemory" inType="win:UnicodeString" outType="xs:string"/>
  <data name="CommittedMemory" inType="win:UnicodeString" outType="xs:string"/>
</template>
]]></Template>
            </Event>
            <Event>
                <Id>5369</Id>
                <Version>0</Version>
                <Level>Information</Level>
                <Task>Dashboard_DiskView_Init</Task>
                <Opcode>Start</Opcode>
                <Keyword>dashboard</Keyword>
                <Template><![CDATA[
]]></Template>
            </Event>
            <Event>
                <Id>5370</Id>
                <Version>0</Version>
                <Level>Information</Level>
                <Task>Dashboard_DiskView_Init</Task>
                <Opcode>Stop</Opcode>
                <Keyword>dashboard</Keyword>
                <Template><![CDATA[
]]></Template>
            </Event>
            <Event>
                <Id>5371</Id>
                <Version>0</Version>
                <Level>Information</Level>
                <Task>Dashboard_NetworkView_Init</Task>
                <Opcode>Start</Opcode>
                <Keyword>dashboard</Keyword>
                <Template><![CDATA[
]]></Template>
            </Event>
            <Event>
                <Id>5372</Id>
                <Version>0</Version>
                <Level>Information</Level>
                <Task>Dashboard_NetworkView_Init</Task>
                <Opcode>Stop</Opcode>
                <Keyword>dashboard</Keyword>
                <Template><![CDATA[
]]></Template>
            </Event>
            <Event>
                <Id>5373</Id>
                <Version>0</Version>
                <Level>Information</Level>
                <Task>Dashboard_Render</Task>
                <Opcode>Start</Opcode>
                <Keyword>dashboard</Keyword>
                <Template><![CDATA[
<template xmlns="http://schemas.microsoft.com/win/2004/08/events">
  <data name="PageId" inType="win:UInt32" outType="xs:unsignedInt"/>
</template>
]]></Template>
            </Event>
            <Event>
                <Id>5374</Id>
                <Version>0</Version>
                <Level>Information</Level>
                <Task>Dashboard_Render</Task>
                <Opcode>Stop</Opcode>
                <Keyword>dashboard</Keyword>
                <Template><![CDATA[
<template xmlns="http://schemas.microsoft.com/win/2004/08/events">
  <data name="PageId" inType="win:UInt32" outType="xs:unsignedInt"/>
</template>
]]></Template>
            </Event>
            <Event>
                <Id>5375</Id>
                <Version>0</Version>
                <Level>Information</Level>
                <Task>Dashboard_SwitchResource</Task>
                <Opcode>Start</Opcode>
                <Keyword>dashboard</Keyword>
                <Template><![CDATA[
]]></Template>
            </Event>
            <Event>
                <Id>5376</Id>
                <Version>0</Version>
                <Level>Information</Level>
                <Task>Dashboard_SwitchResource</Task>
                <Opcode>Stop</Opcode>
                <Keyword>dashboard</Keyword>
                <Template><![CDATA[
<template xmlns="http://schemas.microsoft.com/win/2004/08/events">
  <data name="OldPageId" inType="win:UInt32" outType="xs:unsignedInt"/>
  <data name="NewPageId" inType="win:UInt32" outType="xs:unsignedInt"/>
</template>
]]></Template>
            </Event>
            <Event>
                <Id>5379</Id>
                <Version>0</Version>
                <Level>Information</Level>
                <Task>Dashboard_Disk_EnumerateDisks</Task>
                <Opcode>Start</Opcode>
                <Keyword>dashboard</Keyword>
                <Template><![CDATA[
]]></Template>
            </Event>
            <Event>
                <Id>5380</Id>
                <Version>0</Version>
                <Level>Information</Level>
                <Task>Dashboard_Disk_EnumerateDisks</Task>
                <Opcode>Stop</Opcode>
                <Keyword>dashboard</Keyword>
                <Template><![CDATA[
<template xmlns="http://schemas.microsoft.com/win/2004/08/events">
  <data name="DiskCount" inType="win:UInt32" outType="xs:unsignedInt"/>
</template>
]]></Template>
            </Event>
            <Event>
                <Id>5381</Id>
                <Version>0</Version>
                <Level>Information</Level>
                <Task>Dashboard_Network_Adapter_EnumerateAdapters</Task>
                <Opcode>Start</Opcode>
                <Keyword>dashboard</Keyword>
                <Template><![CDATA[
]]></Template>
            </Event>
            <Event>
                <Id>5382</Id>
                <Version>0</Version>
                <Level>Information</Level>
                <Task>Dashboard_Network_Adapter_EnumerateAdapters</Task>
                <Opcode>Stop</Opcode>
                <Keyword>dashboard</Keyword>
                <Template><![CDATA[
<template xmlns="http://schemas.microsoft.com/win/2004/08/events">
  <data name="AdapterCount" inType="win:UInt32" outType="xs:unsignedInt"/>
</template>
]]></Template>
            </Event>
            <Event>
                <Id>5383</Id>
                <Version>0</Version>
                <Level>Information</Level>
                <Task>Dashboard_Network_Adapter_RefreshAdapters</Task>
                <Opcode>Start</Opcode>
                <Keyword>dashboard</Keyword>
                <Template><![CDATA[
]]></Template>
            </Event>
            <Event>
                <Id>5384</Id>
                <Version>0</Version>
                <Level>Information</Level>
                <Task>Dashboard_Network_Adapter_RefreshAdapters</Task>
                <Opcode>Stop</Opcode>
                <Keyword>dashboard</Keyword>
                <Template><![CDATA[
<template xmlns="http://schemas.microsoft.com/win/2004/08/events">
  <data name="AdapterCount" inType="win:UInt32" outType="xs:unsignedInt"/>
</template>
]]></Template>
            </Event>
            <Event>
                <Id>5385</Id>
                <Version>0</Version>
                <Level>Information</Level>
                <Task>Dashboard_Network_Adapter_WifiSetProperties</Task>
                <Opcode>Start</Opcode>
                <Keyword>dashboard</Keyword>
                <Template><![CDATA[
]]></Template>
            </Event>
            <Event>
                <Id>5386</Id>
                <Version>0</Version>
                <Level>Information</Level>
                <Task>Dashboard_Network_Adapter_WifiSetProperties</Task>
                <Opcode>Stop</Opcode>
                <Keyword>dashboard</Keyword>
                <Template><![CDATA[
<template xmlns="http://schemas.microsoft.com/win/2004/08/events">
  <data name="SSID" inType="win:UnicodeString" outType="xs:string"/>
  <data name="PhysicalNetworkType" inType="win:UnicodeString" outType="xs:string"/>
  <data name="SignalQuality" inType="win:UInt32" outType="xs:unsignedInt"/>
</template>
]]></Template>
            </Event>
            <Event>
                <Id>5387</Id>
                <Version>0</Version>
                <Level>Information</Level>
                <Task>Dashboard_Network_Adapter_WWanSetProperties</Task>
                <Opcode>Start</Opcode>
                <Keyword>dashboard</Keyword>
                <Template><![CDATA[
]]></Template>
            </Event>
            <Event>
                <Id>5388</Id>
                <Version>0</Version>
                <Level>Information</Level>
                <Task>Dashboard_Network_Adapter_WWanSetProperties</Task>
                <Opcode>Stop</Opcode>
                <Keyword>dashboard</Keyword>
                <Template><![CDATA[
<template xmlns="http://schemas.microsoft.com/win/2004/08/events">
  <data name="ServiceProvider" inType="win:UnicodeString" outType="xs:string"/>
  <data name="PhysicalNetworkType" inType="win:UnicodeString" outType="xs:string"/>
  <data name="SignalQuality" inType="win:UInt32" outType="xs:unsignedInt"/>
</template>
]]></Template>
            </Event>
            <Event>
                <Id>5389</Id>
                <Version>0</Version>
                <Level>Information</Level>
                <Task>Dashboard_ChangeSummaryView</Task>
                <Opcode>Start</Opcode>
                <Keyword>dashboard</Keyword>
                <Template><![CDATA[
<template xmlns="http://schemas.microsoft.com/win/2004/08/events">
  <data name="Snap" inType="win:UInt32" outType="xs:unsignedInt"/>
  <data name="CurrentView" inType="win:UInt32" outType="xs:unsignedInt"/>
</template>
]]></Template>
            </Event>
            <Event>
                <Id>5390</Id>
                <Version>0</Version>
                <Level>Information</Level>
                <Task>Dashboard_ChangeSummaryView</Task>
                <Opcode>Stop</Opcode>
                <Keyword>dashboard</Keyword>
                <Template><![CDATA[
]]></Template>
            </Event>
            <Event>
                <Id>5391</Id>
                <Version>0</Version>
                <Level>Information</Level>
                <Task>Dashboard_TurnChartsOnOff</Task>
                <Opcode>Start</Opcode>
                <Keyword>dashboard</Keyword>
                <Template><![CDATA[
<template xmlns="http://schemas.microsoft.com/win/2004/08/events">
  <data name="ChartsOn" inType="win:UInt32" outType="xs:unsignedInt"/>
  <data name="CurrentView" inType="win:UInt32" outType="xs:unsignedInt"/>
</template>
]]></Template>
            </Event>
            <Event>
                <Id>5392</Id>
                <Version>0</Version>
                <Level>Information</Level>
                <Task>Dashboard_TurnChartsOnOff</Task>
                <Opcode>Stop</Opcode>
                <Keyword>dashboard</Keyword>
                <Template><![CDATA[
]]></Template>
            </Event>
            <Event>
                <Id>5393</Id>
                <Version>0</Version>
                <Level>Information</Level>
                <Task>Dashboard_AddDisk</Task>
                <Opcode>Start</Opcode>
                <Keyword>dashboard</Keyword>
                <Template><![CDATA[
<template xmlns="http://schemas.microsoft.com/win/2004/08/events">
  <data name="OldCount" inType="win:UInt32" outType="xs:unsignedInt"/>
  <data name="NewCount" inType="win:UInt32" outType="xs:unsignedInt"/>
</template>
]]></Template>
            </Event>
            <Event>
                <Id>5394</Id>
                <Version>0</Version>
                <Level>Information</Level>
                <Task>Dashboard_AddDisk</Task>
                <Opcode>Stop</Opcode>
                <Keyword>dashboard</Keyword>
                <Template><![CDATA[
]]></Template>
            </Event>
            <Event>
                <Id>5395</Id>
                <Version>0</Version>
                <Level>Information</Level>
                <Task>Dashboard_RemoveDisk</Task>
                <Opcode>Start</Opcode>
                <Keyword>dashboard</Keyword>
                <Template><![CDATA[
<template xmlns="http://schemas.microsoft.com/win/2004/08/events">
  <data name="OldCount" inType="win:UInt32" outType="xs:unsignedInt"/>
  <data name="NewCount" inType="win:UInt32" outType="xs:unsignedInt"/>
</template>
]]></Template>
            </Event>
            <Event>
                <Id>5396</Id>
                <Version>0</Version>
                <Level>Information</Level>
                <Task>Dashboard_RemoveDisk</Task>
                <Opcode>Stop</Opcode>
                <Keyword>dashboard</Keyword>
                <Template><![CDATA[
]]></Template>
            </Event>
            <Event>
                <Id>5397</Id>
                <Version>0</Version>
                <Level>Information</Level>
                <Task>Dashboard_AddAdapter</Task>
                <Opcode>Start</Opcode>
                <Keyword>dashboard</Keyword>
                <Template><![CDATA[
<template xmlns="http://schemas.microsoft.com/win/2004/08/events">
  <data name="OldCount" inType="win:UInt32" outType="xs:unsignedInt"/>
  <data name="NewCount" inType="win:UInt32" outType="xs:unsignedInt"/>
</template>
]]></Template>
            </Event>
            <Event>
                <Id>5398</Id>
                <Version>0</Version>
                <Level>Information</Level>
                <Task>Dashboard_AddAdapter</Task>
                <Opcode>Stop</Opcode>
                <Keyword>dashboard</Keyword>
                <Template><![CDATA[
]]></Template>
            </Event>
            <Event>
                <Id>5399</Id>
                <Version>0</Version>
                <Level>Information</Level>
                <Task>Dashboard_RemoveAdapter</Task>
                <Opcode>Start</Opcode>
                <Keyword>dashboard</Keyword>
                <Template><![CDATA[
<template xmlns="http://schemas.microsoft.com/win/2004/08/events">
  <data name="OldCount" inType="win:UInt32" outType="xs:unsignedInt"/>
  <data name="NewCount" inType="win:UInt32" outType="xs:unsignedInt"/>
</template>
]]></Template>
            </Event>
            <Event>
                <Id>5400</Id>
                <Version>0</Version>
                <Level>Information</Level>
                <Task>Dashboard_RemoveAdapter</Task>
                <Opcode>Stop</Opcode>
                <Keyword>dashboard</Keyword>
                <Template><![CDATA[
]]></Template>
            </Event>
            <Event>
                <Id>5401</Id>
                <Version>0</Version>
                <Level>Information</Level>
                <Task>Dashboard_DiskPerfIOCTL</Task>
                <Opcode>Start</Opcode>
                <Keyword>dashboard</Keyword>
                <Template><![CDATA[
<template xmlns="http://schemas.microsoft.com/win/2004/08/events">
  <data name="DiskNumber" inType="win:UInt32" outType="xs:unsignedInt"/>
</template>
]]></Template>
            </Event>
            <Event>
                <Id>5402</Id>
                <Version>0</Version>
                <Level>Information</Level>
                <Task>Dashboard_DiskPerfIOCTL</Task>
                <Opcode>Stop</Opcode>
                <Keyword>dashboard</Keyword>
                <Template><![CDATA[
<template xmlns="http://schemas.microsoft.com/win/2004/08/events">
  <data name="Hresult" inType="win:UInt32" outType="xs:unsignedInt"/>
  <data name="QueryByteReturned" inType="win:UInt32" outType="xs:unsignedInt"/>
</template>
]]></Template>
            </Event>
            <Event>
                <Id>5403</Id>
                <Version>0</Version>
                <Level>Information</Level>
                <Task>Dashboard_ChartScaleChanged</Task>
                <Opcode>Update</Opcode>
                <Keyword>dashboard</Keyword>
                <Template><![CDATA[
<template xmlns="http://schemas.microsoft.com/win/2004/08/events">
  <data name="ChartId" inType="win:UnicodeString" outType="xs:string"/>
  <data name="FromScaleIndex" inType="win:UInt32" outType="xs:unsignedInt"/>
  <data name="FromScaleString" inType="win:UnicodeString" outType="xs:string"/>
  <data name="ToScaleIndex" inType="win:UInt32" outType="xs:unsignedInt"/>
  <data name="ToScaleString" inType="win:UnicodeString" outType="xs:string"/>
</template>
]]></Template>
            </Event>
            <Event>
                <Id>5404</Id>
                <Version>0</Version>
                <Level>Information</Level>
                <Task>Dashboard_DiskLengthIOCTL</Task>
                <Opcode>Start</Opcode>
                <Keyword>dashboard</Keyword>
                <Template><![CDATA[
<template xmlns="http://schemas.microsoft.com/win/2004/08/events">
  <data name="DiskNumber" inType="win:UInt32" outType="xs:unsignedInt"/>
</template>
]]></Template>
            </Event>
            <Event>
                <Id>5405</Id>
                <Version>0</Version>
                <Level>Information</Level>
                <Task>Dashboard_DiskLengthIOCTL</Task>
                <Opcode>Stop</Opcode>
                <Keyword>dashboard</Keyword>
                <Template><![CDATA[
<template xmlns="http://schemas.microsoft.com/win/2004/08/events">
  <data name="Hresult" inType="win:UInt32" outType="xs:unsignedInt"/>
  <data name="QueryByteReturned" inType="win:UInt32" outType="xs:unsignedInt"/>
  <data name="LengthInByte" inType="win:UInt64" outType="xs:unsignedLong"/>
</template>
]]></Template>
            </Event>
            <Event>
                <Id>5501</Id>
                <Version>0</Version>
                <Level>Information</Level>
                <Task>UI_Render</Task>
                <Opcode>Start</Opcode>
                <Keyword>ui</Keyword>
                <Template><![CDATA[
<template xmlns="http://schemas.microsoft.com/win/2004/08/events">
  <data name="TabId" inType="win:UInt32" outType="xs:unsignedInt"/>
</template>
]]></Template>
            </Event>
            <Event>
                <Id>5502</Id>
                <Version>0</Version>
                <Level>Information</Level>
                <Task>UI_Render</Task>
                <Opcode>Stop</Opcode>
                <Keyword>ui</Keyword>
                <Template><![CDATA[
<template xmlns="http://schemas.microsoft.com/win/2004/08/events">
  <data name="TabId" inType="win:UInt32" outType="xs:unsignedInt"/>
</template>
]]></Template>
            </Event>
            <Event>
                <Id>5503</Id>
                <Version>0</Version>
                <Level>Information</Level>
                <Task>UI_DataSort</Task>
                <Opcode>Start</Opcode>
                <Keyword>ui</Keyword>
                <Template><![CDATA[
]]></Template>
            </Event>
            <Event>
                <Id>5504</Id>
                <Version>0</Version>
                <Level>Information</Level>
                <Task>UI_DataSort</Task>
                <Opcode>Stop</Opcode>
                <Keyword>ui</Keyword>
                <Template><![CDATA[
<template xmlns="http://schemas.microsoft.com/win/2004/08/events">
  <data name="PageId" inType="win:UInt32" outType="xs:unsignedInt"/>
</template>
]]></Template>
            </Event>
            <Event>
                <Id>5505</Id>
                <Version>0</Version>
                <Level>Information</Level>
                <Task>UI_ClickExpando</Task>
                <Opcode>Start</Opcode>
                <Keyword>ui</Keyword>
                <Template><![CDATA[
]]></Template>
            </Event>
            <Event>
                <Id>5506</Id>
                <Version>0</Version>
                <Level>Information</Level>
                <Task>UI_ClickExpando</Task>
                <Opcode>Stop</Opcode>
                <Keyword>ui</Keyword>
                <Template><![CDATA[
]]></Template>
            </Event>
            <Event>
                <Id>5651</Id>
                <Version>0</Version>
                <Level>Information</Level>
                <Task>DataMonitor_AppInfo_Update</Task>
                <Opcode>Start</Opcode>
                <Keyword>datamonitor</Keyword>
                <Template><![CDATA[
]]></Template>
            </Event>
            <Event>
                <Id>5652</Id>
                <Version>0</Version>
                <Level>Information</Level>
                <Task>DataMonitor_AppInfo_Update</Task>
                <Opcode>Stop</Opcode>
                <Keyword>datamonitor</Keyword>
                <Template><![CDATA[
<template xmlns="http://schemas.microsoft.com/win/2004/08/events">
  <data name="NewItems" inType="win:UInt32" outType="xs:unsignedInt"/>
  <data name="UpdatedItems" inType="win:UInt32" outType="xs:unsignedInt"/>
</template>
]]></Template>
            </Event>
            <Event>
                <Id>5653</Id>
                <Version>0</Version>
                <Level>Information</Level>
                <Task>DataMonitor_WindowInfo_Update</Task>
                <Opcode>Start</Opcode>
                <Keyword>datamonitor</Keyword>
                <Template><![CDATA[
]]></Template>
            </Event>
            <Event>
                <Id>5654</Id>
                <Version>0</Version>
                <Level>Information</Level>
                <Task>DataMonitor_WindowInfo_Update</Task>
                <Opcode>Stop</Opcode>
                <Keyword>datamonitor</Keyword>
                <Template><![CDATA[
<template xmlns="http://schemas.microsoft.com/win/2004/08/events">
  <data name="NewItems" inType="win:UInt32" outType="xs:unsignedInt"/>
  <data name="UpdatedItems" inType="win:UInt32" outType="xs:unsignedInt"/>
</template>
]]></Template>
            </Event>
            <Event>
                <Id>5655</Id>
                <Version>0</Version>
                <Level>Information</Level>
                <Task>DataMonitor_AppServiceInfo_Update</Task>
                <Opcode>Start</Opcode>
                <Keyword>datamonitor</Keyword>
                <Template><![CDATA[
]]></Template>
            </Event>
            <Event>
                <Id>5656</Id>
                <Version>0</Version>
                <Level>Information</Level>
                <Task>DataMonitor_AppServiceInfo_Update</Task>
                <Opcode>Stop</Opcode>
                <Keyword>datamonitor</Keyword>
                <Template><![CDATA[
<template xmlns="http://schemas.microsoft.com/win/2004/08/events">
  <data name="NewItems" inType="win:UInt32" outType="xs:unsignedInt"/>
  <data name="UpdatedItems" inType="win:UInt32" outType="xs:unsignedInt"/>
</template>
]]></Template>
            </Event>
            <Event>
                <Id>5657</Id>
                <Version>0</Version>
                <Level>Information</Level>
                <Task>DataMonitor_TrayIconInfo_Update</Task>
                <Opcode>Start</Opcode>
                <Keyword>datamonitor</Keyword>
                <Template><![CDATA[
]]></Template>
            </Event>
            <Event>
                <Id>5658</Id>
                <Version>0</Version>
                <Level>Information</Level>
                <Task>DataMonitor_TrayIconInfo_Update</Task>
                <Opcode>Stop</Opcode>
                <Keyword>datamonitor</Keyword>
                <Template><![CDATA[
<template xmlns="http://schemas.microsoft.com/win/2004/08/events">
  <data name="NewItems" inType="win:UInt32" outType="xs:unsignedInt"/>
  <data name="UpdatedItems" inType="win:UInt32" outType="xs:unsignedInt"/>
</template>
]]></Template>
            </Event>
            <Event>
                <Id>5659</Id>
                <Version>0</Version>
                <Level>Information</Level>
                <Task>DataMonitor_UserInfo_Update</Task>
                <Opcode>Start</Opcode>
                <Keyword>datamonitor</Keyword>
                <Template><![CDATA[
]]></Template>
            </Event>
            <Event>
                <Id>5660</Id>
                <Version>0</Version>
                <Level>Information</Level>
                <Task>DataMonitor_UserInfo_Update</Task>
                <Opcode>Stop</Opcode>
                <Keyword>datamonitor</Keyword>
                <Template><![CDATA[
<template xmlns="http://schemas.microsoft.com/win/2004/08/events">
  <data name="NewItems" inType="win:UInt32" outType="xs:unsignedInt"/>
  <data name="UpdatedItems" inType="win:UInt32" outType="xs:unsignedInt"/>
</template>
]]></Template>
            </Event>
            <Event>
                <Id>6001</Id>
                <Version>0</Version>
                <Level>Information</Level>
                <Task>Actions_InvokeMenu</Task>
                <Opcode>Start</Opcode>
                <Keyword>ui</Keyword>
                <Template><![CDATA[
]]></Template>
            </Event>
            <Event>
                <Id>6002</Id>
                <Version>0</Version>
                <Level>Information</Level>
                <Task>Actions_InvokeMenu</Task>
                <Opcode>Stop</Opcode>
                <Keyword>ui</Keyword>
                <Template><![CDATA[
<template xmlns="http://schemas.microsoft.com/win/2004/08/events">
  <data name="ItemType" inType="win:UInt64" outType="xs:unsignedLong"/>
  <data name="MenuId" inType="win:UInt32" outType="xs:unsignedInt"/>
</template>
]]></Template>
            </Event>
            <Event>
                <Id>6003</Id>
                <Version>0</Version>
                <Level>Information</Level>
                <Task>Actions_RightClickPopup</Task>
                <Opcode>Start</Opcode>
                <Keyword>ui</Keyword>
                <Template><![CDATA[
]]></Template>
            </Event>
            <Event>
                <Id>6004</Id>
                <Version>0</Version>
                <Level>Information</Level>
                <Task>Actions_RightClickPopup</Task>
                <Opcode>Stop</Opcode>
                <Keyword>ui</Keyword>
                <Template><![CDATA[
<template xmlns="http://schemas.microsoft.com/win/2004/08/events">
  <data name="ItemType" inType="win:UInt64" outType="xs:unsignedLong"/>
</template>
]]></Template>
            </Event>
            <Event>
                <Id>6005</Id>
                <Version>0</Version>
                <Level>Information</Level>
                <Task>Actions_EndTask_Process</Task>
                <Opcode>Start</Opcode>
                <Keyword>ui</Keyword>
                <Template><![CDATA[
<template xmlns="http://schemas.microsoft.com/win/2004/08/events">
  <data name="ProcessId" inType="win:UInt32" outType="xs:unsignedInt"/>
</template>
]]></Template>
            </Event>
            <Event>
                <Id>6006</Id>
                <Version>0</Version>
                <Level>Information</Level>
                <Task>Actions_EndTask_Process</Task>
                <Opcode>Stop</Opcode>
                <Keyword>ui</Keyword>
                <Template><![CDATA[
<template xmlns="http://schemas.microsoft.com/win/2004/08/events">
  <data name="ProcessId" inType="win:UInt32" outType="xs:unsignedInt"/>
</template>
]]></Template>
            </Event>
            <Event>
                <Id>6007</Id>
                <Version>0</Version>
                <Level>Information</Level>
                <Task>Actions_EndTask_Window</Task>
                <Opcode>Start</Opcode>
                <Keyword>ui</Keyword>
                <Template><![CDATA[
<template xmlns="http://schemas.microsoft.com/win/2004/08/events">
  <data name="WindowHandle" inType="win:UInt32" outType="xs:unsignedInt"/>
</template>
]]></Template>
            </Event>
            <Event>
                <Id>6008</Id>
                <Version>0</Version>
                <Level>Information</Level>
                <Task>Actions_EndTask_Window</Task>
                <Opcode>Stop</Opcode>
                <Keyword>ui</Keyword>
                <Template><![CDATA[
<template xmlns="http://schemas.microsoft.com/win/2004/08/events">
  <data name="WindowHandle" inType="win:UInt32" outType="xs:unsignedInt"/>
</template>
]]></Template>
            </Event>
            <Event>
                <Id>6009</Id>
                <Version>0</Version>
                <Level>Information</Level>
                <Task>Actions_EndTask_Service</Task>
                <Opcode>Start</Opcode>
                <Keyword>ui</Keyword>
                <Template><![CDATA[
<template xmlns="http://schemas.microsoft.com/win/2004/08/events">
  <data name="ServiceName" inType="win:UnicodeString" outType="xs:string"/>
</template>
]]></Template>
            </Event>
            <Event>
                <Id>6010</Id>
                <Version>0</Version>
                <Level>Information</Level>
                <Task>Actions_EndTask_Service</Task>
                <Opcode>Stop</Opcode>
                <Keyword>ui</Keyword>
                <Template><![CDATA[
<template xmlns="http://schemas.microsoft.com/win/2004/08/events">
  <data name="ServiceName" inType="win:UnicodeString" outType="xs:string"/>
</template>
]]></Template>
            </Event>
            <Event>
                <Id>6011</Id>
                <Version>0</Version>
                <Level>Information</Level>
                <Task>Actions_Sortby</Task>
                <Opcode>Start</Opcode>
                <Keyword>ui</Keyword>
                <Template><![CDATA[
]]></Template>
            </Event>
            <Event>
                <Id>6012</Id>
                <Version>0</Version>
                <Level>Information</Level>
                <Task>Actions_Sortby</Task>
                <Opcode>Stop</Opcode>
                <Keyword>ui</Keyword>
                <Template><![CDATA[
]]></Template>
            </Event>
            <Event>
                <Id>6013</Id>
                <Version>0</Version>
                <Level>Information</Level>
                <Task>Actions_SortDUITree</Task>
                <Opcode>Start</Opcode>
                <Keyword>ui</Keyword>
                <Template><![CDATA[
]]></Template>
            </Event>
            <Event>
                <Id>6014</Id>
                <Version>0</Version>
                <Level>Information</Level>
                <Task>Actions_SortDUITree</Task>
                <Opcode>Stop</Opcode>
                <Keyword>ui</Keyword>
                <Template><![CDATA[
]]></Template>
            </Event>
            <Event>
                <Id>6015</Id>
                <Version>0</Version>
                <Level>Information</Level>
                <Task>Actions_ColSwap</Task>
                <Opcode>Start</Opcode>
                <Keyword>ui</Keyword>
                <Template><![CDATA[
]]></Template>
            </Event>
            <Event>
                <Id>6016</Id>
                <Version>0</Version>
                <Level>Information</Level>
                <Task>Actions_ColSwap</Task>
                <Opcode>Stop</Opcode>
                <Keyword>ui</Keyword>
                <Template><![CDATA[
]]></Template>
            </Event>
            <Event>
                <Id>6017</Id>
                <Version>0</Version>
                <Level>Information</Level>
                <Task>Actions_ColResize</Task>
                <Opcode>Start</Opcode>
                <Keyword>ui</Keyword>
                <Template><![CDATA[
]]></Template>
            </Event>
            <Event>
                <Id>6018</Id>
                <Version>0</Version>
                <Level>Information</Level>
                <Task>Actions_ColResize</Task>
                <Opcode>Stop</Opcode>
                <Keyword>ui</Keyword>
                <Template><![CDATA[
]]></Template>
            </Event>
            <Event>
                <Id>6019</Id>
                <Version>0</Version>
                <Level>Information</Level>
                <Task>Actions_ChangeView</Task>
                <Opcode>Start</Opcode>
                <Keyword>ui</Keyword>
                <Template><![CDATA[
<template xmlns="http://schemas.microsoft.com/win/2004/08/events">
  <data name="FromTab" inType="win:UInt32" outType="xs:unsignedInt"/>
  <data name="ToTab" inType="win:UInt32" outType="xs:unsignedInt"/>
</template>
]]></Template>
            </Event>
            <Event>
                <Id>6020</Id>
                <Version>0</Version>
                <Level>Information</Level>
                <Task>Actions_ChangeView</Task>
                <Opcode>Stop</Opcode>
                <Keyword>ui</Keyword>
                <Template><![CDATA[
]]></Template>
            </Event>
            <Event>
                <Id>6021</Id>
                <Version>0</Version>
                <Level>Information</Level>
                <Task>Monitor_ChangeView</Task>
                <Opcode>Start</Opcode>
                <Keyword>ui</Keyword>
                <Template><![CDATA[
<template xmlns="http://schemas.microsoft.com/win/2004/08/events">
  <data name="FromTab" inType="win:UInt32" outType="xs:unsignedInt"/>
  <data name="ToTab" inType="win:UInt32" outType="xs:unsignedInt"/>
</template>
]]></Template>
            </Event>
            <Event>
                <Id>6022</Id>
                <Version>0</Version>
                <Level>Information</Level>
                <Task>Monitor_ChangeView</Task>
                <Opcode>Stop</Opcode>
                <Keyword>ui</Keyword>
                <Template><![CDATA[
]]></Template>
            </Event>
            <Event>
                <Id>6023</Id>
                <Version>0</Version>
                <Level>Information</Level>
                <Task>Actions_ConfirmCommand</Task>
                <Opcode>Start</Opcode>
                <Keyword>ui</Keyword>
                <Template><![CDATA[
<template xmlns="http://schemas.microsoft.com/win/2004/08/events">
  <data name="CommandId" inType="win:UInt32" outType="xs:unsignedInt"/>
</template>
]]></Template>
            </Event>
            <Event>
                <Id>6024</Id>
                <Version>0</Version>
                <Level>Information</Level>
                <Task>Actions_ConfirmCommand</Task>
                <Opcode>Stop</Opcode>
                <Keyword>ui</Keyword>
                <Template><![CDATA[
]]></Template>
            </Event>
            <Event>
                <Id>6025</Id>
                <Version>0</Version>
                <Level>Information</Level>
                <Task>Actions_SwitchUser</Task>
                <Keyword>ui</Keyword>
                <Template><![CDATA[
]]></Template>
            </Event>
            <Event>
                <Id>6026</Id>
                <Version>0</Version>
                <Level>Information</Level>
                <Task>Actions_SendMessage</Task>
                <Keyword>ui</Keyword>
                <Template><![CDATA[
]]></Template>
            </Event>
            <Event>
                <Id>6027</Id>
                <Version>0</Version>
                <Level>Information</Level>
                <Task>Actions_LogoffUser</Task>
                <Keyword>ui</Keyword>
                <Template><![CDATA[
]]></Template>
            </Event>
            <Event>
                <Id>6028</Id>
                <Version>0</Version>
                <Level>Information</Level>
                <Task>Actions_DisconnectUser</Task>
                <Keyword>ui</Keyword>
                <Template><![CDATA[
]]></Template>
            </Event>
            <Event>
                <Id>7000</Id>
                <Version>0</Version>
                <Level>Information</Level>
                <Task>Startup_ImpactFile_Parse</Task>
                <Opcode>Start</Opcode>
                <Keyword>datamonitor</Keyword>
                <Template><![CDATA[
]]></Template>
            </Event>
            <Event>
                <Id>7001</Id>
                <Version>0</Version>
                <Level>Information</Level>
                <Task>Startup_ImpactFile_Parse</Task>
                <Opcode>Stop</Opcode>
                <Keyword>datamonitor</Keyword>
                <Template><![CDATA[
<template xmlns="http://schemas.microsoft.com/win/2004/08/events">
  <data name="CountOfItemsInStartupXML" inType="win:UInt32" outType="xs:unsignedInt"/>
</template>
]]></Template>
            </Event>
            <Event>
                <Id>7002</Id>
                <Version>0</Version>
                <Level>Information</Level>
                <Task>Startup_Enumeration</Task>
                <Opcode>Start</Opcode>
                <Keyword>datamonitor</Keyword>
                <Template><![CDATA[
]]></Template>
            </Event>
            <Event>
                <Id>7003</Id>
                <Version>0</Version>
                <Level>Information</Level>
                <Task>Startup_Enumeration</Task>
                <Opcode>Stop</Opcode>
                <Keyword>datamonitor</Keyword>
                <Template><![CDATA[
]]></Template>
            </Event>
            <Event>
                <Id>7004</Id>
                <Version>0</Version>
                <Level>Information</Level>
                <Task>Startup_LoadItems</Task>
                <Opcode>Start</Opcode>
                <Keyword>datamonitor</Keyword>
                <Template><![CDATA[
]]></Template>
            </Event>
            <Event>
                <Id>7005</Id>
                <Version>0</Version>
                <Level>Information</Level>
                <Task>Startup_LoadItems</Task>
                <Opcode>Stop</Opcode>
                <Keyword>datamonitor</Keyword>
                <Template><![CDATA[
]]></Template>
            </Event>
            <Event>
                <Id>7100</Id>
                <Version>0</Version>
                <Level>Information</Level>
                <Task>AppHistory_EnumerateInstalledApps</Task>
                <Opcode>Start</Opcode>
                <Keyword>datamonitor</Keyword>
                <Template><![CDATA[
]]></Template>
            </Event>
            <Event>
                <Id>7101</Id>
                <Version>0</Version>
                <Level>Information</Level>
                <Task>AppHistory_EnumerateInstalledApps</Task>
                <Opcode>Stop</Opcode>
                <Keyword>datamonitor</Keyword>
                <Template><![CDATA[
]]></Template>
            </Event>
            <Event>
                <Id>7102</Id>
                <Version>0</Version>
                <Level>Information</Level>
                <Task>AppHistory_RegisterAndProcessStats</Task>
                <Opcode>Start</Opcode>
                <Keyword>datamonitor</Keyword>
                <Template><![CDATA[
<template xmlns="http://schemas.microsoft.com/win/2004/08/events">
  <data name="SrumProvider" inType="win:UInt32" outType="xs:unsignedInt"/>
</template>
]]></Template>
            </Event>
            <Event>
                <Id>7103</Id>
                <Version>0</Version>
                <Level>Information</Level>
                <Task>AppHistory_RegisterAndProcessStats</Task>
                <Opcode>Stop</Opcode>
                <Keyword>datamonitor</Keyword>
                <Template><![CDATA[
<template xmlns="http://schemas.microsoft.com/win/2004/08/events">
  <data name="SrumProvider" inType="win:UInt32" outType="xs:unsignedInt"/>
</template>
]]></Template>
            </Event>
            <Event>
                <Id>7104</Id>
                <Version>0</Version>
                <Level>Information</Level>
                <Task>AppHistory_GetInterfaceCost</Task>
                <Opcode>Start</Opcode>
                <Keyword>datamonitor</Keyword>
                <Template><![CDATA[
<template xmlns="http://schemas.microsoft.com/win/2004/08/events">
  <data name="InterfaceLUID" inType="win:UInt64" outType="xs:unsignedLong"/>
  <data name="ProfileIndex" inType="win:UInt32" outType="xs:unsignedInt"/>
</template>
]]></Template>
            </Event>
            <Event>
                <Id>7105</Id>
                <Version>0</Version>
                <Level>Information</Level>
                <Task>AppHistory_GetInterfaceCost</Task>
                <Opcode>Stop</Opcode>
                <Keyword>datamonitor</Keyword>
                <Template><![CDATA[
<template xmlns="http://schemas.microsoft.com/win/2004/08/events">
  <data name="InterfaceLUID" inType="win:UInt64" outType="xs:unsignedLong"/>
  <data name="ProfileIndex" inType="win:UInt32" outType="xs:unsignedInt"/>
</template>
]]></Template>
            </Event>
            <Event>
                <Id>7106</Id>
                <Version>0</Version>
                <Level>Information</Level>
                <Task>AppHistory_ParsePackageIcon</Task>
                <Opcode>Start</Opcode>
                <Keyword>datamonitor</Keyword>
                <Template><![CDATA[
<template xmlns="http://schemas.microsoft.com/win/2004/08/events">
  <data name="PackageInstallPath" inType="win:UnicodeString" outType="xs:string"/>
</template>
]]></Template>
            </Event>
            <Event>
                <Id>7107</Id>
                <Version>0</Version>
                <Level>Information</Level>
                <Task>AppHistory_ParsePackageIcon</Task>
                <Opcode>Stop</Opcode>
                <Keyword>datamonitor</Keyword>
                <Template><![CDATA[
<template xmlns="http://schemas.microsoft.com/win/2004/08/events">
  <data name="PackageInstallPath" inType="win:UnicodeString" outType="xs:string"/>
</template>
]]></Template>
            </Event>
            <Event>
                <Id>7108</Id>
                <Version>0</Version>
                <Level>Information</Level>
                <Task>AppHistory_AddImmersiveApplication</Task>
                <Opcode>Start</Opcode>
                <Keyword>datamonitor</Keyword>
                <Template><![CDATA[
]]></Template>
            </Event>
            <Event>
                <Id>7109</Id>
                <Version>0</Version>
                <Level>Information</Level>
                <Task>AppHistory_AddImmersiveApplication</Task>
                <Opcode>Stop</Opcode>
                <Keyword>datamonitor</Keyword>
                <Template><![CDATA[
<template xmlns="http://schemas.microsoft.com/win/2004/08/events">
  <data name="PackageName" inType="win:UnicodeString" outType="xs:string"/>
  <data name="LongDisplayName" inType="win:UnicodeString" outType="xs:string"/>
</template>
]]></Template>
            </Event>
            <Event>
                <Id>7110</Id>
                <Version>0</Version>
                <Level>Information</Level>
                <Task>AppHistory_AddDesktopApplication</Task>
                <Opcode>Start</Opcode>
                <Keyword>datamonitor</Keyword>
                <Template><![CDATA[
]]></Template>
            </Event>
            <Event>
                <Id>7111</Id>
                <Version>0</Version>
                <Level>Information</Level>
                <Task>AppHistory_AddDesktopApplication</Task>
                <Opcode>Stop</Opcode>
                <Keyword>datamonitor</Keyword>
                <Template><![CDATA[
<template xmlns="http://schemas.microsoft.com/win/2004/08/events">
  <data name="ExePath" inType="win:UnicodeString" outType="xs:string"/>
</template>
]]></Template>
            </Event>
            <Event>
                <Id>7112</Id>
                <Version>0</Version>
                <Level>Information</Level>
                <Task>AppHistory_ProcessSrumRecordSet</Task>
                <Opcode>Start</Opcode>
                <Keyword>datamonitor</Keyword>
                <Template><![CDATA[
<template xmlns="http://schemas.microsoft.com/win/2004/08/events">
  <data name="SrumProvider" inType="win:UInt32" outType="xs:unsignedInt"/>
  <data name="SrumRecordSetCount" inType="win:UInt64" outType="xs:unsignedLong"/>
</template>
]]></Template>
            </Event>
            <Event>
                <Id>7113</Id>
                <Version>0</Version>
                <Level>Information</Level>
                <Task>AppHistory_ProcessSrumRecordSet</Task>
                <Opcode>Stop</Opcode>
                <Keyword>datamonitor</Keyword>
                <Template><![CDATA[
]]></Template>
            </Event>
        </EventMetadata>
    </Provider>
</Providers>
