<Providers>
    <Provider>
        <Name>Microsoft-Windows-HostGuardianService-Client</Name>
        <Metadata>
            <Guid>{7DEE1FDC-FFA8-4087-912A-95189D6A2D7F}</Guid>
            <ResourceFilePath>%windir%\System32\HostGuardianServiceClientResources.dll</ResourceFilePath>
            <ParameterFilePath></ParameterFilePath>
            <MessageFilePath>%windir%\System32\HostGuardianServiceClientResources.dll</MessageFilePath>
            <HelpLink></HelpLink>
            <PublisherMessage></PublisherMessage>
            <Channels>
                <Channel>
                    <Message>Microsoft-Windows-HostGuardianService-Client/Admin</Message>
                    <Path>Microsoft-Windows-HostGuardianService-Client/Admin</Path>
                    <Index>0</Index>
                    <Id>16</Id>
                    <Imported>false</Imported>
                </Channel>
                <Channel>
                    <Message>Microsoft-Windows-HostGuardianService-Client/Operational</Message>
                    <Path>Microsoft-Windows-HostGuardianService-Client/Operational</Path>
                    <Index>1</Index>
                    <Id>17</Id>
                    <Imported>false</Imported>
                </Channel>
                <Channel>
                    <Message>Microsoft-Windows-HostGuardianService-Client/Debug</Message>
                    <Path>Microsoft-Windows-HostGuardianService-Client/Debug</Path>
                    <Index>2</Index>
                    <Id>18</Id>
                    <Imported>false</Imported>
                </Channel>
                <Channel>
                    <Message>Microsoft-Windows-HostGuardianService-Client/Analytic</Message>
                    <Path>Microsoft-Windows-HostGuardianService-Client/Analytic</Path>
                    <Index>3</Index>
                    <Id>19</Id>
                    <Imported>false</Imported>
                </Channel>
            </Channels>
            <Levels>
                <Level>
                    <Message>Error</Message>
                    <Name>win:Error</Name>
                    <Value>2</Value>
                </Level>
                <Level>
                    <Message>Warning</Message>
                    <Name>win:Warning</Name>
                    <Value>3</Value>
                </Level>
                <Level>
                    <Message>Information</Message>
                    <Name>win:Informational</Name>
                    <Value>4</Value>
                </Level>
            </Levels>
            <Tasks>
                <Task>
                    <Message>API</Message>
                    <Name>Task.API</Name>
                    <Value>1</Value>
                </Task>
                <Task>
                    <Message>Attest</Message>
                    <Name>Task.Attest</Name>
                    <Value>2</Value>
                </Task>
                <Task>
                    <Message>Http</Message>
                    <Name>Task.Http</Name>
                    <Value>3</Value>
                </Task>
                <Task>
                    <Message>Rtpm</Message>
                    <Name>Task.Rtpm</Name>
                    <Value>4</Value>
                </Task>
                <Task>
                    <Message>Kps</Message>
                    <Name>Task.Kps</Name>
                    <Value>5</Value>
                </Task>
            </Tasks>
            <Opcodes>
                <Opcode>
                    <Message>Send</Message>
                    <Name>win:Send</Name>
                    <Value>9</Value>
                    <Task>0</Task>
                </Opcode>
            </Opcodes>
            <Keywords>
            </Keywords>
        </Metadata>
        <EventMetadata>
            <Event>
                <Id>100</Id>
                <Version>0</Version>
                <Channel>Microsoft-Windows-HostGuardianService-Client/Debug</Channel>
                <Level>Information</Level>
                <Message><![CDATA[
%1]]></Message>
                <Template><![CDATA[
<template xmlns="http://schemas.microsoft.com/win/2004/08/events">
  <data name="Message" inType="win:UnicodeString" outType="xs:string"/>
</template>
]]></Template>
            </Event>
            <Event>
                <Id>101</Id>
                <Version>0</Version>
                <Channel>Microsoft-Windows-HostGuardianService-Client/Debug</Channel>
                <Level>Warning</Level>
                <Message><![CDATA[
%1]]></Message>
                <Template><![CDATA[
<template xmlns="http://schemas.microsoft.com/win/2004/08/events">
  <data name="Message" inType="win:UnicodeString" outType="xs:string"/>
</template>
]]></Template>
            </Event>
            <Event>
                <Id>102</Id>
                <Version>0</Version>
                <Channel>Microsoft-Windows-HostGuardianService-Client/Debug</Channel>
                <Level>Error</Level>
                <Message><![CDATA[
%1]]></Message>
                <Template><![CDATA[
<template xmlns="http://schemas.microsoft.com/win/2004/08/events">
  <data name="Message" inType="win:UnicodeString" outType="xs:string"/>
</template>
]]></Template>
            </Event>
            <Event>
                <Id>103</Id>
                <Version>0</Version>
                <Channel>Microsoft-Windows-HostGuardianService-Client/Analytic</Channel>
                <Level>Information</Level>
                <Message><![CDATA[
%1]]></Message>
                <Template><![CDATA[
<template xmlns="http://schemas.microsoft.com/win/2004/08/events">
  <data name="Message" inType="win:UnicodeString" outType="xs:string"/>
</template>
]]></Template>
            </Event>
            <Event>
                <Id>104</Id>
                <Version>0</Version>
                <Channel>Microsoft-Windows-HostGuardianService-Client/Analytic</Channel>
                <Level>Warning</Level>
                <Message><![CDATA[
%1]]></Message>
                <Template><![CDATA[
<template xmlns="http://schemas.microsoft.com/win/2004/08/events">
  <data name="Message" inType="win:UnicodeString" outType="xs:string"/>
</template>
]]></Template>
            </Event>
            <Event>
                <Id>105</Id>
                <Version>0</Version>
                <Channel>Microsoft-Windows-HostGuardianService-Client/Analytic</Channel>
                <Level>Error</Level>
                <Message><![CDATA[
%1]]></Message>
                <Template><![CDATA[
<template xmlns="http://schemas.microsoft.com/win/2004/08/events">
  <data name="Message" inType="win:UnicodeString" outType="xs:string"/>
</template>
]]></Template>
            </Event>
            <Event>
                <Id>106</Id>
                <Version>0</Version>
                <Channel>Microsoft-Windows-HostGuardianService-Client/Operational</Channel>
                <Level>Information</Level>
                <Message><![CDATA[
%1]]></Message>
                <Template><![CDATA[
<template xmlns="http://schemas.microsoft.com/win/2004/08/events">
  <data name="Message" inType="win:UnicodeString" outType="xs:string"/>
</template>
]]></Template>
            </Event>
            <Event>
                <Id>107</Id>
                <Version>0</Version>
                <Channel>Microsoft-Windows-HostGuardianService-Client/Operational</Channel>
                <Level>Warning</Level>
                <Message><![CDATA[
%1]]></Message>
                <Template><![CDATA[
<template xmlns="http://schemas.microsoft.com/win/2004/08/events">
  <data name="Message" inType="win:UnicodeString" outType="xs:string"/>
</template>
]]></Template>
            </Event>
            <Event>
                <Id>108</Id>
                <Version>0</Version>
                <Channel>Microsoft-Windows-HostGuardianService-Client/Operational</Channel>
                <Level>Error</Level>
                <Message><![CDATA[
%1]]></Message>
                <Template><![CDATA[
<template xmlns="http://schemas.microsoft.com/win/2004/08/events">
  <data name="Message" inType="win:UnicodeString" outType="xs:string"/>
</template>
]]></Template>
            </Event>
            <Event>
                <Id>109</Id>
                <Version>0</Version>
                <Channel>Microsoft-Windows-HostGuardianService-Client/Admin</Channel>
                <Level>Information</Level>
                <Message><![CDATA[
%1]]></Message>
                <Template><![CDATA[
<template xmlns="http://schemas.microsoft.com/win/2004/08/events">
  <data name="Message" inType="win:UnicodeString" outType="xs:string"/>
</template>
]]></Template>
            </Event>
            <Event>
                <Id>110</Id>
                <Version>0</Version>
                <Channel>Microsoft-Windows-HostGuardianService-Client/Admin</Channel>
                <Level>Warning</Level>
                <Message><![CDATA[
%1]]></Message>
                <Template><![CDATA[
<template xmlns="http://schemas.microsoft.com/win/2004/08/events">
  <data name="Message" inType="win:UnicodeString" outType="xs:string"/>
</template>
]]></Template>
            </Event>
            <Event>
                <Id>111</Id>
                <Version>0</Version>
                <Channel>Microsoft-Windows-HostGuardianService-Client/Admin</Channel>
                <Level>Error</Level>
                <Message><![CDATA[
%1]]></Message>
                <Template><![CDATA[
<template xmlns="http://schemas.microsoft.com/win/2004/08/events">
  <data name="Message" inType="win:UnicodeString" outType="xs:string"/>
</template>
]]></Template>
            </Event>
            <Event>
                <Id>112</Id>
                <Version>0</Version>
                <Channel>Microsoft-Windows-HostGuardianService-Client/Debug</Channel>
                <Level>Information</Level>
                <Message><![CDATA[
Started operation '%1'.]]></Message>
                <Template><![CDATA[
<template xmlns="http://schemas.microsoft.com/win/2004/08/events">
  <data name="Message" inType="win:UnicodeString" outType="xs:string"/>
</template>
]]></Template>
            </Event>
            <Event>
                <Id>113</Id>
                <Version>0</Version>
                <Channel>Microsoft-Windows-HostGuardianService-Client/Debug</Channel>
                <Level>Information</Level>
                <Message><![CDATA[
Operation '%1' ended with result: '%2'.]]></Message>
                <Template><![CDATA[
<template xmlns="http://schemas.microsoft.com/win/2004/08/events">
  <data name="OperationName" inType="win:UnicodeString" outType="xs:string"/>
  <data name="StatusCode" inType="win:Int32" outType="win:Hresult"/>
</template>
]]></Template>
            </Event>
            <Event>
                <Id>200</Id>
                <Version>0</Version>
                <Channel>Microsoft-Windows-HostGuardianService-Client/Operational</Channel>
                <Level>Information</Level>
                <Opcode>Send</Opcode>
                <Message><![CDATA[
A new ActivityID has been generated.]]></Message>
                <Template><![CDATA[
<template xmlns="http://schemas.microsoft.com/win/2004/08/events">
  <data name="Id" inType="win:GUID" outType="xs:GUID"/>
</template>
]]></Template>
            </Event>
            <Event>
                <Id>1002</Id>
                <Version>0</Version>
                <Channel>Microsoft-Windows-HostGuardianService-Client/Operational</Channel>
                <Level>Information</Level>
                <Task>Attest</Task>
                <Message><![CDATA[
Remote attestation initiated.]]></Message>
                <Template><![CDATA[
<template xmlns="http://schemas.microsoft.com/win/2004/08/events">
</template>
]]></Template>
            </Event>
            <Event>
                <Id>1003</Id>
                <Version>0</Version>
                <Channel>Microsoft-Windows-HostGuardianService-Client/Operational</Channel>
                <Level>Information</Level>
                <Task>Attest</Task>
                <Message><![CDATA[
Remote attestation completed.
OperationMode: %1
Status: %2
Substatus: %3]]></Message>
                <Template><![CDATA[
<template xmlns="http://schemas.microsoft.com/win/2004/08/events">
  <data name="OperationMode" inType="win:UInt8" outType="xs:unsignedByte"/>
  <data name="AttestationStatus" inType="win:UInt16" outType="xs:unsignedShort"/>
  <data name="AttestationSubstatus" inType="win:UInt16" outType="xs:unsignedShort"/>
</template>
]]></Template>
            </Event>
            <Event>
                <Id>1004</Id>
                <Version>0</Version>
                <Channel>Microsoft-Windows-HostGuardianService-Client/Debug</Channel>
                <Level>Information</Level>
                <Task>Http</Task>
                <Message><![CDATA[
ClientAttestationHttpRequestSend: ActivityID %1]]></Message>
                <Template><![CDATA[
<template xmlns="http://schemas.microsoft.com/win/2004/08/events">
  <data name="HostId" inType="win:UnicodeString" outType="xs:string"/>
</template>
]]></Template>
            </Event>
            <Event>
                <Id>1005</Id>
                <Version>0</Version>
                <Channel>Microsoft-Windows-HostGuardianService-Client/Debug</Channel>
                <Level>Information</Level>
                <Task>Http</Task>
                <Message><![CDATA[
ClientAttestationHttpResponseReceived: %1]]></Message>
                <Template><![CDATA[
<template xmlns="http://schemas.microsoft.com/win/2004/08/events">
  <data name="Message" inType="win:UnicodeString" outType="xs:string"/>
</template>
]]></Template>
            </Event>
            <Event>
                <Id>1006</Id>
                <Version>0</Version>
                <Channel>Microsoft-Windows-HostGuardianService-Client/Admin</Channel>
                <Level>Error</Level>
                <Task>Http</Task>
                <Message><![CDATA[
ClientAttestationHttpError: %1]]></Message>
                <Template><![CDATA[
<template xmlns="http://schemas.microsoft.com/win/2004/08/events">
  <data name="Message" inType="win:UnicodeString" outType="xs:string"/>
</template>
]]></Template>
            </Event>
            <Event>
                <Id>1007</Id>
                <Version>0</Version>
                <Channel>Microsoft-Windows-HostGuardianService-Client/Admin</Channel>
                <Level>Error</Level>
                <Task>Attest</Task>
                <Message><![CDATA[
The remote attestation request failed because this host is not included in the authorized list of host endorsement keys (EKs) on the attestation server. Error: %1. To add this host to the authorized list of host EKs, perform the following steps:
    1. On this host, run the Get-PlatformIdentifier cmdlet to retrieve the host EK in the form of a XML file.
    2. On the Attestation server, run the Add-HgsAttestationTpmHost cmdlet, specifying the file generated in the previous step.
Event IDs 1007 and 3007 represent the same event.]]></Message>
                <Template><![CDATA[
<template xmlns="http://schemas.microsoft.com/win/2004/08/events">
  <data name="Message" inType="win:UnicodeString" outType="xs:string"/>
</template>
]]></Template>
            </Event>
            <Event>
                <Id>1008</Id>
                <Version>0</Version>
                <Channel>Microsoft-Windows-HostGuardianService-Client/Admin</Channel>
                <Level>Error</Level>
                <Task>Attest</Task>
                <Message><![CDATA[
The remote attestation request failed because the host did not start with Secure Boot enabled or the Secure Boot settings and TPM measurements did not match a valid baseline host. Error: %1. To ensure a successful attestation request, verify that the host configuration matches a valid baseline host. If this is a baseline host, you must first perform the following steps:
    1.  On this host, run the Get-HgsAttestationBaselinePolicy cmdlet to generate a policy file.
    2. On the attestation server, run the Add-HgsAttestationTpmPolicy cmdlet, specifying the policy file generated by the Get-HgsAttestationBaselinePolicy cmdlet. This adds the policy as a valid baseline TPM policy.
Event IDs 1008 and 3008 represent the same event.]]></Message>
                <Template><![CDATA[
<template xmlns="http://schemas.microsoft.com/win/2004/08/events">
  <data name="Message" inType="win:UnicodeString" outType="xs:string"/>
</template>
]]></Template>
            </Event>
            <Event>
                <Id>1009</Id>
                <Version>0</Version>
                <Channel>Microsoft-Windows-HostGuardianService-Client/Admin</Channel>
                <Level>Error</Level>
                <Task>Attest</Task>
                <Message><![CDATA[
The remote attestation request failed because this host's Code Integrity policy does not match a valid Code Integrity policy on the attestation server. Error: %1. To ensure a successful attestation request, verify that this host is configured with a valid Code Integrity policy. For help, refer to http://go.microsoft.com/fwlink/?LinkId=734772
Event IDs 1009 and 3009 represent the same event.]]></Message>
                <Template><![CDATA[
<template xmlns="http://schemas.microsoft.com/win/2004/08/events">
  <data name="Message" inType="win:UnicodeString" outType="xs:string"/>
</template>
]]></Template>
            </Event>
            <Event>
                <Id>1010</Id>
                <Version>0</Version>
                <Channel>Microsoft-Windows-HostGuardianService-Client/Admin</Channel>
                <Level>Error</Level>
                <Task>Attest</Task>
                <Message><![CDATA[
The remote attestation request failed because this host is not part of an Active Directory host group which is authorized by the attestation server. Error: %1. To ensure a successful attestation request, verify that the host is a member of an authorized Active Directory host group. If the Active Directory host group is not authorized by the Attestation server, you must first perform the following steps:
    1. On the attestation server, run the Add-HgsAttestationHostGroup cmdlet to add it as a valid Active Directory host group.
Event IDs 1010 and 3010 represent the same event.]]></Message>
                <Template><![CDATA[
<template xmlns="http://schemas.microsoft.com/win/2004/08/events">
  <data name="Message" inType="win:UnicodeString" outType="xs:string"/>
</template>
]]></Template>
            </Event>
            <Event>
                <Id>1012</Id>
                <Version>0</Version>
                <Channel>Microsoft-Windows-HostGuardianService-Client/Admin</Channel>
                <Level>Error</Level>
                <Task>Attest</Task>
                <Message><![CDATA[
Determining TPM endorsement key failed. Error: %1]]></Message>
                <Template><![CDATA[
<template xmlns="http://schemas.microsoft.com/win/2004/08/events">
  <data name="Message" inType="win:UnicodeString" outType="xs:string"/>
</template>
]]></Template>
            </Event>
            <Event>
                <Id>1013</Id>
                <Version>0</Version>
                <Channel>Microsoft-Windows-HostGuardianService-Client/Admin</Channel>
                <Level>Error</Level>
                <Task>Attest</Task>
                <Message><![CDATA[
The remote attestation request failed because of a TPM error. Try clearing and reprovisioning the TPM. Error: %1
Event IDs 1013 and 3013 represent the same event.]]></Message>
                <Template><![CDATA[
<template xmlns="http://schemas.microsoft.com/win/2004/08/events">
  <data name="Message" inType="win:UnicodeString" outType="xs:string"/>
</template>
]]></Template>
            </Event>
            <Event>
                <Id>1014</Id>
                <Version>0</Version>
                <Channel>Microsoft-Windows-HostGuardianService-Client/Analytic</Channel>
                <Level>Information</Level>
                <Task>Attest</Task>
                <Message><![CDATA[
Connection to %1 failed. Reconnecting to another IP.]]></Message>
                <Template><![CDATA[
<template xmlns="http://schemas.microsoft.com/win/2004/08/events">
  <data name="Message" inType="win:UnicodeString" outType="xs:string"/>
</template>
]]></Template>
            </Event>
            <Event>
                <Id>1015</Id>
                <Version>0</Version>
                <Channel>Microsoft-Windows-HostGuardianService-Client/Operational</Channel>
                <Level>Information</Level>
                <Task>Attest</Task>
                <Message><![CDATA[
Switching to Active Directory attestation mode.]]></Message>
                <Template><![CDATA[
<template xmlns="http://schemas.microsoft.com/win/2004/08/events">
</template>
]]></Template>
            </Event>
            <Event>
                <Id>1016</Id>
                <Version>0</Version>
                <Channel>Microsoft-Windows-HostGuardianService-Client/Analytic</Channel>
                <Level>Information</Level>
                <Task>Attest</Task>
                <Message><![CDATA[
Connecting to Remote Attestation service at %1]]></Message>
                <Template><![CDATA[
<template xmlns="http://schemas.microsoft.com/win/2004/08/events">
  <data name="Message" inType="win:UnicodeString" outType="xs:string"/>
</template>
]]></Template>
            </Event>
            <Event>
                <Id>1017</Id>
                <Version>0</Version>
                <Channel>Microsoft-Windows-HostGuardianService-Client/Analytic</Channel>
                <Level>Information</Level>
                <Task>Attest</Task>
                <Message><![CDATA[
Reconnecting to Remote Attestation service at %1]]></Message>
                <Template><![CDATA[
<template xmlns="http://schemas.microsoft.com/win/2004/08/events">
  <data name="Message" inType="win:UnicodeString" outType="xs:string"/>
</template>
]]></Template>
            </Event>
            <Event>
                <Id>1018</Id>
                <Version>0</Version>
                <Channel>Microsoft-Windows-HostGuardianService-Client/Operational</Channel>
                <Level>Information</Level>
                <Task>Attest</Task>
                <Message><![CDATA[
Remote attestation succeeded and returned a health certificate with the thumbprint %1.]]></Message>
                <Template><![CDATA[
<template xmlns="http://schemas.microsoft.com/win/2004/08/events">
  <data name="CertThumbprint" inType="win:UnicodeString" outType="xs:string"/>
</template>
]]></Template>
            </Event>
            <Event>
                <Id>1019</Id>
                <Version>0</Version>
                <Channel>Microsoft-Windows-HostGuardianService-Client/Admin</Channel>
                <Level>Error</Level>
                <Task>Attest</Task>
                <Message><![CDATA[
The remote attestation request failed because the Remote Attestation Service could not be reached.
Event IDs 1019 and 3019 represent the same event.]]></Message>
                <Template><![CDATA[
<template xmlns="http://schemas.microsoft.com/win/2004/08/events">
</template>
]]></Template>
            </Event>
            <Event>
                <Id>1020</Id>
                <Version>0</Version>
                <Channel>Microsoft-Windows-HostGuardianService-Client/Admin</Channel>
                <Level>Error</Level>
                <Task>Attest</Task>
                <Message><![CDATA[
The remote attestation request failed. Error: %1. For help, see http://go.microsoft.com/fwlink/?LinkId=735076
Event IDs 1020 and 3020 represent the same event.]]></Message>
                <Template><![CDATA[
<template xmlns="http://schemas.microsoft.com/win/2004/08/events">
  <data name="Message" inType="win:UnicodeString" outType="xs:string"/>
</template>
]]></Template>
            </Event>
            <Event>
                <Id>1021</Id>
                <Version>0</Version>
                <Channel>Microsoft-Windows-HostGuardianService-Client/Admin</Channel>
                <Level>Error</Level>
                <Task>Attest</Task>
                <Message><![CDATA[
The remote attestation request failed because this host was not booted correctly. Error: %1. To ensure a successful attestation request, verify that the host's most recent boot was a full boot.
Event IDs 1021 and 3021 represent the same event.]]></Message>
                <Template><![CDATA[
<template xmlns="http://schemas.microsoft.com/win/2004/08/events">
  <data name="Message" inType="win:UnicodeString" outType="xs:string"/>
</template>
]]></Template>
            </Event>
            <Event>
                <Id>1022</Id>
                <Version>0</Version>
                <Channel>Microsoft-Windows-HostGuardianService-Client/Admin</Channel>
                <Level>Error</Level>
                <Task>Attest</Task>
                <Message><![CDATA[
The remote attestation request failed because at least one Debug Mode is enabled among Hypervisor, Boot, UEFI, and Kernel.
Event IDs 1022 and 3022 represent the same event.]]></Message>
                <Template><![CDATA[
<template xmlns="http://schemas.microsoft.com/win/2004/08/events">
  <data name="Message" inType="win:UnicodeString" outType="xs:string"/>
</template>
]]></Template>
            </Event>
            <Event>
                <Id>1023</Id>
                <Version>0</Version>
                <Channel>Microsoft-Windows-HostGuardianService-Client/Operational</Channel>
                <Level>Warning</Level>
                <Task>Attest</Task>
                <Message><![CDATA[
Determining TPM endorsement key failed. Switching to Active Directory attestation mode.]]></Message>
                <Template><![CDATA[
<template xmlns="http://schemas.microsoft.com/win/2004/08/events">
</template>
]]></Template>
            </Event>
            <Event>
                <Id>1024</Id>
                <Version>0</Version>
                <Channel>Microsoft-Windows-HostGuardianService-Client/Admin</Channel>
                <Level>Error</Level>
                <Task>Attest</Task>
                <Message><![CDATA[
The remote attestation request failed because this host was not configured properly. Error: %1. To ensure a successful attestation request, verify that the host's configuration contains an attestation service URL that is valid.
Event IDs 1024 and 3024 represent the same event.]]></Message>
                <Template><![CDATA[
<template xmlns="http://schemas.microsoft.com/win/2004/08/events">
  <data name="Message" inType="win:UnicodeString" outType="xs:string"/>
</template>
]]></Template>
            </Event>
            <Event>
                <Id>1025</Id>
                <Version>0</Version>
                <Channel>Microsoft-Windows-HostGuardianService-Client/Admin</Channel>
                <Level>Error</Level>
                <Task>Attest</Task>
                <Message><![CDATA[
The remote attestation request failed because Isolated User Mode could not be detected.  Verify that the Isolated User Mode feature is installed and that Virtualization Based Security has not been disabled manually or by local/domain-level policy.
Event IDs 1025 and 3025 represent the same event.]]></Message>
                <Template><![CDATA[
<template xmlns="http://schemas.microsoft.com/win/2004/08/events">
  <data name="Message" inType="win:UnicodeString" outType="xs:string"/>
</template>
]]></Template>
            </Event>
            <Event>
                <Id>1026</Id>
                <Version>0</Version>
                <Channel>Microsoft-Windows-HostGuardianService-Client/Admin</Channel>
                <Level>Error</Level>
                <Task>Attest</Task>
                <Message><![CDATA[
The remote attestation request failed because the TPM measurements were not valid.  This can happen when the host utilizes unsupported TPM configurations, the Host Guardian Service client version is not supported by the server, or an attempt to tamper with the TPM Measurements was made.  Some PXE boot environments can also cause this issue; for help, refer to http://go.microsoft.com/fwlink/?LinkId=734770
Event IDs 1026 and 3026 represent the same event.]]></Message>
                <Template><![CDATA[
<template xmlns="http://schemas.microsoft.com/win/2004/08/events">
  <data name="Message" inType="win:UnicodeString" outType="xs:string"/>
</template>
]]></Template>
            </Event>
            <Event>
                <Id>1027</Id>
                <Version>0</Version>
                <Channel>Microsoft-Windows-HostGuardianService-Client/Admin</Channel>
                <Level>Error</Level>
                <Task>Attest</Task>
                <Message><![CDATA[
The remote attestation request failed because the Host Guardian Service did not return a health certificate, but no reason was given.
Event IDs 1027 and 3027 represent the same event.]]></Message>
                <Template><![CDATA[
<template xmlns="http://schemas.microsoft.com/win/2004/08/events">
</template>
]]></Template>
            </Event>
            <Event>
                <Id>1028</Id>
                <Version>0</Version>
                <Channel>Microsoft-Windows-HostGuardianService-Client/Admin</Channel>
                <Level>Error</Level>
                <Task>Attest</Task>
                <Message><![CDATA[
The remote attestation request failed because the host did not start with pagefile encryption enabled.
Event IDs 1028 and 3028 represent the same event.]]></Message>
                <Template><![CDATA[
<template xmlns="http://schemas.microsoft.com/win/2004/08/events">
</template>
]]></Template>
            </Event>
            <Event>
                <Id>1029</Id>
                <Version>0</Version>
                <Channel>Microsoft-Windows-HostGuardianService-Client/Admin</Channel>
                <Level>Error</Level>
                <Task>Attest</Task>
                <Message><![CDATA[
The remote attestation request failed because IOMMU was not required by the hypervisor. Verify that IOMMU is enabled and that it is explicity required for Virtual Secure Mode to launch. For help, refer to http://go.microsoft.com/fwlink/?LinkId=734842
Event IDs 1029 and 3029 represent the same event.]]></Message>
                <Template><![CDATA[
<template xmlns="http://schemas.microsoft.com/win/2004/08/events">
</template>
]]></Template>
            </Event>
            <Event>
                <Id>1030</Id>
                <Version>0</Version>
                <Channel>Microsoft-Windows-HostGuardianService-Client/Admin</Channel>
                <Level>Error</Level>
                <Task>Attest</Task>
                <Message><![CDATA[
The remote attestation request failed because the host did not start with BitLocker enabled.
Event IDs 1030 and 3030 represent the same event.]]></Message>
                <Template><![CDATA[
<template xmlns="http://schemas.microsoft.com/win/2004/08/events">
</template>
]]></Template>
            </Event>
            <Event>
                <Id>1031</Id>
                <Version>0</Version>
                <Channel>Microsoft-Windows-HostGuardianService-Client/Admin</Channel>
                <Level>Error</Level>
                <Task>Attest</Task>
                <Message><![CDATA[
The remote attestation request failed because code integrity was not required by the hypervisor. Verify that code integrity is enabled and that it is being enforced by the hypervisor. For help, please refer to http://go.microsoft.com/fwlink/?LinkId=734841
Event IDs 1031 and 3031 represent the same event.]]></Message>
                <Template><![CDATA[
<template xmlns="http://schemas.microsoft.com/win/2004/08/events">
</template>
]]></Template>
            </Event>
            <Event>
                <Id>1032</Id>
                <Version>0</Version>
                <Channel>Microsoft-Windows-HostGuardianService-Client/Admin</Channel>
                <Level>Error</Level>
                <Task>Attest</Task>
                <Message><![CDATA[
The remote attestation request failed but no reason was given. This typically indicates that the Host Guardian Service has not been fully configured with valid attestation policies.  If policies have been registered with the Host Guardian Service already, verify the functionality of the server and try again.
Event IDs 1032 and 3032 represent the same event.]]></Message>
                <Template><![CDATA[
<template xmlns="http://schemas.microsoft.com/win/2004/08/events">
</template>
]]></Template>
            </Event>
            <Event>
                <Id>1033</Id>
                <Version>0</Version>
                <Channel>Microsoft-Windows-HostGuardianService-Client/Operational</Channel>
                <Level>Information</Level>
                <Task>Attest</Task>
                <Message><![CDATA[
Switching to TPM attestation mode.]]></Message>
                <Template><![CDATA[
<template xmlns="http://schemas.microsoft.com/win/2004/08/events">
</template>
]]></Template>
            </Event>
            <Event>
                <Id>1034</Id>
                <Version>0</Version>
                <Channel>Microsoft-Windows-HostGuardianService-Client/Admin</Channel>
                <Level>Error</Level>
                <Task>Attest</Task>
                <Message><![CDATA[
The remote attestation request failed because the Host Guardian Service is using TPM-based attestation, but this host lacks the required TPM 2.0 module.
Event IDs 1034 and 3034 represent the same event.]]></Message>
                <Template><![CDATA[
<template xmlns="http://schemas.microsoft.com/win/2004/08/events">
</template>
]]></Template>
            </Event>
            <Event>
                <Id>1035</Id>
                <Version>0</Version>
                <Channel>Microsoft-Windows-HostGuardianService-Client/Admin</Channel>
                <Level>Error</Level>
                <Task>Attest</Task>
                <Message><![CDATA[
The remote attestation request failed because the Host Guardian Service could not be contacted.  This happens when the request can reach the server but the service either does not respond or responds with an unknown HTTP error.  Verify that the Host Guardian Service is registered, started, and fully operational.
Error: %1
Event IDs 1035 and 3035 represent the same event.]]></Message>
                <Template><![CDATA[
<template xmlns="http://schemas.microsoft.com/win/2004/08/events">
  <data name="Message" inType="win:UnicodeString" outType="xs:string"/>
</template>
]]></Template>
            </Event>
            <Event>
                <Id>1036</Id>
                <Version>0</Version>
                <Channel>Microsoft-Windows-HostGuardianService-Client/Admin</Channel>
                <Level>Error</Level>
                <Task>Attest</Task>
                <Message><![CDATA[
The remote attestation request failed because it could not authenticate to the Host Guardian Service.  This can occur when using HTTPS with an invalid or untrusted certificate, or when using Active Directory-based attestation without configuring trust between this host's domain and the Host Guardian Service domain, preventing NTLM and Kerberos authentication from succeeding.
Error: %1
Event IDs 1036 and 3036 represent the same event.]]></Message>
                <Template><![CDATA[
<template xmlns="http://schemas.microsoft.com/win/2004/08/events">
  <data name="Message" inType="win:UnicodeString" outType="xs:string"/>
</template>
]]></Template>
            </Event>
            <Event>
                <Id>1037</Id>
                <Version>0</Version>
                <Channel>Microsoft-Windows-HostGuardianService-Client/Admin</Channel>
                <Level>Error</Level>
                <Task>Attest</Task>
                <Message><![CDATA[
The remote attestation request failed because the host started with hibernation enabled. For help, refer to http://go.microsoft.com/fwlink/?LinkId=824147
Event IDs 1037 and 3037 represent the same event.]]></Message>
                <Template><![CDATA[
<template xmlns="http://schemas.microsoft.com/win/2004/08/events">
</template>
]]></Template>
            </Event>
            <Event>
                <Id>1038</Id>
                <Version>0</Version>
                <Channel>Microsoft-Windows-HostGuardianService-Client/Admin</Channel>
                <Level>Error</Level>
                <Task>Attest</Task>
                <Message><![CDATA[
The remote attestation request failed because the host started with dumps enabled. For help, refer to http://go.microsoft.com/fwlink/?LinkId=824148
Event IDs 1038 and 3038 represent the same event.]]></Message>
                <Template><![CDATA[
<template xmlns="http://schemas.microsoft.com/win/2004/08/events">
</template>
]]></Template>
            </Event>
            <Event>
                <Id>1039</Id>
                <Version>0</Version>
                <Channel>Microsoft-Windows-HostGuardianService-Client/Admin</Channel>
                <Level>Error</Level>
                <Task>Attest</Task>
                <Message><![CDATA[
The remote attestation request failed because the host did not start with dump encryption enabled. For help, refer to http://go.microsoft.com/fwlink/?LinkId=824149
Event IDs 1039 and 3039 represent the same event.]]></Message>
                <Template><![CDATA[
<template xmlns="http://schemas.microsoft.com/win/2004/08/events">
</template>
]]></Template>
            </Event>
            <Event>
                <Id>1040</Id>
                <Version>0</Version>
                <Channel>Microsoft-Windows-HostGuardianService-Client/Admin</Channel>
                <Level>Error</Level>
                <Task>Attest</Task>
                <Message><![CDATA[
The remote attestation request failed because the host's dump encryption key protector does not match any registered with the attestation server. Error:%1. If this is a valid host, you must first perform the following steps:
    1. On the host, configure dump encryption with a certificate.
    2. On the Attestation server, run the Add-HgsAttestationDumpPolicy cmdlet, specifying the SHA256 hash of the public key blob configured on the host.
Event IDs 1040 and 3040 represent the same event.]]></Message>
                <Template><![CDATA[
<template xmlns="http://schemas.microsoft.com/win/2004/08/events">
  <data name="Message" inType="win:UnicodeString" outType="xs:string"/>
</template>
]]></Template>
            </Event>
            <Event>
                <Id>1041</Id>
                <Version>0</Version>
                <Channel>Microsoft-Windows-HostGuardianService-Client/Operational</Channel>
                <Level>Information</Level>
                <Task>Attest</Task>
                <Message><![CDATA[
Local attestation initiated.]]></Message>
                <Template><![CDATA[
<template xmlns="http://schemas.microsoft.com/win/2004/08/events">
</template>
]]></Template>
            </Event>
            <Event>
                <Id>1042</Id>
                <Version>0</Version>
                <Channel>Microsoft-Windows-HostGuardianService-Client/Operational</Channel>
                <Level>Information</Level>
                <Task>Attest</Task>
                <Message><![CDATA[
No local health signing certificate was found.  Attempting to generate a new certificate.]]></Message>
                <Template><![CDATA[
<template xmlns="http://schemas.microsoft.com/win/2004/08/events">
</template>
]]></Template>
            </Event>
            <Event>
                <Id>1043</Id>
                <Version>0</Version>
                <Channel>Microsoft-Windows-HostGuardianService-Client/Admin</Channel>
                <Level>Error</Level>
                <Task>Attest</Task>
                <Message><![CDATA[
Remote attestation failed due to an invalid payload received by the Host Guardian Service. Event IDs 1043 and 3043 represent the same event.]]></Message>
                <Template><![CDATA[
<template xmlns="http://schemas.microsoft.com/win/2004/08/events">
</template>
]]></Template>
            </Event>
            <Event>
                <Id>1044</Id>
                <Version>0</Version>
                <Channel>Microsoft-Windows-HostGuardianService-Client/Admin</Channel>
                <Level>Error</Level>
                <Task>Attest</Task>
                <Message><![CDATA[
The endorsement key certificate could not be found in the TPM. The endorsement public key may be used instead. Error: %1
Event IDs 1044 and 3044 represent the same event.]]></Message>
                <Template><![CDATA[
<template xmlns="http://schemas.microsoft.com/win/2004/08/events">
  <data name="StatusCode" inType="win:Int32" outType="win:Hresult"/>
</template>
]]></Template>
            </Event>
            <Event>
                <Id>1045</Id>
                <Version>0</Version>
                <Channel>Microsoft-Windows-HostGuardianService-Client/Debug</Channel>
                <Level>Warning</Level>
                <Task>Attest</Task>
                <Message><![CDATA[
The issuing intermediate certificate could not be found in the TPM for the endorsement key certificate. The intermediate certificate is necessary for nested attestation; otherwise, this event may be ignored. Error: %1]]></Message>
                <Template><![CDATA[
<template xmlns="http://schemas.microsoft.com/win/2004/08/events">
  <data name="StatusCode" inType="win:Int32" outType="win:Hresult"/>
</template>
]]></Template>
            </Event>
            <Event>
                <Id>1046</Id>
                <Version>0</Version>
                <Channel>Microsoft-Windows-HostGuardianService-Client/Admin</Channel>
                <Level>Error</Level>
                <Task>Attest</Task>
                <Message><![CDATA[
The remote attestation request failed because the host key is not inclued in the authorized list of host keys on the attestation server. Error: %1. To add the host key to the authorized list of host keys, perform the following steps:
    1. On this host, run the Get-HgsAttestationHostKey cmdlet to retrieve the necessary key material.
    2. On the Attestation server, run the Add-HgsAttestationHostKey cmdlet, specifying the file generatetd in the previous step.
EventIDs 1046 and 3046 represent the same event.]]></Message>
                <Template><![CDATA[
<template xmlns="http://schemas.microsoft.com/win/2004/08/events">
  <data name="Message" inType="win:UnicodeString" outType="xs:string"/>
</template>
]]></Template>
            </Event>
            <Event>
                <Id>2000</Id>
                <Version>0</Version>
                <Channel>Microsoft-Windows-HostGuardianService-Client/Operational</Channel>
                <Level>Error</Level>
                <Task>Kps</Task>
                <Message><![CDATA[
The requested WMI operation failed because access is denied. You must be a member of the local 'Administrators' or 'NT VIRTUAL MACHINE\Virtual Machines' groups.]]></Message>
                <Template><![CDATA[
<template xmlns="http://schemas.microsoft.com/win/2004/08/events">
</template>
]]></Template>
            </Event>
            <Event>
                <Id>2001</Id>
                <Version>0</Version>
                <Channel>Microsoft-Windows-HostGuardianService-Client/Admin</Channel>
                <Level>Error</Level>
                <Task>Kps</Task>
                <Message><![CDATA[
The required value '%1' in registry key '%2' was not found.]]></Message>
                <Template><![CDATA[
<template xmlns="http://schemas.microsoft.com/win/2004/08/events">
  <data name="FirstMessage" inType="win:UnicodeString" outType="xs:string"/>
  <data name="SecondMessage" inType="win:UnicodeString" outType="xs:string"/>
</template>
]]></Template>
            </Event>
            <Event>
                <Id>2002</Id>
                <Version>0</Version>
                <Channel>Microsoft-Windows-HostGuardianService-Client/Operational</Channel>
                <Level>Information</Level>
                <Task>Kps</Task>
                <Message><![CDATA[
Successfully opened Shielded VM Local Certificates store.]]></Message>
                <Template><![CDATA[
<template xmlns="http://schemas.microsoft.com/win/2004/08/events">
</template>
]]></Template>
            </Event>
            <Event>
                <Id>2003</Id>
                <Version>0</Version>
                <Channel>Microsoft-Windows-HostGuardianService-Client/Operational</Channel>
                <Level>Information</Level>
                <Task>Kps</Task>
                <Message><![CDATA[
No health signing certificate was found. Attempting to generate a new certificate.]]></Message>
                <Template><![CDATA[
<template xmlns="http://schemas.microsoft.com/win/2004/08/events">
</template>
]]></Template>
            </Event>
            <Event>
                <Id>2004</Id>
                <Version>0</Version>
                <Channel>Microsoft-Windows-HostGuardianService-Client/Admin</Channel>
                <Level>Error</Level>
                <Task>Kps</Task>
                <Message><![CDATA[
The Host Guardian Service Client is unable to retrieve the encryption key (IDK) because Virtualization Based Security is not running on this system. To resolve this issue, enable Virtualization Based Security and try again:

%1]]></Message>
                <Template><![CDATA[
<template xmlns="http://schemas.microsoft.com/win/2004/08/events">
  <data name="Message" inType="win:UnicodeString" outType="xs:string"/>
</template>
]]></Template>
            </Event>
            <Event>
                <Id>2005</Id>
                <Version>0</Version>
                <Channel>Microsoft-Windows-HostGuardianService-Client/Admin</Channel>
                <Level>Error</Level>
                <Task>Kps</Task>
                <Message><![CDATA[
Unable to retrieve the local health certificate: %1]]></Message>
                <Template><![CDATA[
<template xmlns="http://schemas.microsoft.com/win/2004/08/events">
  <data name="Message" inType="win:UnicodeString" outType="xs:string"/>
</template>
]]></Template>
            </Event>
            <Event>
                <Id>2006</Id>
                <Version>0</Version>
                <Channel>Microsoft-Windows-HostGuardianService-Client/Admin</Channel>
                <Level>Error</Level>
                <Task>Kps</Task>
                <Message><![CDATA[
Failed to roll the transport key: %1]]></Message>
                <Template><![CDATA[
<template xmlns="http://schemas.microsoft.com/win/2004/08/events">
  <data name="Message" inType="win:UnicodeString" outType="xs:string"/>
</template>
]]></Template>
            </Event>
            <Event>
                <Id>2007</Id>
                <Version>0</Version>
                <Channel>Microsoft-Windows-HostGuardianService-Client/Admin</Channel>
                <Level>Error</Level>
                <Task>Kps</Task>
                <Message><![CDATA[
No signing certificates were found in the Shielded VM Local Certificates store.]]></Message>
                <Template><![CDATA[
<template xmlns="http://schemas.microsoft.com/win/2004/08/events">
</template>
]]></Template>
            </Event>
            <Event>
                <Id>2008</Id>
                <Version>0</Version>
                <Channel>Microsoft-Windows-HostGuardianService-Client/Admin</Channel>
                <Level>Error</Level>
                <Task>Kps</Task>
                <Message><![CDATA[
No encryption certificates were found in the Shielded VM Local Certificates store.]]></Message>
                <Template><![CDATA[
<template xmlns="http://schemas.microsoft.com/win/2004/08/events">
</template>
]]></Template>
            </Event>
            <Event>
                <Id>2009</Id>
                <Version>0</Version>
                <Channel>Microsoft-Windows-HostGuardianService-Client/Operational</Channel>
                <Level>Information</Level>
                <Task>Kps</Task>
                <Message><![CDATA[
Initiating unwrap of key protector.]]></Message>
                <Template><![CDATA[
<template xmlns="http://schemas.microsoft.com/win/2004/08/events">
</template>
]]></Template>
            </Event>
            <Event>
                <Id>2010</Id>
                <Version>0</Version>
                <Channel>Microsoft-Windows-HostGuardianService-Client/Operational</Channel>
                <Level>Information</Level>
                <Task>Kps</Task>
                <Message><![CDATA[
Initiating creation of a new of key protector.]]></Message>
                <Template><![CDATA[
<template xmlns="http://schemas.microsoft.com/win/2004/08/events">
</template>
]]></Template>
            </Event>
            <Event>
                <Id>2011</Id>
                <Version>0</Version>
                <Channel>Microsoft-Windows-HostGuardianService-Client/Operational</Channel>
                <Level>Information</Level>
                <Task>Kps</Task>
                <Message><![CDATA[
Adding a guardian with signing certificate %1 and encryption certificate %2 to a key protector.]]></Message>
                <Template><![CDATA[
<template xmlns="http://schemas.microsoft.com/win/2004/08/events">
  <data name="FirstMessage" inType="win:UnicodeString" outType="xs:string"/>
  <data name="SecondMessage" inType="win:UnicodeString" outType="xs:string"/>
</template>
]]></Template>
            </Event>
            <Event>
                <Id>2012</Id>
                <Version>0</Version>
                <Channel>Microsoft-Windows-HostGuardianService-Client/Operational</Channel>
                <Level>Information</Level>
                <Task>Kps</Task>
                <Message><![CDATA[
Initiating privileged unwrap of key protector.]]></Message>
                <Template><![CDATA[
<template xmlns="http://schemas.microsoft.com/win/2004/08/events">
</template>
]]></Template>
            </Event>
            <Event>
                <Id>2013</Id>
                <Version>0</Version>
                <Channel>Microsoft-Windows-HostGuardianService-Client/Operational</Channel>
                <Level>Information</Level>
                <Task>Kps</Task>
                <Message><![CDATA[
Instantiating Host Guardian Service client in %1 mode.]]></Message>
                <Template><![CDATA[
<template xmlns="http://schemas.microsoft.com/win/2004/08/events">
  <data name="Mode" inType="win:UInt16" outType="xs:unsignedShort"/>
</template>
]]></Template>
            </Event>
            <Event>
                <Id>2014</Id>
                <Version>0</Version>
                <Channel>Microsoft-Windows-HostGuardianService-Client/Admin</Channel>
                <Level>Error</Level>
                <Task>Kps</Task>
                <Message><![CDATA[
The Host Guardian Service Client failed to unwrap a Key Protector on behalf of a calling process. This event will normally correspond to a failure to startup a shielded virtual machine. Consult the description for further details. This could be related to an attestation issue, a Key Protection Server issue, or a network connectivity issue:

%1]]></Message>
                <Template><![CDATA[
<template xmlns="http://schemas.microsoft.com/win/2004/08/events">
  <data name="Message" inType="win:UnicodeString" outType="xs:string"/>
</template>
]]></Template>
            </Event>
            <Event>
                <Id>2015</Id>
                <Version>0</Version>
                <Channel>Microsoft-Windows-HostGuardianService-Client/Admin</Channel>
                <Level>Information</Level>
                <Task>Kps</Task>
                <Message><![CDATA[
The Host Guardian Service Client successfully unwrapped a Key Protector on behalf of a calling process.]]></Message>
                <Template><![CDATA[
<template xmlns="http://schemas.microsoft.com/win/2004/08/events">
</template>
]]></Template>
            </Event>
            <Event>
                <Id>2016</Id>
                <Version>0</Version>
                <Channel>Microsoft-Windows-HostGuardianService-Client/Admin</Channel>
                <Level>Error</Level>
                <Task>Kps</Task>
                <Message><![CDATA[
The signing certificate need set 'DigitalSignature' key usage.]]></Message>
                <Template><![CDATA[
<template xmlns="http://schemas.microsoft.com/win/2004/08/events">
</template>
]]></Template>
            </Event>
            <Event>
                <Id>2017</Id>
                <Version>0</Version>
                <Channel>Microsoft-Windows-HostGuardianService-Client/Admin</Channel>
                <Level>Error</Level>
                <Task>Kps</Task>
                <Message><![CDATA[
The encryption certificate need set 'DataEncipherment' key usage.]]></Message>
                <Template><![CDATA[
<template xmlns="http://schemas.microsoft.com/win/2004/08/events">
</template>
]]></Template>
            </Event>
            <Event>
                <Id>2018</Id>
                <Version>0</Version>
                <Channel>Microsoft-Windows-HostGuardianService-Client/Operational</Channel>
                <Level>Error</Level>
                <Task>Kps</Task>
                <Message><![CDATA[
Failures rolling the transport key as the health certificate is invalid. ErrorCode: %1, Validation Status: %2, Message: %3]]></Message>
                <Template><![CDATA[
<template xmlns="http://schemas.microsoft.com/win/2004/08/events">
  <data name="ErrorCode" inType="win:HexInt32" outType="win:HexInt32"/>
  <data name="ValidationStatus" inType="win:UInt32" outType="xs:unsignedInt"/>
  <data name="Message" inType="win:UnicodeString" outType="xs:string"/>
</template>
]]></Template>
            </Event>
            <Event>
                <Id>2019</Id>
                <Version>0</Version>
                <Channel>Microsoft-Windows-HostGuardianService-Client/Debug</Channel>
                <Level>Information</Level>
                <Message><![CDATA[
Raw certificate dump. Length(bytes)=%1 --> %2]]></Message>
                <Template><![CDATA[
<template xmlns="http://schemas.microsoft.com/win/2004/08/events">
  <data name="CertificateDataLength" inType="win:UInt32" outType="xs:unsignedInt"/>
  <data name="CertificateData" inType="win:UInt8" outType="xs:unsignedByte" count="CertificateDataLength"/>
</template>
]]></Template>
            </Event>
            <Event>
                <Id>2020</Id>
                <Version>0</Version>
                <Channel>Microsoft-Windows-HostGuardianService-Client/Operational</Channel>
                <Level>Information</Level>
                <Message><![CDATA[
The Host Guardian Service Client reused a cached health certificate issued in %1 mode that is valid until %2.]]></Message>
                <Template><![CDATA[
<template xmlns="http://schemas.microsoft.com/win/2004/08/events">
  <data name="OperationMode" inType="win:UInt8" outType="xs:unsignedByte"/>
  <data name="CertificateValidTo" inType="win:UnicodeString" outType="xs:string"/>
</template>
]]></Template>
            </Event>
            <Event>
                <Id>2021</Id>
                <Version>0</Version>
                <Channel>Microsoft-Windows-HostGuardianService-Client/Operational</Channel>
                <Level>Warning</Level>
                <Message><![CDATA[
The Host Guardian Service Client could not contact the Host Guardian Service.  The client will reattempt the operation using the following settings:

AttestationServerUrl: %1
KeyProtectionServerUrl: %2]]></Message>
                <Template><![CDATA[
<template xmlns="http://schemas.microsoft.com/win/2004/08/events">
  <data name="FirstMessage" inType="win:UnicodeString" outType="xs:string"/>
  <data name="SecondMessage" inType="win:UnicodeString" outType="xs:string"/>
</template>
]]></Template>
            </Event>
            <Event>
                <Id>3007</Id>
                <Version>0</Version>
                <Channel>Microsoft-Windows-HostGuardianService-Client/Operational</Channel>
                <Level>Error</Level>
                <Task>Attest</Task>
                <Message><![CDATA[
The remote attestation request failed because this host is not included in the authorized list of host endorsement keys (EKs) on the attestation server. Error: %1. To add this host to the authorized list of host EKs, perform the following steps:
    1. On this host, run the Get-PlatformIdentifier cmdlet to retrieve the host EK in the form of a XML file.
    2. On the Attestation server, run the Add-HgsAttestationTpmHost cmdlet, specifying the file generated in the previous step.
Event IDs 1007 and 3007 represent the same event.]]></Message>
                <Template><![CDATA[
<template xmlns="http://schemas.microsoft.com/win/2004/08/events">
  <data name="Message" inType="win:UnicodeString" outType="xs:string"/>
</template>
]]></Template>
            </Event>
            <Event>
                <Id>3008</Id>
                <Version>0</Version>
                <Channel>Microsoft-Windows-HostGuardianService-Client/Operational</Channel>
                <Level>Error</Level>
                <Task>Attest</Task>
                <Message><![CDATA[
The remote attestation request failed because the host did not start with Secure Boot enabled or the Secure Boot settings and TPM measurements did not match a valid baseline host. Error: %1. To ensure a successful attestation request, verify that the host configuration matches a valid baseline host. If this is a baseline host, you must first perform the following steps:
    1.  On this host, run the Get-HgsAttestationBaselinePolicy cmdlet to generate a policy file.
    2. On the attestation server, run the Add-HgsAttestationTpmPolicy cmdlet, specifying the policy file generated by the Get-HgsAttestationBaselinePolicy cmdlet. This adds the policy as a valid baseline TPM policy.
Event IDs 1008 and 3008 represent the same event.]]></Message>
                <Template><![CDATA[
<template xmlns="http://schemas.microsoft.com/win/2004/08/events">
  <data name="Message" inType="win:UnicodeString" outType="xs:string"/>
</template>
]]></Template>
            </Event>
            <Event>
                <Id>3009</Id>
                <Version>0</Version>
                <Channel>Microsoft-Windows-HostGuardianService-Client/Operational</Channel>
                <Level>Error</Level>
                <Task>Attest</Task>
                <Message><![CDATA[
The remote attestation request failed because this host's Code Integrity policy does not match a valid Code Integrity policy on the attestation server. Error: %1. To ensure a successful attestation request, verify that this host is configured with a valid Code Integrity policy. For help, refer to http://go.microsoft.com/fwlink/?LinkId=734772
Event IDs 1009 and 3009 represent the same event.]]></Message>
                <Template><![CDATA[
<template xmlns="http://schemas.microsoft.com/win/2004/08/events">
  <data name="Message" inType="win:UnicodeString" outType="xs:string"/>
</template>
]]></Template>
            </Event>
            <Event>
                <Id>3010</Id>
                <Version>0</Version>
                <Channel>Microsoft-Windows-HostGuardianService-Client/Operational</Channel>
                <Level>Error</Level>
                <Task>Attest</Task>
                <Message><![CDATA[
The remote attestation request failed because this host is not part of an Active Directory host group which is authorized by the attestation server. Error: %1. To ensure a successful attestation request, verify that the host is a member of an authorized Active Directory host group. If the Active Directory host group is not authorized by the Attestation server, you must first perform the following steps:
    1. On the attestation server, run the Add-HgsAttestationHostGroup cmdlet to add it as a valid Active Directory host group.
Event IDs 1010 and 3010 represent the same event.]]></Message>
                <Template><![CDATA[
<template xmlns="http://schemas.microsoft.com/win/2004/08/events">
  <data name="Message" inType="win:UnicodeString" outType="xs:string"/>
</template>
]]></Template>
            </Event>
            <Event>
                <Id>3013</Id>
                <Version>0</Version>
                <Channel>Microsoft-Windows-HostGuardianService-Client/Operational</Channel>
                <Level>Error</Level>
                <Task>Attest</Task>
                <Message><![CDATA[
The remote attestation request failed because of a TPM error. Try clearing and reprovisioning the TPM. Error: %1
Event IDs 1013 and 3013 represent the same event.]]></Message>
                <Template><![CDATA[
<template xmlns="http://schemas.microsoft.com/win/2004/08/events">
  <data name="Message" inType="win:UnicodeString" outType="xs:string"/>
</template>
]]></Template>
            </Event>
            <Event>
                <Id>3019</Id>
                <Version>0</Version>
                <Channel>Microsoft-Windows-HostGuardianService-Client/Operational</Channel>
                <Level>Error</Level>
                <Task>Attest</Task>
                <Message><![CDATA[
The remote attestation request failed because the Remote Attestation Service could not be reached.
Event IDs 1019 and 3019 represent the same event.]]></Message>
                <Template><![CDATA[
<template xmlns="http://schemas.microsoft.com/win/2004/08/events">
</template>
]]></Template>
            </Event>
            <Event>
                <Id>3020</Id>
                <Version>0</Version>
                <Channel>Microsoft-Windows-HostGuardianService-Client/Operational</Channel>
                <Level>Error</Level>
                <Task>Attest</Task>
                <Message><![CDATA[
The remote attestation request failed. Error: %1. For help, see http://go.microsoft.com/fwlink/?LinkId=735076
Event IDs 1020 and 3020 represent the same event.]]></Message>
                <Template><![CDATA[
<template xmlns="http://schemas.microsoft.com/win/2004/08/events">
  <data name="Message" inType="win:UnicodeString" outType="xs:string"/>
</template>
]]></Template>
            </Event>
            <Event>
                <Id>3021</Id>
                <Version>0</Version>
                <Channel>Microsoft-Windows-HostGuardianService-Client/Operational</Channel>
                <Level>Error</Level>
                <Task>Attest</Task>
                <Message><![CDATA[
The remote attestation request failed because this host was not booted correctly. Error: %1. To ensure a successful attestation request, verify that the host's most recent boot was a full boot.
Event IDs 1021 and 3021 represent the same event.]]></Message>
                <Template><![CDATA[
<template xmlns="http://schemas.microsoft.com/win/2004/08/events">
  <data name="Message" inType="win:UnicodeString" outType="xs:string"/>
</template>
]]></Template>
            </Event>
            <Event>
                <Id>3022</Id>
                <Version>0</Version>
                <Channel>Microsoft-Windows-HostGuardianService-Client/Operational</Channel>
                <Level>Error</Level>
                <Task>Attest</Task>
                <Message><![CDATA[
The remote attestation request failed because at least one Debug Mode is enabled among Hypervisor, Boot, UEFI, and Kernel.
Event IDs 1022 and 3022 represent the same event.]]></Message>
                <Template><![CDATA[
<template xmlns="http://schemas.microsoft.com/win/2004/08/events">
  <data name="Message" inType="win:UnicodeString" outType="xs:string"/>
</template>
]]></Template>
            </Event>
            <Event>
                <Id>3024</Id>
                <Version>0</Version>
                <Channel>Microsoft-Windows-HostGuardianService-Client/Operational</Channel>
                <Level>Error</Level>
                <Task>Attest</Task>
                <Message><![CDATA[
The remote attestation request failed because this host was not configured properly. Error: %1. To ensure a successful attestation request, verify that the host's configuration contains an attestation service URL that is valid.
Event IDs 1024 and 3024 represent the same event.]]></Message>
                <Template><![CDATA[
<template xmlns="http://schemas.microsoft.com/win/2004/08/events">
  <data name="Message" inType="win:UnicodeString" outType="xs:string"/>
</template>
]]></Template>
            </Event>
            <Event>
                <Id>3025</Id>
                <Version>0</Version>
                <Channel>Microsoft-Windows-HostGuardianService-Client/Operational</Channel>
                <Level>Error</Level>
                <Task>Attest</Task>
                <Message><![CDATA[
The remote attestation request failed because Isolated User Mode could not be detected.  Verify that the Isolated User Mode feature is installed and that Virtualization Based Security has not been disabled manually or by local/domain-level policy.
Event IDs 1025 and 3025 represent the same event.]]></Message>
                <Template><![CDATA[
<template xmlns="http://schemas.microsoft.com/win/2004/08/events">
  <data name="Message" inType="win:UnicodeString" outType="xs:string"/>
</template>
]]></Template>
            </Event>
            <Event>
                <Id>3026</Id>
                <Version>0</Version>
                <Channel>Microsoft-Windows-HostGuardianService-Client/Operational</Channel>
                <Level>Error</Level>
                <Task>Attest</Task>
                <Message><![CDATA[
The remote attestation request failed because the TPM measurements were not valid.  This can happen when the host utilizes unsupported TPM configurations, the Host Guardian Service client version is not supported by the server, or an attempt to tamper with the TPM Measurements was made.  Some PXE boot environments can also cause this issue; for help, refer to http://go.microsoft.com/fwlink/?LinkId=734770
Event IDs 1026 and 3026 represent the same event.]]></Message>
                <Template><![CDATA[
<template xmlns="http://schemas.microsoft.com/win/2004/08/events">
  <data name="Message" inType="win:UnicodeString" outType="xs:string"/>
</template>
]]></Template>
            </Event>
            <Event>
                <Id>3027</Id>
                <Version>0</Version>
                <Channel>Microsoft-Windows-HostGuardianService-Client/Operational</Channel>
                <Level>Error</Level>
                <Task>Attest</Task>
                <Message><![CDATA[
The remote attestation request failed because the Host Guardian Service did not return a health certificate, but no reason was given.
Event IDs 1027 and 3027 represent the same event.]]></Message>
                <Template><![CDATA[
<template xmlns="http://schemas.microsoft.com/win/2004/08/events">
</template>
]]></Template>
            </Event>
            <Event>
                <Id>3028</Id>
                <Version>0</Version>
                <Channel>Microsoft-Windows-HostGuardianService-Client/Operational</Channel>
                <Level>Error</Level>
                <Task>Attest</Task>
                <Message><![CDATA[
The remote attestation request failed because the host did not start with pagefile encryption enabled.
Event IDs 1028 and 3028 represent the same event.]]></Message>
                <Template><![CDATA[
<template xmlns="http://schemas.microsoft.com/win/2004/08/events">
</template>
]]></Template>
            </Event>
            <Event>
                <Id>3029</Id>
                <Version>0</Version>
                <Channel>Microsoft-Windows-HostGuardianService-Client/Operational</Channel>
                <Level>Error</Level>
                <Task>Attest</Task>
                <Message><![CDATA[
The remote attestation request failed because IOMMU was not required by the hypervisor. Verify that IOMMU is enabled and that it is explicity required for Virtual Secure Mode to launch. For help, refer to http://go.microsoft.com/fwlink/?LinkId=734842
Event IDs 1029 and 3029 represent the same event.]]></Message>
                <Template><![CDATA[
<template xmlns="http://schemas.microsoft.com/win/2004/08/events">
</template>
]]></Template>
            </Event>
            <Event>
                <Id>3030</Id>
                <Version>0</Version>
                <Channel>Microsoft-Windows-HostGuardianService-Client/Operational</Channel>
                <Level>Error</Level>
                <Task>Attest</Task>
                <Message><![CDATA[
The remote attestation request failed because the host did not start with BitLocker enabled.
Event IDs 1030 and 3030 represent the same event.]]></Message>
                <Template><![CDATA[
<template xmlns="http://schemas.microsoft.com/win/2004/08/events">
</template>
]]></Template>
            </Event>
            <Event>
                <Id>3031</Id>
                <Version>0</Version>
                <Channel>Microsoft-Windows-HostGuardianService-Client/Operational</Channel>
                <Level>Error</Level>
                <Task>Attest</Task>
                <Message><![CDATA[
The remote attestation request failed because code integrity was not required by the hypervisor. Verify that code integrity is enabled and that it is being enforced by the hypervisor. For help, please refer to http://go.microsoft.com/fwlink/?LinkId=734841
Event IDs 1031 and 3031 represent the same event.]]></Message>
                <Template><![CDATA[
<template xmlns="http://schemas.microsoft.com/win/2004/08/events">
</template>
]]></Template>
            </Event>
            <Event>
                <Id>3032</Id>
                <Version>0</Version>
                <Channel>Microsoft-Windows-HostGuardianService-Client/Operational</Channel>
                <Level>Error</Level>
                <Task>Attest</Task>
                <Message><![CDATA[
The remote attestation request failed but no reason was given. This typically indicates that the Host Guardian Service has not been fully configured with valid attestation policies.  If policies have been registered with the Host Guardian Service already, verify the functionality of the server and try again.
Event IDs 1032 and 3032 represent the same event.]]></Message>
                <Template><![CDATA[
<template xmlns="http://schemas.microsoft.com/win/2004/08/events">
</template>
]]></Template>
            </Event>
            <Event>
                <Id>3034</Id>
                <Version>0</Version>
                <Channel>Microsoft-Windows-HostGuardianService-Client/Operational</Channel>
                <Level>Error</Level>
                <Task>Attest</Task>
                <Message><![CDATA[
The remote attestation request failed because the Host Guardian Service is using TPM-based attestation, but this host lacks the required TPM 2.0 module.
Event IDs 1034 and 3034 represent the same event.]]></Message>
                <Template><![CDATA[
<template xmlns="http://schemas.microsoft.com/win/2004/08/events">
</template>
]]></Template>
            </Event>
            <Event>
                <Id>3035</Id>
                <Version>0</Version>
                <Channel>Microsoft-Windows-HostGuardianService-Client/Operational</Channel>
                <Level>Error</Level>
                <Task>Attest</Task>
                <Message><![CDATA[
The remote attestation request failed because the Host Guardian Service could not be contacted.  This happens when the request can reach the server but the service either does not respond or responds with an unknown HTTP error.  Verify that the Host Guardian Service is registered, started, and fully operational.
Error: %1
Event IDs 1035 and 3035 represent the same event.]]></Message>
                <Template><![CDATA[
<template xmlns="http://schemas.microsoft.com/win/2004/08/events">
  <data name="Message" inType="win:UnicodeString" outType="xs:string"/>
</template>
]]></Template>
            </Event>
            <Event>
                <Id>3036</Id>
                <Version>0</Version>
                <Channel>Microsoft-Windows-HostGuardianService-Client/Operational</Channel>
                <Level>Error</Level>
                <Task>Attest</Task>
                <Message><![CDATA[
The remote attestation request failed because it could not authenticate to the Host Guardian Service.  This can occur when using HTTPS with an invalid or untrusted certificate, or when using Active Directory-based attestation without configuring trust between this host's domain and the Host Guardian Service domain, preventing NTLM and Kerberos authentication from succeeding.
Error: %1
Event IDs 1036 and 3036 represent the same event.]]></Message>
                <Template><![CDATA[
<template xmlns="http://schemas.microsoft.com/win/2004/08/events">
  <data name="Message" inType="win:UnicodeString" outType="xs:string"/>
</template>
]]></Template>
            </Event>
            <Event>
                <Id>3037</Id>
                <Version>0</Version>
                <Channel>Microsoft-Windows-HostGuardianService-Client/Operational</Channel>
                <Level>Error</Level>
                <Task>Attest</Task>
                <Message><![CDATA[
The remote attestation request failed because the host started with hibernation enabled. For help, refer to http://go.microsoft.com/fwlink/?LinkId=824147
Event IDs 1037 and 3037 represent the same event.]]></Message>
                <Template><![CDATA[
<template xmlns="http://schemas.microsoft.com/win/2004/08/events">
</template>
]]></Template>
            </Event>
            <Event>
                <Id>3038</Id>
                <Version>0</Version>
                <Channel>Microsoft-Windows-HostGuardianService-Client/Operational</Channel>
                <Level>Error</Level>
                <Task>Attest</Task>
                <Message><![CDATA[
The remote attestation request failed because the host started with dumps enabled. For help, refer to http://go.microsoft.com/fwlink/?LinkId=824148
Event IDs 1038 and 3038 represent the same event.]]></Message>
                <Template><![CDATA[
<template xmlns="http://schemas.microsoft.com/win/2004/08/events">
</template>
]]></Template>
            </Event>
            <Event>
                <Id>3039</Id>
                <Version>0</Version>
                <Channel>Microsoft-Windows-HostGuardianService-Client/Operational</Channel>
                <Level>Error</Level>
                <Task>Attest</Task>
                <Message><![CDATA[
The remote attestation request failed because the host did not start with dump encryption enabled. For help, refer to http://go.microsoft.com/fwlink/?LinkId=824149
Event IDs 1039 and 3039 represent the same event.]]></Message>
                <Template><![CDATA[
<template xmlns="http://schemas.microsoft.com/win/2004/08/events">
</template>
]]></Template>
            </Event>
            <Event>
                <Id>3040</Id>
                <Version>0</Version>
                <Channel>Microsoft-Windows-HostGuardianService-Client/Operational</Channel>
                <Level>Error</Level>
                <Task>Attest</Task>
                <Message><![CDATA[
The remote attestation request failed because the host's dump encryption key protector does not match any registered with the attestation server. Error:%1. If this is a valid host, you must first perform the following steps:
    1. On the host, configure dump encryption with a certificate.
    2. On the Attestation server, run the Add-HgsAttestationDumpPolicy cmdlet, specifying the SHA256 hash of the public key blob configured on the host.
Event IDs 1040 and 3040 represent the same event.]]></Message>
                <Template><![CDATA[
<template xmlns="http://schemas.microsoft.com/win/2004/08/events">
  <data name="Message" inType="win:UnicodeString" outType="xs:string"/>
</template>
]]></Template>
            </Event>
            <Event>
                <Id>3043</Id>
                <Version>0</Version>
                <Channel>Microsoft-Windows-HostGuardianService-Client/Operational</Channel>
                <Level>Error</Level>
                <Task>Attest</Task>
                <Message><![CDATA[
Remote attestation failed due to an invalid payload received by the Host Guardian Service. Event IDs 1043 and 3043 represent the same event.]]></Message>
                <Template><![CDATA[
<template xmlns="http://schemas.microsoft.com/win/2004/08/events">
</template>
]]></Template>
            </Event>
            <Event>
                <Id>3044</Id>
                <Version>0</Version>
                <Channel>Microsoft-Windows-HostGuardianService-Client/Operational</Channel>
                <Level>Error</Level>
                <Task>Attest</Task>
                <Message><![CDATA[
The endorsement key certificate could not be found in the TPM. The endorsement public key may be used instead. Error: %1
Event IDs 1044 and 3044 represent the same event.]]></Message>
                <Template><![CDATA[
<template xmlns="http://schemas.microsoft.com/win/2004/08/events">
  <data name="StatusCode" inType="win:Int32" outType="win:Hresult"/>
</template>
]]></Template>
            </Event>
            <Event>
                <Id>3046</Id>
                <Version>0</Version>
                <Channel>Microsoft-Windows-HostGuardianService-Client/Operational</Channel>
                <Level>Error</Level>
                <Task>Attest</Task>
                <Message><![CDATA[
The remote attestation request failed because the host key is not inclued in the authorized list of host keys on the attestation server. Error: %1. To add the host key to the authorized list of host keys, perform the following steps:
    1. On this host, run the Get-HgsAttestationHostKey cmdlet to retrieve the necessary key material.
    2. On the Attestation server, run the Add-HgsAttestationHostKey cmdlet, specifying the file generatetd in the previous step.
EventIDs 1046 and 3046 represent the same event.]]></Message>
                <Template><![CDATA[
<template xmlns="http://schemas.microsoft.com/win/2004/08/events">
  <data name="Message" inType="win:UnicodeString" outType="xs:string"/>
</template>
]]></Template>
            </Event>
            <Event>
                <Id>4001</Id>
                <Version>0</Version>
                <Channel>Microsoft-Windows-HostGuardianService-Client/Operational</Channel>
                <Level>Information</Level>
                <Task>Attest</Task>
                <Message><![CDATA[
The HGAttest API completed the operation with status code: %2. Operation: %1]]></Message>
                <Template><![CDATA[
<template xmlns="http://schemas.microsoft.com/win/2004/08/events">
  <data name="Operation" inType="win:UInt8" outType="xs:unsignedByte"/>
  <data name="ResultCode" inType="win:UInt32" outType="xs:unsignedInt"/>
</template>
]]></Template>
            </Event>
            <Event>
                <Id>4002</Id>
                <Version>0</Version>
                <Channel>Microsoft-Windows-HostGuardianService-Client/Admin</Channel>
                <Level>Error</Level>
                <Task>Attest</Task>
                <Message><![CDATA[
The URL provided for SHS attestation is invalid. URL: %1]]></Message>
                <Template><![CDATA[
<template xmlns="http://schemas.microsoft.com/win/2004/08/events">
  <data name="Message" inType="win:UnicodeString" outType="xs:string"/>
</template>
]]></Template>
            </Event>
            <Event>
                <Id>4003</Id>
                <Version>0</Version>
                <Channel>Microsoft-Windows-HostGuardianService-Client/Admin</Channel>
                <Level>Error</Level>
                <Task>Attest</Task>
                <Message><![CDATA[
Attestation is not supported in this configuration.]]></Message>
                <Template><![CDATA[
<template xmlns="http://schemas.microsoft.com/win/2004/08/events">
</template>
]]></Template>
            </Event>
            <Event>
                <Id>4004</Id>
                <Version>0</Version>
                <Channel>Microsoft-Windows-HostGuardianService-Client/Admin</Channel>
                <Level>Error</Level>
                <Task>Attest</Task>
                <Message><![CDATA[
Remote attestation for a Certified Virtual Secure Mode Identity Signing Key is currently not supported.]]></Message>
                <Template><![CDATA[
<template xmlns="http://schemas.microsoft.com/win/2004/08/events">
</template>
]]></Template>
            </Event>
            <Event>
                <Id>4005</Id>
                <Version>0</Version>
                <Channel>Microsoft-Windows-HostGuardianService-Client/Admin</Channel>
                <Level>Error</Level>
                <Task>Attest</Task>
                <Message><![CDATA[
Remote attestation for a CA Intermediate Certificate is currently not supported.]]></Message>
                <Template><![CDATA[
<template xmlns="http://schemas.microsoft.com/win/2004/08/events">
</template>
]]></Template>
            </Event>
            <Event>
                <Id>4006</Id>
                <Version>0</Version>
                <Channel>Microsoft-Windows-HostGuardianService-Client/Admin</Channel>
                <Level>Error</Level>
                <Task>Attest</Task>
                <Message><![CDATA[
This host attempted a remote attestation in %1 mode, but the targeted HGS server is operating in %2 mode.]]></Message>
                <Template><![CDATA[
<template xmlns="http://schemas.microsoft.com/win/2004/08/events">
  <data name="ClientOperationMode" inType="win:UInt8" outType="xs:unsignedByte"/>
  <data name="ServerOperationMode" inType="win:UInt8" outType="xs:unsignedByte"/>
</template>
]]></Template>
            </Event>
            <Event>
                <Id>5000</Id>
                <Version>0</Version>
                <Channel>Microsoft-Windows-HostGuardianService-Client/Admin</Channel>
                <Level>Information</Level>
                <Task>Attest</Task>
                <Message><![CDATA[
A host key was set from certificate with thumbprint %1.]]></Message>
                <Template><![CDATA[
<template xmlns="http://schemas.microsoft.com/win/2004/08/events">
  <data name="CertThumbprint" inType="win:UnicodeString" outType="xs:string"/>
</template>
]]></Template>
            </Event>
            <Event>
                <Id>5001</Id>
                <Version>0</Version>
                <Channel>Microsoft-Windows-HostGuardianService-Client/Admin</Channel>
                <Level>Information</Level>
                <Task>Attest</Task>
                <Message><![CDATA[
A host key was removed. It was from certificate with thumbprint %1.]]></Message>
                <Template><![CDATA[
<template xmlns="http://schemas.microsoft.com/win/2004/08/events">
  <data name="CertThumbprint" inType="win:UnicodeString" outType="xs:string"/>
</template>
]]></Template>
            </Event>
        </EventMetadata>
    </Provider>
</Providers>
