<Providers>
    <Provider>
        <Name>Microsoft-Windows-ErrorReportingConsole</Name>
        <Metadata>
            <Guid>{017247F2-7E96-11DC-8314-0800200C9A66}</Guid>
            <ResourceFilePath>%SystemRoot%\System32\werconcpl.dll</ResourceFilePath>
            <ParameterFilePath></ParameterFilePath>
            <MessageFilePath>%SystemRoot%\System32\werconcpl.dll</MessageFilePath>
            <HelpLink></HelpLink>
            <PublisherMessage>Microsoft-Windows-ErrorReportingConsole</PublisherMessage>
            <Channels>
            </Channels>
            <Levels>
                <Level>
                    <Message>Information</Message>
                    <Name>win:Informational</Name>
                    <Value>4</Value>
                </Level>
            </Levels>
            <Tasks>
                <Task>
                    <Message></Message>
                    <Name>PrsCplPageLayout</Name>
                    <Guid>{B880D88F-22CB-4357-BAF4-1A1E5118AE1E}</Guid>
                    <Value>105</Value>
                </Task>
                <Task>
                    <Message></Message>
                    <Name>PrsReportDbPopulation</Name>
                    <Guid>{6C31CEBD-A30F-4053-931E-F0E816A5FE9B}</Guid>
                    <Value>111</Value>
                </Task>
            </Tasks>
            <Opcodes>
                <Opcode>
                    <Message>Start</Message>
                    <Name>win:Start</Name>
                    <Value>1</Value>
                    <Task>0</Task>
                </Opcode>
                <Opcode>
                    <Message>Stop</Message>
                    <Name>win:Stop</Name>
                    <Value>2</Value>
                    <Task>0</Task>
                </Opcode>
            </Opcodes>
            <Keywords>
                <Keyword>
                    <Message>Response Time</Message>
                    <Name>win:ResponseTime</Name>
                    <Value>281474976710656</Value>
                </Keyword>
            </Keywords>
        </Metadata>
        <EventMetadata>
            <Event>
                <Id>105</Id>
                <Version>0</Version>
                <Level>Information</Level>
                <Task>PrsCplPageLayout</Task>
                <Opcode>Start</Opcode>
                <Template><![CDATA[
<template xmlns="http://schemas.microsoft.com/win/2004/08/events">
  <data name="PageId" inType="win:UInt32" outType="xs:unsignedInt"/>
</template>
]]></Template>
            </Event>
            <Event>
                <Id>106</Id>
                <Version>0</Version>
                <Level>Information</Level>
                <Task>PrsCplPageLayout</Task>
                <Opcode>Stop</Opcode>
                <Template><![CDATA[
<template xmlns="http://schemas.microsoft.com/win/2004/08/events">
  <data name="PageId" inType="win:UInt32" outType="xs:unsignedInt"/>
</template>
]]></Template>
            </Event>
            <Event>
                <Id>111</Id>
                <Version>0</Version>
                <Level>Information</Level>
                <Task>PrsReportDbPopulation</Task>
                <Opcode>Start</Opcode>
                <Template><![CDATA[
]]></Template>
            </Event>
            <Event>
                <Id>112</Id>
                <Version>0</Version>
                <Level>Information</Level>
                <Task>PrsReportDbPopulation</Task>
                <Opcode>Stop</Opcode>
                <Template><![CDATA[
]]></Template>
            </Event>
        </EventMetadata>
    </Provider>
</Providers>
