<Providers>
    <Provider>
        <Name>Microsoft-Windows-Kernel-Registry</Name>
        <Metadata>
            <Guid>{70EB4F03-C1DE-4F73-A051-33D13D5413BD}</Guid>
            <ResourceFilePath>%SystemRoot%\system32\Microsoft-Windows-System-Events.dll</ResourceFilePath>
            <ParameterFilePath></ParameterFilePath>
            <MessageFilePath>%SystemRoot%\system32\Microsoft-Windows-System-Events.dll</MessageFilePath>
            <HelpLink></HelpLink>
            <PublisherMessage>Microsoft-Windows-Kernel-Registry</PublisherMessage>
            <Channels>
                <Channel>
                    <Message></Message>
                    <Path>Microsoft-Windows-Kernel-Registry/Analytic</Path>
                    <Index>0</Index>
                    <Id>16</Id>
                    <Imported>false</Imported>
                </Channel>
                <Channel>
                    <Message></Message>
                    <Path>Microsoft-Windows-Kernel-Registry/Performance</Path>
                    <Index>1</Index>
                    <Id>17</Id>
                    <Imported>false</Imported>
                </Channel>
            </Channels>
            <Levels>
                <Level>
                    <Message>Information</Message>
                    <Name>win:Informational</Name>
                    <Value>4</Value>
                </Level>
            </Levels>
            <Tasks>
                <Task>
                    <Message>This group of events tracks the performance of mounting hives from existing files.</Message>
                    <Name>RegPerfTaskHiveMount</Name>
                    <Value>1</Value>
                </Task>
                <Task>
                    <Message>This group of events tracks the performance of unloading hives.</Message>
                    <Name>RegPerfTaskHiveUnload</Name>
                    <Value>2</Value>
                </Task>
                <Task>
                    <Message>This group of events tracks the performance of flushing hives.</Message>
                    <Name>RegPerfTaskHiveFlush</Name>
                    <Value>3</Value>
                </Task>
                <Task>
                    <Message>This group of events tracks the performance of registry shutdown.</Message>
                    <Name>RegPerfTaskShutdown</Name>
                    <Value>4</Value>
                </Task>
                <Task>
                    <Message>This group of events tracks the performance of loading hives.</Message>
                    <Name>RegPerfTaskHiveLoad</Name>
                    <Value>5</Value>
                </Task>
                <Task>
                    <Message>This group of events tracks the performance of restoring hives.</Message>
                    <Name>RegPerfTaskHiveRestore</Name>
                    <Value>6</Value>
                </Task>
                <Task>
                    <Message>This group of events tracks the performance of exporting hives.</Message>
                    <Name>RegPerfTaskHiveSave</Name>
                    <Value>7</Value>
                </Task>
            </Tasks>
            <Opcodes>
                <Opcode>
                    <Message>Start</Message>
                    <Name>win:Start</Name>
                    <Value>1</Value>
                    <Task>0</Task>
                </Opcode>
                <Opcode>
                    <Message>Stop</Message>
                    <Name>win:Stop</Name>
                    <Value>2</Value>
                    <Task>0</Task>
                </Opcode>
                <Opcode>
                    <Message></Message>
                    <Name>RegPerfOpHiveMountBaseFileMounted</Name>
                    <Value>10</Value>
                    <Task>1</Task>
                </Opcode>
                <Opcode>
                    <Message></Message>
                    <Name>RegPerfOpHiveFlushBecameActiveFlusher</Name>
                    <Value>10</Value>
                    <Task>3</Task>
                </Opcode>
                <Opcode>
                    <Message></Message>
                    <Name>RegPerfOpShutdownRundownComplete</Name>
                    <Value>10</Value>
                    <Task>4</Task>
                </Opcode>
                <Opcode>
                    <Message></Message>
                    <Name>RegPerfOpSaveFileCopied</Name>
                    <Value>10</Value>
                    <Task>7</Task>
                </Opcode>
                <Opcode>
                    <Message></Message>
                    <Name>RegPerfOpHiveMountLogEntryApplied</Name>
                    <Value>11</Value>
                    <Task>1</Task>
                </Opcode>
                <Opcode>
                    <Message></Message>
                    <Name>RegPerfOpHiveFlushGatheredLogData</Name>
                    <Value>11</Value>
                    <Task>3</Task>
                </Opcode>
                <Opcode>
                    <Message></Message>
                    <Name>RegPerfOpShutdownFlushStart</Name>
                    <Value>11</Value>
                    <Task>4</Task>
                </Opcode>
                <Opcode>
                    <Message></Message>
                    <Name>RegPerfOpSaveTreeCopied</Name>
                    <Value>11</Value>
                    <Task>7</Task>
                </Opcode>
                <Opcode>
                    <Message></Message>
                    <Name>RegPerfOpHiveFlushGatheredPrimaryData</Name>
                    <Value>12</Value>
                    <Task>3</Task>
                </Opcode>
                <Opcode>
                    <Message></Message>
                    <Name>RegPerfOpShutdownFlushStop</Name>
                    <Value>12</Value>
                    <Task>4</Task>
                </Opcode>
                <Opcode>
                    <Message></Message>
                    <Name>RegPerfOpSaveFileWritten</Name>
                    <Value>12</Value>
                    <Task>7</Task>
                </Opcode>
                <Opcode>
                    <Message></Message>
                    <Name>RegPerfOpHiveFlushWroteLogFile</Name>
                    <Value>13</Value>
                    <Task>3</Task>
                </Opcode>
                <Opcode>
                    <Message></Message>
                    <Name>RegPerfOpHiveFlushWrotePrimaryFile</Name>
                    <Value>14</Value>
                    <Task>3</Task>
                </Opcode>
                <Opcode>
                    <Message></Message>
                    <Name>RegPerfOpHiveFlushBoostedActiveFlusher</Name>
                    <Value>15</Value>
                    <Task>3</Task>
                </Opcode>
                <Opcode>
                    <Message></Message>
                    <Name>RegPerfOpHiveFlushStartWaitForActive</Name>
                    <Value>16</Value>
                    <Task>3</Task>
                </Opcode>
                <Opcode>
                    <Message></Message>
                    <Name>RegPerfOpHiveFlushFinishWaitForActive</Name>
                    <Value>17</Value>
                    <Task>3</Task>
                </Opcode>
                <Opcode>
                    <Message></Message>
                    <Name>CreateKey</Name>
                    <Value>32</Value>
                    <Task>0</Task>
                </Opcode>
                <Opcode>
                    <Message></Message>
                    <Name>OpenKey</Name>
                    <Value>33</Value>
                    <Task>0</Task>
                </Opcode>
                <Opcode>
                    <Message></Message>
                    <Name>DeleteKey</Name>
                    <Value>34</Value>
                    <Task>0</Task>
                </Opcode>
                <Opcode>
                    <Message></Message>
                    <Name>QueryKey</Name>
                    <Value>35</Value>
                    <Task>0</Task>
                </Opcode>
                <Opcode>
                    <Message></Message>
                    <Name>SetValueKey</Name>
                    <Value>36</Value>
                    <Task>0</Task>
                </Opcode>
                <Opcode>
                    <Message></Message>
                    <Name>DeleteValueKey</Name>
                    <Value>37</Value>
                    <Task>0</Task>
                </Opcode>
                <Opcode>
                    <Message></Message>
                    <Name>QueryValueKey</Name>
                    <Value>38</Value>
                    <Task>0</Task>
                </Opcode>
                <Opcode>
                    <Message></Message>
                    <Name>EnumerateKey</Name>
                    <Value>39</Value>
                    <Task>0</Task>
                </Opcode>
                <Opcode>
                    <Message></Message>
                    <Name>EnumerateValueKey</Name>
                    <Value>40</Value>
                    <Task>0</Task>
                </Opcode>
                <Opcode>
                    <Message></Message>
                    <Name>QueryMultipleValueKey</Name>
                    <Value>41</Value>
                    <Task>0</Task>
                </Opcode>
                <Opcode>
                    <Message></Message>
                    <Name>SetInformationKey</Name>
                    <Value>42</Value>
                    <Task>0</Task>
                </Opcode>
                <Opcode>
                    <Message></Message>
                    <Name>FlushKey</Name>
                    <Value>43</Value>
                    <Task>0</Task>
                </Opcode>
                <Opcode>
                    <Message></Message>
                    <Name>CloseKey</Name>
                    <Value>44</Value>
                    <Task>0</Task>
                </Opcode>
                <Opcode>
                    <Message></Message>
                    <Name>QuerySecurityKey</Name>
                    <Value>45</Value>
                    <Task>0</Task>
                </Opcode>
                <Opcode>
                    <Message></Message>
                    <Name>SetSecurityKey</Name>
                    <Value>46</Value>
                    <Task>0</Task>
                </Opcode>
            </Opcodes>
            <Keywords>
                <Keyword>
                    <Message></Message>
                    <Name>CloseKey</Name>
                    <Value>1</Value>
                </Keyword>
                <Keyword>
                    <Message></Message>
                    <Name>QuerySecurityKey</Name>
                    <Value>2</Value>
                </Keyword>
                <Keyword>
                    <Message></Message>
                    <Name>SetSecurityKey</Name>
                    <Value>4</Value>
                </Keyword>
                <Keyword>
                    <Message></Message>
                    <Name>EnumerateValueKey</Name>
                    <Value>16</Value>
                </Keyword>
                <Keyword>
                    <Message></Message>
                    <Name>QueryMultipleValueKey</Name>
                    <Value>32</Value>
                </Keyword>
                <Keyword>
                    <Message></Message>
                    <Name>SetInformationKey</Name>
                    <Value>64</Value>
                </Keyword>
                <Keyword>
                    <Message></Message>
                    <Name>FlushKey</Name>
                    <Value>128</Value>
                </Keyword>
                <Keyword>
                    <Message></Message>
                    <Name>SetValueKey</Name>
                    <Value>256</Value>
                </Keyword>
                <Keyword>
                    <Message></Message>
                    <Name>DeleteValueKey</Name>
                    <Value>512</Value>
                </Keyword>
                <Keyword>
                    <Message></Message>
                    <Name>QueryValueKey</Name>
                    <Value>1024</Value>
                </Keyword>
                <Keyword>
                    <Message></Message>
                    <Name>EnumerateKey</Name>
                    <Value>2048</Value>
                </Keyword>
                <Keyword>
                    <Message></Message>
                    <Name>CreateKey</Name>
                    <Value>4096</Value>
                </Keyword>
                <Keyword>
                    <Message></Message>
                    <Name>OpenKey</Name>
                    <Value>8192</Value>
                </Keyword>
                <Keyword>
                    <Message></Message>
                    <Name>DeleteKey</Name>
                    <Value>16384</Value>
                </Keyword>
                <Keyword>
                    <Message></Message>
                    <Name>QueryKey</Name>
                    <Value>32768</Value>
                </Keyword>
            </Keywords>
        </Metadata>
        <EventMetadata>
            <Event>
                <Id>1</Id>
                <Version>0</Version>
                <Channel>Microsoft-Windows-Kernel-Registry/Analytic</Channel>
                <Level>Information</Level>
                <Opcode>CreateKey</Opcode>
                <Keyword>CreateKey</Keyword>
                <Template><![CDATA[
<template xmlns="http://schemas.microsoft.com/win/2004/08/events">
  <data name="BaseObject" inType="win:Pointer" outType="win:HexInt64"/>
  <data name="KeyObject" inType="win:Pointer" outType="win:HexInt64"/>
  <data name="Status" inType="win:UInt32" outType="win:HexInt32"/>
  <data name="Disposition" inType="win:UInt32" outType="xs:unsignedInt"/>
  <data name="BaseName" inType="win:UnicodeString" outType="xs:string"/>
  <data name="RelativeName" inType="win:UnicodeString" outType="xs:string"/>
</template>
]]></Template>
            </Event>
            <Event>
                <Id>2</Id>
                <Version>0</Version>
                <Channel>Microsoft-Windows-Kernel-Registry/Analytic</Channel>
                <Level>Information</Level>
                <Opcode>OpenKey</Opcode>
                <Keyword>OpenKey</Keyword>
                <Template><![CDATA[
<template xmlns="http://schemas.microsoft.com/win/2004/08/events">
  <data name="BaseObject" inType="win:Pointer" outType="win:HexInt64"/>
  <data name="KeyObject" inType="win:Pointer" outType="win:HexInt64"/>
  <data name="Status" inType="win:UInt32" outType="win:HexInt32"/>
  <data name="Disposition" inType="win:UInt32" outType="xs:unsignedInt"/>
  <data name="BaseName" inType="win:UnicodeString" outType="xs:string"/>
  <data name="RelativeName" inType="win:UnicodeString" outType="xs:string"/>
</template>
]]></Template>
            </Event>
            <Event>
                <Id>3</Id>
                <Version>0</Version>
                <Channel>Microsoft-Windows-Kernel-Registry/Analytic</Channel>
                <Level>Information</Level>
                <Opcode>DeleteKey</Opcode>
                <Keyword>DeleteKey</Keyword>
                <Template><![CDATA[
<template xmlns="http://schemas.microsoft.com/win/2004/08/events">
  <data name="KeyObject" inType="win:Pointer" outType="win:HexInt64"/>
  <data name="Status" inType="win:UInt32" outType="win:HexInt32"/>
  <data name="KeyName" inType="win:UnicodeString" outType="xs:string"/>
</template>
]]></Template>
            </Event>
            <Event>
                <Id>4</Id>
                <Version>0</Version>
                <Channel>Microsoft-Windows-Kernel-Registry/Analytic</Channel>
                <Level>Information</Level>
                <Opcode>QueryKey</Opcode>
                <Keyword>QueryKey</Keyword>
                <Template><![CDATA[
<template xmlns="http://schemas.microsoft.com/win/2004/08/events">
  <data name="KeyObject" inType="win:Pointer" outType="win:HexInt64"/>
  <data name="Status" inType="win:UInt32" outType="win:HexInt32"/>
  <data name="InfoClass" inType="win:UInt32" outType="xs:unsignedInt"/>
  <data name="DataSize" inType="win:UInt32" outType="xs:unsignedInt"/>
  <data name="KeyName" inType="win:UnicodeString" outType="xs:string"/>
  <data name="CapturedDataSize" inType="win:UInt16" outType="xs:unsignedShort"/>
  <data name="CapturedData" inType="win:Binary" outType="xs:hexBinary" length="CapturedDataSize"/>
</template>
]]></Template>
            </Event>
            <Event>
                <Id>5</Id>
                <Version>0</Version>
                <Channel>Microsoft-Windows-Kernel-Registry/Analytic</Channel>
                <Level>Information</Level>
                <Opcode>SetValueKey</Opcode>
                <Keyword>SetValueKey</Keyword>
                <Template><![CDATA[
<template xmlns="http://schemas.microsoft.com/win/2004/08/events">
  <data name="KeyObject" inType="win:Pointer" outType="win:HexInt64"/>
  <data name="Status" inType="win:UInt32" outType="win:HexInt32"/>
  <data name="Type" inType="win:UInt32" outType="xs:unsignedInt"/>
  <data name="DataSize" inType="win:UInt32" outType="xs:unsignedInt"/>
  <data name="KeyName" inType="win:UnicodeString" outType="xs:string"/>
  <data name="ValueName" inType="win:UnicodeString" outType="xs:string"/>
  <data name="CapturedDataSize" inType="win:UInt16" outType="xs:unsignedShort"/>
  <data name="CapturedData" inType="win:Binary" outType="xs:hexBinary" length="CapturedDataSize"/>
  <data name="PreviousDataType" inType="win:UInt32" outType="xs:unsignedInt"/>
  <data name="PreviousDataSize" inType="win:UInt32" outType="xs:unsignedInt"/>
  <data name="PreviousDataCapturedSize" inType="win:UInt16" outType="xs:unsignedShort"/>
  <data name="PreviousData" inType="win:Binary" outType="xs:hexBinary" length="PreviousDataCapturedSize"/>
</template>
]]></Template>
            </Event>
            <Event>
                <Id>6</Id>
                <Version>0</Version>
                <Channel>Microsoft-Windows-Kernel-Registry/Analytic</Channel>
                <Level>Information</Level>
                <Opcode>DeleteValueKey</Opcode>
                <Keyword>DeleteValueKey</Keyword>
                <Template><![CDATA[
<template xmlns="http://schemas.microsoft.com/win/2004/08/events">
  <data name="KeyObject" inType="win:Pointer" outType="win:HexInt64"/>
  <data name="Status" inType="win:UInt32" outType="win:HexInt32"/>
  <data name="KeyName" inType="win:UnicodeString" outType="xs:string"/>
  <data name="ValueName" inType="win:UnicodeString" outType="xs:string"/>
</template>
]]></Template>
            </Event>
            <Event>
                <Id>7</Id>
                <Version>0</Version>
                <Channel>Microsoft-Windows-Kernel-Registry/Analytic</Channel>
                <Level>Information</Level>
                <Opcode>QueryValueKey</Opcode>
                <Keyword>QueryValueKey</Keyword>
                <Template><![CDATA[
<template xmlns="http://schemas.microsoft.com/win/2004/08/events">
  <data name="KeyObject" inType="win:Pointer" outType="win:HexInt64"/>
  <data name="Status" inType="win:UInt32" outType="win:HexInt32"/>
  <data name="InfoClass" inType="win:UInt32" outType="xs:unsignedInt"/>
  <data name="DataSize" inType="win:UInt32" outType="xs:unsignedInt"/>
  <data name="KeyName" inType="win:UnicodeString" outType="xs:string"/>
  <data name="ValueName" inType="win:UnicodeString" outType="xs:string"/>
  <data name="CapturedDataSize" inType="win:UInt16" outType="xs:unsignedShort"/>
  <data name="CapturedData" inType="win:Binary" outType="xs:hexBinary" length="CapturedDataSize"/>
</template>
]]></Template>
            </Event>
            <Event>
                <Id>8</Id>
                <Version>0</Version>
                <Channel>Microsoft-Windows-Kernel-Registry/Analytic</Channel>
                <Level>Information</Level>
                <Opcode>EnumerateKey</Opcode>
                <Keyword>EnumerateKey</Keyword>
                <Template><![CDATA[
<template xmlns="http://schemas.microsoft.com/win/2004/08/events">
  <data name="KeyObject" inType="win:Pointer" outType="win:HexInt64"/>
  <data name="Status" inType="win:UInt32" outType="win:HexInt32"/>
  <data name="Index" inType="win:UInt32" outType="xs:unsignedInt"/>
  <data name="InfoClass" inType="win:UInt32" outType="xs:unsignedInt"/>
  <data name="DataSize" inType="win:UInt32" outType="xs:unsignedInt"/>
  <data name="KeyName" inType="win:UnicodeString" outType="xs:string"/>
  <data name="CapturedDataSize" inType="win:UInt16" outType="xs:unsignedShort"/>
  <data name="CapturedData" inType="win:Binary" outType="xs:hexBinary" length="CapturedDataSize"/>
</template>
]]></Template>
            </Event>
            <Event>
                <Id>9</Id>
                <Version>0</Version>
                <Channel>Microsoft-Windows-Kernel-Registry/Analytic</Channel>
                <Level>Information</Level>
                <Opcode>EnumerateValueKey</Opcode>
                <Keyword>EnumerateValueKey</Keyword>
                <Template><![CDATA[
<template xmlns="http://schemas.microsoft.com/win/2004/08/events">
  <data name="KeyObject" inType="win:Pointer" outType="win:HexInt64"/>
  <data name="Status" inType="win:UInt32" outType="win:HexInt32"/>
  <data name="Index" inType="win:UInt32" outType="xs:unsignedInt"/>
  <data name="InfoClass" inType="win:UInt32" outType="xs:unsignedInt"/>
  <data name="DataSize" inType="win:UInt32" outType="xs:unsignedInt"/>
  <data name="KeyName" inType="win:UnicodeString" outType="xs:string"/>
  <data name="CapturedDataSize" inType="win:UInt16" outType="xs:unsignedShort"/>
  <data name="CapturedData" inType="win:Binary" outType="xs:hexBinary" length="CapturedDataSize"/>
</template>
]]></Template>
            </Event>
            <Event>
                <Id>10</Id>
                <Version>0</Version>
                <Channel>Microsoft-Windows-Kernel-Registry/Analytic</Channel>
                <Level>Information</Level>
                <Opcode>QueryMultipleValueKey</Opcode>
                <Keyword>QueryMultipleValueKey</Keyword>
                <Template><![CDATA[
<template xmlns="http://schemas.microsoft.com/win/2004/08/events">
  <data name="KeyObject" inType="win:Pointer" outType="win:HexInt64"/>
  <data name="Status" inType="win:UInt32" outType="win:HexInt32"/>
  <data name="EntryCount" inType="win:UInt32" outType="xs:unsignedInt"/>
  <data name="DataSize" inType="win:UInt32" outType="xs:unsignedInt"/>
  <data name="KeyName" inType="win:UnicodeString" outType="xs:string"/>
</template>
]]></Template>
            </Event>
            <Event>
                <Id>11</Id>
                <Version>0</Version>
                <Channel>Microsoft-Windows-Kernel-Registry/Analytic</Channel>
                <Level>Information</Level>
                <Opcode>SetInformationKey</Opcode>
                <Keyword>SetInformationKey</Keyword>
                <Template><![CDATA[
<template xmlns="http://schemas.microsoft.com/win/2004/08/events">
  <data name="KeyObject" inType="win:Pointer" outType="win:HexInt64"/>
  <data name="Status" inType="win:UInt32" outType="win:HexInt32"/>
  <data name="InfoClass" inType="win:UInt32" outType="xs:unsignedInt"/>
  <data name="DataSize" inType="win:UInt32" outType="xs:unsignedInt"/>
  <data name="KeyName" inType="win:UnicodeString" outType="xs:string"/>
  <data name="CapturedDataSize" inType="win:UInt16" outType="xs:unsignedShort"/>
  <data name="CapturedData" inType="win:Binary" outType="xs:hexBinary" length="CapturedDataSize"/>
</template>
]]></Template>
            </Event>
            <Event>
                <Id>12</Id>
                <Version>0</Version>
                <Channel>Microsoft-Windows-Kernel-Registry/Analytic</Channel>
                <Level>Information</Level>
                <Opcode>FlushKey</Opcode>
                <Keyword>FlushKey</Keyword>
                <Template><![CDATA[
<template xmlns="http://schemas.microsoft.com/win/2004/08/events">
  <data name="KeyObject" inType="win:Pointer" outType="win:HexInt64"/>
  <data name="Status" inType="win:UInt32" outType="win:HexInt32"/>
  <data name="KeyName" inType="win:UnicodeString" outType="xs:string"/>
</template>
]]></Template>
            </Event>
            <Event>
                <Id>13</Id>
                <Version>0</Version>
                <Channel>Microsoft-Windows-Kernel-Registry/Analytic</Channel>
                <Level>Information</Level>
                <Opcode>CloseKey</Opcode>
                <Keyword>CloseKey</Keyword>
                <Template><![CDATA[
<template xmlns="http://schemas.microsoft.com/win/2004/08/events">
  <data name="KeyObject" inType="win:Pointer" outType="win:HexInt64"/>
  <data name="Status" inType="win:UInt32" outType="win:HexInt32"/>
  <data name="KeyName" inType="win:UnicodeString" outType="xs:string"/>
</template>
]]></Template>
            </Event>
            <Event>
                <Id>14</Id>
                <Version>0</Version>
                <Channel>Microsoft-Windows-Kernel-Registry/Analytic</Channel>
                <Level>Information</Level>
                <Opcode>QuerySecurityKey</Opcode>
                <Keyword>QuerySecurityKey</Keyword>
                <Template><![CDATA[
<template xmlns="http://schemas.microsoft.com/win/2004/08/events">
  <data name="KeyObject" inType="win:Pointer" outType="win:HexInt64"/>
  <data name="Status" inType="win:UInt32" outType="win:HexInt32"/>
  <data name="KeyName" inType="win:UnicodeString" outType="xs:string"/>
</template>
]]></Template>
            </Event>
            <Event>
                <Id>15</Id>
                <Version>0</Version>
                <Channel>Microsoft-Windows-Kernel-Registry/Analytic</Channel>
                <Level>Information</Level>
                <Opcode>SetSecurityKey</Opcode>
                <Keyword>SetSecurityKey</Keyword>
                <Template><![CDATA[
<template xmlns="http://schemas.microsoft.com/win/2004/08/events">
  <data name="KeyObject" inType="win:Pointer" outType="win:HexInt64"/>
  <data name="Status" inType="win:UInt32" outType="win:HexInt32"/>
  <data name="KeyName" inType="win:UnicodeString" outType="xs:string"/>
</template>
]]></Template>
            </Event>
            <Event>
                <Id>16</Id>
                <Version>0</Version>
                <Channel>Microsoft-Windows-Kernel-Registry/Performance</Channel>
                <Level>Information</Level>
                <Task>This group of events tracks the performance of mounting hives from existing files.</Task>
                <Opcode>Start</Opcode>
                <Template><![CDATA[
]]></Template>
            </Event>
            <Event>
                <Id>17</Id>
                <Version>0</Version>
                <Channel>Microsoft-Windows-Kernel-Registry/Performance</Channel>
                <Level>Information</Level>
                <Task>This group of events tracks the performance of mounting hives from existing files.</Task>
                <Opcode>RegPerfOpHiveMountBaseFileMounted</Opcode>
                <Template><![CDATA[
<template xmlns="http://schemas.microsoft.com/win/2004/08/events">
  <data name="HiveFilePath" inType="win:UnicodeString" outType="xs:string"/>
  <data name="FileSize" inType="win:UInt32" outType="xs:unsignedInt"/>
</template>
]]></Template>
            </Event>
            <Event>
                <Id>18</Id>
                <Version>0</Version>
                <Channel>Microsoft-Windows-Kernel-Registry/Performance</Channel>
                <Level>Information</Level>
                <Task>This group of events tracks the performance of mounting hives from existing files.</Task>
                <Opcode>RegPerfOpHiveMountLogEntryApplied</Opcode>
                <Template><![CDATA[
<template xmlns="http://schemas.microsoft.com/win/2004/08/events">
  <data name="TotalEntrySize" inType="win:UInt32" outType="xs:unsignedInt"/>
  <data name="BytesRecovered" inType="win:UInt32" outType="xs:unsignedInt"/>
</template>
]]></Template>
            </Event>
            <Event>
                <Id>19</Id>
                <Version>0</Version>
                <Channel>Microsoft-Windows-Kernel-Registry/Performance</Channel>
                <Level>Information</Level>
                <Task>This group of events tracks the performance of mounting hives from existing files.</Task>
                <Opcode>Stop</Opcode>
                <Template><![CDATA[
<template xmlns="http://schemas.microsoft.com/win/2004/08/events">
  <data name="StatusCode" inType="win:HexInt32" outType="win:HexInt32"/>
</template>
]]></Template>
            </Event>
            <Event>
                <Id>20</Id>
                <Version>0</Version>
                <Channel>Microsoft-Windows-Kernel-Registry/Performance</Channel>
                <Level>Information</Level>
                <Task>This group of events tracks the performance of unloading hives.</Task>
                <Opcode>Start</Opcode>
                <Template><![CDATA[
<template xmlns="http://schemas.microsoft.com/win/2004/08/events">
  <data name="HiveFilePath" inType="win:UnicodeString" outType="xs:string"/>
  <data name="HiveMountPoint" inType="win:UnicodeString" outType="xs:string"/>
</template>
]]></Template>
            </Event>
            <Event>
                <Id>21</Id>
                <Version>0</Version>
                <Channel>Microsoft-Windows-Kernel-Registry/Performance</Channel>
                <Level>Information</Level>
                <Task>This group of events tracks the performance of unloading hives.</Task>
                <Opcode>Stop</Opcode>
                <Template><![CDATA[
<template xmlns="http://schemas.microsoft.com/win/2004/08/events">
  <data name="StatusCode" inType="win:HexInt32" outType="win:HexInt32"/>
</template>
]]></Template>
            </Event>
            <Event>
                <Id>22</Id>
                <Version>0</Version>
                <Channel>Microsoft-Windows-Kernel-Registry/Performance</Channel>
                <Level>Information</Level>
                <Task>This group of events tracks the performance of flushing hives.</Task>
                <Opcode>Start</Opcode>
                <Template><![CDATA[
<template xmlns="http://schemas.microsoft.com/win/2004/08/events">
  <data name="HiveFilePath" inType="win:UnicodeString" outType="xs:string"/>
  <data name="HiveMountPoint" inType="win:UnicodeString" outType="xs:string"/>
  <data name="FlushFlags" inType="win:HexInt32" outType="win:HexInt32"/>
</template>
]]></Template>
            </Event>
            <Event>
                <Id>23</Id>
                <Version>0</Version>
                <Channel>Microsoft-Windows-Kernel-Registry/Performance</Channel>
                <Level>Information</Level>
                <Task>This group of events tracks the performance of flushing hives.</Task>
                <Opcode>RegPerfOpHiveFlushBecameActiveFlusher</Opcode>
                <Template><![CDATA[
]]></Template>
            </Event>
            <Event>
                <Id>24</Id>
                <Version>0</Version>
                <Channel>Microsoft-Windows-Kernel-Registry/Performance</Channel>
                <Level>Information</Level>
                <Task>This group of events tracks the performance of flushing hives.</Task>
                <Opcode>RegPerfOpHiveFlushGatheredLogData</Opcode>
                <Template><![CDATA[
<template xmlns="http://schemas.microsoft.com/win/2004/08/events">
  <data name="BytesGathered" inType="win:UInt32" outType="xs:unsignedInt"/>
</template>
]]></Template>
            </Event>
            <Event>
                <Id>25</Id>
                <Version>0</Version>
                <Channel>Microsoft-Windows-Kernel-Registry/Performance</Channel>
                <Level>Information</Level>
                <Task>This group of events tracks the performance of flushing hives.</Task>
                <Opcode>RegPerfOpHiveFlushGatheredPrimaryData</Opcode>
                <Template><![CDATA[
<template xmlns="http://schemas.microsoft.com/win/2004/08/events">
  <data name="BytesGathered" inType="win:UInt32" outType="xs:unsignedInt"/>
</template>
]]></Template>
            </Event>
            <Event>
                <Id>26</Id>
                <Version>0</Version>
                <Channel>Microsoft-Windows-Kernel-Registry/Performance</Channel>
                <Level>Information</Level>
                <Task>This group of events tracks the performance of flushing hives.</Task>
                <Opcode>RegPerfOpHiveFlushWroteLogFile</Opcode>
                <Template><![CDATA[
<template xmlns="http://schemas.microsoft.com/win/2004/08/events">
  <data name="WritesIssued" inType="win:UInt32" outType="xs:unsignedInt"/>
  <data name="BytesWritten" inType="win:UInt32" outType="xs:unsignedInt"/>
</template>
]]></Template>
            </Event>
            <Event>
                <Id>27</Id>
                <Version>0</Version>
                <Channel>Microsoft-Windows-Kernel-Registry/Performance</Channel>
                <Level>Information</Level>
                <Task>This group of events tracks the performance of flushing hives.</Task>
                <Opcode>RegPerfOpHiveFlushWrotePrimaryFile</Opcode>
                <Template><![CDATA[
<template xmlns="http://schemas.microsoft.com/win/2004/08/events">
  <data name="WritesIssued" inType="win:UInt32" outType="xs:unsignedInt"/>
  <data name="BytesWritten" inType="win:UInt32" outType="xs:unsignedInt"/>
</template>
]]></Template>
            </Event>
            <Event>
                <Id>28</Id>
                <Version>0</Version>
                <Channel>Microsoft-Windows-Kernel-Registry/Performance</Channel>
                <Level>Information</Level>
                <Task>This group of events tracks the performance of flushing hives.</Task>
                <Opcode>RegPerfOpHiveFlushBoostedActiveFlusher</Opcode>
                <Template><![CDATA[
]]></Template>
            </Event>
            <Event>
                <Id>29</Id>
                <Version>0</Version>
                <Channel>Microsoft-Windows-Kernel-Registry/Performance</Channel>
                <Level>Information</Level>
                <Task>This group of events tracks the performance of flushing hives.</Task>
                <Opcode>RegPerfOpHiveFlushStartWaitForActive</Opcode>
                <Template><![CDATA[
]]></Template>
            </Event>
            <Event>
                <Id>30</Id>
                <Version>0</Version>
                <Channel>Microsoft-Windows-Kernel-Registry/Performance</Channel>
                <Level>Information</Level>
                <Task>This group of events tracks the performance of flushing hives.</Task>
                <Opcode>RegPerfOpHiveFlushFinishWaitForActive</Opcode>
                <Template><![CDATA[
]]></Template>
            </Event>
            <Event>
                <Id>31</Id>
                <Version>0</Version>
                <Channel>Microsoft-Windows-Kernel-Registry/Performance</Channel>
                <Level>Information</Level>
                <Task>This group of events tracks the performance of flushing hives.</Task>
                <Opcode>Stop</Opcode>
                <Template><![CDATA[
<template xmlns="http://schemas.microsoft.com/win/2004/08/events">
  <data name="StatusCode" inType="win:HexInt32" outType="win:HexInt32"/>
</template>
]]></Template>
            </Event>
            <Event>
                <Id>32</Id>
                <Version>0</Version>
                <Channel>Microsoft-Windows-Kernel-Registry/Performance</Channel>
                <Level>Information</Level>
                <Task>This group of events tracks the performance of registry shutdown.</Task>
                <Opcode>Start</Opcode>
                <Template><![CDATA[
]]></Template>
            </Event>
            <Event>
                <Id>33</Id>
                <Version>0</Version>
                <Channel>Microsoft-Windows-Kernel-Registry/Performance</Channel>
                <Level>Information</Level>
                <Task>This group of events tracks the performance of registry shutdown.</Task>
                <Opcode>Start</Opcode>
                <Template><![CDATA[
]]></Template>
            </Event>
            <Event>
                <Id>34</Id>
                <Version>0</Version>
                <Channel>Microsoft-Windows-Kernel-Registry/Performance</Channel>
                <Level>Information</Level>
                <Task>This group of events tracks the performance of registry shutdown.</Task>
                <Opcode>RegPerfOpShutdownFlushStart</Opcode>
                <Template><![CDATA[
]]></Template>
            </Event>
            <Event>
                <Id>35</Id>
                <Version>0</Version>
                <Channel>Microsoft-Windows-Kernel-Registry/Performance</Channel>
                <Level>Information</Level>
                <Task>This group of events tracks the performance of registry shutdown.</Task>
                <Opcode>RegPerfOpShutdownFlushStop</Opcode>
                <Template><![CDATA[
]]></Template>
            </Event>
            <Event>
                <Id>36</Id>
                <Version>0</Version>
                <Channel>Microsoft-Windows-Kernel-Registry/Performance</Channel>
                <Level>Information</Level>
                <Task>This group of events tracks the performance of registry shutdown.</Task>
                <Opcode>Stop</Opcode>
                <Template><![CDATA[
]]></Template>
            </Event>
            <Event>
                <Id>37</Id>
                <Version>0</Version>
                <Channel>Microsoft-Windows-Kernel-Registry/Performance</Channel>
                <Level>Information</Level>
                <Task>This group of events tracks the performance of loading hives.</Task>
                <Opcode>Start</Opcode>
                <Template><![CDATA[
<template xmlns="http://schemas.microsoft.com/win/2004/08/events">
  <data name="SourceFile" inType="win:UnicodeString" outType="xs:string"/>
  <data name="Flags" inType="win:HexInt32" outType="win:HexInt32"/>
</template>
]]></Template>
            </Event>
            <Event>
                <Id>38</Id>
                <Version>0</Version>
                <Channel>Microsoft-Windows-Kernel-Registry/Performance</Channel>
                <Level>Information</Level>
                <Task>This group of events tracks the performance of loading hives.</Task>
                <Opcode>Stop</Opcode>
                <Template><![CDATA[
<template xmlns="http://schemas.microsoft.com/win/2004/08/events">
  <data name="StatusCode" inType="win:HexInt32" outType="win:HexInt32"/>
</template>
]]></Template>
            </Event>
            <Event>
                <Id>39</Id>
                <Version>0</Version>
                <Channel>Microsoft-Windows-Kernel-Registry/Performance</Channel>
                <Level>Information</Level>
                <Task>This group of events tracks the performance of restoring hives.</Task>
                <Opcode>Start</Opcode>
                <Template><![CDATA[
<template xmlns="http://schemas.microsoft.com/win/2004/08/events">
  <data name="SourceFile" inType="win:UnicodeString" outType="xs:string"/>
  <data name="Flags" inType="win:HexInt32" outType="win:HexInt32"/>
</template>
]]></Template>
            </Event>
            <Event>
                <Id>40</Id>
                <Version>0</Version>
                <Channel>Microsoft-Windows-Kernel-Registry/Performance</Channel>
                <Level>Information</Level>
                <Task>This group of events tracks the performance of restoring hives.</Task>
                <Opcode>Stop</Opcode>
                <Template><![CDATA[
<template xmlns="http://schemas.microsoft.com/win/2004/08/events">
  <data name="StatusCode" inType="win:HexInt32" outType="win:HexInt32"/>
</template>
]]></Template>
            </Event>
            <Event>
                <Id>41</Id>
                <Version>0</Version>
                <Channel>Microsoft-Windows-Kernel-Registry/Performance</Channel>
                <Level>Information</Level>
                <Task>This group of events tracks the performance of exporting hives.</Task>
                <Opcode>Start</Opcode>
                <Template><![CDATA[
<template xmlns="http://schemas.microsoft.com/win/2004/08/events">
  <data name="SourceKeyPath" inType="win:UnicodeString" outType="xs:string"/>
</template>
]]></Template>
            </Event>
            <Event>
                <Id>42</Id>
                <Version>0</Version>
                <Channel>Microsoft-Windows-Kernel-Registry/Performance</Channel>
                <Level>Information</Level>
                <Task>This group of events tracks the performance of exporting hives.</Task>
                <Opcode>RegPerfOpSaveFileCopied</Opcode>
                <Template><![CDATA[
]]></Template>
            </Event>
            <Event>
                <Id>43</Id>
                <Version>0</Version>
                <Channel>Microsoft-Windows-Kernel-Registry/Performance</Channel>
                <Level>Information</Level>
                <Task>This group of events tracks the performance of exporting hives.</Task>
                <Opcode>RegPerfOpSaveTreeCopied</Opcode>
                <Template><![CDATA[
]]></Template>
            </Event>
            <Event>
                <Id>44</Id>
                <Version>0</Version>
                <Channel>Microsoft-Windows-Kernel-Registry/Performance</Channel>
                <Level>Information</Level>
                <Task>This group of events tracks the performance of exporting hives.</Task>
                <Opcode>RegPerfOpSaveFileWritten</Opcode>
                <Template><![CDATA[
]]></Template>
            </Event>
            <Event>
                <Id>45</Id>
                <Version>0</Version>
                <Channel>Microsoft-Windows-Kernel-Registry/Performance</Channel>
                <Level>Information</Level>
                <Task>This group of events tracks the performance of exporting hives.</Task>
                <Opcode>Stop</Opcode>
                <Template><![CDATA[
<template xmlns="http://schemas.microsoft.com/win/2004/08/events">
  <data name="StatusCode" inType="win:HexInt32" outType="win:HexInt32"/>
</template>
]]></Template>
            </Event>
        </EventMetadata>
    </Provider>
</Providers>
